    Finished `test` profile [unoptimized + debuginfo] target(s) in 0.77s
     Running unittests src/lib.rs (target/debug/deps/kasumi_authority-c9f40d981df0df58)

running 63 tests
test service::tests::actual_authority_quorum_loss_rejects_lease_and_activation_without_source_fallback ... AUTHORITY_UNAVAILABLE at /rustc/8bab26f4f68e0e26f0bb7960be334d5b520ea452/library/core/src/ops/function.rs:250:5: read quorum deadline exceeded
AUTHORITY_UNAVAILABLE at /rustc/8bab26f4f68e0e26f0bb7960be334d5b520ea452/library/core/src/ops/function.rs:250:5: read quorum deadline exceeded
ok
test service::tests::actual_encrypted_source_materialization_is_fenced_but_independent_custody_stays_available ... ok
test service::tests::authority_signer_cannot_substitute_another_physical_verifier_with_the_same_node_id ... ok
test service::tests::bootstrap_open_tests::strict_authority_binds_immutable_installation_and_physical_verifier ... ok
test service::tests::bootstrap_open_tests::strict_authority_rejects_corrupt_and_unsupported_genesis_without_replacement ... ok
test service::tests::bootstrap_open_tests::strict_authority_reopens_original_genesis_after_complete_owner_drain ... ok
test service::tests::bootstrap_open_tests::strict_authority_requires_every_published_head_without_recreating_it ... ok
test service::tests::completed_drain_witness_eviction_preserves_active_waits_and_restarts_evicted_identity ... ok
test service::tests::coverage_dispatch_precedes_permission_and_survives_exact_encrypted_restart ... AUTHORITY_UNAVAILABLE at crates/kasumi-authority/src/signer_coverage_service.rs:88:32: installed signer publication transport unavailable
AUTHORITY_UNKNOWN at /rustc/8bab26f4f68e0e26f0bb7960be334d5b520ea452/library/core/src/ops/function.rs:250:5: injected publication connection failure
ok
test service::tests::current_admin_self_revocation_yields_unknown_and_new_custodian_recovers_exact_identity ... AUTHORITY_UNKNOWN at /rustc/8bab26f4f68e0e26f0bb7960be334d5b520ea452/library/core/src/ops/function.rs:250:5: Forbidden: current independent authority Admin required
ok
test service::tests::encrypted_restart_restarts_full_drain_and_never_reuses_an_old_incarnation ... ok
test service::tests::exact_stop_defeats_delayed_activation_and_committed_activation_wins_resolution ... ok
test service::tests::exact_target_preparation_cannot_serve_and_needs_a_fresh_active_lease_after_drain ... ok
test service::tests::frozen_signer_roster_cannot_be_bypassed_by_source_unavailable_activation ... ok
test service::tests::independent_quorum_fence_drains_original_lease_and_competing_activations_cannot_overlap ... ok
test service::tests::issuer_permission_retains_original_policy_while_current_admin_can_read_its_receipt ... AUTHORITY_UNKNOWN at /rustc/8bab26f4f68e0e26f0bb7960be334d5b520ea452/library/core/src/ops/function.rs:250:5: Conflict: authority policy changed before acknowledgement
AUTHORITY_UNAVAILABLE at crates/kasumi-authority/src/signer_administration.rs:37:24: current authority administrative observation changed
AUTHORITY_UNAVAILABLE at /rustc/8bab26f4f68e0e26f0bb7960be334d5b520ea452/library/core/src/ops/function.rs:250:5: historical signer permission cannot grant a new local effect
ok
test service::tests::issuer_tests::activation_gate_tests::committed_activation_rejects_raw_bypass_preserves_exact_winner_and_encrypted_recovery ... AUTHORITY_PROPOSAL_ROUTE: local=1 admitted_term=1 current=RaftMetrics { running_state: Ok(()), id: 1, current_term: 2, vote: Vote { leader_id: LeaderId { term: 2, node_id: 3 }, committed: false }, last_log_index: Some(8), last_applied: Some(LogId { leader_id: LeaderId { term: 1, node_id: 1 }, index: 7 }), snapshot: None, purged: None, state: Follower, current_leader: None, millis_since_quorum_ack: None, membership_config: StoredMembership { log_id: Some(LogId { leader_id: LeaderId { term: 0, node_id: 0 }, index: 0 }), membership: Membership { configs: [{1, 2, 3}], nodes: {1: BasicNode { addr: "https://authority-1.test" }, 2: BasicNode { addr: "https://authority-2.test" }, 3: BasicNode { addr: "https://authority-3.test" }} } }, replication: None }
AUTHORITY_UNKNOWN at crates/kasumi-authority/src/service.rs:446:32: authority proposal leader changed
ok
test service::tests::issuer_tests::activation_gate_tests::resolved_completion_activates_only_with_its_distinct_positive_inspection_signature ... AUTHORITY_UNAVAILABLE at /rustc/8bab26f4f68e0e26f0bb7960be334d5b520ea452/library/core/src/ops/function.rs:250:5: has to forward request to: None, None
ok
test service::tests::issuer_tests::activation_gate_tests::stopped_control_epoch_and_queued_original_expiry_defeat_new_activation_effects ... ok
test service::tests::issuer_tests::activation_gate_tests::target_storage_retains_original_phase_and_cannot_install_late_renewal_or_new_gate ... ok
test service::tests::issuer_tests::control_epoch_stop_preserves_exact_identity_replay_and_restarts_full_drain ... AUTHORITY_UNAVAILABLE at /rustc/8bab26f4f68e0e26f0bb7960be334d5b520ea452/library/core/src/ops/function.rs:250:5: control intent differs or epoch stopped
AUTHORITY_PROPOSAL_ROUTE: local=1 admitted_term=1 current=RaftMetrics { running_state: Ok(()), id: 1, current_term: 2, vote: Vote { leader_id: LeaderId { term: 2, node_id: 3 }, committed: false }, last_log_index: Some(6), last_applied: Some(LogId { leader_id: LeaderId { term: 1, node_id: 1 }, index: 5 }), snapshot: None, purged: None, state: Follower, current_leader: None, millis_since_quorum_ack: None, membership_config: StoredMembership { log_id: Some(LogId { leader_id: LeaderId { term: 0, node_id: 0 }, index: 0 }), membership: Membership { configs: [{1, 2, 3}], nodes: {1: BasicNode { addr: "https://authority-1.test" }, 2: BasicNode { addr: "https://authority-2.test" }, 3: BasicNode { addr: "https://authority-3.test" }} } }, replication: None }
AUTHORITY_UNKNOWN at crates/kasumi-authority/src/service.rs:446:32: authority proposal leader changed
ok
test service::tests::issuer_tests::control_signer_tests::remote_control_directives_bind_physical_receiver_and_forward_winner_across_restart ... AUTHORITY_UNKNOWN at /rustc/8bab26f4f68e0e26f0bb7960be334d5b520ea452/library/core/src/ops/function.rs:250:5: deadline has elapsed
AUTHORITY_UNAVAILABLE at /rustc/8bab26f4f68e0e26f0bb7960be334d5b520ea452/library/core/src/ops/function.rs:250:5: elapsed deadline expired or clock regressed
AUTHORITY_UNAVAILABLE at crates/kasumi-authority/src/control_signer_service.rs:46:24: remote observation closed
AUTHORITY_UNAVAILABLE at crates/kasumi-authority/src/control_signer_service.rs:20:24: remote observation closed
AUTHORITY_UNAVAILABLE at crates/kasumi-authority/src/control_signer_service.rs:37:28: current remote directive observation changed
AUTHORITY_UNAVAILABLE at crates/kasumi-authority/src/control_signer_service.rs:46:24: remote observation closed
AUTHORITY_UNAVAILABLE at crates/kasumi-authority/src/service.rs:477:24: operational signer differs from replicated current generation
ok
test service::tests::issuer_tests::control_stop_before_intent_and_reserved_capacity_defeat_late_publication ... ok
test service::tests::issuer_tests::lifecycle_byte_exhaustion_preserves_reserved_epoch_stop_and_exact_snapshot_history ... ok
test service::tests::issuer_tests::lifecycle_original_deadline_survives_queued_acceptance_delayed_reply_and_clock_regression ... ok
test service::tests::issuer_tests::signer_roster_covers_control_and_prepared_targets_and_freezes_exact_admissions ... AUTHORITY_UNKNOWN at /rustc/8bab26f4f68e0e26f0bb7960be334d5b520ea452/library/core/src/ops/function.rs:250:5: deadline has elapsed
AUTHORITY_UNAVAILABLE at crates/kasumi-authority/src/service.rs:492:24: signer rotation froze new old-generation lease admissions
AUTHORITY_UNAVAILABLE at crates/kasumi-authority/src/service.rs:492:24: signer rotation froze new old-generation lease admissions
AUTHORITY_UNAVAILABLE at crates/kasumi-authority/src/service.rs:492:24: signer rotation froze new old-generation lease admissions
AUTHORITY_UNAVAILABLE at crates/kasumi-authority/src/service.rs:492:24: signer rotation froze new old-generation lease admissions
ok
test service::tests::issuer_tests::target_materialization_tests::activated_target_keeps_operational_suspension_and_membership_across_restart ... TARGET_ACTIVATION_DENIED at /rustc/8bab26f4f68e0e26f0bb7960be334d5b520ea452/library/core/src/ops/function.rs:250:5: installed target attestation signature invalid
TARGET_ACTIVATION_DENIED at /rustc/8bab26f4f68e0e26f0bb7960be334d5b520ea452/library/core/src/ops/function.rs:250:5: installed target attestation signature invalid
TARGET_ACTIVATION_DENIED at /rustc/8bab26f4f68e0e26f0bb7960be334d5b520ea452/library/core/src/ops/function.rs:250:5: has to forward request to: None, None
TARGET_ACTIVATION_UNKNOWN at /rustc/8bab26f4f68e0e26f0bb7960be334d5b520ea452/library/core/src/ops/function.rs:250:5: Unauthorized: original target activation authority unavailable

thread 'service::tests::issuer_tests::target_materialization_tests::activated_target_keeps_operational_suspension_and_membership_across_restart' (4518376) panicked at crates/kasumi-authority/src/target_materialization_tests.rs:1325:10:
called `Result::unwrap()` on an `Err` value: UnknownOutcome: target activation acknowledgement unresolved; recover exact issuer winner and phase

Stack backtrace:
   0: std::backtrace_rs::backtrace::libunwind::trace
             at /rustc/8bab26f4f68e0e26f0bb7960be334d5b520ea452/library/std/src/../../backtrace/src/backtrace/libunwind.rs:117:9
   1: std::backtrace_rs::backtrace::trace_unsynchronized::<<std::backtrace::Backtrace>::create::{closure#0}>
             at /rustc/8bab26f4f68e0e26f0bb7960be334d5b520ea452/library/std/src/../../backtrace/src/backtrace/mod.rs:66:14
   2: <std::backtrace::Backtrace>::create
             at /rustc/8bab26f4f68e0e26f0bb7960be334d5b520ea452/library/std/src/backtrace.rs:331:13
   3: <anyhow::Error as core::convert::From<kasumi_types::Error>>::from
             at /Users/mtakemiya/.cargo/registry/src/index.crates.io-1949cf8c6b5b557f/anyhow-1.0.104/src/backtrace.rs:10:14
   4: <core::result::Result<kasumi_engine::target_journal::projection::VerifiedTargetServingProjection, anyhow::Error> as core::ops::try_trait::FromResidual<core::result::Result<core::convert::Infallible, kasumi_types::Error>>>::from_residual
             at /rustc/8bab26f4f68e0e26f0bb7960be334d5b520ea452/library/core/src/result.rs:2189:27
   5: <kasumi_engine::target_journal::TargetJournal>::record_activation::{closure#0}
             at /Users/mtakemiya/dev/kasumi/crates/kasumi-engine/src/target_projection.rs:296:22
   6: kasumi_authority::service::tests::issuer_tests::target_materialization_tests::exercise_target_activation::{closure#0}
             at ./src/target_materialization_tests.rs:1324:10
   7: <core::pin::Pin<alloc::boxed::Box<kasumi_authority::service::tests::issuer_tests::target_materialization_tests::exercise_target_activation::{closure#0}>> as core::future::future::Future>::poll
             at /rustc/8bab26f4f68e0e26f0bb7960be334d5b520ea452/library/core/src/future/future.rs:133:9
   8: kasumi_authority::service::tests::issuer_tests::target_materialization_tests::activated_target_keeps_operational_suspension_and_membership_across_restart::{closure#0}
             at ./src/target_materialization_tests.rs:1093:48
   9: <core::pin::Pin<&mut dyn core::future::future::Future<Output = ()>> as core::future::future::Future>::poll
             at /rustc/8bab26f4f68e0e26f0bb7960be334d5b520ea452/library/core/src/future/future.rs:133:9
  10: <core::pin::Pin<&mut core::pin::Pin<&mut dyn core::future::future::Future<Output = ()>>> as core::future::future::Future>::poll
             at /rustc/8bab26f4f68e0e26f0bb7960be334d5b520ea452/library/core/src/future/future.rs:133:9
  11: <tokio::runtime::scheduler::current_thread::CoreGuard>::block_on::<core::pin::Pin<&mut core::pin::Pin<&mut dyn core::future::future::Future<Output = ()>>>>::{closure#0}::{closure#0}::{closure#0}
             at /Users/mtakemiya/.cargo/registry/src/index.crates.io-1949cf8c6b5b557f/tokio-1.53.1/src/runtime/scheduler/current_thread/mod.rs:830:70
  12: tokio::task::coop::with_budget::<core::task::poll::Poll<()>, <tokio::runtime::scheduler::current_thread::CoreGuard>::block_on<core::pin::Pin<&mut core::pin::Pin<&mut dyn core::future::future::Future<Output = ()>>>>::{closure#0}::{closure#0}::{closure#0}>
             at /Users/mtakemiya/.cargo/registry/src/index.crates.io-1949cf8c6b5b557f/tokio-1.53.1/src/task/coop/mod.rs:167:5
  13: tokio::task::coop::budget::<core::task::poll::Poll<()>, <tokio::runtime::scheduler::current_thread::CoreGuard>::block_on<core::pin::Pin<&mut core::pin::Pin<&mut dyn core::future::future::Future<Output = ()>>>>::{closure#0}::{closure#0}::{closure#0}>
             at /Users/mtakemiya/.cargo/registry/src/index.crates.io-1949cf8c6b5b557f/tokio-1.53.1/src/task/coop/mod.rs:133:5
  14: <tokio::runtime::scheduler::current_thread::CoreGuard>::block_on::<core::pin::Pin<&mut core::pin::Pin<&mut dyn core::future::future::Future<Output = ()>>>>::{closure#0}::{closure#0}
             at /Users/mtakemiya/.cargo/registry/src/index.crates.io-1949cf8c6b5b557f/tokio-1.53.1/src/runtime/scheduler/current_thread/mod.rs:830:25
  15: <tokio::runtime::scheduler::current_thread::Context>::enter::<core::task::poll::Poll<()>, <tokio::runtime::scheduler::current_thread::CoreGuard>::block_on<core::pin::Pin<&mut core::pin::Pin<&mut dyn core::future::future::Future<Output = ()>>>>::{closure#0}::{closure#0}>
             at /Users/mtakemiya/.cargo/registry/src/index.crates.io-1949cf8c6b5b557f/tokio-1.53.1/src/runtime/scheduler/current_thread/mod.rs:488:19
  16: <tokio::runtime::scheduler::current_thread::CoreGuard>::block_on::<core::pin::Pin<&mut core::pin::Pin<&mut dyn core::future::future::Future<Output = ()>>>>::{closure#0}
             at /Users/mtakemiya/.cargo/registry/src/index.crates.io-1949cf8c6b5b557f/tokio-1.53.1/src/runtime/scheduler/current_thread/mod.rs:829:44
  17: <tokio::runtime::scheduler::current_thread::CoreGuard>::enter::<<tokio::runtime::scheduler::current_thread::CoreGuard>::block_on<core::pin::Pin<&mut core::pin::Pin<&mut dyn core::future::future::Future<Output = ()>>>>::{closure#0}, core::option::Option<()>>::{closure#0}
             at /Users/mtakemiya/.cargo/registry/src/index.crates.io-1949cf8c6b5b557f/tokio-1.53.1/src/runtime/scheduler/current_thread/mod.rs:906:68
  18: <tokio::runtime::context::scoped::Scoped<tokio::runtime::scheduler::Context>>::set::<<tokio::runtime::scheduler::current_thread::CoreGuard>::enter<<tokio::runtime::scheduler::current_thread::CoreGuard>::block_on<core::pin::Pin<&mut core::pin::Pin<&mut dyn core::future::future::Future<Output = ()>>>>::{closure#0}, core::option::Option<()>>::{closure#0}, (alloc::boxed::Box<tokio::runtime::scheduler::current_thread::Core>, core::option::Option<()>)>
             at /Users/mtakemiya/.cargo/registry/src/index.crates.io-1949cf8c6b5b557f/tokio-1.53.1/src/runtime/context/scoped.rs:40:9
  19: tokio::runtime::context::set_scheduler::<(alloc::boxed::Box<tokio::runtime::scheduler::current_thread::Core>, core::option::Option<()>), <tokio::runtime::scheduler::current_thread::CoreGuard>::enter<<tokio::runtime::scheduler::current_thread::CoreGuard>::block_on<core::pin::Pin<&mut core::pin::Pin<&mut dyn core::future::future::Future<Output = ()>>>>::{closure#0}, core::option::Option<()>>::{closure#0}>::{closure#0}
             at /Users/mtakemiya/.cargo/registry/src/index.crates.io-1949cf8c6b5b557f/tokio-1.53.1/src/runtime/context.rs:187:38
  20: <std::thread::local::LocalKey<tokio::runtime::context::Context>>::try_with::<tokio::runtime::context::set_scheduler<(alloc::boxed::Box<tokio::runtime::scheduler::current_thread::Core>, core::option::Option<()>), <tokio::runtime::scheduler::current_thread::CoreGuard>::enter<<tokio::runtime::scheduler::current_thread::CoreGuard>::block_on<core::pin::Pin<&mut core::pin::Pin<&mut dyn core::future::future::Future<Output = ()>>>>::{closure#0}, core::option::Option<()>>::{closure#0}>::{closure#0}, (alloc::boxed::Box<tokio::runtime::scheduler::current_thread::Core>, core::option::Option<()>)>
             at /rustc/8bab26f4f68e0e26f0bb7960be334d5b520ea452/library/std/src/thread/local.rs:462:12
  21: <std::thread::local::LocalKey<tokio::runtime::context::Context>>::with::<tokio::runtime::context::set_scheduler<(alloc::boxed::Box<tokio::runtime::scheduler::current_thread::Core>, core::option::Option<()>), <tokio::runtime::scheduler::current_thread::CoreGuard>::enter<<tokio::runtime::scheduler::current_thread::CoreGuard>::block_on<core::pin::Pin<&mut core::pin::Pin<&mut dyn core::future::future::Future<Output = ()>>>>::{closure#0}, core::option::Option<()>>::{closure#0}>::{closure#0}, (alloc::boxed::Box<tokio::runtime::scheduler::current_thread::Core>, core::option::Option<()>)>
             at /rustc/8bab26f4f68e0e26f0bb7960be334d5b520ea452/library/std/src/thread/local.rs:426:20
  22: tokio::runtime::context::set_scheduler::<(alloc::boxed::Box<tokio::runtime::scheduler::current_thread::Core>, core::option::Option<()>), <tokio::runtime::scheduler::current_thread::CoreGuard>::enter<<tokio::runtime::scheduler::current_thread::CoreGuard>::block_on<core::pin::Pin<&mut core::pin::Pin<&mut dyn core::future::future::Future<Output = ()>>>>::{closure#0}, core::option::Option<()>>::{closure#0}>
             at /Users/mtakemiya/.cargo/registry/src/index.crates.io-1949cf8c6b5b557f/tokio-1.53.1/src/runtime/context.rs:187:17
  23: <tokio::runtime::scheduler::current_thread::CoreGuard>::enter::<<tokio::runtime::scheduler::current_thread::CoreGuard>::block_on<core::pin::Pin<&mut core::pin::Pin<&mut dyn core::future::future::Future<Output = ()>>>>::{closure#0}, core::option::Option<()>>
             at /Users/mtakemiya/.cargo/registry/src/index.crates.io-1949cf8c6b5b557f/tokio-1.53.1/src/runtime/scheduler/current_thread/mod.rs:906:27
  24: <tokio::runtime::scheduler::current_thread::CoreGuard>::block_on::<core::pin::Pin<&mut core::pin::Pin<&mut dyn core::future::future::Future<Output = ()>>>>
             at /Users/mtakemiya/.cargo/registry/src/index.crates.io-1949cf8c6b5b557f/tokio-1.53.1/src/runtime/scheduler/current_thread/mod.rs:817:24
  25: <tokio::runtime::scheduler::current_thread::CurrentThread>::block_on::<core::pin::Pin<&mut dyn core::future::future::Future<Output = ()>>>::{closure#0}
             at /Users/mtakemiya/.cargo/registry/src/index.crates.io-1949cf8c6b5b557f/tokio-1.53.1/src/runtime/scheduler/current_thread/mod.rs:218:33
  26: tokio::runtime::context::runtime::enter_runtime::<<tokio::runtime::scheduler::current_thread::CurrentThread>::block_on<core::pin::Pin<&mut dyn core::future::future::Future<Output = ()>>>::{closure#0}, ()>
             at /Users/mtakemiya/.cargo/registry/src/index.crates.io-1949cf8c6b5b557f/tokio-1.53.1/src/runtime/context/runtime.rs:65:16
  27: <tokio::runtime::scheduler::current_thread::CurrentThread>::block_on::<core::pin::Pin<&mut dyn core::future::future::Future<Output = ()>>>
             at /Users/mtakemiya/.cargo/registry/src/index.crates.io-1949cf8c6b5b557f/tokio-1.53.1/src/runtime/scheduler/current_thread/mod.rs:206:9
  28: <tokio::runtime::runtime::Runtime>::block_on_inner::<core::pin::Pin<&mut dyn core::future::future::Future<Output = ()>>>
             at /Users/mtakemiya/.cargo/registry/src/index.crates.io-1949cf8c6b5b557f/tokio-1.53.1/src/runtime/runtime.rs:374:52
  29: <tokio::runtime::runtime::Runtime>::block_on::<core::pin::Pin<&mut dyn core::future::future::Future<Output = ()>>>
             at /Users/mtakemiya/.cargo/registry/src/index.crates.io-1949cf8c6b5b557f/tokio-1.53.1/src/runtime/runtime.rs:343:18
  30: kasumi_authority::service::tests::issuer_tests::target_materialization_tests::activated_target_keeps_operational_suspension_and_membership_across_restart
             at ./src/target_materialization_tests.rs:1093:53
  31: kasumi_authority::service::tests::issuer_tests::target_materialization_tests::activated_target_keeps_operational_suspension_and_membership_across_restart::{closure#0}
             at ./src/target_materialization_tests.rs:1092:87
  32: <kasumi_authority::service::tests::issuer_tests::target_materialization_tests::activated_target_keeps_operational_suspension_and_membership_across_restart::{closure#0} as core::ops::function::FnOnce<()>>::call_once
             at /rustc/8bab26f4f68e0e26f0bb7960be334d5b520ea452/library/core/src/ops/function.rs:250:5
  33: <fn() -> core::result::Result<(), alloc::string::String> as core::ops::function::FnOnce<()>>::call_once
             at /rustc/8bab26f4f68e0e26f0bb7960be334d5b520ea452/library/core/src/ops/function.rs:250:5
  34: test::__rust_begin_short_backtrace::<core::result::Result<(), alloc::string::String>, fn() -> core::result::Result<(), alloc::string::String>>
             at /rustc/8bab26f4f68e0e26f0bb7960be334d5b520ea452/library/test/src/lib.rs:724:18
  35: test::run_test_in_process::{closure#0}
             at /rustc/8bab26f4f68e0e26f0bb7960be334d5b520ea452/library/test/src/lib.rs:747:74
  36: <core::panic::unwind_safe::AssertUnwindSafe<test::run_test_in_process::{closure#0}> as core::ops::function::FnOnce<()>>::call_once
             at /rustc/8bab26f4f68e0e26f0bb7960be334d5b520ea452/library/core/src/panic/unwind_safe.rs:275:9
  37: std::panicking::catch_unwind::do_call::<core::panic::unwind_safe::AssertUnwindSafe<test::run_test_in_process::{closure#0}>, core::result::Result<(), alloc::string::String>>
             at /rustc/8bab26f4f68e0e26f0bb7960be334d5b520ea452/library/std/src/panicking.rs:581:40
  38: std::panicking::catch_unwind::<core::result::Result<(), alloc::string::String>, core::panic::unwind_safe::AssertUnwindSafe<test::run_test_in_process::{closure#0}>>
             at /rustc/8bab26f4f68e0e26f0bb7960be334d5b520ea452/library/std/src/panicking.rs:544:19
  39: std::panic::catch_unwind::<core::panic::unwind_safe::AssertUnwindSafe<test::run_test_in_process::{closure#0}>, core::result::Result<(), alloc::string::String>>
             at /rustc/8bab26f4f68e0e26f0bb7960be334d5b520ea452/library/std/src/panic.rs:359:14
  40: test::run_test_in_process
             at /rustc/8bab26f4f68e0e26f0bb7960be334d5b520ea452/library/test/src/lib.rs:747:27
  41: test::run_test::{closure#0}
             at /rustc/8bab26f4f68e0e26f0bb7960be334d5b520ea452/library/test/src/lib.rs:668:43
  42: test::run_test::{closure#1}
             at /rustc/8bab26f4f68e0e26f0bb7960be334d5b520ea452/library/test/src/lib.rs:698:41
  43: std::sys::backtrace::__rust_begin_short_backtrace::<test::run_test::{closure#1}, ()>
             at /rustc/8bab26f4f68e0e26f0bb7960be334d5b520ea452/library/std/src/sys/backtrace.rs:166:18
  44: std::thread::lifecycle::spawn_unchecked::<test::run_test::{closure#1}, ()>::{closure#1}::{closure#0}
             at /rustc/8bab26f4f68e0e26f0bb7960be334d5b520ea452/library/std/src/thread/lifecycle.rs:70:13
  45: <core::panic::unwind_safe::AssertUnwindSafe<std::thread::lifecycle::spawn_unchecked<test::run_test::{closure#1}, ()>::{closure#1}::{closure#0}> as core::ops::function::FnOnce<()>>::call_once
             at /rustc/8bab26f4f68e0e26f0bb7960be334d5b520ea452/library/core/src/panic/unwind_safe.rs:275:9
  46: std::panicking::catch_unwind::do_call::<core::panic::unwind_safe::AssertUnwindSafe<std::thread::lifecycle::spawn_unchecked<test::run_test::{closure#1}, ()>::{closure#1}::{closure#0}>, ()>
             at /rustc/8bab26f4f68e0e26f0bb7960be334d5b520ea452/library/std/src/panicking.rs:581:40
  47: std::panicking::catch_unwind::<(), core::panic::unwind_safe::AssertUnwindSafe<std::thread::lifecycle::spawn_unchecked<test::run_test::{closure#1}, ()>::{closure#1}::{closure#0}>>
             at /rustc/8bab26f4f68e0e26f0bb7960be334d5b520ea452/library/std/src/panicking.rs:544:19
  48: std::panic::catch_unwind::<core::panic::unwind_safe::AssertUnwindSafe<std::thread::lifecycle::spawn_unchecked<test::run_test::{closure#1}, ()>::{closure#1}::{closure#0}>, ()>
             at /rustc/8bab26f4f68e0e26f0bb7960be334d5b520ea452/library/std/src/panic.rs:359:14
  49: std::thread::lifecycle::spawn_unchecked::<test::run_test::{closure#1}, ()>::{closure#1}
             at /rustc/8bab26f4f68e0e26f0bb7960be334d5b520ea452/library/std/src/thread/lifecycle.rs:68:26
  50: <std::thread::lifecycle::spawn_unchecked<test::run_test::{closure#1}, ()>::{closure#1} as core::ops::function::FnOnce<()>>::call_once::{shim:vtable#0}
             at /rustc/8bab26f4f68e0e26f0bb7960be334d5b520ea452/library/core/src/ops/function.rs:250:5
  51: <alloc::boxed::Box<dyn core::ops::function::FnOnce<(), Output = ()> + core::marker::Send> as core::ops::function::FnOnce<()>>::call_once
             at /rustc/8bab26f4f68e0e26f0bb7960be334d5b520ea452/library/alloc/src/boxed.rs:2275:9
  52: <std::sys::thread::unix::Thread>::new::thread_start
             at /rustc/8bab26f4f68e0e26f0bb7960be334d5b520ea452/library/std/src/sys/thread/unix.rs:118:17
  53: __pthread_exit
stack backtrace:
   0: __rustc::rust_begin_unwind
             at /rustc/8bab26f4f68e0e26f0bb7960be334d5b520ea452/library/std/src/panicking.rs:689:5
   1: core::panicking::panic_fmt
             at /rustc/8bab26f4f68e0e26f0bb7960be334d5b520ea452/library/core/src/panicking.rs:80:14
   2: core::result::unwrap_failed
             at /rustc/8bab26f4f68e0e26f0bb7960be334d5b520ea452/library/core/src/result.rs:1867:5
   3: <core::result::Result<kasumi_engine::target_journal::projection::VerifiedTargetServingProjection, anyhow::Error>>::unwrap
             at /rustc/8bab26f4f68e0e26f0bb7960be334d5b520ea452/library/core/src/result.rs:1233:23
   4: kasumi_authority::service::tests::issuer_tests::target_materialization_tests::exercise_target_activation::{closure#0}
             at ./src/target_materialization_tests.rs:1325:10
   5: <core::pin::Pin<alloc::boxed::Box<kasumi_authority::service::tests::issuer_tests::target_materialization_tests::exercise_target_activation::{closure#0}>> as core::future::future::Future>::poll
             at /rustc/8bab26f4f68e0e26f0bb7960be334d5b520ea452/library/core/src/future/future.rs:133:9
   6: kasumi_authority::service::tests::issuer_tests::target_materialization_tests::activated_target_keeps_operational_suspension_and_membership_across_restart::{closure#0}
             at ./src/target_materialization_tests.rs:1093:48
   7: <core::pin::Pin<&mut dyn core::future::future::Future<Output = ()>> as core::future::future::Future>::poll
             at /rustc/8bab26f4f68e0e26f0bb7960be334d5b520ea452/library/core/src/future/future.rs:133:9
   8: <core::pin::Pin<&mut core::pin::Pin<&mut dyn core::future::future::Future<Output = ()>>> as core::future::future::Future>::poll
             at /rustc/8bab26f4f68e0e26f0bb7960be334d5b520ea452/library/core/src/future/future.rs:133:9
   9: <tokio::runtime::scheduler::current_thread::CoreGuard>::block_on::<core::pin::Pin<&mut core::pin::Pin<&mut dyn core::future::future::Future<Output = ()>>>>::{closure#0}::{closure#0}::{closure#0}
             at /Users/mtakemiya/.cargo/registry/src/index.crates.io-1949cf8c6b5b557f/tokio-1.53.1/src/runtime/scheduler/current_thread/mod.rs:830:70
  10: tokio::task::coop::with_budget::<core::task::poll::Poll<()>, <tokio::runtime::scheduler::current_thread::CoreGuard>::block_on<core::pin::Pin<&mut core::pin::Pin<&mut dyn core::future::future::Future<Output = ()>>>>::{closure#0}::{closure#0}::{closure#0}>
             at /Users/mtakemiya/.cargo/registry/src/index.crates.io-1949cf8c6b5b557f/tokio-1.53.1/src/task/coop/mod.rs:167:5
  11: tokio::task::coop::budget::<core::task::poll::Poll<()>, <tokio::runtime::scheduler::current_thread::CoreGuard>::block_on<core::pin::Pin<&mut core::pin::Pin<&mut dyn core::future::future::Future<Output = ()>>>>::{closure#0}::{closure#0}::{closure#0}>
             at /Users/mtakemiya/.cargo/registry/src/index.crates.io-1949cf8c6b5b557f/tokio-1.53.1/src/task/coop/mod.rs:133:5
  12: <tokio::runtime::scheduler::current_thread::CoreGuard>::block_on::<core::pin::Pin<&mut core::pin::Pin<&mut dyn core::future::future::Future<Output = ()>>>>::{closure#0}::{closure#0}
             at /Users/mtakemiya/.cargo/registry/src/index.crates.io-1949cf8c6b5b557f/tokio-1.53.1/src/runtime/scheduler/current_thread/mod.rs:830:25
  13: <tokio::runtime::scheduler::current_thread::Context>::enter::<core::task::poll::Poll<()>, <tokio::runtime::scheduler::current_thread::CoreGuard>::block_on<core::pin::Pin<&mut core::pin::Pin<&mut dyn core::future::future::Future<Output = ()>>>>::{closure#0}::{closure#0}>
             at /Users/mtakemiya/.cargo/registry/src/index.crates.io-1949cf8c6b5b557f/tokio-1.53.1/src/runtime/scheduler/current_thread/mod.rs:488:19
  14: <tokio::runtime::scheduler::current_thread::CoreGuard>::block_on::<core::pin::Pin<&mut core::pin::Pin<&mut dyn core::future::future::Future<Output = ()>>>>::{closure#0}
             at /Users/mtakemiya/.cargo/registry/src/index.crates.io-1949cf8c6b5b557f/tokio-1.53.1/src/runtime/scheduler/current_thread/mod.rs:829:44
  15: <tokio::runtime::scheduler::current_thread::CoreGuard>::enter::<<tokio::runtime::scheduler::current_thread::CoreGuard>::block_on<core::pin::Pin<&mut core::pin::Pin<&mut dyn core::future::future::Future<Output = ()>>>>::{closure#0}, core::option::Option<()>>::{closure#0}
             at /Users/mtakemiya/.cargo/registry/src/index.crates.io-1949cf8c6b5b557f/tokio-1.53.1/src/runtime/scheduler/current_thread/mod.rs:906:68
  16: <tokio::runtime::context::scoped::Scoped<tokio::runtime::scheduler::Context>>::set::<<tokio::runtime::scheduler::current_thread::CoreGuard>::enter<<tokio::runtime::scheduler::current_thread::CoreGuard>::block_on<core::pin::Pin<&mut core::pin::Pin<&mut dyn core::future::future::Future<Output = ()>>>>::{closure#0}, core::option::Option<()>>::{closure#0}, (alloc::boxed::Box<tokio::runtime::scheduler::current_thread::Core>, core::option::Option<()>)>
             at /Users/mtakemiya/.cargo/registry/src/index.crates.io-1949cf8c6b5b557f/tokio-1.53.1/src/runtime/context/scoped.rs:40:9
  17: tokio::runtime::context::set_scheduler::<(alloc::boxed::Box<tokio::runtime::scheduler::current_thread::Core>, core::option::Option<()>), <tokio::runtime::scheduler::current_thread::CoreGuard>::enter<<tokio::runtime::scheduler::current_thread::CoreGuard>::block_on<core::pin::Pin<&mut core::pin::Pin<&mut dyn core::future::future::Future<Output = ()>>>>::{closure#0}, core::option::Option<()>>::{closure#0}>::{closure#0}
             at /Users/mtakemiya/.cargo/registry/src/index.crates.io-1949cf8c6b5b557f/tokio-1.53.1/src/runtime/context.rs:187:38
  18: <std::thread::local::LocalKey<tokio::runtime::context::Context>>::try_with::<tokio::runtime::context::set_scheduler<(alloc::boxed::Box<tokio::runtime::scheduler::current_thread::Core>, core::option::Option<()>), <tokio::runtime::scheduler::current_thread::CoreGuard>::enter<<tokio::runtime::scheduler::current_thread::CoreGuard>::block_on<core::pin::Pin<&mut core::pin::Pin<&mut dyn core::future::future::Future<Output = ()>>>>::{closure#0}, core::option::Option<()>>::{closure#0}>::{closure#0}, (alloc::boxed::Box<tokio::runtime::scheduler::current_thread::Core>, core::option::Option<()>)>
             at /rustc/8bab26f4f68e0e26f0bb7960be334d5b520ea452/library/std/src/thread/local.rs:462:12
  19: <std::thread::local::LocalKey<tokio::runtime::context::Context>>::with::<tokio::runtime::context::set_scheduler<(alloc::boxed::Box<tokio::runtime::scheduler::current_thread::Core>, core::option::Option<()>), <tokio::runtime::scheduler::current_thread::CoreGuard>::enter<<tokio::runtime::scheduler::current_thread::CoreGuard>::block_on<core::pin::Pin<&mut core::pin::Pin<&mut dyn core::future::future::Future<Output = ()>>>>::{closure#0}, core::option::Option<()>>::{closure#0}>::{closure#0}, (alloc::boxed::Box<tokio::runtime::scheduler::current_thread::Core>, core::option::Option<()>)>
             at /rustc/8bab26f4f68e0e26f0bb7960be334d5b520ea452/library/std/src/thread/local.rs:426:20
  20: tokio::runtime::context::set_scheduler::<(alloc::boxed::Box<tokio::runtime::scheduler::current_thread::Core>, core::option::Option<()>), <tokio::runtime::scheduler::current_thread::CoreGuard>::enter<<tokio::runtime::scheduler::current_thread::CoreGuard>::block_on<core::pin::Pin<&mut core::pin::Pin<&mut dyn core::future::future::Future<Output = ()>>>>::{closure#0}, core::option::Option<()>>::{closure#0}>
             at /Users/mtakemiya/.cargo/registry/src/index.crates.io-1949cf8c6b5b557f/tokio-1.53.1/src/runtime/context.rs:187:17
  21: <tokio::runtime::scheduler::current_thread::CoreGuard>::enter::<<tokio::runtime::scheduler::current_thread::CoreGuard>::block_on<core::pin::Pin<&mut core::pin::Pin<&mut dyn core::future::future::Future<Output = ()>>>>::{closure#0}, core::option::Option<()>>
             at /Users/mtakemiya/.cargo/registry/src/index.crates.io-1949cf8c6b5b557f/tokio-1.53.1/src/runtime/scheduler/current_thread/mod.rs:906:27
  22: <tokio::runtime::scheduler::current_thread::CoreGuard>::block_on::<core::pin::Pin<&mut core::pin::Pin<&mut dyn core::future::future::Future<Output = ()>>>>
             at /Users/mtakemiya/.cargo/registry/src/index.crates.io-1949cf8c6b5b557f/tokio-1.53.1/src/runtime/scheduler/current_thread/mod.rs:817:24
  23: <tokio::runtime::scheduler::current_thread::CurrentThread>::block_on::<core::pin::Pin<&mut dyn core::future::future::Future<Output = ()>>>::{closure#0}
             at /Users/mtakemiya/.cargo/registry/src/index.crates.io-1949cf8c6b5b557f/tokio-1.53.1/src/runtime/scheduler/current_thread/mod.rs:218:33
  24: tokio::runtime::context::runtime::enter_runtime::<<tokio::runtime::scheduler::current_thread::CurrentThread>::block_on<core::pin::Pin<&mut dyn core::future::future::Future<Output = ()>>>::{closure#0}, ()>
             at /Users/mtakemiya/.cargo/registry/src/index.crates.io-1949cf8c6b5b557f/tokio-1.53.1/src/runtime/context/runtime.rs:65:16
  25: <tokio::runtime::scheduler::current_thread::CurrentThread>::block_on::<core::pin::Pin<&mut dyn core::future::future::Future<Output = ()>>>
             at /Users/mtakemiya/.cargo/registry/src/index.crates.io-1949cf8c6b5b557f/tokio-1.53.1/src/runtime/scheduler/current_thread/mod.rs:206:9
  26: <tokio::runtime::runtime::Runtime>::block_on_inner::<core::pin::Pin<&mut dyn core::future::future::Future<Output = ()>>>
             at /Users/mtakemiya/.cargo/registry/src/index.crates.io-1949cf8c6b5b557f/tokio-1.53.1/src/runtime/runtime.rs:374:52
  27: <tokio::runtime::runtime::Runtime>::block_on::<core::pin::Pin<&mut dyn core::future::future::Future<Output = ()>>>
             at /Users/mtakemiya/.cargo/registry/src/index.crates.io-1949cf8c6b5b557f/tokio-1.53.1/src/runtime/runtime.rs:343:18
  28: kasumi_authority::service::tests::issuer_tests::target_materialization_tests::activated_target_keeps_operational_suspension_and_membership_across_restart
             at ./src/target_materialization_tests.rs:1093:53
  29: kasumi_authority::service::tests::issuer_tests::target_materialization_tests::activated_target_keeps_operational_suspension_and_membership_across_restart::{closure#0}
             at ./src/target_materialization_tests.rs:1092:87
  30: <kasumi_authority::service::tests::issuer_tests::target_materialization_tests::activated_target_keeps_operational_suspension_and_membership_across_restart::{closure#0} as core::ops::function::FnOnce<()>>::call_once
             at /rustc/8bab26f4f68e0e26f0bb7960be334d5b520ea452/library/core/src/ops/function.rs:250:5
  31: <fn() -> core::result::Result<(), alloc::string::String> as core::ops::function::FnOnce<()>>::call_once
             at /rustc/8bab26f4f68e0e26f0bb7960be334d5b520ea452/library/core/src/ops/function.rs:250:5
note: Some details are omitted, run with `RUST_BACKTRACE=full` for a verbose backtrace.
FAILED
test service::tests::issuer_tests::target_materialization_tests::actual_target_materialization_preserves_image_and_original_operation_fence ... ok
test service::tests::issuer_tests::target_materialization_tests::dropping_target_on_non_runtime_thread_retains_shutdown_work_until_real_drain ... ok
test service::tests::issuer_tests::target_materialization_tests::exact_actual_completion_is_required_for_issuer_and_target_activation ... target owners drained with their original access-fenced outcome: DrainFailure { completion: Complete, issues: [DrainIssue { component: "OpenRaft runtime", instance: 0, error: raft shutdown failed (core: None, core join: None, ticker join: None, state machine: Some(Storage(IO { source: StorageIOError { subject: Store, verb: Write, source: std::io::error::Error: domain transaction committed; access expired before acknowledgment; outcome unknown, backtrace: None } })), snapshot builder: None, replications: [], auxiliary: [], incoming snapshot: None)

Stack backtrace:
   0: std::backtrace_rs::backtrace::libunwind::trace
             at /rustc/8bab26f4f68e0e26f0bb7960be334d5b520ea452/library/std/src/../../backtrace/src/backtrace/libunwind.rs:117:9
   1: std::backtrace_rs::backtrace::trace_unsynchronized::<<std::backtrace::Backtrace>::create::{closure#0}>
             at /rustc/8bab26f4f68e0e26f0bb7960be334d5b520ea452/library/std/src/../../backtrace/src/backtrace/mod.rs:66:14
   2: <std::backtrace::Backtrace>::create
             at /rustc/8bab26f4f68e0e26f0bb7960be334d5b520ea452/library/std/src/backtrace.rs:331:13
   3: <anyhow::Error as core::convert::From<openraft::error::ShutdownError<u64, tokio::runtime::task::error::JoinError>>>::from
             at /Users/mtakemiya/.cargo/registry/src/index.crates.io-1949cf8c6b5b557f/anyhow-1.0.104/src/backtrace.rs:10:14
   4: <openraft::error::ShutdownError<u64, tokio::runtime::task::error::JoinError> as core::convert::Into<anyhow::Error>>::into
             at /rustc/8bab26f4f68e0e26f0bb7960be334d5b520ea452/library/core/src/convert/mod.rs:779:9
   5: <kasumi_raft::RaftGroup>::shutdown::{closure#0}
             at /Users/mtakemiya/dev/kasumi/crates/kasumi-raft/src/lib.rs:713:56
   6: <kasumi_engine::service::Database>::shutdown_inner::{closure#0}
             at /Users/mtakemiya/dev/kasumi/crates/kasumi-engine/src/service.rs:819:53
   7: <kasumi_engine::service::Database>::shutdown::{closure#0}
             at /Users/mtakemiya/dev/kasumi/crates/kasumi-engine/src/service.rs:755:36
   8: <kasumi_engine::bootstrap::target_quorum::TargetReplica>::close::{closure#0}
             at /Users/mtakemiya/dev/kasumi/crates/kasumi-engine/src/bootstrap_target_quorum.rs:26:48
   9: <kasumi_authority::service::tests::issuer_tests::target_materialization_tests::MaterialFixture>::close_targets::{closure#0}
             at ./src/target_materialization_tests.rs:960:44
  10: kasumi_authority::service::tests::issuer_tests::target_materialization_tests::exercise_target_activation::{closure#0}
             at ./src/target_materialization_tests.rs:1123:39
  11: <core::pin::Pin<alloc::boxed::Box<kasumi_authority::service::tests::issuer_tests::target_materialization_tests::exercise_target_activation::{closure#0}>> as core::future::future::Future>::poll
             at /rustc/8bab26f4f68e0e26f0bb7960be334d5b520ea452/library/core/src/future/future.rs:133:9
  12: kasumi_authority::service::tests::issuer_tests::target_materialization_tests::exact_actual_completion_is_required_for_issuer_and_target_activation::{closure#0}
             at ./src/target_materialization_tests.rs:1088:49
  13: <core::pin::Pin<&mut dyn core::future::future::Future<Output = ()>> as core::future::future::Future>::poll
             at /rustc/8bab26f4f68e0e26f0bb7960be334d5b520ea452/library/core/src/future/future.rs:133:9
  14: <core::pin::Pin<&mut core::pin::Pin<&mut dyn core::future::future::Future<Output = ()>>> as core::future::future::Future>::poll
             at /rustc/8bab26f4f68e0e26f0bb7960be334d5b520ea452/library/core/src/future/future.rs:133:9
  15: <tokio::runtime::scheduler::current_thread::CoreGuard>::block_on::<core::pin::Pin<&mut core::pin::Pin<&mut dyn core::future::future::Future<Output = ()>>>>::{closure#0}::{closure#0}::{closure#0}
             at /Users/mtakemiya/.cargo/registry/src/index.crates.io-1949cf8c6b5b557f/tokio-1.53.1/src/runtime/scheduler/current_thread/mod.rs:830:70
  16: tokio::task::coop::with_budget::<core::task::poll::Poll<()>, <tokio::runtime::scheduler::current_thread::CoreGuard>::block_on<core::pin::Pin<&mut core::pin::Pin<&mut dyn core::future::future::Future<Output = ()>>>>::{closure#0}::{closure#0}::{closure#0}>
             at /Users/mtakemiya/.cargo/registry/src/index.crates.io-1949cf8c6b5b557f/tokio-1.53.1/src/task/coop/mod.rs:167:5
  17: tokio::task::coop::budget::<core::task::poll::Poll<()>, <tokio::runtime::scheduler::current_thread::CoreGuard>::block_on<core::pin::Pin<&mut core::pin::Pin<&mut dyn core::future::future::Future<Output = ()>>>>::{closure#0}::{closure#0}::{closure#0}>
             at /Users/mtakemiya/.cargo/registry/src/index.crates.io-1949cf8c6b5b557f/tokio-1.53.1/src/task/coop/mod.rs:133:5
  18: <tokio::runtime::scheduler::current_thread::CoreGuard>::block_on::<core::pin::Pin<&mut core::pin::Pin<&mut dyn core::future::future::Future<Output = ()>>>>::{closure#0}::{closure#0}
             at /Users/mtakemiya/.cargo/registry/src/index.crates.io-1949cf8c6b5b557f/tokio-1.53.1/src/runtime/scheduler/current_thread/mod.rs:830:25
  19: <tokio::runtime::scheduler::current_thread::Context>::enter::<core::task::poll::Poll<()>, <tokio::runtime::scheduler::current_thread::CoreGuard>::block_on<core::pin::Pin<&mut core::pin::Pin<&mut dyn core::future::future::Future<Output = ()>>>>::{closure#0}::{closure#0}>
             at /Users/mtakemiya/.cargo/registry/src/index.crates.io-1949cf8c6b5b557f/tokio-1.53.1/src/runtime/scheduler/current_thread/mod.rs:488:19
  20: <tokio::runtime::scheduler::current_thread::CoreGuard>::block_on::<core::pin::Pin<&mut core::pin::Pin<&mut dyn core::future::future::Future<Output = ()>>>>::{closure#0}
             at /Users/mtakemiya/.cargo/registry/src/index.crates.io-1949cf8c6b5b557f/tokio-1.53.1/src/runtime/scheduler/current_thread/mod.rs:829:44
  21: <tokio::runtime::scheduler::current_thread::CoreGuard>::enter::<<tokio::runtime::scheduler::current_thread::CoreGuard>::block_on<core::pin::Pin<&mut core::pin::Pin<&mut dyn core::future::future::Future<Output = ()>>>>::{closure#0}, core::option::Option<()>>::{closure#0}
             at /Users/mtakemiya/.cargo/registry/src/index.crates.io-1949cf8c6b5b557f/tokio-1.53.1/src/runtime/scheduler/current_thread/mod.rs:906:68
  22: <tokio::runtime::context::scoped::Scoped<tokio::runtime::scheduler::Context>>::set::<<tokio::runtime::scheduler::current_thread::CoreGuard>::enter<<tokio::runtime::scheduler::current_thread::CoreGuard>::block_on<core::pin::Pin<&mut core::pin::Pin<&mut dyn core::future::future::Future<Output = ()>>>>::{closure#0}, core::option::Option<()>>::{closure#0}, (alloc::boxed::Box<tokio::runtime::scheduler::current_thread::Core>, core::option::Option<()>)>
             at /Users/mtakemiya/.cargo/registry/src/index.crates.io-1949cf8c6b5b557f/tokio-1.53.1/src/runtime/context/scoped.rs:40:9
  23: tokio::runtime::context::set_scheduler::<(alloc::boxed::Box<tokio::runtime::scheduler::current_thread::Core>, core::option::Option<()>), <tokio::runtime::scheduler::current_thread::CoreGuard>::enter<<tokio::runtime::scheduler::current_thread::CoreGuard>::block_on<core::pin::Pin<&mut core::pin::Pin<&mut dyn core::future::future::Future<Output = ()>>>>::{closure#0}, core::option::Option<()>>::{closure#0}>::{closure#0}
             at /Users/mtakemiya/.cargo/registry/src/index.crates.io-1949cf8c6b5b557f/tokio-1.53.1/src/runtime/context.rs:187:38
  24: <std::thread::local::LocalKey<tokio::runtime::context::Context>>::try_with::<tokio::runtime::context::set_scheduler<(alloc::boxed::Box<tokio::runtime::scheduler::current_thread::Core>, core::option::Option<()>), <tokio::runtime::scheduler::current_thread::CoreGuard>::enter<<tokio::runtime::scheduler::current_thread::CoreGuard>::block_on<core::pin::Pin<&mut core::pin::Pin<&mut dyn core::future::future::Future<Output = ()>>>>::{closure#0}, core::option::Option<()>>::{closure#0}>::{closure#0}, (alloc::boxed::Box<tokio::runtime::scheduler::current_thread::Core>, core::option::Option<()>)>
             at /rustc/8bab26f4f68e0e26f0bb7960be334d5b520ea452/library/std/src/thread/local.rs:462:12
  25: <std::thread::local::LocalKey<tokio::runtime::context::Context>>::with::<tokio::runtime::context::set_scheduler<(alloc::boxed::Box<tokio::runtime::scheduler::current_thread::Core>, core::option::Option<()>), <tokio::runtime::scheduler::current_thread::CoreGuard>::enter<<tokio::runtime::scheduler::current_thread::CoreGuard>::block_on<core::pin::Pin<&mut core::pin::Pin<&mut dyn core::future::future::Future<Output = ()>>>>::{closure#0}, core::option::Option<()>>::{closure#0}>::{closure#0}, (alloc::boxed::Box<tokio::runtime::scheduler::current_thread::Core>, core::option::Option<()>)>
             at /rustc/8bab26f4f68e0e26f0bb7960be334d5b520ea452/library/std/src/thread/local.rs:426:20
  26: tokio::runtime::context::set_scheduler::<(alloc::boxed::Box<tokio::runtime::scheduler::current_thread::Core>, core::option::Option<()>), <tokio::runtime::scheduler::current_thread::CoreGuard>::enter<<tokio::runtime::scheduler::current_thread::CoreGuard>::block_on<core::pin::Pin<&mut core::pin::Pin<&mut dyn core::future::future::Future<Output = ()>>>>::{closure#0}, core::option::Option<()>>::{closure#0}>
             at /Users/mtakemiya/.cargo/registry/src/index.crates.io-1949cf8c6b5b557f/tokio-1.53.1/src/runtime/context.rs:187:17
  27: <tokio::runtime::scheduler::current_thread::CoreGuard>::enter::<<tokio::runtime::scheduler::current_thread::CoreGuard>::block_on<core::pin::Pin<&mut core::pin::Pin<&mut dyn core::future::future::Future<Output = ()>>>>::{closure#0}, core::option::Option<()>>
             at /Users/mtakemiya/.cargo/registry/src/index.crates.io-1949cf8c6b5b557f/tokio-1.53.1/src/runtime/scheduler/current_thread/mod.rs:906:27
  28: <tokio::runtime::scheduler::current_thread::CoreGuard>::block_on::<core::pin::Pin<&mut core::pin::Pin<&mut dyn core::future::future::Future<Output = ()>>>>
             at /Users/mtakemiya/.cargo/registry/src/index.crates.io-1949cf8c6b5b557f/tokio-1.53.1/src/runtime/scheduler/current_thread/mod.rs:817:24
  29: <tokio::runtime::scheduler::current_thread::CurrentThread>::block_on::<core::pin::Pin<&mut dyn core::future::future::Future<Output = ()>>>::{closure#0}
             at /Users/mtakemiya/.cargo/registry/src/index.crates.io-1949cf8c6b5b557f/tokio-1.53.1/src/runtime/scheduler/current_thread/mod.rs:218:33
  30: tokio::runtime::context::runtime::enter_runtime::<<tokio::runtime::scheduler::current_thread::CurrentThread>::block_on<core::pin::Pin<&mut dyn core::future::future::Future<Output = ()>>>::{closure#0}, ()>
             at /Users/mtakemiya/.cargo/registry/src/index.crates.io-1949cf8c6b5b557f/tokio-1.53.1/src/runtime/context/runtime.rs:65:16
  31: <tokio::runtime::scheduler::current_thread::CurrentThread>::block_on::<core::pin::Pin<&mut dyn core::future::future::Future<Output = ()>>>
             at /Users/mtakemiya/.cargo/registry/src/index.crates.io-1949cf8c6b5b557f/tokio-1.53.1/src/runtime/scheduler/current_thread/mod.rs:206:9
  32: <tokio::runtime::runtime::Runtime>::block_on_inner::<core::pin::Pin<&mut dyn core::future::future::Future<Output = ()>>>
             at /Users/mtakemiya/.cargo/registry/src/index.crates.io-1949cf8c6b5b557f/tokio-1.53.1/src/runtime/runtime.rs:374:52
  33: <tokio::runtime::runtime::Runtime>::block_on::<core::pin::Pin<&mut dyn core::future::future::Future<Output = ()>>>
             at /Users/mtakemiya/.cargo/registry/src/index.crates.io-1949cf8c6b5b557f/tokio-1.53.1/src/runtime/runtime.rs:343:18
  34: kasumi_authority::service::tests::issuer_tests::target_materialization_tests::exact_actual_completion_is_required_for_issuer_and_target_activation
             at ./src/target_materialization_tests.rs:1088:54
  35: kasumi_authority::service::tests::issuer_tests::target_materialization_tests::exact_actual_completion_is_required_for_issuer_and_target_activation::{closure#0}
             at ./src/target_materialization_tests.rs:1087:80
  36: <kasumi_authority::service::tests::issuer_tests::target_materialization_tests::exact_actual_completion_is_required_for_issuer_and_target_activation::{closure#0} as core::ops::function::FnOnce<()>>::call_once
             at /rustc/8bab26f4f68e0e26f0bb7960be334d5b520ea452/library/core/src/ops/function.rs:250:5
  37: <fn() -> core::result::Result<(), alloc::string::String> as core::ops::function::FnOnce<()>>::call_once
             at /rustc/8bab26f4f68e0e26f0bb7960be334d5b520ea452/library/core/src/ops/function.rs:250:5
  38: test::__rust_begin_short_backtrace::<core::result::Result<(), alloc::string::String>, fn() -> core::result::Result<(), alloc::string::String>>
             at /rustc/8bab26f4f68e0e26f0bb7960be334d5b520ea452/library/test/src/lib.rs:724:18
  39: test::run_test_in_process::{closure#0}
             at /rustc/8bab26f4f68e0e26f0bb7960be334d5b520ea452/library/test/src/lib.rs:747:74
  40: <core::panic::unwind_safe::AssertUnwindSafe<test::run_test_in_process::{closure#0}> as core::ops::function::FnOnce<()>>::call_once
             at /rustc/8bab26f4f68e0e26f0bb7960be334d5b520ea452/library/core/src/panic/unwind_safe.rs:275:9
  41: std::panicking::catch_unwind::do_call::<core::panic::unwind_safe::AssertUnwindSafe<test::run_test_in_process::{closure#0}>, core::result::Result<(), alloc::string::String>>
             at /rustc/8bab26f4f68e0e26f0bb7960be334d5b520ea452/library/std/src/panicking.rs:581:40
  42: std::panicking::catch_unwind::<core::result::Result<(), alloc::string::String>, core::panic::unwind_safe::AssertUnwindSafe<test::run_test_in_process::{closure#0}>>
             at /rustc/8bab26f4f68e0e26f0bb7960be334d5b520ea452/library/std/src/panicking.rs:544:19
  43: std::panic::catch_unwind::<core::panic::unwind_safe::AssertUnwindSafe<test::run_test_in_process::{closure#0}>, core::result::Result<(), alloc::string::String>>
             at /rustc/8bab26f4f68e0e26f0bb7960be334d5b520ea452/library/std/src/panic.rs:359:14
  44: test::run_test_in_process
             at /rustc/8bab26f4f68e0e26f0bb7960be334d5b520ea452/library/test/src/lib.rs:747:27
  45: test::run_test::{closure#0}
             at /rustc/8bab26f4f68e0e26f0bb7960be334d5b520ea452/library/test/src/lib.rs:668:43
  46: test::run_test::{closure#1}
             at /rustc/8bab26f4f68e0e26f0bb7960be334d5b520ea452/library/test/src/lib.rs:698:41
  47: std::sys::backtrace::__rust_begin_short_backtrace::<test::run_test::{closure#1}, ()>
             at /rustc/8bab26f4f68e0e26f0bb7960be334d5b520ea452/library/std/src/sys/backtrace.rs:166:18
  48: std::thread::lifecycle::spawn_unchecked::<test::run_test::{closure#1}, ()>::{closure#1}::{closure#0}
             at /rustc/8bab26f4f68e0e26f0bb7960be334d5b520ea452/library/std/src/thread/lifecycle.rs:70:13
  49: <core::panic::unwind_safe::AssertUnwindSafe<std::thread::lifecycle::spawn_unchecked<test::run_test::{closure#1}, ()>::{closure#1}::{closure#0}> as core::ops::function::FnOnce<()>>::call_once
             at /rustc/8bab26f4f68e0e26f0bb7960be334d5b520ea452/library/core/src/panic/unwind_safe.rs:275:9
  50: std::panicking::catch_unwind::do_call::<core::panic::unwind_safe::AssertUnwindSafe<std::thread::lifecycle::spawn_unchecked<test::run_test::{closure#1}, ()>::{closure#1}::{closure#0}>, ()>
             at /rustc/8bab26f4f68e0e26f0bb7960be334d5b520ea452/library/std/src/panicking.rs:581:40
  51: std::panicking::catch_unwind::<(), core::panic::unwind_safe::AssertUnwindSafe<std::thread::lifecycle::spawn_unchecked<test::run_test::{closure#1}, ()>::{closure#1}::{closure#0}>>
             at /rustc/8bab26f4f68e0e26f0bb7960be334d5b520ea452/library/std/src/panicking.rs:544:19
  52: std::panic::catch_unwind::<core::panic::unwind_safe::AssertUnwindSafe<std::thread::lifecycle::spawn_unchecked<test::run_test::{closure#1}, ()>::{closure#1}::{closure#0}>, ()>
             at /rustc/8bab26f4f68e0e26f0bb7960be334d5b520ea452/library/std/src/panic.rs:359:14
  53: std::thread::lifecycle::spawn_unchecked::<test::run_test::{closure#1}, ()>::{closure#1}
             at /rustc/8bab26f4f68e0e26f0bb7960be334d5b520ea452/library/std/src/thread/lifecycle.rs:68:26
  54: <std::thread::lifecycle::spawn_unchecked<test::run_test::{closure#1}, ()>::{closure#1} as core::ops::function::FnOnce<()>>::call_once::{shim:vtable#0}
             at /rustc/8bab26f4f68e0e26f0bb7960be334d5b520ea452/library/core/src/ops/function.rs:250:5
  55: <alloc::boxed::Box<dyn core::ops::function::FnOnce<(), Output = ()> + core::marker::Send> as core::ops::function::FnOnce<()>>::call_once
             at /rustc/8bab26f4f68e0e26f0bb7960be334d5b520ea452/library/alloc/src/boxed.rs:2275:9
  56: <std::sys::thread::unix::Thread>::new::thread_start
             at /rustc/8bab26f4f68e0e26f0bb7960be334d5b520ea452/library/std/src/sys/thread/unix.rs:118:17
  57: __pthread_exit }] }
TARGET_ACTIVATION_DENIED at /rustc/8bab26f4f68e0e26f0bb7960be334d5b520ea452/library/core/src/ops/function.rs:250:5: installed target attestation signature invalid
TARGET_ACTIVATION_DENIED at /rustc/8bab26f4f68e0e26f0bb7960be334d5b520ea452/library/core/src/ops/function.rs:250:5: installed target attestation signature invalid
target owners drained with their original access-fenced outcome: DrainFailure { completion: Complete, issues: [DrainIssue { component: "OpenRaft runtime", instance: 0, error: raft shutdown failed (core: None, core join: None, ticker join: None, state machine: None, snapshot builder: None, replications: [ReplicationShutdownError { owner_id: 1, target: 3, stream: Some(Storage(IO { source: StorageIOError { subject: Store, verb: Write, source: std::io::error::Error: tenant is sealed: key-access lease unavailable or expired, backtrace: None } })), snapshot: None }], auxiliary: [], incoming snapshot: None)

Stack backtrace:
   0: std::backtrace_rs::backtrace::libunwind::trace
             at /rustc/8bab26f4f68e0e26f0bb7960be334d5b520ea452/library/std/src/../../backtrace/src/backtrace/libunwind.rs:117:9
   1: std::backtrace_rs::backtrace::trace_unsynchronized::<<std::backtrace::Backtrace>::create::{closure#0}>
             at /rustc/8bab26f4f68e0e26f0bb7960be334d5b520ea452/library/std/src/../../backtrace/src/backtrace/mod.rs:66:14
   2: <std::backtrace::Backtrace>::create
             at /rustc/8bab26f4f68e0e26f0bb7960be334d5b520ea452/library/std/src/backtrace.rs:331:13
   3: <anyhow::Error as core::convert::From<openraft::error::ShutdownError<u64, tokio::runtime::task::error::JoinError>>>::from
             at /Users/mtakemiya/.cargo/registry/src/index.crates.io-1949cf8c6b5b557f/anyhow-1.0.104/src/backtrace.rs:10:14
   4: <openraft::error::ShutdownError<u64, tokio::runtime::task::error::JoinError> as core::convert::Into<anyhow::Error>>::into
             at /rustc/8bab26f4f68e0e26f0bb7960be334d5b520ea452/library/core/src/convert/mod.rs:779:9
   5: <kasumi_raft::RaftGroup>::shutdown::{closure#0}
             at /Users/mtakemiya/dev/kasumi/crates/kasumi-raft/src/lib.rs:713:56
   6: <kasumi_engine::service::Database>::shutdown_inner::{closure#0}
             at /Users/mtakemiya/dev/kasumi/crates/kasumi-engine/src/service.rs:819:53
   7: <kasumi_engine::service::Database>::shutdown::{closure#0}
             at /Users/mtakemiya/dev/kasumi/crates/kasumi-engine/src/service.rs:755:36
   8: <kasumi_engine::bootstrap::target_serving::TargetServingReplica>::close::{closure#0}
             at /Users/mtakemiya/dev/kasumi/crates/kasumi-engine/src/bootstrap_target_serving.rs:58:48
   9: <kasumi_authority::service::tests::issuer_tests::target_materialization_tests::serving_tests::Serving>::close::{closure#0}
             at ./src/target_serving_tests.rs:198:43
  10: kasumi_authority::service::tests::issuer_tests::target_materialization_tests::serving_tests::exercise_serving::{closure#0}
             at ./src/target_serving_tests.rs:400:33
  11: kasumi_authority::service::tests::issuer_tests::target_materialization_tests::exercise_target_activation::{closure#0}
             at ./src/target_materialization_tests.rs:1444:89
  12: <core::pin::Pin<alloc::boxed::Box<kasumi_authority::service::tests::issuer_tests::target_materialization_tests::exercise_target_activation::{closure#0}>> as core::future::future::Future>::poll
             at /rustc/8bab26f4f68e0e26f0bb7960be334d5b520ea452/library/core/src/future/future.rs:133:9
  13: kasumi_authority::service::tests::issuer_tests::target_materialization_tests::exact_actual_completion_is_required_for_issuer_and_target_activation::{closure#0}
             at ./src/target_materialization_tests.rs:1088:49
  14: <core::pin::Pin<&mut dyn core::future::future::Future<Output = ()>> as core::future::future::Future>::poll
             at /rustc/8bab26f4f68e0e26f0bb7960be334d5b520ea452/library/core/src/future/future.rs:133:9
  15: <core::pin::Pin<&mut core::pin::Pin<&mut dyn core::future::future::Future<Output = ()>>> as core::future::future::Future>::poll
             at /rustc/8bab26f4f68e0e26f0bb7960be334d5b520ea452/library/core/src/future/future.rs:133:9
  16: <tokio::runtime::scheduler::current_thread::CoreGuard>::block_on::<core::pin::Pin<&mut core::pin::Pin<&mut dyn core::future::future::Future<Output = ()>>>>::{closure#0}::{closure#0}::{closure#0}
             at /Users/mtakemiya/.cargo/registry/src/index.crates.io-1949cf8c6b5b557f/tokio-1.53.1/src/runtime/scheduler/current_thread/mod.rs:830:70
  17: tokio::task::coop::with_budget::<core::task::poll::Poll<()>, <tokio::runtime::scheduler::current_thread::CoreGuard>::block_on<core::pin::Pin<&mut core::pin::Pin<&mut dyn core::future::future::Future<Output = ()>>>>::{closure#0}::{closure#0}::{closure#0}>
             at /Users/mtakemiya/.cargo/registry/src/index.crates.io-1949cf8c6b5b557f/tokio-1.53.1/src/task/coop/mod.rs:167:5
  18: tokio::task::coop::budget::<core::task::poll::Poll<()>, <tokio::runtime::scheduler::current_thread::CoreGuard>::block_on<core::pin::Pin<&mut core::pin::Pin<&mut dyn core::future::future::Future<Output = ()>>>>::{closure#0}::{closure#0}::{closure#0}>
             at /Users/mtakemiya/.cargo/registry/src/index.crates.io-1949cf8c6b5b557f/tokio-1.53.1/src/task/coop/mod.rs:133:5
  19: <tokio::runtime::scheduler::current_thread::CoreGuard>::block_on::<core::pin::Pin<&mut core::pin::Pin<&mut dyn core::future::future::Future<Output = ()>>>>::{closure#0}::{closure#0}
             at /Users/mtakemiya/.cargo/registry/src/index.crates.io-1949cf8c6b5b557f/tokio-1.53.1/src/runtime/scheduler/current_thread/mod.rs:830:25
  20: <tokio::runtime::scheduler::current_thread::Context>::enter::<core::task::poll::Poll<()>, <tokio::runtime::scheduler::current_thread::CoreGuard>::block_on<core::pin::Pin<&mut core::pin::Pin<&mut dyn core::future::future::Future<Output = ()>>>>::{closure#0}::{closure#0}>
             at /Users/mtakemiya/.cargo/registry/src/index.crates.io-1949cf8c6b5b557f/tokio-1.53.1/src/runtime/scheduler/current_thread/mod.rs:488:19
  21: <tokio::runtime::scheduler::current_thread::CoreGuard>::block_on::<core::pin::Pin<&mut core::pin::Pin<&mut dyn core::future::future::Future<Output = ()>>>>::{closure#0}
             at /Users/mtakemiya/.cargo/registry/src/index.crates.io-1949cf8c6b5b557f/tokio-1.53.1/src/runtime/scheduler/current_thread/mod.rs:829:44
  22: <tokio::runtime::scheduler::current_thread::CoreGuard>::enter::<<tokio::runtime::scheduler::current_thread::CoreGuard>::block_on<core::pin::Pin<&mut core::pin::Pin<&mut dyn core::future::future::Future<Output = ()>>>>::{closure#0}, core::option::Option<()>>::{closure#0}
             at /Users/mtakemiya/.cargo/registry/src/index.crates.io-1949cf8c6b5b557f/tokio-1.53.1/src/runtime/scheduler/current_thread/mod.rs:906:68
  23: <tokio::runtime::context::scoped::Scoped<tokio::runtime::scheduler::Context>>::set::<<tokio::runtime::scheduler::current_thread::CoreGuard>::enter<<tokio::runtime::scheduler::current_thread::CoreGuard>::block_on<core::pin::Pin<&mut core::pin::Pin<&mut dyn core::future::future::Future<Output = ()>>>>::{closure#0}, core::option::Option<()>>::{closure#0}, (alloc::boxed::Box<tokio::runtime::scheduler::current_thread::Core>, core::option::Option<()>)>
             at /Users/mtakemiya/.cargo/registry/src/index.crates.io-1949cf8c6b5b557f/tokio-1.53.1/src/runtime/context/scoped.rs:40:9
  24: tokio::runtime::context::set_scheduler::<(alloc::boxed::Box<tokio::runtime::scheduler::current_thread::Core>, core::option::Option<()>), <tokio::runtime::scheduler::current_thread::CoreGuard>::enter<<tokio::runtime::scheduler::current_thread::CoreGuard>::block_on<core::pin::Pin<&mut core::pin::Pin<&mut dyn core::future::future::Future<Output = ()>>>>::{closure#0}, core::option::Option<()>>::{closure#0}>::{closure#0}
             at /Users/mtakemiya/.cargo/registry/src/index.crates.io-1949cf8c6b5b557f/tokio-1.53.1/src/runtime/context.rs:187:38
  25: <std::thread::local::LocalKey<tokio::runtime::context::Context>>::try_with::<tokio::runtime::context::set_scheduler<(alloc::boxed::Box<tokio::runtime::scheduler::current_thread::Core>, core::option::Option<()>), <tokio::runtime::scheduler::current_thread::CoreGuard>::enter<<tokio::runtime::scheduler::current_thread::CoreGuard>::block_on<core::pin::Pin<&mut core::pin::Pin<&mut dyn core::future::future::Future<Output = ()>>>>::{closure#0}, core::option::Option<()>>::{closure#0}>::{closure#0}, (alloc::boxed::Box<tokio::runtime::scheduler::current_thread::Core>, core::option::Option<()>)>
             at /rustc/8bab26f4f68e0e26f0bb7960be334d5b520ea452/library/std/src/thread/local.rs:462:12
  26: <std::thread::local::LocalKey<tokio::runtime::context::Context>>::with::<tokio::runtime::context::set_scheduler<(alloc::boxed::Box<tokio::runtime::scheduler::current_thread::Core>, core::option::Option<()>), <tokio::runtime::scheduler::current_thread::CoreGuard>::enter<<tokio::runtime::scheduler::current_thread::CoreGuard>::block_on<core::pin::Pin<&mut core::pin::Pin<&mut dyn core::future::future::Future<Output = ()>>>>::{closure#0}, core::option::Option<()>>::{closure#0}>::{closure#0}, (alloc::boxed::Box<tokio::runtime::scheduler::current_thread::Core>, core::option::Option<()>)>
             at /rustc/8bab26f4f68e0e26f0bb7960be334d5b520ea452/library/std/src/thread/local.rs:426:20
  27: tokio::runtime::context::set_scheduler::<(alloc::boxed::Box<tokio::runtime::scheduler::current_thread::Core>, core::option::Option<()>), <tokio::runtime::scheduler::current_thread::CoreGuard>::enter<<tokio::runtime::scheduler::current_thread::CoreGuard>::block_on<core::pin::Pin<&mut core::pin::Pin<&mut dyn core::future::future::Future<Output = ()>>>>::{closure#0}, core::option::Option<()>>::{closure#0}>
             at /Users/mtakemiya/.cargo/registry/src/index.crates.io-1949cf8c6b5b557f/tokio-1.53.1/src/runtime/context.rs:187:17
  28: <tokio::runtime::scheduler::current_thread::CoreGuard>::enter::<<tokio::runtime::scheduler::current_thread::CoreGuard>::block_on<core::pin::Pin<&mut core::pin::Pin<&mut dyn core::future::future::Future<Output = ()>>>>::{closure#0}, core::option::Option<()>>
             at /Users/mtakemiya/.cargo/registry/src/index.crates.io-1949cf8c6b5b557f/tokio-1.53.1/src/runtime/scheduler/current_thread/mod.rs:906:27
  29: <tokio::runtime::scheduler::current_thread::CoreGuard>::block_on::<core::pin::Pin<&mut core::pin::Pin<&mut dyn core::future::future::Future<Output = ()>>>>
             at /Users/mtakemiya/.cargo/registry/src/index.crates.io-1949cf8c6b5b557f/tokio-1.53.1/src/runtime/scheduler/current_thread/mod.rs:817:24
  30: <tokio::runtime::scheduler::current_thread::CurrentThread>::block_on::<core::pin::Pin<&mut dyn core::future::future::Future<Output = ()>>>::{closure#0}
             at /Users/mtakemiya/.cargo/registry/src/index.crates.io-1949cf8c6b5b557f/tokio-1.53.1/src/runtime/scheduler/current_thread/mod.rs:218:33
  31: tokio::runtime::context::runtime::enter_runtime::<<tokio::runtime::scheduler::current_thread::CurrentThread>::block_on<core::pin::Pin<&mut dyn core::future::future::Future<Output = ()>>>::{closure#0}, ()>
             at /Users/mtakemiya/.cargo/registry/src/index.crates.io-1949cf8c6b5b557f/tokio-1.53.1/src/runtime/context/runtime.rs:65:16
  32: <tokio::runtime::scheduler::current_thread::CurrentThread>::block_on::<core::pin::Pin<&mut dyn core::future::future::Future<Output = ()>>>
             at /Users/mtakemiya/.cargo/registry/src/index.crates.io-1949cf8c6b5b557f/tokio-1.53.1/src/runtime/scheduler/current_thread/mod.rs:206:9
  33: <tokio::runtime::runtime::Runtime>::block_on_inner::<core::pin::Pin<&mut dyn core::future::future::Future<Output = ()>>>
             at /Users/mtakemiya/.cargo/registry/src/index.crates.io-1949cf8c6b5b557f/tokio-1.53.1/src/runtime/runtime.rs:374:52
  34: <tokio::runtime::runtime::Runtime>::block_on::<core::pin::Pin<&mut dyn core::future::future::Future<Output = ()>>>
             at /Users/mtakemiya/.cargo/registry/src/index.crates.io-1949cf8c6b5b557f/tokio-1.53.1/src/runtime/runtime.rs:343:18
  35: kasumi_authority::service::tests::issuer_tests::target_materialization_tests::exact_actual_completion_is_required_for_issuer_and_target_activation
             at ./src/target_materialization_tests.rs:1088:54
  36: kasumi_authority::service::tests::issuer_tests::target_materialization_tests::exact_actual_completion_is_required_for_issuer_and_target_activation::{closure#0}
             at ./src/target_materialization_tests.rs:1087:80
  37: <kasumi_authority::service::tests::issuer_tests::target_materialization_tests::exact_actual_completion_is_required_for_issuer_and_target_activation::{closure#0} as core::ops::function::FnOnce<()>>::call_once
             at /rustc/8bab26f4f68e0e26f0bb7960be334d5b520ea452/library/core/src/ops/function.rs:250:5
  38: <fn() -> core::result::Result<(), alloc::string::String> as core::ops::function::FnOnce<()>>::call_once
             at /rustc/8bab26f4f68e0e26f0bb7960be334d5b520ea452/library/core/src/ops/function.rs:250:5
  39: test::__rust_begin_short_backtrace::<core::result::Result<(), alloc::string::String>, fn() -> core::result::Result<(), alloc::string::String>>
             at /rustc/8bab26f4f68e0e26f0bb7960be334d5b520ea452/library/test/src/lib.rs:724:18
  40: test::run_test_in_process::{closure#0}
             at /rustc/8bab26f4f68e0e26f0bb7960be334d5b520ea452/library/test/src/lib.rs:747:74
  41: <core::panic::unwind_safe::AssertUnwindSafe<test::run_test_in_process::{closure#0}> as core::ops::function::FnOnce<()>>::call_once
             at /rustc/8bab26f4f68e0e26f0bb7960be334d5b520ea452/library/core/src/panic/unwind_safe.rs:275:9
  42: std::panicking::catch_unwind::do_call::<core::panic::unwind_safe::AssertUnwindSafe<test::run_test_in_process::{closure#0}>, core::result::Result<(), alloc::string::String>>
             at /rustc/8bab26f4f68e0e26f0bb7960be334d5b520ea452/library/std/src/panicking.rs:581:40
  43: std::panicking::catch_unwind::<core::result::Result<(), alloc::string::String>, core::panic::unwind_safe::AssertUnwindSafe<test::run_test_in_process::{closure#0}>>
             at /rustc/8bab26f4f68e0e26f0bb7960be334d5b520ea452/library/std/src/panicking.rs:544:19
  44: std::panic::catch_unwind::<core::panic::unwind_safe::AssertUnwindSafe<test::run_test_in_process::{closure#0}>, core::result::Result<(), alloc::string::String>>
             at /rustc/8bab26f4f68e0e26f0bb7960be334d5b520ea452/library/std/src/panic.rs:359:14
  45: test::run_test_in_process
             at /rustc/8bab26f4f68e0e26f0bb7960be334d5b520ea452/library/test/src/lib.rs:747:27
  46: test::run_test::{closure#0}
             at /rustc/8bab26f4f68e0e26f0bb7960be334d5b520ea452/library/test/src/lib.rs:668:43
  47: test::run_test::{closure#1}
             at /rustc/8bab26f4f68e0e26f0bb7960be334d5b520ea452/library/test/src/lib.rs:698:41
  48: std::sys::backtrace::__rust_begin_short_backtrace::<test::run_test::{closure#1}, ()>
             at /rustc/8bab26f4f68e0e26f0bb7960be334d5b520ea452/library/std/src/sys/backtrace.rs:166:18
  49: std::thread::lifecycle::spawn_unchecked::<test::run_test::{closure#1}, ()>::{closure#1}::{closure#0}
             at /rustc/8bab26f4f68e0e26f0bb7960be334d5b520ea452/library/std/src/thread/lifecycle.rs:70:13
  50: <core::panic::unwind_safe::AssertUnwindSafe<std::thread::lifecycle::spawn_unchecked<test::run_test::{closure#1}, ()>::{closure#1}::{closure#0}> as core::ops::function::FnOnce<()>>::call_once
             at /rustc/8bab26f4f68e0e26f0bb7960be334d5b520ea452/library/core/src/panic/unwind_safe.rs:275:9
  51: std::panicking::catch_unwind::do_call::<core::panic::unwind_safe::AssertUnwindSafe<std::thread::lifecycle::spawn_unchecked<test::run_test::{closure#1}, ()>::{closure#1}::{closure#0}>, ()>
             at /rustc/8bab26f4f68e0e26f0bb7960be334d5b520ea452/library/std/src/panicking.rs:581:40
  52: std::panicking::catch_unwind::<(), core::panic::unwind_safe::AssertUnwindSafe<std::thread::lifecycle::spawn_unchecked<test::run_test::{closure#1}, ()>::{closure#1}::{closure#0}>>
             at /rustc/8bab26f4f68e0e26f0bb7960be334d5b520ea452/library/std/src/panicking.rs:544:19
  53: std::panic::catch_unwind::<core::panic::unwind_safe::AssertUnwindSafe<std::thread::lifecycle::spawn_unchecked<test::run_test::{closure#1}, ()>::{closure#1}::{closure#0}>, ()>
             at /rustc/8bab26f4f68e0e26f0bb7960be334d5b520ea452/library/std/src/panic.rs:359:14
  54: std::thread::lifecycle::spawn_unchecked::<test::run_test::{closure#1}, ()>::{closure#1}
             at /rustc/8bab26f4f68e0e26f0bb7960be334d5b520ea452/library/std/src/thread/lifecycle.rs:68:26
  55: <std::thread::lifecycle::spawn_unchecked<test::run_test::{closure#1}, ()>::{closure#1} as core::ops::function::FnOnce<()>>::call_once::{shim:vtable#0}
             at /rustc/8bab26f4f68e0e26f0bb7960be334d5b520ea452/library/core/src/ops/function.rs:250:5
  56: <alloc::boxed::Box<dyn core::ops::function::FnOnce<(), Output = ()> + core::marker::Send> as core::ops::function::FnOnce<()>>::call_once
             at /rustc/8bab26f4f68e0e26f0bb7960be334d5b520ea452/library/alloc/src/boxed.rs:2275:9
  57: <std::sys::thread::unix::Thread>::new::thread_start
             at /rustc/8bab26f4f68e0e26f0bb7960be334d5b520ea452/library/std/src/sys/thread/unix.rs:118:17
  58: __pthread_exit }] }
ok
test service::tests::issuer_tests::target_materialization_tests::expired_completion_with_missing_journal_recovers_only_exact_inspection_facts ... target owners drained with their original access-fenced outcome: DrainFailure { completion: Complete, issues: [DrainIssue { component: "OpenRaft runtime", instance: 0, error: raft shutdown failed (core: None, core join: None, ticker join: None, state machine: Some(Storage(IO { source: StorageIOError { subject: Store, verb: Write, source: std::io::error::Error: domain transaction committed; access expired before acknowledgment; outcome unknown, backtrace: None } })), snapshot builder: None, replications: [], auxiliary: [], incoming snapshot: None)

Stack backtrace:
   0: std::backtrace_rs::backtrace::libunwind::trace
             at /rustc/8bab26f4f68e0e26f0bb7960be334d5b520ea452/library/std/src/../../backtrace/src/backtrace/libunwind.rs:117:9
   1: std::backtrace_rs::backtrace::trace_unsynchronized::<<std::backtrace::Backtrace>::create::{closure#0}>
             at /rustc/8bab26f4f68e0e26f0bb7960be334d5b520ea452/library/std/src/../../backtrace/src/backtrace/mod.rs:66:14
   2: <std::backtrace::Backtrace>::create
             at /rustc/8bab26f4f68e0e26f0bb7960be334d5b520ea452/library/std/src/backtrace.rs:331:13
   3: <anyhow::Error as core::convert::From<openraft::error::ShutdownError<u64, tokio::runtime::task::error::JoinError>>>::from
             at /Users/mtakemiya/.cargo/registry/src/index.crates.io-1949cf8c6b5b557f/anyhow-1.0.104/src/backtrace.rs:10:14
   4: <openraft::error::ShutdownError<u64, tokio::runtime::task::error::JoinError> as core::convert::Into<anyhow::Error>>::into
             at /rustc/8bab26f4f68e0e26f0bb7960be334d5b520ea452/library/core/src/convert/mod.rs:779:9
   5: <kasumi_raft::RaftGroup>::shutdown::{closure#0}
             at /Users/mtakemiya/dev/kasumi/crates/kasumi-raft/src/lib.rs:713:56
   6: <kasumi_engine::service::Database>::shutdown_inner::{closure#0}
             at /Users/mtakemiya/dev/kasumi/crates/kasumi-engine/src/service.rs:819:53
   7: <kasumi_engine::service::Database>::shutdown::{closure#0}
             at /Users/mtakemiya/dev/kasumi/crates/kasumi-engine/src/service.rs:755:36
   8: <kasumi_engine::bootstrap::target_quorum::TargetReplica>::close::{closure#0}
             at /Users/mtakemiya/dev/kasumi/crates/kasumi-engine/src/bootstrap_target_quorum.rs:26:48
   9: <kasumi_authority::service::tests::issuer_tests::target_materialization_tests::MaterialFixture>::close_targets::{closure#0}
             at ./src/target_materialization_tests.rs:960:44
  10: kasumi_authority::service::tests::issuer_tests::target_materialization_tests::expired_completion_with_missing_journal_recovers_only_exact_inspection_facts::{closure#0}
             at ./src/target_materialization_tests.rs:1486:39
  11: <core::pin::Pin<&mut dyn core::future::future::Future<Output = ()>> as core::future::future::Future>::poll
             at /rustc/8bab26f4f68e0e26f0bb7960be334d5b520ea452/library/core/src/future/future.rs:133:9
  12: <core::pin::Pin<&mut core::pin::Pin<&mut dyn core::future::future::Future<Output = ()>>> as core::future::future::Future>::poll
             at /rustc/8bab26f4f68e0e26f0bb7960be334d5b520ea452/library/core/src/future/future.rs:133:9
  13: <tokio::runtime::scheduler::current_thread::CoreGuard>::block_on::<core::pin::Pin<&mut core::pin::Pin<&mut dyn core::future::future::Future<Output = ()>>>>::{closure#0}::{closure#0}::{closure#0}
             at /Users/mtakemiya/.cargo/registry/src/index.crates.io-1949cf8c6b5b557f/tokio-1.53.1/src/runtime/scheduler/current_thread/mod.rs:830:70
  14: tokio::task::coop::with_budget::<core::task::poll::Poll<()>, <tokio::runtime::scheduler::current_thread::CoreGuard>::block_on<core::pin::Pin<&mut core::pin::Pin<&mut dyn core::future::future::Future<Output = ()>>>>::{closure#0}::{closure#0}::{closure#0}>
             at /Users/mtakemiya/.cargo/registry/src/index.crates.io-1949cf8c6b5b557f/tokio-1.53.1/src/task/coop/mod.rs:167:5
  15: tokio::task::coop::budget::<core::task::poll::Poll<()>, <tokio::runtime::scheduler::current_thread::CoreGuard>::block_on<core::pin::Pin<&mut core::pin::Pin<&mut dyn core::future::future::Future<Output = ()>>>>::{closure#0}::{closure#0}::{closure#0}>
             at /Users/mtakemiya/.cargo/registry/src/index.crates.io-1949cf8c6b5b557f/tokio-1.53.1/src/task/coop/mod.rs:133:5
  16: <tokio::runtime::scheduler::current_thread::CoreGuard>::block_on::<core::pin::Pin<&mut core::pin::Pin<&mut dyn core::future::future::Future<Output = ()>>>>::{closure#0}::{closure#0}
             at /Users/mtakemiya/.cargo/registry/src/index.crates.io-1949cf8c6b5b557f/tokio-1.53.1/src/runtime/scheduler/current_thread/mod.rs:830:25
  17: <tokio::runtime::scheduler::current_thread::Context>::enter::<core::task::poll::Poll<()>, <tokio::runtime::scheduler::current_thread::CoreGuard>::block_on<core::pin::Pin<&mut core::pin::Pin<&mut dyn core::future::future::Future<Output = ()>>>>::{closure#0}::{closure#0}>
             at /Users/mtakemiya/.cargo/registry/src/index.crates.io-1949cf8c6b5b557f/tokio-1.53.1/src/runtime/scheduler/current_thread/mod.rs:488:19
  18: <tokio::runtime::scheduler::current_thread::CoreGuard>::block_on::<core::pin::Pin<&mut core::pin::Pin<&mut dyn core::future::future::Future<Output = ()>>>>::{closure#0}
             at /Users/mtakemiya/.cargo/registry/src/index.crates.io-1949cf8c6b5b557f/tokio-1.53.1/src/runtime/scheduler/current_thread/mod.rs:829:44
  19: <tokio::runtime::scheduler::current_thread::CoreGuard>::enter::<<tokio::runtime::scheduler::current_thread::CoreGuard>::block_on<core::pin::Pin<&mut core::pin::Pin<&mut dyn core::future::future::Future<Output = ()>>>>::{closure#0}, core::option::Option<()>>::{closure#0}
             at /Users/mtakemiya/.cargo/registry/src/index.crates.io-1949cf8c6b5b557f/tokio-1.53.1/src/runtime/scheduler/current_thread/mod.rs:906:68
  20: <tokio::runtime::context::scoped::Scoped<tokio::runtime::scheduler::Context>>::set::<<tokio::runtime::scheduler::current_thread::CoreGuard>::enter<<tokio::runtime::scheduler::current_thread::CoreGuard>::block_on<core::pin::Pin<&mut core::pin::Pin<&mut dyn core::future::future::Future<Output = ()>>>>::{closure#0}, core::option::Option<()>>::{closure#0}, (alloc::boxed::Box<tokio::runtime::scheduler::current_thread::Core>, core::option::Option<()>)>
             at /Users/mtakemiya/.cargo/registry/src/index.crates.io-1949cf8c6b5b557f/tokio-1.53.1/src/runtime/context/scoped.rs:40:9
  21: tokio::runtime::context::set_scheduler::<(alloc::boxed::Box<tokio::runtime::scheduler::current_thread::Core>, core::option::Option<()>), <tokio::runtime::scheduler::current_thread::CoreGuard>::enter<<tokio::runtime::scheduler::current_thread::CoreGuard>::block_on<core::pin::Pin<&mut core::pin::Pin<&mut dyn core::future::future::Future<Output = ()>>>>::{closure#0}, core::option::Option<()>>::{closure#0}>::{closure#0}
             at /Users/mtakemiya/.cargo/registry/src/index.crates.io-1949cf8c6b5b557f/tokio-1.53.1/src/runtime/context.rs:187:38
  22: <std::thread::local::LocalKey<tokio::runtime::context::Context>>::try_with::<tokio::runtime::context::set_scheduler<(alloc::boxed::Box<tokio::runtime::scheduler::current_thread::Core>, core::option::Option<()>), <tokio::runtime::scheduler::current_thread::CoreGuard>::enter<<tokio::runtime::scheduler::current_thread::CoreGuard>::block_on<core::pin::Pin<&mut core::pin::Pin<&mut dyn core::future::future::Future<Output = ()>>>>::{closure#0}, core::option::Option<()>>::{closure#0}>::{closure#0}, (alloc::boxed::Box<tokio::runtime::scheduler::current_thread::Core>, core::option::Option<()>)>
             at /rustc/8bab26f4f68e0e26f0bb7960be334d5b520ea452/library/std/src/thread/local.rs:462:12
  23: <std::thread::local::LocalKey<tokio::runtime::context::Context>>::with::<tokio::runtime::context::set_scheduler<(alloc::boxed::Box<tokio::runtime::scheduler::current_thread::Core>, core::option::Option<()>), <tokio::runtime::scheduler::current_thread::CoreGuard>::enter<<tokio::runtime::scheduler::current_thread::CoreGuard>::block_on<core::pin::Pin<&mut core::pin::Pin<&mut dyn core::future::future::Future<Output = ()>>>>::{closure#0}, core::option::Option<()>>::{closure#0}>::{closure#0}, (alloc::boxed::Box<tokio::runtime::scheduler::current_thread::Core>, core::option::Option<()>)>
             at /rustc/8bab26f4f68e0e26f0bb7960be334d5b520ea452/library/std/src/thread/local.rs:426:20
  24: tokio::runtime::context::set_scheduler::<(alloc::boxed::Box<tokio::runtime::scheduler::current_thread::Core>, core::option::Option<()>), <tokio::runtime::scheduler::current_thread::CoreGuard>::enter<<tokio::runtime::scheduler::current_thread::CoreGuard>::block_on<core::pin::Pin<&mut core::pin::Pin<&mut dyn core::future::future::Future<Output = ()>>>>::{closure#0}, core::option::Option<()>>::{closure#0}>
             at /Users/mtakemiya/.cargo/registry/src/index.crates.io-1949cf8c6b5b557f/tokio-1.53.1/src/runtime/context.rs:187:17
  25: <tokio::runtime::scheduler::current_thread::CoreGuard>::enter::<<tokio::runtime::scheduler::current_thread::CoreGuard>::block_on<core::pin::Pin<&mut core::pin::Pin<&mut dyn core::future::future::Future<Output = ()>>>>::{closure#0}, core::option::Option<()>>
             at /Users/mtakemiya/.cargo/registry/src/index.crates.io-1949cf8c6b5b557f/tokio-1.53.1/src/runtime/scheduler/current_thread/mod.rs:906:27
  26: <tokio::runtime::scheduler::current_thread::CoreGuard>::block_on::<core::pin::Pin<&mut core::pin::Pin<&mut dyn core::future::future::Future<Output = ()>>>>
             at /Users/mtakemiya/.cargo/registry/src/index.crates.io-1949cf8c6b5b557f/tokio-1.53.1/src/runtime/scheduler/current_thread/mod.rs:817:24
  27: <tokio::runtime::scheduler::current_thread::CurrentThread>::block_on::<core::pin::Pin<&mut dyn core::future::future::Future<Output = ()>>>::{closure#0}
             at /Users/mtakemiya/.cargo/registry/src/index.crates.io-1949cf8c6b5b557f/tokio-1.53.1/src/runtime/scheduler/current_thread/mod.rs:218:33
  28: tokio::runtime::context::runtime::enter_runtime::<<tokio::runtime::scheduler::current_thread::CurrentThread>::block_on<core::pin::Pin<&mut dyn core::future::future::Future<Output = ()>>>::{closure#0}, ()>
             at /Users/mtakemiya/.cargo/registry/src/index.crates.io-1949cf8c6b5b557f/tokio-1.53.1/src/runtime/context/runtime.rs:65:16
  29: <tokio::runtime::scheduler::current_thread::CurrentThread>::block_on::<core::pin::Pin<&mut dyn core::future::future::Future<Output = ()>>>
             at /Users/mtakemiya/.cargo/registry/src/index.crates.io-1949cf8c6b5b557f/tokio-1.53.1/src/runtime/scheduler/current_thread/mod.rs:206:9
  30: <tokio::runtime::runtime::Runtime>::block_on_inner::<core::pin::Pin<&mut dyn core::future::future::Future<Output = ()>>>
             at /Users/mtakemiya/.cargo/registry/src/index.crates.io-1949cf8c6b5b557f/tokio-1.53.1/src/runtime/runtime.rs:374:52
  31: <tokio::runtime::runtime::Runtime>::block_on::<core::pin::Pin<&mut dyn core::future::future::Future<Output = ()>>>
             at /Users/mtakemiya/.cargo/registry/src/index.crates.io-1949cf8c6b5b557f/tokio-1.53.1/src/runtime/runtime.rs:343:18
  32: kasumi_authority::service::tests::issuer_tests::target_materialization_tests::expired_completion_with_missing_journal_recovers_only_exact_inspection_facts
             at ./src/target_materialization_tests.rs:1626:20
  33: kasumi_authority::service::tests::issuer_tests::target_materialization_tests::expired_completion_with_missing_journal_recovers_only_exact_inspection_facts::{closure#0}
             at ./src/target_materialization_tests.rs:1474:88
  34: <kasumi_authority::service::tests::issuer_tests::target_materialization_tests::expired_completion_with_missing_journal_recovers_only_exact_inspection_facts::{closure#0} as core::ops::function::FnOnce<()>>::call_once
             at /rustc/8bab26f4f68e0e26f0bb7960be334d5b520ea452/library/core/src/ops/function.rs:250:5
  35: <fn() -> core::result::Result<(), alloc::string::String> as core::ops::function::FnOnce<()>>::call_once
             at /rustc/8bab26f4f68e0e26f0bb7960be334d5b520ea452/library/core/src/ops/function.rs:250:5
  36: test::__rust_begin_short_backtrace::<core::result::Result<(), alloc::string::String>, fn() -> core::result::Result<(), alloc::string::String>>
             at /rustc/8bab26f4f68e0e26f0bb7960be334d5b520ea452/library/test/src/lib.rs:724:18
  37: test::run_test_in_process::{closure#0}
             at /rustc/8bab26f4f68e0e26f0bb7960be334d5b520ea452/library/test/src/lib.rs:747:74
  38: <core::panic::unwind_safe::AssertUnwindSafe<test::run_test_in_process::{closure#0}> as core::ops::function::FnOnce<()>>::call_once
             at /rustc/8bab26f4f68e0e26f0bb7960be334d5b520ea452/library/core/src/panic/unwind_safe.rs:275:9
  39: std::panicking::catch_unwind::do_call::<core::panic::unwind_safe::AssertUnwindSafe<test::run_test_in_process::{closure#0}>, core::result::Result<(), alloc::string::String>>
             at /rustc/8bab26f4f68e0e26f0bb7960be334d5b520ea452/library/std/src/panicking.rs:581:40
  40: std::panicking::catch_unwind::<core::result::Result<(), alloc::string::String>, core::panic::unwind_safe::AssertUnwindSafe<test::run_test_in_process::{closure#0}>>
             at /rustc/8bab26f4f68e0e26f0bb7960be334d5b520ea452/library/std/src/panicking.rs:544:19
  41: std::panic::catch_unwind::<core::panic::unwind_safe::AssertUnwindSafe<test::run_test_in_process::{closure#0}>, core::result::Result<(), alloc::string::String>>
             at /rustc/8bab26f4f68e0e26f0bb7960be334d5b520ea452/library/std/src/panic.rs:359:14
  42: test::run_test_in_process
             at /rustc/8bab26f4f68e0e26f0bb7960be334d5b520ea452/library/test/src/lib.rs:747:27
  43: test::run_test::{closure#0}
             at /rustc/8bab26f4f68e0e26f0bb7960be334d5b520ea452/library/test/src/lib.rs:668:43
  44: test::run_test::{closure#1}
             at /rustc/8bab26f4f68e0e26f0bb7960be334d5b520ea452/library/test/src/lib.rs:698:41
  45: std::sys::backtrace::__rust_begin_short_backtrace::<test::run_test::{closure#1}, ()>
             at /rustc/8bab26f4f68e0e26f0bb7960be334d5b520ea452/library/std/src/sys/backtrace.rs:166:18
  46: std::thread::lifecycle::spawn_unchecked::<test::run_test::{closure#1}, ()>::{closure#1}::{closure#0}
             at /rustc/8bab26f4f68e0e26f0bb7960be334d5b520ea452/library/std/src/thread/lifecycle.rs:70:13
  47: <core::panic::unwind_safe::AssertUnwindSafe<std::thread::lifecycle::spawn_unchecked<test::run_test::{closure#1}, ()>::{closure#1}::{closure#0}> as core::ops::function::FnOnce<()>>::call_once
             at /rustc/8bab26f4f68e0e26f0bb7960be334d5b520ea452/library/core/src/panic/unwind_safe.rs:275:9
  48: std::panicking::catch_unwind::do_call::<core::panic::unwind_safe::AssertUnwindSafe<std::thread::lifecycle::spawn_unchecked<test::run_test::{closure#1}, ()>::{closure#1}::{closure#0}>, ()>
             at /rustc/8bab26f4f68e0e26f0bb7960be334d5b520ea452/library/std/src/panicking.rs:581:40
  49: std::panicking::catch_unwind::<(), core::panic::unwind_safe::AssertUnwindSafe<std::thread::lifecycle::spawn_unchecked<test::run_test::{closure#1}, ()>::{closure#1}::{closure#0}>>
             at /rustc/8bab26f4f68e0e26f0bb7960be334d5b520ea452/library/std/src/panicking.rs:544:19
  50: std::panic::catch_unwind::<core::panic::unwind_safe::AssertUnwindSafe<std::thread::lifecycle::spawn_unchecked<test::run_test::{closure#1}, ()>::{closure#1}::{closure#0}>, ()>
             at /rustc/8bab26f4f68e0e26f0bb7960be334d5b520ea452/library/std/src/panic.rs:359:14
  51: std::thread::lifecycle::spawn_unchecked::<test::run_test::{closure#1}, ()>::{closure#1}
             at /rustc/8bab26f4f68e0e26f0bb7960be334d5b520ea452/library/std/src/thread/lifecycle.rs:68:26
  52: <std::thread::lifecycle::spawn_unchecked<test::run_test::{closure#1}, ()>::{closure#1} as core::ops::function::FnOnce<()>>::call_once::{shim:vtable#0}
             at /rustc/8bab26f4f68e0e26f0bb7960be334d5b520ea452/library/core/src/ops/function.rs:250:5
  53: <alloc::boxed::Box<dyn core::ops::function::FnOnce<(), Output = ()> + core::marker::Send> as core::ops::function::FnOnce<()>>::call_once
             at /rustc/8bab26f4f68e0e26f0bb7960be334d5b520ea452/library/alloc/src/boxed.rs:2275:9
  54: <std::sys::thread::unix::Thread>::new::thread_start
             at /rustc/8bab26f4f68e0e26f0bb7960be334d5b520ea452/library/std/src/sys/thread/unix.rs:118:17
  55: __pthread_exit }] }
ok
test service::tests::issuer_tests::target_materialization_tests::followup_request_keeps_both_original_credential_fences_and_cannot_reopen_phase ... ok
test service::tests::issuer_tests::target_materialization_tests::fresh_materialization_admission_preserves_expired_origin_and_exact_published_image ... ok
test service::tests::issuer_tests::target_materialization_tests::independent_target_journal_reserves_stop_after_normal_quota_and_recovers_encrypted ... ok
test service::tests::issuer_tests::target_materialization_tests::materialization_rejects_authenticated_backup_purpose_substitution_before_publication ... ok
test service::tests::issuer_tests::target_materialization_tests::target_close_diagnostic_rejects_unrelated_storage_failures ... ok
test service::tests::issuer_tests::target_materialization_tests::target_close_replication_diagnostic_preserves_child_failure_boundaries ... ok
test service::tests::issuer_tests::target_materialization_tests::target_file_creation_outcome_distinguishes_original_creation_from_strict_replay ... ok
test service::tests::issuer_tests::target_materialization_tests::three_actual_materializations_initialize_and_commit_completion_with_restart_proof ... ok
test service::tests::maintenance_byte_budget_expands_after_exhaustion_and_preserves_exact_history ... ok
test service::tests::maintenance_learner_must_fit_current_capacity_after_bootstrap_growth ... AUTHORITY_UNAVAILABLE at /rustc/8bab26f4f68e0e26f0bb7960be334d5b520ea452/library/core/src/ops/function.rs:250:5: authority member cannot fit required operational state
ok
test service::tests::maintenance_prepared_stop_and_dispatched_restart_are_exact ... ok
test service::tests::maintenance_removing_the_leader_resumes_the_same_committed_operation ... AUTHORITY_UNKNOWN at /rustc/8bab26f4f68e0e26f0bb7960be334d5b520ea452/library/core/src/ops/function.rs:250:5: deadline has elapsed
ok
test service::tests::maintenance_replaces_voter_then_permanently_revokes_and_restarts_full_drain ... ok
test service::tests::maintenance_requires_every_installed_peer_before_admission ... AUTHORITY_UNAVAILABLE at /rustc/8bab26f4f68e0e26f0bb7960be334d5b520ea452/library/core/src/ops/function.rs:250:5: test member offline
ok
test service::tests::maintenance_resource_acknowledgement_survives_lost_reply_before_admission ... ok
test service::tests::maintenance_store_cannot_reopen_as_another_member_identity ... ok
test service::tests::permanent_target_stop_defeats_missing_and_prepared_generations_then_reopens_after_full_drain ... AUTHORITY_PROPOSAL_ROUTE: local=1 admitted_term=1 current=RaftMetrics { running_state: Ok(()), id: 1, current_term: 2, vote: Vote { leader_id: LeaderId { term: 2, node_id: 3 }, committed: false }, last_log_index: Some(8), last_applied: Some(LogId { leader_id: LeaderId { term: 1, node_id: 1 }, index: 7 }), snapshot: None, purged: None, state: Follower, current_leader: None, millis_since_quorum_ack: None, membership_config: StoredMembership { log_id: Some(LogId { leader_id: LeaderId { term: 0, node_id: 0 }, index: 0 }), membership: Membership { configs: [{1, 2, 3}], nodes: {1: BasicNode { addr: "https://authority-1.test" }, 2: BasicNode { addr: "https://authority-2.test" }, 3: BasicNode { addr: "https://authority-3.test" }} } }, replication: None }
AUTHORITY_UNKNOWN at crates/kasumi-authority/src/service.rs:446:32: authority proposal leader changed
ok
test service::tests::replicated_signer_head_fences_unchanged_local_keys_and_rejects_snapshot_regression ... AUTHORITY_UNAVAILABLE at crates/kasumi-authority/src/service.rs:477:24: operational signer differs from replicated current generation
AUTHORITY_UNAVAILABLE at crates/kasumi-authority/src/service.rs:477:24: operational signer differs from replicated current generation
AUTHORITY_UNAVAILABLE at crates/kasumi-authority/src/service.rs:477:24: operational signer differs from replicated current generation
AUTHORITY_UNAVAILABLE at crates/kasumi-authority/src/signing_administration.rs:21:24: current authority signing observation changed
AUTHORITY_UNAVAILABLE at crates/kasumi-authority/src/service.rs:477:24: operational signer differs from replicated current generation
AUTHORITY_PROPOSAL_ROUTE: local=1 admitted_term=1 current=RaftMetrics { running_state: Ok(()), id: 1, current_term: 2, vote: Vote { leader_id: LeaderId { term: 2, node_id: 3 }, committed: false }, last_log_index: Some(7), last_applied: Some(LogId { leader_id: LeaderId { term: 1, node_id: 1 }, index: 6 }), snapshot: None, purged: None, state: Follower, current_leader: None, millis_since_quorum_ack: None, membership_config: StoredMembership { log_id: Some(LogId { leader_id: LeaderId { term: 0, node_id: 0 }, index: 0 }), membership: Membership { configs: [{1, 2, 3}], nodes: {1: BasicNode { addr: "https://authority-1.test" }, 2: BasicNode { addr: "https://authority-2.test" }, 3: BasicNode { addr: "https://authority-3.test" }} } }, replication: None }
AUTHORITY_UNKNOWN at crates/kasumi-authority/src/service.rs:446:32: authority proposal leader changed
ok
test service::tests::request_drain_tests::acknowledgement_timeout_keeps_original_command_owner_and_actual_completion ... AUTHORITY_UNKNOWN at /rustc/8bab26f4f68e0e26f0bb7960be334d5b520ea452/library/core/src/ops/function.rs:250:5: deadline has elapsed
AUTHORITY_UNKNOWN at /rustc/8bab26f4f68e0e26f0bb7960be334d5b520ea452/library/core/src/ops/function.rs:250:5: Conflict: authority policy changed before acknowledgement
ok
test service::tests::request_drain_tests::actual_child_panic_fences_admission_and_cancelled_drain_keeps_original_join_error ... 
thread 'service::tests::request_drain_tests::actual_child_panic_fences_admission_and_cancelled_drain_keeps_original_join_error' (4527441) panicked at crates/kasumi-authority/src/request_drain_tests.rs:152:13:
original accepted authority child panic
stack backtrace:
   0: __rustc::rust_begin_unwind
             at /rustc/8bab26f4f68e0e26f0bb7960be334d5b520ea452/library/std/src/panicking.rs:689:5
   1: core::panicking::panic_fmt
             at /rustc/8bab26f4f68e0e26f0bb7960be334d5b520ea452/library/core/src/panicking.rs:80:14
   2: kasumi_authority::service::tests::request_drain_tests::actual_child_panic_fences_admission_and_cancelled_drain_keeps_original_join_error::{closure#0}::{closure#1}
             at ./src/request_drain_tests.rs:152:13
   3: <kasumi_authority::service::request_jobs::RequestJobs>::submit::<(), kasumi_authority::service::tests::request_drain_tests::actual_child_panic_fences_admission_and_cancelled_drain_keeps_original_join_error::{closure#0}::{closure#1}>::{closure#2}
             at ./src/request_jobs.rs:143:39
   4: <tokio::runtime::task::core::Core<<kasumi_authority::service::request_jobs::RequestJobs>::submit<(), kasumi_authority::service::tests::request_drain_tests::actual_child_panic_fences_admission_and_cancelled_drain_keeps_original_join_error::{closure#0}::{closure#1}>::{closure#2}, alloc::sync::Arc<tokio::runtime::scheduler::current_thread::Handle>>>::poll::{closure#0}
             at /Users/mtakemiya/.cargo/registry/src/index.crates.io-1949cf8c6b5b557f/tokio-1.53.1/src/runtime/task/core.rs:380:24
   5: <tokio::loom::std::unsafe_cell::UnsafeCell<tokio::runtime::task::core::Stage<<kasumi_authority::service::request_jobs::RequestJobs>::submit<(), kasumi_authority::service::tests::request_drain_tests::actual_child_panic_fences_admission_and_cancelled_drain_keeps_original_join_error::{closure#0}::{closure#1}>::{closure#2}>>>::with_mut::<core::task::poll::Poll<()>, <tokio::runtime::task::core::Core<<kasumi_authority::service::request_jobs::RequestJobs>::submit<(), kasumi_authority::service::tests::request_drain_tests::actual_child_panic_fences_admission_and_cancelled_drain_keeps_original_join_error::{closure#0}::{closure#1}>::{closure#2}, alloc::sync::Arc<tokio::runtime::scheduler::current_thread::Handle>>>::poll::{closure#0}>
             at /Users/mtakemiya/.cargo/registry/src/index.crates.io-1949cf8c6b5b557f/tokio-1.53.1/src/loom/std/unsafe_cell.rs:16:9
   6: <tokio::runtime::task::core::Core<<kasumi_authority::service::request_jobs::RequestJobs>::submit<(), kasumi_authority::service::tests::request_drain_tests::actual_child_panic_fences_admission_and_cancelled_drain_keeps_original_join_error::{closure#0}::{closure#1}>::{closure#2}, alloc::sync::Arc<tokio::runtime::scheduler::current_thread::Handle>>>::poll
             at /Users/mtakemiya/.cargo/registry/src/index.crates.io-1949cf8c6b5b557f/tokio-1.53.1/src/runtime/task/core.rs:369:30
   7: tokio::runtime::task::harness::poll_future::<<kasumi_authority::service::request_jobs::RequestJobs>::submit<(), kasumi_authority::service::tests::request_drain_tests::actual_child_panic_fences_admission_and_cancelled_drain_keeps_original_join_error::{closure#0}::{closure#1}>::{closure#2}, alloc::sync::Arc<tokio::runtime::scheduler::current_thread::Handle>>::{closure#0}
             at /Users/mtakemiya/.cargo/registry/src/index.crates.io-1949cf8c6b5b557f/tokio-1.53.1/src/runtime/task/harness.rs:535:30
   8: <core::panic::unwind_safe::AssertUnwindSafe<tokio::runtime::task::harness::poll_future<<kasumi_authority::service::request_jobs::RequestJobs>::submit<(), kasumi_authority::service::tests::request_drain_tests::actual_child_panic_fences_admission_and_cancelled_drain_keeps_original_join_error::{closure#0}::{closure#1}>::{closure#2}, alloc::sync::Arc<tokio::runtime::scheduler::current_thread::Handle>>::{closure#0}> as core::ops::function::FnOnce<()>>::call_once
             at /rustc/8bab26f4f68e0e26f0bb7960be334d5b520ea452/library/core/src/panic/unwind_safe.rs:275:9
   9: std::panicking::catch_unwind::do_call::<core::panic::unwind_safe::AssertUnwindSafe<tokio::runtime::task::harness::poll_future<<kasumi_authority::service::request_jobs::RequestJobs>::submit<(), kasumi_authority::service::tests::request_drain_tests::actual_child_panic_fences_admission_and_cancelled_drain_keeps_original_join_error::{closure#0}::{closure#1}>::{closure#2}, alloc::sync::Arc<tokio::runtime::scheduler::current_thread::Handle>>::{closure#0}>, core::task::poll::Poll<()>>
             at /rustc/8bab26f4f68e0e26f0bb7960be334d5b520ea452/library/std/src/panicking.rs:581:40
  10: ___rust_try
  11: std::panicking::catch_unwind::<core::task::poll::Poll<()>, core::panic::unwind_safe::AssertUnwindSafe<tokio::runtime::task::harness::poll_future<<kasumi_authority::service::request_jobs::RequestJobs>::submit<(), kasumi_authority::service::tests::request_drain_tests::actual_child_panic_fences_admission_and_cancelled_drain_keeps_original_join_error::{closure#0}::{closure#1}>::{closure#2}, alloc::sync::Arc<tokio::runtime::scheduler::current_thread::Handle>>::{closure#0}>>
             at /rustc/8bab26f4f68e0e26f0bb7960be334d5b520ea452/library/std/src/panicking.rs:544:19
  12: std::panic::catch_unwind::<core::panic::unwind_safe::AssertUnwindSafe<tokio::runtime::task::harness::poll_future<<kasumi_authority::service::request_jobs::RequestJobs>::submit<(), kasumi_authority::service::tests::request_drain_tests::actual_child_panic_fences_admission_and_cancelled_drain_keeps_original_join_error::{closure#0}::{closure#1}>::{closure#2}, alloc::sync::Arc<tokio::runtime::scheduler::current_thread::Handle>>::{closure#0}>, core::task::poll::Poll<()>>
             at /rustc/8bab26f4f68e0e26f0bb7960be334d5b520ea452/library/std/src/panic.rs:359:14
  13: tokio::runtime::task::harness::poll_future::<<kasumi_authority::service::request_jobs::RequestJobs>::submit<(), kasumi_authority::service::tests::request_drain_tests::actual_child_panic_fences_admission_and_cancelled_drain_keeps_original_join_error::{closure#0}::{closure#1}>::{closure#2}, alloc::sync::Arc<tokio::runtime::scheduler::current_thread::Handle>>
             at /Users/mtakemiya/.cargo/registry/src/index.crates.io-1949cf8c6b5b557f/tokio-1.53.1/src/runtime/task/harness.rs:523:18
  14: <tokio::runtime::task::harness::Harness<<kasumi_authority::service::request_jobs::RequestJobs>::submit<(), kasumi_authority::service::tests::request_drain_tests::actual_child_panic_fences_admission_and_cancelled_drain_keeps_original_join_error::{closure#0}::{closure#1}>::{closure#2}, alloc::sync::Arc<tokio::runtime::scheduler::current_thread::Handle>>>::poll_inner
             at /Users/mtakemiya/.cargo/registry/src/index.crates.io-1949cf8c6b5b557f/tokio-1.53.1/src/runtime/task/harness.rs:210:27
  15: <tokio::runtime::task::harness::Harness<<kasumi_authority::service::request_jobs::RequestJobs>::submit<(), kasumi_authority::service::tests::request_drain_tests::actual_child_panic_fences_admission_and_cancelled_drain_keeps_original_join_error::{closure#0}::{closure#1}>::{closure#2}, alloc::sync::Arc<tokio::runtime::scheduler::current_thread::Handle>>>::poll
             at /Users/mtakemiya/.cargo/registry/src/index.crates.io-1949cf8c6b5b557f/tokio-1.53.1/src/runtime/task/harness.rs:155:20
  16: tokio::runtime::task::raw::poll::<<kasumi_authority::service::request_jobs::RequestJobs>::submit<(), kasumi_authority::service::tests::request_drain_tests::actual_child_panic_fences_admission_and_cancelled_drain_keeps_original_join_error::{closure#0}::{closure#1}>::{closure#2}, alloc::sync::Arc<tokio::runtime::scheduler::current_thread::Handle>>
             at /Users/mtakemiya/.cargo/registry/src/index.crates.io-1949cf8c6b5b557f/tokio-1.53.1/src/runtime/task/raw.rs:343:13
  17: <tokio::runtime::task::raw::RawTask>::poll
             at /Users/mtakemiya/.cargo/registry/src/index.crates.io-1949cf8c6b5b557f/tokio-1.53.1/src/runtime/task/raw.rs:273:18
  18: <tokio::runtime::task::LocalNotified<alloc::sync::Arc<tokio::runtime::scheduler::current_thread::Handle>>>::run
             at /Users/mtakemiya/.cargo/registry/src/index.crates.io-1949cf8c6b5b557f/tokio-1.53.1/src/runtime/task/mod.rs:519:13
  19: <tokio::runtime::scheduler::current_thread::Context>::run_task::{closure#0}::{closure#0}
             at /Users/mtakemiya/.cargo/registry/src/index.crates.io-1949cf8c6b5b557f/tokio-1.53.1/src/runtime/scheduler/current_thread/mod.rs:398:22
  20: tokio::task::coop::with_budget::<(), <tokio::runtime::scheduler::current_thread::Context>::run_task::{closure#0}::{closure#0}>
             at /Users/mtakemiya/.cargo/registry/src/index.crates.io-1949cf8c6b5b557f/tokio-1.53.1/src/task/coop/mod.rs:167:5
  21: tokio::task::coop::budget::<(), <tokio::runtime::scheduler::current_thread::Context>::run_task::{closure#0}::{closure#0}>
             at /Users/mtakemiya/.cargo/registry/src/index.crates.io-1949cf8c6b5b557f/tokio-1.53.1/src/task/coop/mod.rs:133:5
  22: <tokio::runtime::scheduler::current_thread::Context>::run_task::{closure#0}
             at /Users/mtakemiya/.cargo/registry/src/index.crates.io-1949cf8c6b5b557f/tokio-1.53.1/src/runtime/scheduler/current_thread/mod.rs:394:13
  23: <tokio::runtime::scheduler::current_thread::Context>::enter::<(), <tokio::runtime::scheduler::current_thread::Context>::run_task::{closure#0}>
             at /Users/mtakemiya/.cargo/registry/src/index.crates.io-1949cf8c6b5b557f/tokio-1.53.1/src/runtime/scheduler/current_thread/mod.rs:488:19
  24: <tokio::runtime::scheduler::current_thread::Context>::run_task
             at /Users/mtakemiya/.cargo/registry/src/index.crates.io-1949cf8c6b5b557f/tokio-1.53.1/src/runtime/scheduler/current_thread/mod.rs:393:32
  25: <tokio::runtime::scheduler::current_thread::CoreGuard>::block_on::<core::pin::Pin<&mut core::pin::Pin<&mut dyn core::future::future::Future<Output = ()>>>>::{closure#0}
             at /Users/mtakemiya/.cargo/registry/src/index.crates.io-1949cf8c6b5b557f/tokio-1.53.1/src/runtime/scheduler/current_thread/mod.rs:870:37
  26: <tokio::runtime::scheduler::current_thread::CoreGuard>::enter::<<tokio::runtime::scheduler::current_thread::CoreGuard>::block_on<core::pin::Pin<&mut core::pin::Pin<&mut dyn core::future::future::Future<Output = ()>>>>::{closure#0}, core::option::Option<()>>::{closure#0}
             at /Users/mtakemiya/.cargo/registry/src/index.crates.io-1949cf8c6b5b557f/tokio-1.53.1/src/runtime/scheduler/current_thread/mod.rs:906:68
  27: <tokio::runtime::context::scoped::Scoped<tokio::runtime::scheduler::Context>>::set::<<tokio::runtime::scheduler::current_thread::CoreGuard>::enter<<tokio::runtime::scheduler::current_thread::CoreGuard>::block_on<core::pin::Pin<&mut core::pin::Pin<&mut dyn core::future::future::Future<Output = ()>>>>::{closure#0}, core::option::Option<()>>::{closure#0}, (alloc::boxed::Box<tokio::runtime::scheduler::current_thread::Core>, core::option::Option<()>)>
             at /Users/mtakemiya/.cargo/registry/src/index.crates.io-1949cf8c6b5b557f/tokio-1.53.1/src/runtime/context/scoped.rs:40:9
  28: tokio::runtime::context::set_scheduler::<(alloc::boxed::Box<tokio::runtime::scheduler::current_thread::Core>, core::option::Option<()>), <tokio::runtime::scheduler::current_thread::CoreGuard>::enter<<tokio::runtime::scheduler::current_thread::CoreGuard>::block_on<core::pin::Pin<&mut core::pin::Pin<&mut dyn core::future::future::Future<Output = ()>>>>::{closure#0}, core::option::Option<()>>::{closure#0}>::{closure#0}
             at /Users/mtakemiya/.cargo/registry/src/index.crates.io-1949cf8c6b5b557f/tokio-1.53.1/src/runtime/context.rs:187:38
  29: <std::thread::local::LocalKey<tokio::runtime::context::Context>>::try_with::<tokio::runtime::context::set_scheduler<(alloc::boxed::Box<tokio::runtime::scheduler::current_thread::Core>, core::option::Option<()>), <tokio::runtime::scheduler::current_thread::CoreGuard>::enter<<tokio::runtime::scheduler::current_thread::CoreGuard>::block_on<core::pin::Pin<&mut core::pin::Pin<&mut dyn core::future::future::Future<Output = ()>>>>::{closure#0}, core::option::Option<()>>::{closure#0}>::{closure#0}, (alloc::boxed::Box<tokio::runtime::scheduler::current_thread::Core>, core::option::Option<()>)>
             at /rustc/8bab26f4f68e0e26f0bb7960be334d5b520ea452/library/std/src/thread/local.rs:462:12
  30: <std::thread::local::LocalKey<tokio::runtime::context::Context>>::with::<tokio::runtime::context::set_scheduler<(alloc::boxed::Box<tokio::runtime::scheduler::current_thread::Core>, core::option::Option<()>), <tokio::runtime::scheduler::current_thread::CoreGuard>::enter<<tokio::runtime::scheduler::current_thread::CoreGuard>::block_on<core::pin::Pin<&mut core::pin::Pin<&mut dyn core::future::future::Future<Output = ()>>>>::{closure#0}, core::option::Option<()>>::{closure#0}>::{closure#0}, (alloc::boxed::Box<tokio::runtime::scheduler::current_thread::Core>, core::option::Option<()>)>
             at /rustc/8bab26f4f68e0e26f0bb7960be334d5b520ea452/library/std/src/thread/local.rs:426:20
  31: tokio::runtime::context::set_scheduler::<(alloc::boxed::Box<tokio::runtime::scheduler::current_thread::Core>, core::option::Option<()>), <tokio::runtime::scheduler::current_thread::CoreGuard>::enter<<tokio::runtime::scheduler::current_thread::CoreGuard>::block_on<core::pin::Pin<&mut core::pin::Pin<&mut dyn core::future::future::Future<Output = ()>>>>::{closure#0}, core::option::Option<()>>::{closure#0}>
             at /Users/mtakemiya/.cargo/registry/src/index.crates.io-1949cf8c6b5b557f/tokio-1.53.1/src/runtime/context.rs:187:17
  32: <tokio::runtime::scheduler::current_thread::CoreGuard>::enter::<<tokio::runtime::scheduler::current_thread::CoreGuard>::block_on<core::pin::Pin<&mut core::pin::Pin<&mut dyn core::future::future::Future<Output = ()>>>>::{closure#0}, core::option::Option<()>>
             at /Users/mtakemiya/.cargo/registry/src/index.crates.io-1949cf8c6b5b557f/tokio-1.53.1/src/runtime/scheduler/current_thread/mod.rs:906:27
  33: <tokio::runtime::scheduler::current_thread::CoreGuard>::block_on::<core::pin::Pin<&mut core::pin::Pin<&mut dyn core::future::future::Future<Output = ()>>>>
             at /Users/mtakemiya/.cargo/registry/src/index.crates.io-1949cf8c6b5b557f/tokio-1.53.1/src/runtime/scheduler/current_thread/mod.rs:817:24
  34: <tokio::runtime::scheduler::current_thread::CurrentThread>::block_on::<core::pin::Pin<&mut dyn core::future::future::Future<Output = ()>>>::{closure#0}
             at /Users/mtakemiya/.cargo/registry/src/index.crates.io-1949cf8c6b5b557f/tokio-1.53.1/src/runtime/scheduler/current_thread/mod.rs:218:33
  35: tokio::runtime::context::runtime::enter_runtime::<<tokio::runtime::scheduler::current_thread::CurrentThread>::block_on<core::pin::Pin<&mut dyn core::future::future::Future<Output = ()>>>::{closure#0}, ()>
             at /Users/mtakemiya/.cargo/registry/src/index.crates.io-1949cf8c6b5b557f/tokio-1.53.1/src/runtime/context/runtime.rs:65:16
  36: <tokio::runtime::scheduler::current_thread::CurrentThread>::block_on::<core::pin::Pin<&mut dyn core::future::future::Future<Output = ()>>>
             at /Users/mtakemiya/.cargo/registry/src/index.crates.io-1949cf8c6b5b557f/tokio-1.53.1/src/runtime/scheduler/current_thread/mod.rs:206:9
  37: <tokio::runtime::runtime::Runtime>::block_on_inner::<core::pin::Pin<&mut dyn core::future::future::Future<Output = ()>>>
             at /Users/mtakemiya/.cargo/registry/src/index.crates.io-1949cf8c6b5b557f/tokio-1.53.1/src/runtime/runtime.rs:374:52
  38: <tokio::runtime::runtime::Runtime>::block_on::<core::pin::Pin<&mut dyn core::future::future::Future<Output = ()>>>
             at /Users/mtakemiya/.cargo/registry/src/index.crates.io-1949cf8c6b5b557f/tokio-1.53.1/src/runtime/runtime.rs:343:18
  39: kasumi_authority::service::tests::request_drain_tests::actual_child_panic_fences_admission_and_cancelled_drain_keeps_original_join_error
             at ./src/request_drain_tests.rs:201:34
  40: kasumi_authority::service::tests::request_drain_tests::actual_child_panic_fences_admission_and_cancelled_drain_keeps_original_join_error::{closure#0}
             at ./src/request_drain_tests.rs:132:93
  41: <kasumi_authority::service::tests::request_drain_tests::actual_child_panic_fences_admission_and_cancelled_drain_keeps_original_join_error::{closure#0} as core::ops::function::FnOnce<()>>::call_once
             at /rustc/8bab26f4f68e0e26f0bb7960be334d5b520ea452/library/core/src/ops/function.rs:250:5
  42: <fn() -> core::result::Result<(), alloc::string::String> as core::ops::function::FnOnce<()>>::call_once
             at /rustc/8bab26f4f68e0e26f0bb7960be334d5b520ea452/library/core/src/ops/function.rs:250:5
note: Some details are omitted, run with `RUST_BACKTRACE=full` for a verbose backtrace.
ok
test service::tests::request_drain_tests::authority_shutdown_retains_admitted_jobs_and_returned_fences_after_waiter_cancellation ... AUTHORITY_UNAVAILABLE at crates/kasumi-authority/src/service.rs:373:24: independent authority is shutting down
AUTHORITY_UNAVAILABLE at crates/kasumi-authority/src/service.rs:373:24: independent authority is shutting down
AUTHORITY_UNAVAILABLE at crates/kasumi-authority/src/service.rs:373:24: independent authority is shutting down
AUTHORITY_UNAVAILABLE at crates/kasumi-authority/src/service.rs:373:24: independent authority is shutting down
AUTHORITY_UNAVAILABLE at crates/kasumi-authority/src/service.rs:373:24: independent authority is shutting down
AUTHORITY_UNAVAILABLE at crates/kasumi-authority/src/service.rs:373:24: independent authority is shutting down
ok
test service::tests::request_drain_tests::cancelled_public_command_waiter_keeps_actual_child_until_its_receipt_commits ... AUTHORITY_UNKNOWN at /rustc/8bab26f4f68e0e26f0bb7960be334d5b520ea452/library/core/src/ops/function.rs:250:5: Conflict: authority policy changed before acknowledgement
ok
test service::tests::request_drain_tests::ordinary_command_rejection_is_preserved_without_fencing_or_failed_drain ... ok
test service::tests::request_drain_tests::original_signer_authorization_is_reused_when_all_native_slots_are_occupied ... ok
test service::tests::request_drain_tests::request_child_inventory_is_bounded_and_capacity_denial_does_not_fence_owner ... ok
test service::tests::request_drain_tests::request_registry_metadata_charge_outlives_cancelled_waiters_and_dropped_facade ... ok
test service::tests::signer_directive_is_ordered_exact_finite_and_preserved_in_encrypted_snapshots ... AUTHORITY_UNAVAILABLE at crates/kasumi-authority/src/service.rs:373:24: independent authority is shutting down
AUTHORITY_UNAVAILABLE at /rustc/8bab26f4f68e0e26f0bb7960be334d5b520ea452/library/core/src/ops/function.rs:250:5: has to forward request to: None, None
ok
test service::tests::signer_replacement_requires_current_authorization_and_exact_live_owner ... AUTHORITY_UNAVAILABLE at /rustc/8bab26f4f68e0e26f0bb7960be334d5b520ea452/library/core/src/ops/function.rs:250:5: elapsed deadline expired or clock regressed
AUTHORITY_UNAVAILABLE at /rustc/8bab26f4f68e0e26f0bb7960be334d5b520ea452/library/core/src/ops/function.rs:250:5: elapsed deadline expired or clock regressed
ok
test service::tests::target_stop_and_activation_ordering_preserves_committed_winner_and_current_admin_release ... AUTHORITY_UNKNOWN at /rustc/8bab26f4f68e0e26f0bb7960be334d5b520ea452/library/core/src/ops/function.rs:250:5: Forbidden: current independent authority Admin required
ok
test service::tests::target_stop_history_exceeds_former_record_ceiling_and_current_fences_are_explicit ... AUTHORITY_UNAVAILABLE at /rustc/8bab26f4f68e0e26f0bb7960be334d5b520ea452/library/core/src/ops/function.rs:250:5: read quorum deadline exceeded
AUTHORITY_UNAVAILABLE at /rustc/8bab26f4f68e0e26f0bb7960be334d5b520ea452/library/core/src/ops/function.rs:250:5: read quorum deadline exceeded
ok
test service::tests::target_stop_queued_past_original_credential_expiry_accepts_no_tombstone ... ok
test state::activation::tests::activation_cannot_substitute_a_physical_verifier_behind_the_same_node_and_certificate ... ok

failures:

failures:
    service::tests::issuer_tests::target_materialization_tests::activated_target_keeps_operational_suspension_and_membership_across_restart

test result: FAILED. 62 passed; 1 failed; 0 ignored; 0 measured; 0 filtered out; finished in 768.69s

error: test failed, to rerun pass `-p kasumi-authority --lib`
