docs/evidence/first-release-6d969f3-interrupted-20260920/rmcp-terminal-ownership.log:235: new blank line at EOF.
docs/evidence/first-release-6d969f3-interrupted-20260920/rmcp-upstream-protocol.log:328: new blank line at EOF.
docs/evidence/installed-disk-main-20260920/06-store-tests.log:184: new blank line at EOF.
docs/evidence/installed-disk-main-20260920/12-store-tests.log:191: new blank line at EOF.
docs/evidence/installed-disk-main-20260920/20-raft-shutdown.log:9: new blank line at EOF.
docs/evidence/installed-disk-main-20260920/21-snapshot-inventory.log:38: new blank line at EOF.
docs/evidence/installed-disk-main-20260920/22-backup-work.log:10: new blank line at EOF.
docs/evidence/installed-disk-main-20260920/23-readiness.log:117: new blank line at EOF.
docs/evidence/installed-disk-main-20260920/24-standalone-storage.log:44: new blank line at EOF.
docs/evidence/installed-disk-main-20260920/25-observability-tls.log:43: new blank line at EOF.
docs/evidence/installed-disk-main-20260920/26-raft-buffer-isolated.log:8: new blank line at EOF.
docs/evidence/installed-disk-main-20260920/29-raft-custody-presized.log:7: trailing whitespace.
+test custody_capacity_tests::permanent_custody_exceeds_former_count_and_snapshot_ceilings_and_reopens ... 
docs/evidence/installed-disk-main-20260920/30-store-lib-presized.log:193: new blank line at EOF.
docs/evidence/installed-disk-main-20260920/35-raft-snapshot-buffer.log:16: new blank line at EOF.
docs/evidence/installed-disk-main-20260920/37-workspace-clippy.log:224: trailing whitespace.
+1807 ~         
docs/evidence/installed-disk-main-20260920/40-tls-lifecycle.log:50: new blank line at EOF.
docs/evidence/installed-disk-main-20260920/45-raft-integration.log:44: new blank line at EOF.
docs/evidence/openraft-canonical-20260920/24-frozen-replication-unit-tests/output.log:214: new blank line at EOF.
docs/evidence/openraft-canonical-20260920/24-frozen-replication-unit-tests/source.patch:218: trailing whitespace.
+ 
docs/evidence/openraft-canonical-20260920/24-frozen-replication-unit-tests/source.patch:220: trailing whitespace.
+ 
docs/evidence/openraft-canonical-20260920/24-frozen-replication-unit-tests/source.patch:225: trailing whitespace.
+ 
docs/evidence/openraft-canonical-20260920/24-frozen-replication-unit-tests/source.patch:226: trailing whitespace.
+ 
docs/evidence/openraft-canonical-20260920/24-frozen-replication-unit-tests/source.patch:228: trailing whitespace.
+ 
docs/evidence/openraft-canonical-20260920/24-frozen-replication-unit-tests/source.patch:230: trailing whitespace.
+ 
docs/evidence/openraft-canonical-20260920/24-frozen-replication-unit-tests/source.patch:245: trailing whitespace.
+ 
docs/evidence/openraft-canonical-20260920/24-frozen-replication-unit-tests/source.patch:255: trailing whitespace.
+ 
docs/evidence/openraft-canonical-20260920/24-frozen-replication-unit-tests/source.patch:268: trailing whitespace.
+ 
docs/evidence/openraft-canonical-20260920/24-frozen-replication-unit-tests/source.patch:283: trailing whitespace.
+ 
docs/evidence/openraft-canonical-20260920/24-frozen-replication-unit-tests/source.patch:315: trailing whitespace.
+ 
docs/evidence/openraft-canonical-20260920/24-frozen-replication-unit-tests/source.patch:321: trailing whitespace.
+ 
docs/evidence/openraft-canonical-20260920/24-frozen-replication-unit-tests/source.patch:327: trailing whitespace.
+ 
docs/evidence/openraft-canonical-20260920/24-frozen-replication-unit-tests/source.patch:336: trailing whitespace.
+ 
docs/evidence/openraft-canonical-20260920/24-frozen-replication-unit-tests/source.patch:338: trailing whitespace.
+ 
docs/evidence/openraft-canonical-20260920/24-frozen-replication-unit-tests/source.patch:342: trailing whitespace.
+ 
docs/evidence/openraft-canonical-20260920/24-frozen-replication-unit-tests/source.patch:362: trailing whitespace.
+ 
docs/evidence/openraft-canonical-20260920/24-frozen-replication-unit-tests/source.patch:369: trailing whitespace.
+ 
docs/evidence/openraft-canonical-20260920/24-frozen-replication-unit-tests/source.patch:380: trailing whitespace.
+ 
docs/evidence/openraft-canonical-20260920/24-frozen-replication-unit-tests/source.patch:388: trailing whitespace.
+ 
docs/evidence/openraft-canonical-20260920/24-frozen-replication-unit-tests/source.patch:392: trailing whitespace.
+ 
docs/evidence/openraft-canonical-20260920/24-frozen-replication-unit-tests/source.patch:401: trailing whitespace.
+ 
docs/evidence/openraft-canonical-20260920/24-frozen-replication-unit-tests/source.patch:422: trailing whitespace.
+ 
docs/evidence/openraft-canonical-20260920/24-frozen-replication-unit-tests/source.patch:453: trailing whitespace.
+ 
docs/evidence/openraft-canonical-20260920/24-frozen-replication-unit-tests/source.patch:458: trailing whitespace.
+ 
docs/evidence/openraft-canonical-20260920/24-frozen-replication-unit-tests/source.patch:463: trailing whitespace.
+ 
docs/evidence/openraft-canonical-20260920/24-frozen-replication-unit-tests/source.patch:467: trailing whitespace.
+ 
docs/evidence/openraft-canonical-20260920/24-frozen-replication-unit-tests/source.patch:472: trailing whitespace.
+ 
docs/evidence/openraft-canonical-20260920/24-frozen-replication-unit-tests/source.patch:524: trailing whitespace.
+ 
docs/evidence/openraft-canonical-20260920/24-frozen-replication-unit-tests/source.patch:540: trailing whitespace.
+ 
docs/evidence/openraft-canonical-20260920/24-frozen-replication-unit-tests/source.patch:552: trailing whitespace.
+ 
docs/evidence/openraft-canonical-20260920/24-frozen-replication-unit-tests/source.patch:613: trailing whitespace.
+ 
docs/evidence/openraft-canonical-20260920/24-frozen-replication-unit-tests/source.patch:618: trailing whitespace.
+ 
docs/evidence/openraft-canonical-20260920/24-frozen-replication-unit-tests/source.patch:629: trailing whitespace.
+ 
docs/evidence/openraft-canonical-20260920/24-frozen-replication-unit-tests/source.patch:634: trailing whitespace.
+ 
docs/evidence/openraft-canonical-20260920/24-frozen-replication-unit-tests/source.patch:656: trailing whitespace.
+ 
docs/evidence/openraft-canonical-20260920/24-frozen-replication-unit-tests/source.patch:766: trailing whitespace.
+ 
docs/evidence/openraft-canonical-20260920/24-frozen-replication-unit-tests/source.patch:780: trailing whitespace.
+ 
docs/evidence/openraft-canonical-20260920/24-frozen-replication-unit-tests/source.patch:784: trailing whitespace.
+ 
docs/evidence/openraft-canonical-20260920/24-frozen-replication-unit-tests/source.patch:812: trailing whitespace.
+ 
docs/evidence/openraft-canonical-20260920/24-frozen-replication-unit-tests/source.patch:831: trailing whitespace.
+ 
docs/evidence/openraft-canonical-20260920/24-frozen-replication-unit-tests/source.patch:859: trailing whitespace.
+ 
docs/evidence/openraft-canonical-20260920/24-frozen-replication-unit-tests/source.patch:906: trailing whitespace.
+ 
docs/evidence/openraft-canonical-20260920/24-frozen-replication-unit-tests/source.patch:920: trailing whitespace.
+ 
docs/evidence/openraft-canonical-20260920/24-frozen-replication-unit-tests/source.patch:938: trailing whitespace.
+ 
docs/evidence/openraft-canonical-20260920/24-frozen-replication-unit-tests/source.patch:951: trailing whitespace.
+ 
docs/evidence/openraft-canonical-20260920/24-frozen-replication-unit-tests/source.patch:960: trailing whitespace.
+ 
docs/evidence/openraft-canonical-20260920/24-frozen-replication-unit-tests/source.patch:978: trailing whitespace.
+ 
docs/evidence/openraft-canonical-20260920/24-frozen-replication-unit-tests/source.patch:1002: trailing whitespace.
+ 
docs/evidence/openraft-canonical-20260920/24-frozen-replication-unit-tests/source.patch:1022: trailing whitespace.
+ 
docs/evidence/openraft-canonical-20260920/24-frozen-replication-unit-tests/source.patch:1032: trailing whitespace.
+ 
docs/evidence/openraft-canonical-20260920/24-frozen-replication-unit-tests/source.patch:1036: trailing whitespace.
+ 
docs/evidence/openraft-canonical-20260920/24-frozen-replication-unit-tests/source.patch:1044: trailing whitespace.
+ 
docs/evidence/openraft-canonical-20260920/24-frozen-replication-unit-tests/source.patch:1049: trailing whitespace.
+ 
docs/evidence/openraft-canonical-20260920/24-frozen-replication-unit-tests/source.patch:1052: trailing whitespace.
+ 
docs/evidence/openraft-canonical-20260920/24-frozen-replication-unit-tests/source.patch:1139: trailing whitespace.
+ 
docs/evidence/openraft-canonical-20260920/24-frozen-replication-unit-tests/source.patch:1170: trailing whitespace.
+ 
docs/evidence/openraft-canonical-20260920/24-frozen-replication-unit-tests/source.patch:1181: trailing whitespace.
+ 
docs/evidence/openraft-canonical-20260920/24-frozen-replication-unit-tests/source.patch:1186: trailing whitespace.
+ 
docs/evidence/openraft-canonical-20260920/24-frozen-replication-unit-tests/source.patch:1199: trailing whitespace.
+ 
docs/evidence/openraft-canonical-20260920/24-frozen-replication-unit-tests/source.patch:1364: trailing whitespace.
+ 
docs/evidence/openraft-canonical-20260920/24-frozen-replication-unit-tests/source.patch:1375: trailing whitespace.
+ 
docs/evidence/openraft-canonical-20260920/24-frozen-replication-unit-tests/source.patch:1377: trailing whitespace.
+ 
docs/evidence/openraft-canonical-20260920/24-frozen-replication-unit-tests/source.patch:1384: trailing whitespace.
+ 
docs/evidence/openraft-canonical-20260920/24-frozen-replication-unit-tests/source.patch:1485: trailing whitespace.
+ 
docs/evidence/openraft-canonical-20260920/24-frozen-replication-unit-tests/source.patch:1517: trailing whitespace.
+ 
docs/evidence/openraft-canonical-20260920/24-frozen-replication-unit-tests/source.patch:1547: trailing whitespace.
+ 
docs/evidence/openraft-canonical-20260920/24-frozen-replication-unit-tests/source.patch:1550: trailing whitespace.
+ 
docs/evidence/openraft-canonical-20260920/24-frozen-replication-unit-tests/source.patch:1553: trailing whitespace.
+ 
docs/evidence/openraft-canonical-20260920/24-frozen-replication-unit-tests/source.patch:1558: trailing whitespace.
+ 
docs/evidence/openraft-canonical-20260920/24-frozen-replication-unit-tests/source.patch:1564: trailing whitespace.
+ 
docs/evidence/openraft-canonical-20260920/24-frozen-replication-unit-tests/source.patch:1580: trailing whitespace.
+ 
docs/evidence/openraft-canonical-20260920/24-frozen-replication-unit-tests/source.patch:1599: trailing whitespace.
+ 
docs/evidence/openraft-canonical-20260920/24-frozen-replication-unit-tests/source.patch:1692: trailing whitespace.
+ 
docs/evidence/openraft-canonical-20260920/24-frozen-replication-unit-tests/source.patch:1700: trailing whitespace.
+ 
docs/evidence/openraft-canonical-20260920/24-frozen-replication-unit-tests/source.patch:1705: trailing whitespace.
+ 
docs/evidence/openraft-canonical-20260920/24-frozen-replication-unit-tests/source.patch:1715: trailing whitespace.
+ 
docs/evidence/openraft-canonical-20260920/24-frozen-replication-unit-tests/source.patch:1739: trailing whitespace.
+ 
docs/evidence/openraft-canonical-20260920/24-frozen-replication-unit-tests/source.patch:2003: trailing whitespace.
+ 
docs/evidence/openraft-canonical-20260920/24-frozen-replication-unit-tests/source.patch:2005: trailing whitespace.
+ 
docs/evidence/openraft-canonical-20260920/24-frozen-replication-unit-tests/source.patch:2016: trailing whitespace.
+ 
docs/evidence/openraft-canonical-20260920/24-frozen-replication-unit-tests/source.patch:2018: trailing whitespace.
+ 
docs/evidence/openraft-canonical-20260920/24-frozen-replication-unit-tests/source.patch:2028: trailing whitespace.
+ 
docs/evidence/openraft-canonical-20260920/24-frozen-replication-unit-tests/source.patch:2042: trailing whitespace.
+ 
docs/evidence/openraft-canonical-20260920/24-frozen-replication-unit-tests/source.patch:2059: trailing whitespace.
+ 
docs/evidence/openraft-canonical-20260920/24-frozen-replication-unit-tests/source.patch:2072: trailing whitespace.
+ 
docs/evidence/openraft-canonical-20260920/24-frozen-replication-unit-tests/source.patch:2078: trailing whitespace.
+ 
docs/evidence/openraft-canonical-20260920/24-frozen-replication-unit-tests/source.patch:2083: trailing whitespace.
+ 
docs/evidence/openraft-canonical-20260920/24-frozen-replication-unit-tests/source.patch:2088: trailing whitespace.
+ 
docs/evidence/openraft-canonical-20260920/24-frozen-replication-unit-tests/source.patch:2094: trailing whitespace.
+ 
docs/evidence/openraft-canonical-20260920/24-frozen-replication-unit-tests/source.patch:2102: trailing whitespace.
+ 
docs/evidence/openraft-canonical-20260920/24-frozen-replication-unit-tests/source.patch:2114: trailing whitespace.
+ 
docs/evidence/openraft-canonical-20260920/24-frozen-replication-unit-tests/source.patch:2266: trailing whitespace.
+ 
docs/evidence/openraft-canonical-20260920/24-frozen-replication-unit-tests/source.patch:2302: trailing whitespace.
+ 
docs/evidence/openraft-canonical-20260920/24-frozen-replication-unit-tests/source.patch:2314: trailing whitespace.
+ 
docs/evidence/openraft-canonical-20260920/24-frozen-replication-unit-tests/source.patch:2334: trailing whitespace.
+ 
docs/evidence/openraft-canonical-20260920/24-frozen-replication-unit-tests/source.patch:2336: trailing whitespace.
+ 
docs/evidence/openraft-canonical-20260920/24-frozen-replication-unit-tests/source.patch:2344: trailing whitespace.
+ 
docs/evidence/openraft-canonical-20260920/24-frozen-replication-unit-tests/source.patch:2350: trailing whitespace.
+ 
docs/evidence/openraft-canonical-20260920/24-frozen-replication-unit-tests/source.patch:2358: trailing whitespace.
+ 
docs/evidence/openraft-canonical-20260920/24-frozen-replication-unit-tests/source.patch:2375: trailing whitespace.
+ 
docs/evidence/openraft-canonical-20260920/24-frozen-replication-unit-tests/source.patch:2379: trailing whitespace.
+ 
docs/evidence/openraft-canonical-20260920/24-frozen-replication-unit-tests/source.patch:2404: trailing whitespace.
+ 
docs/evidence/openraft-canonical-20260920/24-frozen-replication-unit-tests/source.patch:2408: trailing whitespace.
+ 
docs/evidence/openraft-canonical-20260920/24-frozen-replication-unit-tests/source.patch:2415: trailing whitespace.
+ 
docs/evidence/openraft-canonical-20260920/24-frozen-replication-unit-tests/source.patch:2427: trailing whitespace.
+ 
docs/evidence/openraft-canonical-20260920/24-frozen-replication-unit-tests/source.patch:2429: trailing whitespace.
+ 
docs/evidence/openraft-canonical-20260920/24-frozen-replication-unit-tests/source.patch:2443: trailing whitespace.
+ 
docs/evidence/openraft-canonical-20260920/24-frozen-replication-unit-tests/source.patch:2451: trailing whitespace.
+ 
docs/evidence/openraft-canonical-20260920/24-frozen-replication-unit-tests/source.patch:2456: trailing whitespace.
+ 
docs/evidence/openraft-canonical-20260920/24-frozen-replication-unit-tests/source.patch:2462: trailing whitespace.
+ 
docs/evidence/openraft-canonical-20260920/24-frozen-replication-unit-tests/source.patch:2471: trailing whitespace.
+ 
docs/evidence/openraft-canonical-20260920/24-frozen-replication-unit-tests/source.patch:2490: trailing whitespace.
+ 
docs/evidence/openraft-canonical-20260920/24-frozen-replication-unit-tests/source.patch:2495: trailing whitespace.
+ 
docs/evidence/openraft-canonical-20260920/24-frozen-replication-unit-tests/source.patch:2507: trailing whitespace.
+ 
docs/evidence/openraft-canonical-20260920/24-frozen-replication-unit-tests/source.patch:2525: trailing whitespace.
+ 
docs/evidence/openraft-canonical-20260920/24-frozen-replication-unit-tests/source.patch:2886: trailing whitespace.
+ 
docs/evidence/openraft-canonical-20260920/24-frozen-replication-unit-tests/source.patch:2905: trailing whitespace.
+ 
docs/evidence/openraft-canonical-20260920/24-frozen-replication-unit-tests/source.patch:2928: trailing whitespace.
+ 
docs/evidence/openraft-canonical-20260920/24-frozen-replication-unit-tests/source.patch:2984: trailing whitespace.
+ 
docs/evidence/openraft-canonical-20260920/24-frozen-replication-unit-tests/source.patch:3004: trailing whitespace.
+ 
docs/evidence/openraft-canonical-20260920/24-frozen-replication-unit-tests/source.patch:3013: trailing whitespace.
+ 
docs/evidence/openraft-canonical-20260920/24-frozen-replication-unit-tests/source.patch:3031: trailing whitespace.
+ 
docs/evidence/openraft-canonical-20260920/25-frozen-replication-integration-tests/source.patch:218: trailing whitespace.
+ 
docs/evidence/openraft-canonical-20260920/25-frozen-replication-integration-tests/source.patch:220: trailing whitespace.
+ 
docs/evidence/openraft-canonical-20260920/25-frozen-replication-integration-tests/source.patch:225: trailing whitespace.
+ 
docs/evidence/openraft-canonical-20260920/25-frozen-replication-integration-tests/source.patch:226: trailing whitespace.
+ 
docs/evidence/openraft-canonical-20260920/25-frozen-replication-integration-tests/source.patch:228: trailing whitespace.
+ 
docs/evidence/openraft-canonical-20260920/25-frozen-replication-integration-tests/source.patch:230: trailing whitespace.
+ 
docs/evidence/openraft-canonical-20260920/25-frozen-replication-integration-tests/source.patch:245: trailing whitespace.
+ 
docs/evidence/openraft-canonical-20260920/25-frozen-replication-integration-tests/source.patch:255: trailing whitespace.
+ 
docs/evidence/openraft-canonical-20260920/25-frozen-replication-integration-tests/source.patch:268: trailing whitespace.
+ 
docs/evidence/openraft-canonical-20260920/25-frozen-replication-integration-tests/source.patch:283: trailing whitespace.
+ 
docs/evidence/openraft-canonical-20260920/25-frozen-replication-integration-tests/source.patch:315: trailing whitespace.
+ 
docs/evidence/openraft-canonical-20260920/25-frozen-replication-integration-tests/source.patch:321: trailing whitespace.
+ 
docs/evidence/openraft-canonical-20260920/25-frozen-replication-integration-tests/source.patch:327: trailing whitespace.
+ 
docs/evidence/openraft-canonical-20260920/25-frozen-replication-integration-tests/source.patch:336: trailing whitespace.
+ 
docs/evidence/openraft-canonical-20260920/25-frozen-replication-integration-tests/source.patch:338: trailing whitespace.
+ 
docs/evidence/openraft-canonical-20260920/25-frozen-replication-integration-tests/source.patch:342: trailing whitespace.
+ 
docs/evidence/openraft-canonical-20260920/25-frozen-replication-integration-tests/source.patch:362: trailing whitespace.
+ 
docs/evidence/openraft-canonical-20260920/25-frozen-replication-integration-tests/source.patch:369: trailing whitespace.
+ 
docs/evidence/openraft-canonical-20260920/25-frozen-replication-integration-tests/source.patch:380: trailing whitespace.
+ 
docs/evidence/openraft-canonical-20260920/25-frozen-replication-integration-tests/source.patch:388: trailing whitespace.
+ 
docs/evidence/openraft-canonical-20260920/25-frozen-replication-integration-tests/source.patch:392: trailing whitespace.
+ 
docs/evidence/openraft-canonical-20260920/25-frozen-replication-integration-tests/source.patch:401: trailing whitespace.
+ 
docs/evidence/openraft-canonical-20260920/25-frozen-replication-integration-tests/source.patch:422: trailing whitespace.
+ 
docs/evidence/openraft-canonical-20260920/25-frozen-replication-integration-tests/source.patch:453: trailing whitespace.
+ 
docs/evidence/openraft-canonical-20260920/25-frozen-replication-integration-tests/source.patch:458: trailing whitespace.
+ 
docs/evidence/openraft-canonical-20260920/25-frozen-replication-integration-tests/source.patch:463: trailing whitespace.
+ 
docs/evidence/openraft-canonical-20260920/25-frozen-replication-integration-tests/source.patch:467: trailing whitespace.
+ 
docs/evidence/openraft-canonical-20260920/25-frozen-replication-integration-tests/source.patch:472: trailing whitespace.
+ 
docs/evidence/openraft-canonical-20260920/25-frozen-replication-integration-tests/source.patch:524: trailing whitespace.
+ 
docs/evidence/openraft-canonical-20260920/25-frozen-replication-integration-tests/source.patch:540: trailing whitespace.
+ 
docs/evidence/openraft-canonical-20260920/25-frozen-replication-integration-tests/source.patch:552: trailing whitespace.
+ 
docs/evidence/openraft-canonical-20260920/25-frozen-replication-integration-tests/source.patch:613: trailing whitespace.
+ 
docs/evidence/openraft-canonical-20260920/25-frozen-replication-integration-tests/source.patch:618: trailing whitespace.
+ 
docs/evidence/openraft-canonical-20260920/25-frozen-replication-integration-tests/source.patch:629: trailing whitespace.
+ 
docs/evidence/openraft-canonical-20260920/25-frozen-replication-integration-tests/source.patch:634: trailing whitespace.
+ 
docs/evidence/openraft-canonical-20260920/25-frozen-replication-integration-tests/source.patch:656: trailing whitespace.
+ 
docs/evidence/openraft-canonical-20260920/25-frozen-replication-integration-tests/source.patch:766: trailing whitespace.
+ 
docs/evidence/openraft-canonical-20260920/25-frozen-replication-integration-tests/source.patch:780: trailing whitespace.
+ 
docs/evidence/openraft-canonical-20260920/25-frozen-replication-integration-tests/source.patch:784: trailing whitespace.
+ 
docs/evidence/openraft-canonical-20260920/25-frozen-replication-integration-tests/source.patch:812: trailing whitespace.
+ 
docs/evidence/openraft-canonical-20260920/25-frozen-replication-integration-tests/source.patch:831: trailing whitespace.
+ 
docs/evidence/openraft-canonical-20260920/25-frozen-replication-integration-tests/source.patch:859: trailing whitespace.
+ 
docs/evidence/openraft-canonical-20260920/25-frozen-replication-integration-tests/source.patch:906: trailing whitespace.
+ 
docs/evidence/openraft-canonical-20260920/25-frozen-replication-integration-tests/source.patch:920: trailing whitespace.
+ 
docs/evidence/openraft-canonical-20260920/25-frozen-replication-integration-tests/source.patch:938: trailing whitespace.
+ 
docs/evidence/openraft-canonical-20260920/25-frozen-replication-integration-tests/source.patch:951: trailing whitespace.
+ 
docs/evidence/openraft-canonical-20260920/25-frozen-replication-integration-tests/source.patch:960: trailing whitespace.
+ 
docs/evidence/openraft-canonical-20260920/25-frozen-replication-integration-tests/source.patch:978: trailing whitespace.
+ 
docs/evidence/openraft-canonical-20260920/25-frozen-replication-integration-tests/source.patch:1002: trailing whitespace.
+ 
docs/evidence/openraft-canonical-20260920/25-frozen-replication-integration-tests/source.patch:1022: trailing whitespace.
+ 
docs/evidence/openraft-canonical-20260920/25-frozen-replication-integration-tests/source.patch:1032: trailing whitespace.
+ 
docs/evidence/openraft-canonical-20260920/25-frozen-replication-integration-tests/source.patch:1036: trailing whitespace.
+ 
docs/evidence/openraft-canonical-20260920/25-frozen-replication-integration-tests/source.patch:1044: trailing whitespace.
+ 
docs/evidence/openraft-canonical-20260920/25-frozen-replication-integration-tests/source.patch:1049: trailing whitespace.
+ 
docs/evidence/openraft-canonical-20260920/25-frozen-replication-integration-tests/source.patch:1052: trailing whitespace.
+ 
docs/evidence/openraft-canonical-20260920/25-frozen-replication-integration-tests/source.patch:1139: trailing whitespace.
+ 
docs/evidence/openraft-canonical-20260920/25-frozen-replication-integration-tests/source.patch:1170: trailing whitespace.
+ 
docs/evidence/openraft-canonical-20260920/25-frozen-replication-integration-tests/source.patch:1181: trailing whitespace.
+ 
docs/evidence/openraft-canonical-20260920/25-frozen-replication-integration-tests/source.patch:1186: trailing whitespace.
+ 
docs/evidence/openraft-canonical-20260920/25-frozen-replication-integration-tests/source.patch:1199: trailing whitespace.
+ 
docs/evidence/openraft-canonical-20260920/25-frozen-replication-integration-tests/source.patch:1364: trailing whitespace.
+ 
docs/evidence/openraft-canonical-20260920/25-frozen-replication-integration-tests/source.patch:1375: trailing whitespace.
+ 
docs/evidence/openraft-canonical-20260920/25-frozen-replication-integration-tests/source.patch:1377: trailing whitespace.
+ 
docs/evidence/openraft-canonical-20260920/25-frozen-replication-integration-tests/source.patch:1384: trailing whitespace.
+ 
docs/evidence/openraft-canonical-20260920/25-frozen-replication-integration-tests/source.patch:1485: trailing whitespace.
+ 
docs/evidence/openraft-canonical-20260920/25-frozen-replication-integration-tests/source.patch:1517: trailing whitespace.
+ 
docs/evidence/openraft-canonical-20260920/25-frozen-replication-integration-tests/source.patch:1547: trailing whitespace.
+ 
docs/evidence/openraft-canonical-20260920/25-frozen-replication-integration-tests/source.patch:1550: trailing whitespace.
+ 
docs/evidence/openraft-canonical-20260920/25-frozen-replication-integration-tests/source.patch:1553: trailing whitespace.
+ 
docs/evidence/openraft-canonical-20260920/25-frozen-replication-integration-tests/source.patch:1558: trailing whitespace.
+ 
docs/evidence/openraft-canonical-20260920/25-frozen-replication-integration-tests/source.patch:1564: trailing whitespace.
+ 
docs/evidence/openraft-canonical-20260920/25-frozen-replication-integration-tests/source.patch:1580: trailing whitespace.
+ 
docs/evidence/openraft-canonical-20260920/25-frozen-replication-integration-tests/source.patch:1599: trailing whitespace.
+ 
docs/evidence/openraft-canonical-20260920/25-frozen-replication-integration-tests/source.patch:1692: trailing whitespace.
+ 
docs/evidence/openraft-canonical-20260920/25-frozen-replication-integration-tests/source.patch:1700: trailing whitespace.
+ 
docs/evidence/openraft-canonical-20260920/25-frozen-replication-integration-tests/source.patch:1705: trailing whitespace.
+ 
docs/evidence/openraft-canonical-20260920/25-frozen-replication-integration-tests/source.patch:1715: trailing whitespace.
+ 
docs/evidence/openraft-canonical-20260920/25-frozen-replication-integration-tests/source.patch:1739: trailing whitespace.
+ 
docs/evidence/openraft-canonical-20260920/25-frozen-replication-integration-tests/source.patch:2003: trailing whitespace.
+ 
docs/evidence/openraft-canonical-20260920/25-frozen-replication-integration-tests/source.patch:2005: trailing whitespace.
+ 
docs/evidence/openraft-canonical-20260920/25-frozen-replication-integration-tests/source.patch:2016: trailing whitespace.
+ 
docs/evidence/openraft-canonical-20260920/25-frozen-replication-integration-tests/source.patch:2018: trailing whitespace.
+ 
docs/evidence/openraft-canonical-20260920/25-frozen-replication-integration-tests/source.patch:2028: trailing whitespace.
+ 
docs/evidence/openraft-canonical-20260920/25-frozen-replication-integration-tests/source.patch:2042: trailing whitespace.
+ 
docs/evidence/openraft-canonical-20260920/25-frozen-replication-integration-tests/source.patch:2059: trailing whitespace.
+ 
docs/evidence/openraft-canonical-20260920/25-frozen-replication-integration-tests/source.patch:2072: trailing whitespace.
+ 
docs/evidence/openraft-canonical-20260920/25-frozen-replication-integration-tests/source.patch:2078: trailing whitespace.
+ 
docs/evidence/openraft-canonical-20260920/25-frozen-replication-integration-tests/source.patch:2083: trailing whitespace.
+ 
docs/evidence/openraft-canonical-20260920/25-frozen-replication-integration-tests/source.patch:2088: trailing whitespace.
+ 
docs/evidence/openraft-canonical-20260920/25-frozen-replication-integration-tests/source.patch:2094: trailing whitespace.
+ 
docs/evidence/openraft-canonical-20260920/25-frozen-replication-integration-tests/source.patch:2102: trailing whitespace.
+ 
docs/evidence/openraft-canonical-20260920/25-frozen-replication-integration-tests/source.patch:2114: trailing whitespace.
+ 
docs/evidence/openraft-canonical-20260920/25-frozen-replication-integration-tests/source.patch:2266: trailing whitespace.
+ 
docs/evidence/openraft-canonical-20260920/25-frozen-replication-integration-tests/source.patch:2302: trailing whitespace.
+ 
docs/evidence/openraft-canonical-20260920/25-frozen-replication-integration-tests/source.patch:2314: trailing whitespace.
+ 
docs/evidence/openraft-canonical-20260920/25-frozen-replication-integration-tests/source.patch:2334: trailing whitespace.
+ 
docs/evidence/openraft-canonical-20260920/25-frozen-replication-integration-tests/source.patch:2336: trailing whitespace.
+ 
docs/evidence/openraft-canonical-20260920/25-frozen-replication-integration-tests/source.patch:2344: trailing whitespace.
+ 
docs/evidence/openraft-canonical-20260920/25-frozen-replication-integration-tests/source.patch:2350: trailing whitespace.
+ 
docs/evidence/openraft-canonical-20260920/25-frozen-replication-integration-tests/source.patch:2358: trailing whitespace.
+ 
docs/evidence/openraft-canonical-20260920/25-frozen-replication-integration-tests/source.patch:2375: trailing whitespace.
+ 
docs/evidence/openraft-canonical-20260920/25-frozen-replication-integration-tests/source.patch:2379: trailing whitespace.
+ 
docs/evidence/openraft-canonical-20260920/25-frozen-replication-integration-tests/source.patch:2404: trailing whitespace.
+ 
docs/evidence/openraft-canonical-20260920/25-frozen-replication-integration-tests/source.patch:2408: trailing whitespace.
+ 
docs/evidence/openraft-canonical-20260920/25-frozen-replication-integration-tests/source.patch:2415: trailing whitespace.
+ 
docs/evidence/openraft-canonical-20260920/25-frozen-replication-integration-tests/source.patch:2427: trailing whitespace.
+ 
docs/evidence/openraft-canonical-20260920/25-frozen-replication-integration-tests/source.patch:2429: trailing whitespace.
+ 
docs/evidence/openraft-canonical-20260920/25-frozen-replication-integration-tests/source.patch:2443: trailing whitespace.
+ 
docs/evidence/openraft-canonical-20260920/25-frozen-replication-integration-tests/source.patch:2451: trailing whitespace.
+ 
docs/evidence/openraft-canonical-20260920/25-frozen-replication-integration-tests/source.patch:2456: trailing whitespace.
+ 
docs/evidence/openraft-canonical-20260920/25-frozen-replication-integration-tests/source.patch:2462: trailing whitespace.
+ 
docs/evidence/openraft-canonical-20260920/25-frozen-replication-integration-tests/source.patch:2471: trailing whitespace.
+ 
docs/evidence/openraft-canonical-20260920/25-frozen-replication-integration-tests/source.patch:2490: trailing whitespace.
+ 
docs/evidence/openraft-canonical-20260920/25-frozen-replication-integration-tests/source.patch:2495: trailing whitespace.
+ 
docs/evidence/openraft-canonical-20260920/25-frozen-replication-integration-tests/source.patch:2507: trailing whitespace.
+ 
docs/evidence/openraft-canonical-20260920/25-frozen-replication-integration-tests/source.patch:2525: trailing whitespace.
+ 
docs/evidence/openraft-canonical-20260920/25-frozen-replication-integration-tests/source.patch:2886: trailing whitespace.
+ 
docs/evidence/openraft-canonical-20260920/25-frozen-replication-integration-tests/source.patch:2905: trailing whitespace.
+ 
docs/evidence/openraft-canonical-20260920/25-frozen-replication-integration-tests/source.patch:2928: trailing whitespace.
+ 
docs/evidence/openraft-canonical-20260920/25-frozen-replication-integration-tests/source.patch:2984: trailing whitespace.
+ 
docs/evidence/openraft-canonical-20260920/25-frozen-replication-integration-tests/source.patch:3004: trailing whitespace.
+ 
docs/evidence/openraft-canonical-20260920/25-frozen-replication-integration-tests/source.patch:3013: trailing whitespace.
+ 
docs/evidence/openraft-canonical-20260920/25-frozen-replication-integration-tests/source.patch:3031: trailing whitespace.
+ 
docs/evidence/openraft-canonical-20260920/26-frozen-replication-integration-tests/output.log:95: new blank line at EOF.
docs/evidence/openraft-canonical-20260920/26-frozen-replication-integration-tests/source.patch:218: trailing whitespace.
+ 
docs/evidence/openraft-canonical-20260920/26-frozen-replication-integration-tests/source.patch:220: trailing whitespace.
+ 
docs/evidence/openraft-canonical-20260920/26-frozen-replication-integration-tests/source.patch:225: trailing whitespace.
+ 
docs/evidence/openraft-canonical-20260920/26-frozen-replication-integration-tests/source.patch:226: trailing whitespace.
+ 
docs/evidence/openraft-canonical-20260920/26-frozen-replication-integration-tests/source.patch:228: trailing whitespace.
+ 
docs/evidence/openraft-canonical-20260920/26-frozen-replication-integration-tests/source.patch:230: trailing whitespace.
+ 
docs/evidence/openraft-canonical-20260920/26-frozen-replication-integration-tests/source.patch:245: trailing whitespace.
+ 
docs/evidence/openraft-canonical-20260920/26-frozen-replication-integration-tests/source.patch:255: trailing whitespace.
+ 
docs/evidence/openraft-canonical-20260920/26-frozen-replication-integration-tests/source.patch:268: trailing whitespace.
+ 
docs/evidence/openraft-canonical-20260920/26-frozen-replication-integration-tests/source.patch:283: trailing whitespace.
+ 
docs/evidence/openraft-canonical-20260920/26-frozen-replication-integration-tests/source.patch:315: trailing whitespace.
+ 
docs/evidence/openraft-canonical-20260920/26-frozen-replication-integration-tests/source.patch:321: trailing whitespace.
+ 
docs/evidence/openraft-canonical-20260920/26-frozen-replication-integration-tests/source.patch:327: trailing whitespace.
+ 
docs/evidence/openraft-canonical-20260920/26-frozen-replication-integration-tests/source.patch:336: trailing whitespace.
+ 
docs/evidence/openraft-canonical-20260920/26-frozen-replication-integration-tests/source.patch:338: trailing whitespace.
+ 
docs/evidence/openraft-canonical-20260920/26-frozen-replication-integration-tests/source.patch:342: trailing whitespace.
+ 
docs/evidence/openraft-canonical-20260920/26-frozen-replication-integration-tests/source.patch:362: trailing whitespace.
+ 
docs/evidence/openraft-canonical-20260920/26-frozen-replication-integration-tests/source.patch:369: trailing whitespace.
+ 
docs/evidence/openraft-canonical-20260920/26-frozen-replication-integration-tests/source.patch:380: trailing whitespace.
+ 
docs/evidence/openraft-canonical-20260920/26-frozen-replication-integration-tests/source.patch:388: trailing whitespace.
+ 
docs/evidence/openraft-canonical-20260920/26-frozen-replication-integration-tests/source.patch:392: trailing whitespace.
+ 
docs/evidence/openraft-canonical-20260920/26-frozen-replication-integration-tests/source.patch:401: trailing whitespace.
+ 
docs/evidence/openraft-canonical-20260920/26-frozen-replication-integration-tests/source.patch:422: trailing whitespace.
+ 
docs/evidence/openraft-canonical-20260920/26-frozen-replication-integration-tests/source.patch:453: trailing whitespace.
+ 
docs/evidence/openraft-canonical-20260920/26-frozen-replication-integration-tests/source.patch:458: trailing whitespace.
+ 
docs/evidence/openraft-canonical-20260920/26-frozen-replication-integration-tests/source.patch:463: trailing whitespace.
+ 
docs/evidence/openraft-canonical-20260920/26-frozen-replication-integration-tests/source.patch:467: trailing whitespace.
+ 
docs/evidence/openraft-canonical-20260920/26-frozen-replication-integration-tests/source.patch:472: trailing whitespace.
+ 
docs/evidence/openraft-canonical-20260920/26-frozen-replication-integration-tests/source.patch:524: trailing whitespace.
+ 
docs/evidence/openraft-canonical-20260920/26-frozen-replication-integration-tests/source.patch:540: trailing whitespace.
+ 
docs/evidence/openraft-canonical-20260920/26-frozen-replication-integration-tests/source.patch:552: trailing whitespace.
+ 
docs/evidence/openraft-canonical-20260920/26-frozen-replication-integration-tests/source.patch:613: trailing whitespace.
+ 
docs/evidence/openraft-canonical-20260920/26-frozen-replication-integration-tests/source.patch:618: trailing whitespace.
+ 
docs/evidence/openraft-canonical-20260920/26-frozen-replication-integration-tests/source.patch:629: trailing whitespace.
+ 
docs/evidence/openraft-canonical-20260920/26-frozen-replication-integration-tests/source.patch:634: trailing whitespace.
+ 
docs/evidence/openraft-canonical-20260920/26-frozen-replication-integration-tests/source.patch:656: trailing whitespace.
+ 
docs/evidence/openraft-canonical-20260920/26-frozen-replication-integration-tests/source.patch:766: trailing whitespace.
+ 
docs/evidence/openraft-canonical-20260920/26-frozen-replication-integration-tests/source.patch:780: trailing whitespace.
+ 
docs/evidence/openraft-canonical-20260920/26-frozen-replication-integration-tests/source.patch:784: trailing whitespace.
+ 
docs/evidence/openraft-canonical-20260920/26-frozen-replication-integration-tests/source.patch:812: trailing whitespace.
+ 
docs/evidence/openraft-canonical-20260920/26-frozen-replication-integration-tests/source.patch:831: trailing whitespace.
+ 
docs/evidence/openraft-canonical-20260920/26-frozen-replication-integration-tests/source.patch:859: trailing whitespace.
+ 
docs/evidence/openraft-canonical-20260920/26-frozen-replication-integration-tests/source.patch:906: trailing whitespace.
+ 
docs/evidence/openraft-canonical-20260920/26-frozen-replication-integration-tests/source.patch:920: trailing whitespace.
+ 
docs/evidence/openraft-canonical-20260920/26-frozen-replication-integration-tests/source.patch:938: trailing whitespace.
+ 
docs/evidence/openraft-canonical-20260920/26-frozen-replication-integration-tests/source.patch:951: trailing whitespace.
+ 
docs/evidence/openraft-canonical-20260920/26-frozen-replication-integration-tests/source.patch:960: trailing whitespace.
+ 
docs/evidence/openraft-canonical-20260920/26-frozen-replication-integration-tests/source.patch:978: trailing whitespace.
+ 
docs/evidence/openraft-canonical-20260920/26-frozen-replication-integration-tests/source.patch:1002: trailing whitespace.
+ 
docs/evidence/openraft-canonical-20260920/26-frozen-replication-integration-tests/source.patch:1022: trailing whitespace.
+ 
docs/evidence/openraft-canonical-20260920/26-frozen-replication-integration-tests/source.patch:1032: trailing whitespace.
+ 
docs/evidence/openraft-canonical-20260920/26-frozen-replication-integration-tests/source.patch:1036: trailing whitespace.
+ 
docs/evidence/openraft-canonical-20260920/26-frozen-replication-integration-tests/source.patch:1044: trailing whitespace.
+ 
docs/evidence/openraft-canonical-20260920/26-frozen-replication-integration-tests/source.patch:1049: trailing whitespace.
+ 
docs/evidence/openraft-canonical-20260920/26-frozen-replication-integration-tests/source.patch:1052: trailing whitespace.
+ 
docs/evidence/openraft-canonical-20260920/26-frozen-replication-integration-tests/source.patch:1139: trailing whitespace.
+ 
docs/evidence/openraft-canonical-20260920/26-frozen-replication-integration-tests/source.patch:1170: trailing whitespace.
+ 
docs/evidence/openraft-canonical-20260920/26-frozen-replication-integration-tests/source.patch:1181: trailing whitespace.
+ 
docs/evidence/openraft-canonical-20260920/26-frozen-replication-integration-tests/source.patch:1186: trailing whitespace.
+ 
docs/evidence/openraft-canonical-20260920/26-frozen-replication-integration-tests/source.patch:1199: trailing whitespace.
+ 
docs/evidence/openraft-canonical-20260920/26-frozen-replication-integration-tests/source.patch:1364: trailing whitespace.
+ 
docs/evidence/openraft-canonical-20260920/26-frozen-replication-integration-tests/source.patch:1375: trailing whitespace.
+ 
docs/evidence/openraft-canonical-20260920/26-frozen-replication-integration-tests/source.patch:1377: trailing whitespace.
+ 
docs/evidence/openraft-canonical-20260920/26-frozen-replication-integration-tests/source.patch:1384: trailing whitespace.
+ 
docs/evidence/openraft-canonical-20260920/26-frozen-replication-integration-tests/source.patch:1485: trailing whitespace.
+ 
docs/evidence/openraft-canonical-20260920/26-frozen-replication-integration-tests/source.patch:1517: trailing whitespace.
+ 
docs/evidence/openraft-canonical-20260920/26-frozen-replication-integration-tests/source.patch:1547: trailing whitespace.
+ 
docs/evidence/openraft-canonical-20260920/26-frozen-replication-integration-tests/source.patch:1550: trailing whitespace.
+ 
docs/evidence/openraft-canonical-20260920/26-frozen-replication-integration-tests/source.patch:1553: trailing whitespace.
+ 
docs/evidence/openraft-canonical-20260920/26-frozen-replication-integration-tests/source.patch:1558: trailing whitespace.
+ 
docs/evidence/openraft-canonical-20260920/26-frozen-replication-integration-tests/source.patch:1564: trailing whitespace.
+ 
docs/evidence/openraft-canonical-20260920/26-frozen-replication-integration-tests/source.patch:1580: trailing whitespace.
+ 
docs/evidence/openraft-canonical-20260920/26-frozen-replication-integration-tests/source.patch:1599: trailing whitespace.
+ 
docs/evidence/openraft-canonical-20260920/26-frozen-replication-integration-tests/source.patch:1692: trailing whitespace.
+ 
docs/evidence/openraft-canonical-20260920/26-frozen-replication-integration-tests/source.patch:1700: trailing whitespace.
+ 
docs/evidence/openraft-canonical-20260920/26-frozen-replication-integration-tests/source.patch:1705: trailing whitespace.
+ 
docs/evidence/openraft-canonical-20260920/26-frozen-replication-integration-tests/source.patch:1715: trailing whitespace.
+ 
docs/evidence/openraft-canonical-20260920/26-frozen-replication-integration-tests/source.patch:1739: trailing whitespace.
+ 
docs/evidence/openraft-canonical-20260920/26-frozen-replication-integration-tests/source.patch:2003: trailing whitespace.
+ 
docs/evidence/openraft-canonical-20260920/26-frozen-replication-integration-tests/source.patch:2005: trailing whitespace.
+ 
docs/evidence/openraft-canonical-20260920/26-frozen-replication-integration-tests/source.patch:2016: trailing whitespace.
+ 
docs/evidence/openraft-canonical-20260920/26-frozen-replication-integration-tests/source.patch:2018: trailing whitespace.
+ 
docs/evidence/openraft-canonical-20260920/26-frozen-replication-integration-tests/source.patch:2028: trailing whitespace.
+ 
docs/evidence/openraft-canonical-20260920/26-frozen-replication-integration-tests/source.patch:2042: trailing whitespace.
+ 
docs/evidence/openraft-canonical-20260920/26-frozen-replication-integration-tests/source.patch:2059: trailing whitespace.
+ 
docs/evidence/openraft-canonical-20260920/26-frozen-replication-integration-tests/source.patch:2072: trailing whitespace.
+ 
docs/evidence/openraft-canonical-20260920/26-frozen-replication-integration-tests/source.patch:2078: trailing whitespace.
+ 
docs/evidence/openraft-canonical-20260920/26-frozen-replication-integration-tests/source.patch:2083: trailing whitespace.
+ 
docs/evidence/openraft-canonical-20260920/26-frozen-replication-integration-tests/source.patch:2088: trailing whitespace.
+ 
docs/evidence/openraft-canonical-20260920/26-frozen-replication-integration-tests/source.patch:2094: trailing whitespace.
+ 
docs/evidence/openraft-canonical-20260920/26-frozen-replication-integration-tests/source.patch:2102: trailing whitespace.
+ 
docs/evidence/openraft-canonical-20260920/26-frozen-replication-integration-tests/source.patch:2114: trailing whitespace.
+ 
docs/evidence/openraft-canonical-20260920/26-frozen-replication-integration-tests/source.patch:2266: trailing whitespace.
+ 
docs/evidence/openraft-canonical-20260920/26-frozen-replication-integration-tests/source.patch:2302: trailing whitespace.
+ 
docs/evidence/openraft-canonical-20260920/26-frozen-replication-integration-tests/source.patch:2314: trailing whitespace.
+ 
docs/evidence/openraft-canonical-20260920/26-frozen-replication-integration-tests/source.patch:2334: trailing whitespace.
+ 
docs/evidence/openraft-canonical-20260920/26-frozen-replication-integration-tests/source.patch:2336: trailing whitespace.
+ 
docs/evidence/openraft-canonical-20260920/26-frozen-replication-integration-tests/source.patch:2344: trailing whitespace.
+ 
docs/evidence/openraft-canonical-20260920/26-frozen-replication-integration-tests/source.patch:2350: trailing whitespace.
+ 
docs/evidence/openraft-canonical-20260920/26-frozen-replication-integration-tests/source.patch:2358: trailing whitespace.
+ 
docs/evidence/openraft-canonical-20260920/26-frozen-replication-integration-tests/source.patch:2375: trailing whitespace.
+ 
docs/evidence/openraft-canonical-20260920/26-frozen-replication-integration-tests/source.patch:2379: trailing whitespace.
+ 
docs/evidence/openraft-canonical-20260920/26-frozen-replication-integration-tests/source.patch:2404: trailing whitespace.
+ 
docs/evidence/openraft-canonical-20260920/26-frozen-replication-integration-tests/source.patch:2408: trailing whitespace.
+ 
docs/evidence/openraft-canonical-20260920/26-frozen-replication-integration-tests/source.patch:2415: trailing whitespace.
+ 
docs/evidence/openraft-canonical-20260920/26-frozen-replication-integration-tests/source.patch:2427: trailing whitespace.
+ 
docs/evidence/openraft-canonical-20260920/26-frozen-replication-integration-tests/source.patch:2429: trailing whitespace.
+ 
docs/evidence/openraft-canonical-20260920/26-frozen-replication-integration-tests/source.patch:2443: trailing whitespace.
+ 
docs/evidence/openraft-canonical-20260920/26-frozen-replication-integration-tests/source.patch:2451: trailing whitespace.
+ 
docs/evidence/openraft-canonical-20260920/26-frozen-replication-integration-tests/source.patch:2456: trailing whitespace.
+ 
docs/evidence/openraft-canonical-20260920/26-frozen-replication-integration-tests/source.patch:2462: trailing whitespace.
+ 
docs/evidence/openraft-canonical-20260920/26-frozen-replication-integration-tests/source.patch:2471: trailing whitespace.
+ 
docs/evidence/openraft-canonical-20260920/26-frozen-replication-integration-tests/source.patch:2490: trailing whitespace.
+ 
docs/evidence/openraft-canonical-20260920/26-frozen-replication-integration-tests/source.patch:2495: trailing whitespace.
+ 
docs/evidence/openraft-canonical-20260920/26-frozen-replication-integration-tests/source.patch:2507: trailing whitespace.
+ 
docs/evidence/openraft-canonical-20260920/26-frozen-replication-integration-tests/source.patch:2525: trailing whitespace.
+ 
docs/evidence/openraft-canonical-20260920/26-frozen-replication-integration-tests/source.patch:2886: trailing whitespace.
+ 
docs/evidence/openraft-canonical-20260920/26-frozen-replication-integration-tests/source.patch:2905: trailing whitespace.
+ 
docs/evidence/openraft-canonical-20260920/26-frozen-replication-integration-tests/source.patch:2928: trailing whitespace.
+ 
docs/evidence/openraft-canonical-20260920/26-frozen-replication-integration-tests/source.patch:2984: trailing whitespace.
+ 
docs/evidence/openraft-canonical-20260920/26-frozen-replication-integration-tests/source.patch:3004: trailing whitespace.
+ 
docs/evidence/openraft-canonical-20260920/26-frozen-replication-integration-tests/source.patch:3013: trailing whitespace.
+ 
docs/evidence/openraft-canonical-20260920/26-frozen-replication-integration-tests/source.patch:3031: trailing whitespace.
+ 
docs/evidence/openraft-canonical-20260920/27-frozen-replication-singlethreaded-check/source.patch:218: trailing whitespace.
+ 
docs/evidence/openraft-canonical-20260920/27-frozen-replication-singlethreaded-check/source.patch:220: trailing whitespace.
+ 
docs/evidence/openraft-canonical-20260920/27-frozen-replication-singlethreaded-check/source.patch:225: trailing whitespace.
+ 
docs/evidence/openraft-canonical-20260920/27-frozen-replication-singlethreaded-check/source.patch:226: trailing whitespace.
+ 
docs/evidence/openraft-canonical-20260920/27-frozen-replication-singlethreaded-check/source.patch:228: trailing whitespace.
+ 
docs/evidence/openraft-canonical-20260920/27-frozen-replication-singlethreaded-check/source.patch:230: trailing whitespace.
+ 
docs/evidence/openraft-canonical-20260920/27-frozen-replication-singlethreaded-check/source.patch:245: trailing whitespace.
+ 
docs/evidence/openraft-canonical-20260920/27-frozen-replication-singlethreaded-check/source.patch:255: trailing whitespace.
+ 
docs/evidence/openraft-canonical-20260920/27-frozen-replication-singlethreaded-check/source.patch:268: trailing whitespace.
+ 
docs/evidence/openraft-canonical-20260920/27-frozen-replication-singlethreaded-check/source.patch:283: trailing whitespace.
+ 
docs/evidence/openraft-canonical-20260920/27-frozen-replication-singlethreaded-check/source.patch:315: trailing whitespace.
+ 
docs/evidence/openraft-canonical-20260920/27-frozen-replication-singlethreaded-check/source.patch:321: trailing whitespace.
+ 
docs/evidence/openraft-canonical-20260920/27-frozen-replication-singlethreaded-check/source.patch:327: trailing whitespace.
+ 
docs/evidence/openraft-canonical-20260920/27-frozen-replication-singlethreaded-check/source.patch:336: trailing whitespace.
+ 
docs/evidence/openraft-canonical-20260920/27-frozen-replication-singlethreaded-check/source.patch:338: trailing whitespace.
+ 
docs/evidence/openraft-canonical-20260920/27-frozen-replication-singlethreaded-check/source.patch:342: trailing whitespace.
+ 
docs/evidence/openraft-canonical-20260920/27-frozen-replication-singlethreaded-check/source.patch:362: trailing whitespace.
+ 
docs/evidence/openraft-canonical-20260920/27-frozen-replication-singlethreaded-check/source.patch:369: trailing whitespace.
+ 
docs/evidence/openraft-canonical-20260920/27-frozen-replication-singlethreaded-check/source.patch:380: trailing whitespace.
+ 
docs/evidence/openraft-canonical-20260920/27-frozen-replication-singlethreaded-check/source.patch:388: trailing whitespace.
+ 
docs/evidence/openraft-canonical-20260920/27-frozen-replication-singlethreaded-check/source.patch:392: trailing whitespace.
+ 
docs/evidence/openraft-canonical-20260920/27-frozen-replication-singlethreaded-check/source.patch:401: trailing whitespace.
+ 
docs/evidence/openraft-canonical-20260920/27-frozen-replication-singlethreaded-check/source.patch:422: trailing whitespace.
+ 
docs/evidence/openraft-canonical-20260920/27-frozen-replication-singlethreaded-check/source.patch:453: trailing whitespace.
+ 
docs/evidence/openraft-canonical-20260920/27-frozen-replication-singlethreaded-check/source.patch:458: trailing whitespace.
+ 
docs/evidence/openraft-canonical-20260920/27-frozen-replication-singlethreaded-check/source.patch:463: trailing whitespace.
+ 
docs/evidence/openraft-canonical-20260920/27-frozen-replication-singlethreaded-check/source.patch:467: trailing whitespace.
+ 
docs/evidence/openraft-canonical-20260920/27-frozen-replication-singlethreaded-check/source.patch:472: trailing whitespace.
+ 
docs/evidence/openraft-canonical-20260920/27-frozen-replication-singlethreaded-check/source.patch:524: trailing whitespace.
+ 
docs/evidence/openraft-canonical-20260920/27-frozen-replication-singlethreaded-check/source.patch:540: trailing whitespace.
+ 
docs/evidence/openraft-canonical-20260920/27-frozen-replication-singlethreaded-check/source.patch:552: trailing whitespace.
+ 
docs/evidence/openraft-canonical-20260920/27-frozen-replication-singlethreaded-check/source.patch:613: trailing whitespace.
+ 
docs/evidence/openraft-canonical-20260920/27-frozen-replication-singlethreaded-check/source.patch:618: trailing whitespace.
+ 
docs/evidence/openraft-canonical-20260920/27-frozen-replication-singlethreaded-check/source.patch:629: trailing whitespace.
+ 
docs/evidence/openraft-canonical-20260920/27-frozen-replication-singlethreaded-check/source.patch:634: trailing whitespace.
+ 
docs/evidence/openraft-canonical-20260920/27-frozen-replication-singlethreaded-check/source.patch:656: trailing whitespace.
+ 
docs/evidence/openraft-canonical-20260920/27-frozen-replication-singlethreaded-check/source.patch:766: trailing whitespace.
+ 
docs/evidence/openraft-canonical-20260920/27-frozen-replication-singlethreaded-check/source.patch:780: trailing whitespace.
+ 
docs/evidence/openraft-canonical-20260920/27-frozen-replication-singlethreaded-check/source.patch:784: trailing whitespace.
+ 
docs/evidence/openraft-canonical-20260920/27-frozen-replication-singlethreaded-check/source.patch:812: trailing whitespace.
+ 
docs/evidence/openraft-canonical-20260920/27-frozen-replication-singlethreaded-check/source.patch:831: trailing whitespace.
+ 
docs/evidence/openraft-canonical-20260920/27-frozen-replication-singlethreaded-check/source.patch:859: trailing whitespace.
+ 
docs/evidence/openraft-canonical-20260920/27-frozen-replication-singlethreaded-check/source.patch:906: trailing whitespace.
+ 
docs/evidence/openraft-canonical-20260920/27-frozen-replication-singlethreaded-check/source.patch:920: trailing whitespace.
+ 
docs/evidence/openraft-canonical-20260920/27-frozen-replication-singlethreaded-check/source.patch:938: trailing whitespace.
+ 
docs/evidence/openraft-canonical-20260920/27-frozen-replication-singlethreaded-check/source.patch:951: trailing whitespace.
+ 
docs/evidence/openraft-canonical-20260920/27-frozen-replication-singlethreaded-check/source.patch:960: trailing whitespace.
+ 
docs/evidence/openraft-canonical-20260920/27-frozen-replication-singlethreaded-check/source.patch:978: trailing whitespace.
+ 
docs/evidence/openraft-canonical-20260920/27-frozen-replication-singlethreaded-check/source.patch:1002: trailing whitespace.
+ 
docs/evidence/openraft-canonical-20260920/27-frozen-replication-singlethreaded-check/source.patch:1022: trailing whitespace.
+ 
docs/evidence/openraft-canonical-20260920/27-frozen-replication-singlethreaded-check/source.patch:1032: trailing whitespace.
+ 
docs/evidence/openraft-canonical-20260920/27-frozen-replication-singlethreaded-check/source.patch:1036: trailing whitespace.
+ 
docs/evidence/openraft-canonical-20260920/27-frozen-replication-singlethreaded-check/source.patch:1044: trailing whitespace.
+ 
docs/evidence/openraft-canonical-20260920/27-frozen-replication-singlethreaded-check/source.patch:1049: trailing whitespace.
+ 
docs/evidence/openraft-canonical-20260920/27-frozen-replication-singlethreaded-check/source.patch:1052: trailing whitespace.
+ 
docs/evidence/openraft-canonical-20260920/27-frozen-replication-singlethreaded-check/source.patch:1139: trailing whitespace.
+ 
docs/evidence/openraft-canonical-20260920/27-frozen-replication-singlethreaded-check/source.patch:1170: trailing whitespace.
+ 
docs/evidence/openraft-canonical-20260920/27-frozen-replication-singlethreaded-check/source.patch:1181: trailing whitespace.
+ 
docs/evidence/openraft-canonical-20260920/27-frozen-replication-singlethreaded-check/source.patch:1186: trailing whitespace.
+ 
docs/evidence/openraft-canonical-20260920/27-frozen-replication-singlethreaded-check/source.patch:1199: trailing whitespace.
+ 
docs/evidence/openraft-canonical-20260920/27-frozen-replication-singlethreaded-check/source.patch:1364: trailing whitespace.
+ 
docs/evidence/openraft-canonical-20260920/27-frozen-replication-singlethreaded-check/source.patch:1375: trailing whitespace.
+ 
docs/evidence/openraft-canonical-20260920/27-frozen-replication-singlethreaded-check/source.patch:1377: trailing whitespace.
+ 
docs/evidence/openraft-canonical-20260920/27-frozen-replication-singlethreaded-check/source.patch:1384: trailing whitespace.
+ 
docs/evidence/openraft-canonical-20260920/27-frozen-replication-singlethreaded-check/source.patch:1485: trailing whitespace.
+ 
docs/evidence/openraft-canonical-20260920/27-frozen-replication-singlethreaded-check/source.patch:1517: trailing whitespace.
+ 
docs/evidence/openraft-canonical-20260920/27-frozen-replication-singlethreaded-check/source.patch:1547: trailing whitespace.
+ 
docs/evidence/openraft-canonical-20260920/27-frozen-replication-singlethreaded-check/source.patch:1550: trailing whitespace.
+ 
docs/evidence/openraft-canonical-20260920/27-frozen-replication-singlethreaded-check/source.patch:1553: trailing whitespace.
+ 
docs/evidence/openraft-canonical-20260920/27-frozen-replication-singlethreaded-check/source.patch:1558: trailing whitespace.
+ 
docs/evidence/openraft-canonical-20260920/27-frozen-replication-singlethreaded-check/source.patch:1564: trailing whitespace.
+ 
docs/evidence/openraft-canonical-20260920/27-frozen-replication-singlethreaded-check/source.patch:1580: trailing whitespace.
+ 
docs/evidence/openraft-canonical-20260920/27-frozen-replication-singlethreaded-check/source.patch:1599: trailing whitespace.
+ 
docs/evidence/openraft-canonical-20260920/27-frozen-replication-singlethreaded-check/source.patch:1692: trailing whitespace.
+ 
docs/evidence/openraft-canonical-20260920/27-frozen-replication-singlethreaded-check/source.patch:1700: trailing whitespace.
+ 
docs/evidence/openraft-canonical-20260920/27-frozen-replication-singlethreaded-check/source.patch:1705: trailing whitespace.
+ 
docs/evidence/openraft-canonical-20260920/27-frozen-replication-singlethreaded-check/source.patch:1715: trailing whitespace.
+ 
docs/evidence/openraft-canonical-20260920/27-frozen-replication-singlethreaded-check/source.patch:1739: trailing whitespace.
+ 
docs/evidence/openraft-canonical-20260920/27-frozen-replication-singlethreaded-check/source.patch:2003: trailing whitespace.
+ 
docs/evidence/openraft-canonical-20260920/27-frozen-replication-singlethreaded-check/source.patch:2005: trailing whitespace.
+ 
docs/evidence/openraft-canonical-20260920/27-frozen-replication-singlethreaded-check/source.patch:2016: trailing whitespace.
+ 
docs/evidence/openraft-canonical-20260920/27-frozen-replication-singlethreaded-check/source.patch:2018: trailing whitespace.
+ 
docs/evidence/openraft-canonical-20260920/27-frozen-replication-singlethreaded-check/source.patch:2028: trailing whitespace.
+ 
docs/evidence/openraft-canonical-20260920/27-frozen-replication-singlethreaded-check/source.patch:2042: trailing whitespace.
+ 
docs/evidence/openraft-canonical-20260920/27-frozen-replication-singlethreaded-check/source.patch:2059: trailing whitespace.
+ 
docs/evidence/openraft-canonical-20260920/27-frozen-replication-singlethreaded-check/source.patch:2072: trailing whitespace.
+ 
docs/evidence/openraft-canonical-20260920/27-frozen-replication-singlethreaded-check/source.patch:2078: trailing whitespace.
+ 
docs/evidence/openraft-canonical-20260920/27-frozen-replication-singlethreaded-check/source.patch:2083: trailing whitespace.
+ 
docs/evidence/openraft-canonical-20260920/27-frozen-replication-singlethreaded-check/source.patch:2088: trailing whitespace.
+ 
docs/evidence/openraft-canonical-20260920/27-frozen-replication-singlethreaded-check/source.patch:2094: trailing whitespace.
+ 
docs/evidence/openraft-canonical-20260920/27-frozen-replication-singlethreaded-check/source.patch:2102: trailing whitespace.
+ 
docs/evidence/openraft-canonical-20260920/27-frozen-replication-singlethreaded-check/source.patch:2114: trailing whitespace.
+ 
docs/evidence/openraft-canonical-20260920/27-frozen-replication-singlethreaded-check/source.patch:2266: trailing whitespace.
+ 
docs/evidence/openraft-canonical-20260920/27-frozen-replication-singlethreaded-check/source.patch:2302: trailing whitespace.
+ 
docs/evidence/openraft-canonical-20260920/27-frozen-replication-singlethreaded-check/source.patch:2314: trailing whitespace.
+ 
docs/evidence/openraft-canonical-20260920/27-frozen-replication-singlethreaded-check/source.patch:2334: trailing whitespace.
+ 
docs/evidence/openraft-canonical-20260920/27-frozen-replication-singlethreaded-check/source.patch:2336: trailing whitespace.
+ 
docs/evidence/openraft-canonical-20260920/27-frozen-replication-singlethreaded-check/source.patch:2344: trailing whitespace.
+ 
docs/evidence/openraft-canonical-20260920/27-frozen-replication-singlethreaded-check/source.patch:2350: trailing whitespace.
+ 
docs/evidence/openraft-canonical-20260920/27-frozen-replication-singlethreaded-check/source.patch:2358: trailing whitespace.
+ 
docs/evidence/openraft-canonical-20260920/27-frozen-replication-singlethreaded-check/source.patch:2375: trailing whitespace.
+ 
docs/evidence/openraft-canonical-20260920/27-frozen-replication-singlethreaded-check/source.patch:2379: trailing whitespace.
+ 
docs/evidence/openraft-canonical-20260920/27-frozen-replication-singlethreaded-check/source.patch:2404: trailing whitespace.
+ 
docs/evidence/openraft-canonical-20260920/27-frozen-replication-singlethreaded-check/source.patch:2408: trailing whitespace.
+ 
docs/evidence/openraft-canonical-20260920/27-frozen-replication-singlethreaded-check/source.patch:2415: trailing whitespace.
+ 
docs/evidence/openraft-canonical-20260920/27-frozen-replication-singlethreaded-check/source.patch:2427: trailing whitespace.
+ 
docs/evidence/openraft-canonical-20260920/27-frozen-replication-singlethreaded-check/source.patch:2429: trailing whitespace.
+ 
docs/evidence/openraft-canonical-20260920/27-frozen-replication-singlethreaded-check/source.patch:2443: trailing whitespace.
+ 
docs/evidence/openraft-canonical-20260920/27-frozen-replication-singlethreaded-check/source.patch:2451: trailing whitespace.
+ 
docs/evidence/openraft-canonical-20260920/27-frozen-replication-singlethreaded-check/source.patch:2456: trailing whitespace.
+ 
docs/evidence/openraft-canonical-20260920/27-frozen-replication-singlethreaded-check/source.patch:2462: trailing whitespace.
+ 
docs/evidence/openraft-canonical-20260920/27-frozen-replication-singlethreaded-check/source.patch:2471: trailing whitespace.
+ 
docs/evidence/openraft-canonical-20260920/27-frozen-replication-singlethreaded-check/source.patch:2490: trailing whitespace.
+ 
docs/evidence/openraft-canonical-20260920/27-frozen-replication-singlethreaded-check/source.patch:2495: trailing whitespace.
+ 
docs/evidence/openraft-canonical-20260920/27-frozen-replication-singlethreaded-check/source.patch:2507: trailing whitespace.
+ 
docs/evidence/openraft-canonical-20260920/27-frozen-replication-singlethreaded-check/source.patch:2525: trailing whitespace.
+ 
docs/evidence/openraft-canonical-20260920/27-frozen-replication-singlethreaded-check/source.patch:2886: trailing whitespace.
+ 
docs/evidence/openraft-canonical-20260920/27-frozen-replication-singlethreaded-check/source.patch:2905: trailing whitespace.
+ 
docs/evidence/openraft-canonical-20260920/27-frozen-replication-singlethreaded-check/source.patch:2928: trailing whitespace.
+ 
docs/evidence/openraft-canonical-20260920/27-frozen-replication-singlethreaded-check/source.patch:2984: trailing whitespace.
+ 
docs/evidence/openraft-canonical-20260920/27-frozen-replication-singlethreaded-check/source.patch:3004: trailing whitespace.
+ 
docs/evidence/openraft-canonical-20260920/27-frozen-replication-singlethreaded-check/source.patch:3013: trailing whitespace.
+ 
docs/evidence/openraft-canonical-20260920/27-frozen-replication-singlethreaded-check/source.patch:3031: trailing whitespace.
+ 
docs/evidence/openraft-canonical-20260920/28-auxiliary-first-compile/source.patch:225: trailing whitespace.
+ 
docs/evidence/openraft-canonical-20260920/28-auxiliary-first-compile/source.patch:227: trailing whitespace.
+ 
docs/evidence/openraft-canonical-20260920/28-auxiliary-first-compile/source.patch:232: trailing whitespace.
+ 
docs/evidence/openraft-canonical-20260920/28-auxiliary-first-compile/source.patch:233: trailing whitespace.
+ 
docs/evidence/openraft-canonical-20260920/28-auxiliary-first-compile/source.patch:235: trailing whitespace.
+ 
docs/evidence/openraft-canonical-20260920/28-auxiliary-first-compile/source.patch:237: trailing whitespace.
+ 
docs/evidence/openraft-canonical-20260920/28-auxiliary-first-compile/source.patch:244: trailing whitespace.
+ 
docs/evidence/openraft-canonical-20260920/28-auxiliary-first-compile/source.patch:267: trailing whitespace.
+ 
docs/evidence/openraft-canonical-20260920/28-auxiliary-first-compile/source.patch:278: trailing whitespace.
+ 
docs/evidence/openraft-canonical-20260920/28-auxiliary-first-compile/source.patch:281: trailing whitespace.
+ 
docs/evidence/openraft-canonical-20260920/28-auxiliary-first-compile/source.patch:297: trailing whitespace.
+ 
docs/evidence/openraft-canonical-20260920/28-auxiliary-first-compile/source.patch:317: trailing whitespace.
+ 
docs/evidence/openraft-canonical-20260920/28-auxiliary-first-compile/source.patch:331: trailing whitespace.
+ 
docs/evidence/openraft-canonical-20260920/28-auxiliary-first-compile/source.patch:344: trailing whitespace.
+ 
docs/evidence/openraft-canonical-20260920/28-auxiliary-first-compile/source.patch:363: trailing whitespace.
+ 
docs/evidence/openraft-canonical-20260920/28-auxiliary-first-compile/source.patch:384: trailing whitespace.
+ 
docs/evidence/openraft-canonical-20260920/28-auxiliary-first-compile/source.patch:399: trailing whitespace.
+ 
docs/evidence/openraft-canonical-20260920/28-auxiliary-first-compile/source.patch:402: trailing whitespace.
+ 
docs/evidence/openraft-canonical-20260920/28-auxiliary-first-compile/source.patch:434: trailing whitespace.
+ 
docs/evidence/openraft-canonical-20260920/28-auxiliary-first-compile/source.patch:443: trailing whitespace.
+ 
docs/evidence/openraft-canonical-20260920/28-auxiliary-first-compile/source.patch:451: trailing whitespace.
+ 
docs/evidence/openraft-canonical-20260920/28-auxiliary-first-compile/source.patch:461: trailing whitespace.
+ 
docs/evidence/openraft-canonical-20260920/28-auxiliary-first-compile/source.patch:472: trailing whitespace.
+ 
docs/evidence/openraft-canonical-20260920/28-auxiliary-first-compile/source.patch:482: trailing whitespace.
+ 
docs/evidence/openraft-canonical-20260920/28-auxiliary-first-compile/source.patch:511: trailing whitespace.
+ 
docs/evidence/openraft-canonical-20260920/28-auxiliary-first-compile/source.patch:521: trailing whitespace.
+ 
docs/evidence/openraft-canonical-20260920/28-auxiliary-first-compile/source.patch:523: trailing whitespace.
+ 
docs/evidence/openraft-canonical-20260920/28-auxiliary-first-compile/source.patch:527: trailing whitespace.
+ 
docs/evidence/openraft-canonical-20260920/28-auxiliary-first-compile/source.patch:539: trailing whitespace.
+ 
docs/evidence/openraft-canonical-20260920/28-auxiliary-first-compile/source.patch:543: trailing whitespace.
+ 
docs/evidence/openraft-canonical-20260920/28-auxiliary-first-compile/source.patch:550: trailing whitespace.
+ 
docs/evidence/openraft-canonical-20260920/28-auxiliary-first-compile/source.patch:574: trailing whitespace.
+ 
docs/evidence/openraft-canonical-20260920/28-auxiliary-first-compile/source.patch:576: trailing whitespace.
+ 
docs/evidence/openraft-canonical-20260920/28-auxiliary-first-compile/source.patch:583: trailing whitespace.
+ 
docs/evidence/openraft-canonical-20260920/28-auxiliary-first-compile/source.patch:599: trailing whitespace.
+ 
docs/evidence/openraft-canonical-20260920/28-auxiliary-first-compile/source.patch:604: trailing whitespace.
+ 
docs/evidence/openraft-canonical-20260920/28-auxiliary-first-compile/source.patch:624: trailing whitespace.
+ 
docs/evidence/openraft-canonical-20260920/28-auxiliary-first-compile/source.patch:635: trailing whitespace.
+ 
docs/evidence/openraft-canonical-20260920/28-auxiliary-first-compile/source.patch:646: trailing whitespace.
+ 
docs/evidence/openraft-canonical-20260920/28-auxiliary-first-compile/source.patch:654: trailing whitespace.
+ 
docs/evidence/openraft-canonical-20260920/28-auxiliary-first-compile/source.patch:658: trailing whitespace.
+ 
docs/evidence/openraft-canonical-20260920/28-auxiliary-first-compile/source.patch:721: trailing whitespace.
+ 
docs/evidence/openraft-canonical-20260920/28-auxiliary-first-compile/source.patch:726: trailing whitespace.
+ 
docs/evidence/openraft-canonical-20260920/28-auxiliary-first-compile/source.patch:731: trailing whitespace.
+ 
docs/evidence/openraft-canonical-20260920/28-auxiliary-first-compile/source.patch:735: trailing whitespace.
+ 
docs/evidence/openraft-canonical-20260920/28-auxiliary-first-compile/source.patch:740: trailing whitespace.
+ 
docs/evidence/openraft-canonical-20260920/28-auxiliary-first-compile/source.patch:766: trailing whitespace.
+ 
docs/evidence/openraft-canonical-20260920/28-auxiliary-first-compile/source.patch:881: trailing whitespace.
+ 
docs/evidence/openraft-canonical-20260920/28-auxiliary-first-compile/source.patch:918: trailing whitespace.
+ 
docs/evidence/openraft-canonical-20260920/28-auxiliary-first-compile/source.patch:934: trailing whitespace.
+ 
docs/evidence/openraft-canonical-20260920/28-auxiliary-first-compile/source.patch:947: trailing whitespace.
+ 
docs/evidence/openraft-canonical-20260920/28-auxiliary-first-compile/source.patch:961: trailing whitespace.
+ 
docs/evidence/openraft-canonical-20260920/28-auxiliary-first-compile/source.patch:1036: trailing whitespace.
+ 
docs/evidence/openraft-canonical-20260920/28-auxiliary-first-compile/source.patch:1046: trailing whitespace.
+ 
docs/evidence/openraft-canonical-20260920/28-auxiliary-first-compile/source.patch:1070: trailing whitespace.
+ 
docs/evidence/openraft-canonical-20260920/28-auxiliary-first-compile/source.patch:1083: trailing whitespace.
+ 
docs/evidence/openraft-canonical-20260920/28-auxiliary-first-compile/source.patch:1093: trailing whitespace.
+ 
docs/evidence/openraft-canonical-20260920/28-auxiliary-first-compile/source.patch:1103: trailing whitespace.
+ 
docs/evidence/openraft-canonical-20260920/28-auxiliary-first-compile/source.patch:1112: trailing whitespace.
+ 
docs/evidence/openraft-canonical-20260920/28-auxiliary-first-compile/source.patch:1123: trailing whitespace.
+ 
docs/evidence/openraft-canonical-20260920/28-auxiliary-first-compile/source.patch:1132: trailing whitespace.
+ 
docs/evidence/openraft-canonical-20260920/28-auxiliary-first-compile/source.patch:1147: trailing whitespace.
+ 
docs/evidence/openraft-canonical-20260920/28-auxiliary-first-compile/source.patch:1152: trailing whitespace.
+ 
docs/evidence/openraft-canonical-20260920/28-auxiliary-first-compile/source.patch:1160: trailing whitespace.
+ 
docs/evidence/openraft-canonical-20260920/28-auxiliary-first-compile/source.patch:1168: trailing whitespace.
+ 
docs/evidence/openraft-canonical-20260920/28-auxiliary-first-compile/source.patch:1173: trailing whitespace.
+ 
docs/evidence/openraft-canonical-20260920/28-auxiliary-first-compile/source.patch:1188: trailing whitespace.
+ 
docs/evidence/openraft-canonical-20260920/28-auxiliary-first-compile/source.patch:1199: trailing whitespace.
+ 
docs/evidence/openraft-canonical-20260920/28-auxiliary-first-compile/source.patch:1217: trailing whitespace.
+ 
docs/evidence/openraft-canonical-20260920/28-auxiliary-first-compile/source.patch:1245: trailing whitespace.
+ 
docs/evidence/openraft-canonical-20260920/28-auxiliary-first-compile/source.patch:1361: trailing whitespace.
+ 
docs/evidence/openraft-canonical-20260920/28-auxiliary-first-compile/source.patch:1375: trailing whitespace.
+ 
docs/evidence/openraft-canonical-20260920/28-auxiliary-first-compile/source.patch:1379: trailing whitespace.
+ 
docs/evidence/openraft-canonical-20260920/28-auxiliary-first-compile/source.patch:1407: trailing whitespace.
+ 
docs/evidence/openraft-canonical-20260920/28-auxiliary-first-compile/source.patch:1426: trailing whitespace.
+ 
docs/evidence/openraft-canonical-20260920/28-auxiliary-first-compile/source.patch:1454: trailing whitespace.
+ 
docs/evidence/openraft-canonical-20260920/28-auxiliary-first-compile/source.patch:1501: trailing whitespace.
+ 
docs/evidence/openraft-canonical-20260920/28-auxiliary-first-compile/source.patch:1515: trailing whitespace.
+ 
docs/evidence/openraft-canonical-20260920/28-auxiliary-first-compile/source.patch:1521: trailing whitespace.
+ 
docs/evidence/openraft-canonical-20260920/28-auxiliary-first-compile/source.patch:1529: trailing whitespace.
+ 
docs/evidence/openraft-canonical-20260920/28-auxiliary-first-compile/source.patch:1532: trailing whitespace.
+ 
docs/evidence/openraft-canonical-20260920/28-auxiliary-first-compile/source.patch:1548: trailing whitespace.
+ 
docs/evidence/openraft-canonical-20260920/28-auxiliary-first-compile/source.patch:1563: trailing whitespace.
+ 
docs/evidence/openraft-canonical-20260920/28-auxiliary-first-compile/source.patch:1579: trailing whitespace.
+ 
docs/evidence/openraft-canonical-20260920/28-auxiliary-first-compile/source.patch:1582: trailing whitespace.
+ 
docs/evidence/openraft-canonical-20260920/28-auxiliary-first-compile/source.patch:1601: trailing whitespace.
+ 
docs/evidence/openraft-canonical-20260920/28-auxiliary-first-compile/source.patch:1625: trailing whitespace.
+ 
docs/evidence/openraft-canonical-20260920/28-auxiliary-first-compile/source.patch:1645: trailing whitespace.
+ 
docs/evidence/openraft-canonical-20260920/28-auxiliary-first-compile/source.patch:1655: trailing whitespace.
+ 
docs/evidence/openraft-canonical-20260920/28-auxiliary-first-compile/source.patch:1659: trailing whitespace.
+ 
docs/evidence/openraft-canonical-20260920/28-auxiliary-first-compile/source.patch:1667: trailing whitespace.
+ 
docs/evidence/openraft-canonical-20260920/28-auxiliary-first-compile/source.patch:1672: trailing whitespace.
+ 
docs/evidence/openraft-canonical-20260920/28-auxiliary-first-compile/source.patch:1675: trailing whitespace.
+ 
docs/evidence/openraft-canonical-20260920/28-auxiliary-first-compile/source.patch:1761: trailing whitespace.
+ 
docs/evidence/openraft-canonical-20260920/28-auxiliary-first-compile/source.patch:1780: trailing whitespace.
+ 
docs/evidence/openraft-canonical-20260920/28-auxiliary-first-compile/source.patch:1804: trailing whitespace.
+ 
docs/evidence/openraft-canonical-20260920/28-auxiliary-first-compile/source.patch:1814: trailing whitespace.
+ 
docs/evidence/openraft-canonical-20260920/28-auxiliary-first-compile/source.patch:1828: trailing whitespace.
+ 
docs/evidence/openraft-canonical-20260920/28-auxiliary-first-compile/source.patch:1842: trailing whitespace.
+ 
docs/evidence/openraft-canonical-20260920/28-auxiliary-first-compile/source.patch:1856: trailing whitespace.
+ 
docs/evidence/openraft-canonical-20260920/28-auxiliary-first-compile/source.patch:1887: trailing whitespace.
+ 
docs/evidence/openraft-canonical-20260920/28-auxiliary-first-compile/source.patch:1904: trailing whitespace.
+ 
docs/evidence/openraft-canonical-20260920/28-auxiliary-first-compile/source.patch:1914: trailing whitespace.
+ 
docs/evidence/openraft-canonical-20260920/28-auxiliary-first-compile/source.patch:1944: trailing whitespace.
+ 
docs/evidence/openraft-canonical-20260920/28-auxiliary-first-compile/source.patch:1965: trailing whitespace.
+ 
docs/evidence/openraft-canonical-20260920/28-auxiliary-first-compile/source.patch:1968: trailing whitespace.
+ 
docs/evidence/openraft-canonical-20260920/28-auxiliary-first-compile/source.patch:1977: trailing whitespace.
+ 
docs/evidence/openraft-canonical-20260920/28-auxiliary-first-compile/source.patch:1988: trailing whitespace.
+ 
docs/evidence/openraft-canonical-20260920/28-auxiliary-first-compile/source.patch:2012: trailing whitespace.
+ 
docs/evidence/openraft-canonical-20260920/28-auxiliary-first-compile/source.patch:2025: trailing whitespace.
+ 
docs/evidence/openraft-canonical-20260920/28-auxiliary-first-compile/source.patch:2035: trailing whitespace.
+ 
docs/evidence/openraft-canonical-20260920/28-auxiliary-first-compile/source.patch:2050: trailing whitespace.
+ 
docs/evidence/openraft-canonical-20260920/28-auxiliary-first-compile/source.patch:2064: trailing whitespace.
+ 
docs/evidence/openraft-canonical-20260920/28-auxiliary-first-compile/source.patch:2068: trailing whitespace.
+ 
docs/evidence/openraft-canonical-20260920/28-auxiliary-first-compile/source.patch:2070: trailing whitespace.
+ 
docs/evidence/openraft-canonical-20260920/28-auxiliary-first-compile/source.patch:2082: trailing whitespace.
+ 
docs/evidence/openraft-canonical-20260920/28-auxiliary-first-compile/source.patch:2101: trailing whitespace.
+ 
docs/evidence/openraft-canonical-20260920/28-auxiliary-first-compile/source.patch:2129: trailing whitespace.
+ 
docs/evidence/openraft-canonical-20260920/28-auxiliary-first-compile/source.patch:2147: trailing whitespace.
+ 
docs/evidence/openraft-canonical-20260920/28-auxiliary-first-compile/source.patch:2160: trailing whitespace.
+ 
docs/evidence/openraft-canonical-20260920/28-auxiliary-first-compile/source.patch:2171: trailing whitespace.
+ 
docs/evidence/openraft-canonical-20260920/28-auxiliary-first-compile/source.patch:2195: trailing whitespace.
+ 
docs/evidence/openraft-canonical-20260920/28-auxiliary-first-compile/source.patch:2208: trailing whitespace.
+ 
docs/evidence/openraft-canonical-20260920/28-auxiliary-first-compile/source.patch:2219: trailing whitespace.
+ 
docs/evidence/openraft-canonical-20260920/28-auxiliary-first-compile/source.patch:2232: trailing whitespace.
+ 
docs/evidence/openraft-canonical-20260920/28-auxiliary-first-compile/source.patch:2242: trailing whitespace.
+ 
docs/evidence/openraft-canonical-20260920/28-auxiliary-first-compile/source.patch:2266: trailing whitespace.
+ 
docs/evidence/openraft-canonical-20260920/28-auxiliary-first-compile/source.patch:2280: trailing whitespace.
+ 
docs/evidence/openraft-canonical-20260920/28-auxiliary-first-compile/source.patch:2295: trailing whitespace.
+ 
docs/evidence/openraft-canonical-20260920/28-auxiliary-first-compile/source.patch:2305: trailing whitespace.
+ 
docs/evidence/openraft-canonical-20260920/28-auxiliary-first-compile/source.patch:2311: trailing whitespace.
+ 
docs/evidence/openraft-canonical-20260920/28-auxiliary-first-compile/source.patch:2321: trailing whitespace.
+ 
docs/evidence/openraft-canonical-20260920/28-auxiliary-first-compile/source.patch:2327: trailing whitespace.
+ 
docs/evidence/openraft-canonical-20260920/28-auxiliary-first-compile/source.patch:2337: trailing whitespace.
+ 
docs/evidence/openraft-canonical-20260920/28-auxiliary-first-compile/source.patch:2345: trailing whitespace.
+ 
docs/evidence/openraft-canonical-20260920/28-auxiliary-first-compile/source.patch:2347: trailing whitespace.
+ 
docs/evidence/openraft-canonical-20260920/28-auxiliary-first-compile/source.patch:2356: trailing whitespace.
+ 
docs/evidence/openraft-canonical-20260920/28-auxiliary-first-compile/source.patch:2364: trailing whitespace.
+ 
docs/evidence/openraft-canonical-20260920/28-auxiliary-first-compile/source.patch:2549: trailing whitespace.
+ 
docs/evidence/openraft-canonical-20260920/28-auxiliary-first-compile/source.patch:2553: trailing whitespace.
+ 
docs/evidence/openraft-canonical-20260920/28-auxiliary-first-compile/source.patch:2703: trailing whitespace.
+ 
docs/evidence/openraft-canonical-20260920/28-auxiliary-first-compile/source.patch:2706: trailing whitespace.
+ 
docs/evidence/openraft-canonical-20260920/28-auxiliary-first-compile/source.patch:2716: trailing whitespace.
+ 
docs/evidence/openraft-canonical-20260920/28-auxiliary-first-compile/source.patch:2726: trailing whitespace.
+ 
docs/evidence/openraft-canonical-20260920/28-auxiliary-first-compile/source.patch:2736: trailing whitespace.
+ 
docs/evidence/openraft-canonical-20260920/28-auxiliary-first-compile/source.patch:2746: trailing whitespace.
+ 
docs/evidence/openraft-canonical-20260920/28-auxiliary-first-compile/source.patch:2756: trailing whitespace.
+ 
docs/evidence/openraft-canonical-20260920/28-auxiliary-first-compile/source.patch:2766: trailing whitespace.
+ 
docs/evidence/openraft-canonical-20260920/28-auxiliary-first-compile/source.patch:2776: trailing whitespace.
+ 
docs/evidence/openraft-canonical-20260920/28-auxiliary-first-compile/source.patch:2786: trailing whitespace.
+ 
docs/evidence/openraft-canonical-20260920/28-auxiliary-first-compile/source.patch:2804: trailing whitespace.
+ 
docs/evidence/openraft-canonical-20260920/28-auxiliary-first-compile/source.patch:2818: trailing whitespace.
+ 
docs/evidence/openraft-canonical-20260920/28-auxiliary-first-compile/source.patch:2839: trailing whitespace.
+ 
docs/evidence/openraft-canonical-20260920/28-auxiliary-first-compile/source.patch:2852: trailing whitespace.
+ 
docs/evidence/openraft-canonical-20260920/28-auxiliary-first-compile/source.patch:3053: trailing whitespace.
+ 
docs/evidence/openraft-canonical-20260920/28-auxiliary-first-compile/source.patch:3064: trailing whitespace.
+ 
docs/evidence/openraft-canonical-20260920/28-auxiliary-first-compile/source.patch:3066: trailing whitespace.
+ 
docs/evidence/openraft-canonical-20260920/28-auxiliary-first-compile/source.patch:3073: trailing whitespace.
+ 
docs/evidence/openraft-canonical-20260920/28-auxiliary-first-compile/source.patch:3099: trailing whitespace.
+ 
docs/evidence/openraft-canonical-20260920/28-auxiliary-first-compile/source.patch:3102: trailing whitespace.
+ 
docs/evidence/openraft-canonical-20260920/28-auxiliary-first-compile/source.patch:3109: trailing whitespace.
+ 
docs/evidence/openraft-canonical-20260920/28-auxiliary-first-compile/source.patch:3112: trailing whitespace.
+ 
docs/evidence/openraft-canonical-20260920/28-auxiliary-first-compile/source.patch:3119: trailing whitespace.
+ 
docs/evidence/openraft-canonical-20260920/28-auxiliary-first-compile/source.patch:3126: trailing whitespace.
+ 
docs/evidence/openraft-canonical-20260920/28-auxiliary-first-compile/source.patch:3135: trailing whitespace.
+ 
docs/evidence/openraft-canonical-20260920/28-auxiliary-first-compile/source.patch:3179: trailing whitespace.
+ 
docs/evidence/openraft-canonical-20260920/28-auxiliary-first-compile/source.patch:3198: trailing whitespace.
+ 
docs/evidence/openraft-canonical-20260920/28-auxiliary-first-compile/source.patch:3301: trailing whitespace.
+ 
docs/evidence/openraft-canonical-20260920/28-auxiliary-first-compile/source.patch:3314: trailing whitespace.
+ 
docs/evidence/openraft-canonical-20260920/28-auxiliary-first-compile/source.patch:3323: trailing whitespace.
+ 
docs/evidence/openraft-canonical-20260920/28-auxiliary-first-compile/source.patch:3347: trailing whitespace.
+ 
docs/evidence/openraft-canonical-20260920/28-auxiliary-first-compile/source.patch:3357: trailing whitespace.
+ 
docs/evidence/openraft-canonical-20260920/28-auxiliary-first-compile/source.patch:3378: trailing whitespace.
+ 
docs/evidence/openraft-canonical-20260920/28-auxiliary-first-compile/source.patch:3395: trailing whitespace.
+ 
docs/evidence/openraft-canonical-20260920/28-auxiliary-first-compile/source.patch:3405: trailing whitespace.
+ 
docs/evidence/openraft-canonical-20260920/28-auxiliary-first-compile/source.patch:3446: trailing whitespace.
+ 
docs/evidence/openraft-canonical-20260920/28-auxiliary-first-compile/source.patch:3456: trailing whitespace.
+ 
docs/evidence/openraft-canonical-20260920/28-auxiliary-first-compile/source.patch:3467: trailing whitespace.
+ 
docs/evidence/openraft-canonical-20260920/28-auxiliary-first-compile/source.patch:3477: trailing whitespace.
+ 
docs/evidence/openraft-canonical-20260920/28-auxiliary-first-compile/source.patch:3487: trailing whitespace.
+ 
docs/evidence/openraft-canonical-20260920/28-auxiliary-first-compile/source.patch:3497: trailing whitespace.
+ 
docs/evidence/openraft-canonical-20260920/28-auxiliary-first-compile/source.patch:3507: trailing whitespace.
+ 
docs/evidence/openraft-canonical-20260920/28-auxiliary-first-compile/source.patch:3517: trailing whitespace.
+ 
docs/evidence/openraft-canonical-20260920/28-auxiliary-first-compile/source.patch:3527: trailing whitespace.
+ 
docs/evidence/openraft-canonical-20260920/28-auxiliary-first-compile/source.patch:3537: trailing whitespace.
+ 
docs/evidence/openraft-canonical-20260920/28-auxiliary-first-compile/source.patch:3547: trailing whitespace.
+ 
docs/evidence/openraft-canonical-20260920/28-auxiliary-first-compile/source.patch:3562: trailing whitespace.
+ 
docs/evidence/openraft-canonical-20260920/28-auxiliary-first-compile/source.patch:3579: trailing whitespace.
+ 
docs/evidence/openraft-canonical-20260920/28-auxiliary-first-compile/source.patch:3593: trailing whitespace.
+ 
docs/evidence/openraft-canonical-20260920/28-auxiliary-first-compile/source.patch:3616: trailing whitespace.
+ 
docs/evidence/openraft-canonical-20260920/28-auxiliary-first-compile/source.patch:3644: trailing whitespace.
+ 
docs/evidence/openraft-canonical-20260920/28-auxiliary-first-compile/source.patch:3666: trailing whitespace.
+ 
docs/evidence/openraft-canonical-20260920/28-auxiliary-first-compile/source.patch:3674: trailing whitespace.
+ 
docs/evidence/openraft-canonical-20260920/28-auxiliary-first-compile/source.patch:3676: trailing whitespace.
+ 
docs/evidence/openraft-canonical-20260920/28-auxiliary-first-compile/source.patch:3684: trailing whitespace.
+ 
docs/evidence/openraft-canonical-20260920/28-auxiliary-first-compile/source.patch:3686: trailing whitespace.
+ 
docs/evidence/openraft-canonical-20260920/28-auxiliary-first-compile/source.patch:3694: trailing whitespace.
+ 
docs/evidence/openraft-canonical-20260920/28-auxiliary-first-compile/source.patch:3707: trailing whitespace.
+ 
docs/evidence/openraft-canonical-20260920/28-auxiliary-first-compile/source.patch:3734: trailing whitespace.
+ 
docs/evidence/openraft-canonical-20260920/28-auxiliary-first-compile/source.patch:3741: trailing whitespace.
+ 
docs/evidence/openraft-canonical-20260920/28-auxiliary-first-compile/source.patch:3758: trailing whitespace.
+ 
docs/evidence/openraft-canonical-20260920/28-auxiliary-first-compile/source.patch:3765: trailing whitespace.
+ 
docs/evidence/openraft-canonical-20260920/28-auxiliary-first-compile/source.patch:3773: trailing whitespace.
+ 
docs/evidence/openraft-canonical-20260920/28-auxiliary-first-compile/source.patch:3783: trailing whitespace.
+ 
docs/evidence/openraft-canonical-20260920/28-auxiliary-first-compile/source.patch:3797: trailing whitespace.
+ 
docs/evidence/openraft-canonical-20260920/28-auxiliary-first-compile/source.patch:3807: trailing whitespace.
+ 
docs/evidence/openraft-canonical-20260920/28-auxiliary-first-compile/source.patch:3826: trailing whitespace.
+ 
docs/evidence/openraft-canonical-20260920/28-auxiliary-first-compile/source.patch:3846: trailing whitespace.
+ 
docs/evidence/openraft-canonical-20260920/28-auxiliary-first-compile/source.patch:3884: trailing whitespace.
+ 
docs/evidence/openraft-canonical-20260920/28-auxiliary-first-compile/source.patch:3887: trailing whitespace.
+ 
docs/evidence/openraft-canonical-20260920/28-auxiliary-first-compile/source.patch:3890: trailing whitespace.
+ 
docs/evidence/openraft-canonical-20260920/28-auxiliary-first-compile/source.patch:3895: trailing whitespace.
+ 
docs/evidence/openraft-canonical-20260920/28-auxiliary-first-compile/source.patch:3902: trailing whitespace.
+ 
docs/evidence/openraft-canonical-20260920/28-auxiliary-first-compile/source.patch:3919: trailing whitespace.
+ 
docs/evidence/openraft-canonical-20260920/28-auxiliary-first-compile/source.patch:3948: trailing whitespace.
+ 
docs/evidence/openraft-canonical-20260920/28-auxiliary-first-compile/source.patch:4038: trailing whitespace.
+ 
docs/evidence/openraft-canonical-20260920/28-auxiliary-first-compile/source.patch:4062: trailing whitespace.
+ 
docs/evidence/openraft-canonical-20260920/28-auxiliary-first-compile/source.patch:4070: trailing whitespace.
+ 
docs/evidence/openraft-canonical-20260920/28-auxiliary-first-compile/source.patch:4075: trailing whitespace.
+ 
docs/evidence/openraft-canonical-20260920/28-auxiliary-first-compile/source.patch:4085: trailing whitespace.
+ 
docs/evidence/openraft-canonical-20260920/28-auxiliary-first-compile/source.patch:4109: trailing whitespace.
+ 
docs/evidence/openraft-canonical-20260920/28-auxiliary-first-compile/source.patch:4139: trailing whitespace.
+ 
docs/evidence/openraft-canonical-20260920/28-auxiliary-first-compile/source.patch:4149: trailing whitespace.
+ 
docs/evidence/openraft-canonical-20260920/28-auxiliary-first-compile/source.patch:4156: trailing whitespace.
+ 
docs/evidence/openraft-canonical-20260920/28-auxiliary-first-compile/source.patch:4180: trailing whitespace.
+ 
docs/evidence/openraft-canonical-20260920/28-auxiliary-first-compile/source.patch:4186: trailing whitespace.
+ 
docs/evidence/openraft-canonical-20260920/28-auxiliary-first-compile/source.patch:4203: trailing whitespace.
+ 
docs/evidence/openraft-canonical-20260920/28-auxiliary-first-compile/source.patch:4469: trailing whitespace.
+ 
docs/evidence/openraft-canonical-20260920/28-auxiliary-first-compile/source.patch:4482: trailing whitespace.
+ 
docs/evidence/openraft-canonical-20260920/28-auxiliary-first-compile/source.patch:4484: trailing whitespace.
+ 
docs/evidence/openraft-canonical-20260920/28-auxiliary-first-compile/source.patch:4495: trailing whitespace.
+ 
docs/evidence/openraft-canonical-20260920/28-auxiliary-first-compile/source.patch:4497: trailing whitespace.
+ 
docs/evidence/openraft-canonical-20260920/28-auxiliary-first-compile/source.patch:4507: trailing whitespace.
+ 
docs/evidence/openraft-canonical-20260920/28-auxiliary-first-compile/source.patch:4521: trailing whitespace.
+ 
docs/evidence/openraft-canonical-20260920/28-auxiliary-first-compile/source.patch:4538: trailing whitespace.
+ 
docs/evidence/openraft-canonical-20260920/28-auxiliary-first-compile/source.patch:4551: trailing whitespace.
+ 
docs/evidence/openraft-canonical-20260920/28-auxiliary-first-compile/source.patch:4557: trailing whitespace.
+ 
docs/evidence/openraft-canonical-20260920/28-auxiliary-first-compile/source.patch:4562: trailing whitespace.
+ 
docs/evidence/openraft-canonical-20260920/28-auxiliary-first-compile/source.patch:4567: trailing whitespace.
+ 
docs/evidence/openraft-canonical-20260920/28-auxiliary-first-compile/source.patch:4573: trailing whitespace.
+ 
docs/evidence/openraft-canonical-20260920/28-auxiliary-first-compile/source.patch:4581: trailing whitespace.
+ 
docs/evidence/openraft-canonical-20260920/28-auxiliary-first-compile/source.patch:4593: trailing whitespace.
+ 
docs/evidence/openraft-canonical-20260920/28-auxiliary-first-compile/source.patch:4749: trailing whitespace.
+ 
docs/evidence/openraft-canonical-20260920/28-auxiliary-first-compile/source.patch:4760: trailing whitespace.
+ 
docs/evidence/openraft-canonical-20260920/28-auxiliary-first-compile/source.patch:4771: trailing whitespace.
+ 
docs/evidence/openraft-canonical-20260920/28-auxiliary-first-compile/source.patch:4797: trailing whitespace.
+ 
docs/evidence/openraft-canonical-20260920/28-auxiliary-first-compile/source.patch:4811: trailing whitespace.
+ 
docs/evidence/openraft-canonical-20260920/28-auxiliary-first-compile/source.patch:4823: trailing whitespace.
+ 
docs/evidence/openraft-canonical-20260920/28-auxiliary-first-compile/source.patch:4843: trailing whitespace.
+ 
docs/evidence/openraft-canonical-20260920/28-auxiliary-first-compile/source.patch:4845: trailing whitespace.
+ 
docs/evidence/openraft-canonical-20260920/28-auxiliary-first-compile/source.patch:4853: trailing whitespace.
+ 
docs/evidence/openraft-canonical-20260920/28-auxiliary-first-compile/source.patch:4859: trailing whitespace.
+ 
docs/evidence/openraft-canonical-20260920/28-auxiliary-first-compile/source.patch:4867: trailing whitespace.
+ 
docs/evidence/openraft-canonical-20260920/28-auxiliary-first-compile/source.patch:4884: trailing whitespace.
+ 
docs/evidence/openraft-canonical-20260920/28-auxiliary-first-compile/source.patch:4888: trailing whitespace.
+ 
docs/evidence/openraft-canonical-20260920/28-auxiliary-first-compile/source.patch:4913: trailing whitespace.
+ 
docs/evidence/openraft-canonical-20260920/28-auxiliary-first-compile/source.patch:4917: trailing whitespace.
+ 
docs/evidence/openraft-canonical-20260920/28-auxiliary-first-compile/source.patch:4931: trailing whitespace.
+ 
docs/evidence/openraft-canonical-20260920/28-auxiliary-first-compile/source.patch:4934: trailing whitespace.
+ 
docs/evidence/openraft-canonical-20260920/28-auxiliary-first-compile/source.patch:4936: trailing whitespace.
+ 
docs/evidence/openraft-canonical-20260920/28-auxiliary-first-compile/source.patch:4950: trailing whitespace.
+ 
docs/evidence/openraft-canonical-20260920/28-auxiliary-first-compile/source.patch:4958: trailing whitespace.
+ 
docs/evidence/openraft-canonical-20260920/28-auxiliary-first-compile/source.patch:4963: trailing whitespace.
+ 
docs/evidence/openraft-canonical-20260920/28-auxiliary-first-compile/source.patch:4969: trailing whitespace.
+ 
docs/evidence/openraft-canonical-20260920/28-auxiliary-first-compile/source.patch:4978: trailing whitespace.
+ 
docs/evidence/openraft-canonical-20260920/28-auxiliary-first-compile/source.patch:5003: trailing whitespace.
+ 
docs/evidence/openraft-canonical-20260920/28-auxiliary-first-compile/source.patch:5013: trailing whitespace.
+ 
docs/evidence/openraft-canonical-20260920/28-auxiliary-first-compile/source.patch:5033: trailing whitespace.
+ 
docs/evidence/openraft-canonical-20260920/28-auxiliary-first-compile/source.patch:5043: trailing whitespace.
+ 
docs/evidence/openraft-canonical-20260920/28-auxiliary-first-compile/source.patch:5053: trailing whitespace.
+ 
docs/evidence/openraft-canonical-20260920/28-auxiliary-first-compile/source.patch:5071: trailing whitespace.
+ 
docs/evidence/openraft-canonical-20260920/28-auxiliary-first-compile/source.patch:5084: trailing whitespace.
+ 
docs/evidence/openraft-canonical-20260920/28-auxiliary-first-compile/source.patch:5095: trailing whitespace.
+ 
docs/evidence/openraft-canonical-20260920/28-auxiliary-first-compile/source.patch:5106: trailing whitespace.
+ 
docs/evidence/openraft-canonical-20260920/28-auxiliary-first-compile/source.patch:5114: trailing whitespace.
+ 
docs/evidence/openraft-canonical-20260920/28-auxiliary-first-compile/source.patch:5124: trailing whitespace.
+ 
docs/evidence/openraft-canonical-20260920/28-auxiliary-first-compile/source.patch:5442: trailing whitespace.
+ 
docs/evidence/openraft-canonical-20260920/28-auxiliary-first-compile/source.patch:5449: trailing whitespace.
+ 
docs/evidence/openraft-canonical-20260920/28-auxiliary-first-compile/source.patch:5453: trailing whitespace.
+ 
docs/evidence/openraft-canonical-20260920/28-auxiliary-first-compile/source.patch:5467: trailing whitespace.
+ 
docs/evidence/openraft-canonical-20260920/28-auxiliary-first-compile/source.patch:5477: trailing whitespace.
+ 
docs/evidence/openraft-canonical-20260920/28-auxiliary-first-compile/source.patch:5486: trailing whitespace.
+ 
docs/evidence/openraft-canonical-20260920/28-auxiliary-first-compile/source.patch:5496: trailing whitespace.
+ 
docs/evidence/openraft-canonical-20260920/28-auxiliary-first-compile/source.patch:5509: trailing whitespace.
+ 
docs/evidence/openraft-canonical-20260920/28-auxiliary-first-compile/source.patch:5530: trailing whitespace.
+ 
docs/evidence/openraft-canonical-20260920/28-auxiliary-first-compile/source.patch:5543: trailing whitespace.
+ 
docs/evidence/openraft-canonical-20260920/28-auxiliary-first-compile/source.patch:5553: trailing whitespace.
+ 
docs/evidence/openraft-canonical-20260920/28-auxiliary-first-compile/source.patch:5598: trailing whitespace.
+ 
docs/evidence/openraft-canonical-20260920/28-auxiliary-first-compile/source.patch:5998: trailing whitespace.
+ 
docs/evidence/openraft-canonical-20260920/28-auxiliary-first-compile/source.patch:6013: trailing whitespace.
+ 
docs/evidence/openraft-canonical-20260920/28-auxiliary-first-compile/source.patch:6039: trailing whitespace.
+ 
docs/evidence/openraft-canonical-20260920/28-auxiliary-first-compile/source.patch:6049: trailing whitespace.
+ 
docs/evidence/openraft-canonical-20260920/28-auxiliary-first-compile/source.patch:6079: trailing whitespace.
+ 
docs/evidence/openraft-canonical-20260920/28-auxiliary-first-compile/source.patch:6099: trailing whitespace.
+ 
docs/evidence/openraft-canonical-20260920/28-auxiliary-first-compile/source.patch:6109: trailing whitespace.
+ 
docs/evidence/openraft-canonical-20260920/28-auxiliary-first-compile/source.patch:6123: trailing whitespace.
+ 
docs/evidence/openraft-canonical-20260920/28-auxiliary-first-compile/source.patch:6143: trailing whitespace.
+ 
docs/evidence/openraft-canonical-20260920/28-auxiliary-first-compile/source.patch:6153: trailing whitespace.
+ 
docs/evidence/openraft-canonical-20260920/28-auxiliary-first-compile/source.patch:6178: trailing whitespace.
+ 
docs/evidence/openraft-canonical-20260920/28-auxiliary-first-compile/source.patch:6181: trailing whitespace.
+ 
docs/evidence/openraft-canonical-20260920/28-auxiliary-first-compile/source.patch:6198: trailing whitespace.
+ 
docs/evidence/openraft-canonical-20260920/28-auxiliary-first-compile/source.patch:6218: trailing whitespace.
+ 
docs/evidence/openraft-canonical-20260920/28-auxiliary-first-compile/source.patch:6233: trailing whitespace.
+ 
docs/evidence/openraft-canonical-20260920/28-auxiliary-first-compile/source.patch:6255: trailing whitespace.
+ 
docs/evidence/openraft-canonical-20260920/28-auxiliary-first-compile/source.patch:6272: trailing whitespace.
+ 
docs/evidence/openraft-canonical-20260920/28-auxiliary-first-compile/source.patch:6287: trailing whitespace.
+ 
docs/evidence/openraft-canonical-20260920/28-auxiliary-first-compile/source.patch:6302: trailing whitespace.
+ 
docs/evidence/openraft-canonical-20260920/28-auxiliary-first-compile/source.patch:6317: trailing whitespace.
+ 
docs/evidence/openraft-canonical-20260920/28-auxiliary-first-compile/source.patch:6336: trailing whitespace.
+ 
docs/evidence/openraft-canonical-20260920/28-auxiliary-first-compile/source.patch:6341: trailing whitespace.
+ 
docs/evidence/openraft-canonical-20260920/28-auxiliary-first-compile/source.patch:6352: trailing whitespace.
+ 
docs/evidence/openraft-canonical-20260920/28-auxiliary-first-compile/source.patch:6355: trailing whitespace.
+ 
docs/evidence/openraft-canonical-20260920/28-auxiliary-first-compile/source.patch:6367: trailing whitespace.
+ 
docs/evidence/openraft-canonical-20260920/28-auxiliary-first-compile/source.patch:6370: trailing whitespace.
+ 
docs/evidence/openraft-canonical-20260920/28-auxiliary-first-compile/source.patch:6383: trailing whitespace.
+ 
docs/evidence/openraft-canonical-20260920/28-auxiliary-first-compile/source.patch:6399: trailing whitespace.
+ 
docs/evidence/openraft-canonical-20260920/28-auxiliary-first-compile/source.patch:6404: trailing whitespace.
+ 
docs/evidence/openraft-canonical-20260920/28-auxiliary-first-compile/source.patch:6422: trailing whitespace.
+ 
docs/evidence/openraft-canonical-20260920/28-auxiliary-first-compile/source.patch:6424: trailing whitespace.
+ 
docs/evidence/openraft-canonical-20260920/28-auxiliary-first-compile/source.patch:6437: trailing whitespace.
+ 
docs/evidence/openraft-canonical-20260920/28-auxiliary-first-compile/source.patch:6440: trailing whitespace.
+ 
docs/evidence/openraft-canonical-20260920/28-auxiliary-first-compile/source.patch:6453: trailing whitespace.
+ 
docs/evidence/openraft-canonical-20260920/28-auxiliary-first-compile/source.patch:6456: trailing whitespace.
+ 
docs/evidence/openraft-canonical-20260920/28-auxiliary-first-compile/source.patch:6468: trailing whitespace.
+ 
docs/evidence/openraft-canonical-20260920/28-auxiliary-first-compile/source.patch:6471: trailing whitespace.
+ 
docs/evidence/openraft-canonical-20260920/28-auxiliary-first-compile/source.patch:6482: trailing whitespace.
+ 
docs/evidence/openraft-canonical-20260920/28-auxiliary-first-compile/source.patch:6491: trailing whitespace.
+ 
docs/evidence/openraft-canonical-20260920/28-auxiliary-first-compile/source.patch:6500: trailing whitespace.
+ 
docs/evidence/openraft-canonical-20260920/28-auxiliary-first-compile/source.patch:6515: trailing whitespace.
+ 
docs/evidence/openraft-canonical-20260920/28-auxiliary-first-compile/source.patch:6543: trailing whitespace.
+ 
docs/evidence/openraft-canonical-20260920/28-auxiliary-first-compile/source.patch:6549: trailing whitespace.
+ 
docs/evidence/openraft-canonical-20260920/28-auxiliary-first-compile/source.patch:6564: trailing whitespace.
+ 
docs/evidence/openraft-canonical-20260920/28-auxiliary-first-compile/source.patch:6604: trailing whitespace.
+ 
docs/evidence/openraft-canonical-20260920/28-auxiliary-first-compile/source.patch:6621: trailing whitespace.
+ 
docs/evidence/openraft-canonical-20260920/28-auxiliary-first-compile/source.patch:6630: trailing whitespace.
+ 
docs/evidence/openraft-canonical-20260920/28-auxiliary-first-compile/source.patch:6639: trailing whitespace.
+ 
docs/evidence/openraft-canonical-20260920/28-auxiliary-first-compile/source.patch:6642: trailing whitespace.
+ 
docs/evidence/openraft-canonical-20260920/28-auxiliary-first-compile/source.patch:6661: trailing whitespace.
+ 
docs/evidence/openraft-canonical-20260920/28-auxiliary-first-compile/source.patch:6684: trailing whitespace.
+ 
docs/evidence/openraft-canonical-20260920/28-auxiliary-first-compile/source.patch:6740: trailing whitespace.
+ 
docs/evidence/openraft-canonical-20260920/28-auxiliary-first-compile/source.patch:6760: trailing whitespace.
+ 
docs/evidence/openraft-canonical-20260920/28-auxiliary-first-compile/source.patch:6769: trailing whitespace.
+ 
docs/evidence/openraft-canonical-20260920/28-auxiliary-first-compile/source.patch:6787: trailing whitespace.
+ 
docs/evidence/openraft-canonical-20260920/28-auxiliary-first-compile/source.patch:7050: trailing whitespace.
+ 
docs/evidence/openraft-canonical-20260920/28-auxiliary-first-compile/source.patch:7056: trailing whitespace.
+ 
docs/evidence/openraft-canonical-20260920/28-auxiliary-first-compile/source.patch:7071: trailing whitespace.
+ 
docs/evidence/openraft-canonical-20260920/28-auxiliary-first-compile/source.patch:7079: trailing whitespace.
+ 
docs/evidence/openraft-canonical-20260920/28-auxiliary-first-compile/source.patch:7094: trailing whitespace.
+ 
docs/evidence/openraft-canonical-20260920/29-auxiliary-unit-tests/output.log:11: new blank line at EOF.
docs/evidence/openraft-canonical-20260920/29-auxiliary-unit-tests/source.patch:225: trailing whitespace.
+ 
docs/evidence/openraft-canonical-20260920/29-auxiliary-unit-tests/source.patch:227: trailing whitespace.
+ 
docs/evidence/openraft-canonical-20260920/29-auxiliary-unit-tests/source.patch:232: trailing whitespace.
+ 
docs/evidence/openraft-canonical-20260920/29-auxiliary-unit-tests/source.patch:233: trailing whitespace.
+ 
docs/evidence/openraft-canonical-20260920/29-auxiliary-unit-tests/source.patch:235: trailing whitespace.
+ 
docs/evidence/openraft-canonical-20260920/29-auxiliary-unit-tests/source.patch:237: trailing whitespace.
+ 
docs/evidence/openraft-canonical-20260920/29-auxiliary-unit-tests/source.patch:252: trailing whitespace.
+ 
docs/evidence/openraft-canonical-20260920/29-auxiliary-unit-tests/source.patch:260: trailing whitespace.
+ 
docs/evidence/openraft-canonical-20260920/29-auxiliary-unit-tests/source.patch:273: trailing whitespace.
+ 
docs/evidence/openraft-canonical-20260920/29-auxiliary-unit-tests/source.patch:292: trailing whitespace.
+ 
docs/evidence/openraft-canonical-20260920/29-auxiliary-unit-tests/source.patch:313: trailing whitespace.
+ 
docs/evidence/openraft-canonical-20260920/29-auxiliary-unit-tests/source.patch:328: trailing whitespace.
+ 
docs/evidence/openraft-canonical-20260920/29-auxiliary-unit-tests/source.patch:331: trailing whitespace.
+ 
docs/evidence/openraft-canonical-20260920/29-auxiliary-unit-tests/source.patch:382: trailing whitespace.
+ 
docs/evidence/openraft-canonical-20260920/29-auxiliary-unit-tests/source.patch:391: trailing whitespace.
+ 
docs/evidence/openraft-canonical-20260920/29-auxiliary-unit-tests/source.patch:399: trailing whitespace.
+ 
docs/evidence/openraft-canonical-20260920/29-auxiliary-unit-tests/source.patch:425: trailing whitespace.
+ 
docs/evidence/openraft-canonical-20260920/29-auxiliary-unit-tests/source.patch:435: trailing whitespace.
+ 
docs/evidence/openraft-canonical-20260920/29-auxiliary-unit-tests/source.patch:437: trailing whitespace.
+ 
docs/evidence/openraft-canonical-20260920/29-auxiliary-unit-tests/source.patch:441: trailing whitespace.
+ 
docs/evidence/openraft-canonical-20260920/29-auxiliary-unit-tests/source.patch:453: trailing whitespace.
+ 
docs/evidence/openraft-canonical-20260920/29-auxiliary-unit-tests/source.patch:457: trailing whitespace.
+ 
docs/evidence/openraft-canonical-20260920/29-auxiliary-unit-tests/source.patch:464: trailing whitespace.
+ 
docs/evidence/openraft-canonical-20260920/29-auxiliary-unit-tests/source.patch:488: trailing whitespace.
+ 
docs/evidence/openraft-canonical-20260920/29-auxiliary-unit-tests/source.patch:490: trailing whitespace.
+ 
docs/evidence/openraft-canonical-20260920/29-auxiliary-unit-tests/source.patch:497: trailing whitespace.
+ 
docs/evidence/openraft-canonical-20260920/29-auxiliary-unit-tests/source.patch:513: trailing whitespace.
+ 
docs/evidence/openraft-canonical-20260920/29-auxiliary-unit-tests/source.patch:518: trailing whitespace.
+ 
docs/evidence/openraft-canonical-20260920/29-auxiliary-unit-tests/source.patch:538: trailing whitespace.
+ 
docs/evidence/openraft-canonical-20260920/29-auxiliary-unit-tests/source.patch:549: trailing whitespace.
+ 
docs/evidence/openraft-canonical-20260920/29-auxiliary-unit-tests/source.patch:560: trailing whitespace.
+ 
docs/evidence/openraft-canonical-20260920/29-auxiliary-unit-tests/source.patch:568: trailing whitespace.
+ 
docs/evidence/openraft-canonical-20260920/29-auxiliary-unit-tests/source.patch:572: trailing whitespace.
+ 
docs/evidence/openraft-canonical-20260920/29-auxiliary-unit-tests/source.patch:635: trailing whitespace.
+ 
docs/evidence/openraft-canonical-20260920/29-auxiliary-unit-tests/source.patch:640: trailing whitespace.
+ 
docs/evidence/openraft-canonical-20260920/29-auxiliary-unit-tests/source.patch:645: trailing whitespace.
+ 
docs/evidence/openraft-canonical-20260920/29-auxiliary-unit-tests/source.patch:649: trailing whitespace.
+ 
docs/evidence/openraft-canonical-20260920/29-auxiliary-unit-tests/source.patch:654: trailing whitespace.
+ 
docs/evidence/openraft-canonical-20260920/29-auxiliary-unit-tests/source.patch:680: trailing whitespace.
+ 
docs/evidence/openraft-canonical-20260920/29-auxiliary-unit-tests/source.patch:795: trailing whitespace.
+ 
docs/evidence/openraft-canonical-20260920/29-auxiliary-unit-tests/source.patch:832: trailing whitespace.
+ 
docs/evidence/openraft-canonical-20260920/29-auxiliary-unit-tests/source.patch:848: trailing whitespace.
+ 
docs/evidence/openraft-canonical-20260920/29-auxiliary-unit-tests/source.patch:861: trailing whitespace.
+ 
docs/evidence/openraft-canonical-20260920/29-auxiliary-unit-tests/source.patch:875: trailing whitespace.
+ 
docs/evidence/openraft-canonical-20260920/29-auxiliary-unit-tests/source.patch:950: trailing whitespace.
+ 
docs/evidence/openraft-canonical-20260920/29-auxiliary-unit-tests/source.patch:955: trailing whitespace.
+ 
docs/evidence/openraft-canonical-20260920/29-auxiliary-unit-tests/source.patch:966: trailing whitespace.
+ 
docs/evidence/openraft-canonical-20260920/29-auxiliary-unit-tests/source.patch:971: trailing whitespace.
+ 
docs/evidence/openraft-canonical-20260920/29-auxiliary-unit-tests/source.patch:993: trailing whitespace.
+ 
docs/evidence/openraft-canonical-20260920/29-auxiliary-unit-tests/source.patch:1103: trailing whitespace.
+ 
docs/evidence/openraft-canonical-20260920/29-auxiliary-unit-tests/source.patch:1117: trailing whitespace.
+ 
docs/evidence/openraft-canonical-20260920/29-auxiliary-unit-tests/source.patch:1121: trailing whitespace.
+ 
docs/evidence/openraft-canonical-20260920/29-auxiliary-unit-tests/source.patch:1149: trailing whitespace.
+ 
docs/evidence/openraft-canonical-20260920/29-auxiliary-unit-tests/source.patch:1168: trailing whitespace.
+ 
docs/evidence/openraft-canonical-20260920/29-auxiliary-unit-tests/source.patch:1196: trailing whitespace.
+ 
docs/evidence/openraft-canonical-20260920/29-auxiliary-unit-tests/source.patch:1243: trailing whitespace.
+ 
docs/evidence/openraft-canonical-20260920/29-auxiliary-unit-tests/source.patch:1257: trailing whitespace.
+ 
docs/evidence/openraft-canonical-20260920/29-auxiliary-unit-tests/source.patch:1275: trailing whitespace.
+ 
docs/evidence/openraft-canonical-20260920/29-auxiliary-unit-tests/source.patch:1288: trailing whitespace.
+ 
docs/evidence/openraft-canonical-20260920/29-auxiliary-unit-tests/source.patch:1297: trailing whitespace.
+ 
docs/evidence/openraft-canonical-20260920/29-auxiliary-unit-tests/source.patch:1315: trailing whitespace.
+ 
docs/evidence/openraft-canonical-20260920/29-auxiliary-unit-tests/source.patch:1339: trailing whitespace.
+ 
docs/evidence/openraft-canonical-20260920/29-auxiliary-unit-tests/source.patch:1359: trailing whitespace.
+ 
docs/evidence/openraft-canonical-20260920/29-auxiliary-unit-tests/source.patch:1369: trailing whitespace.
+ 
docs/evidence/openraft-canonical-20260920/29-auxiliary-unit-tests/source.patch:1373: trailing whitespace.
+ 
docs/evidence/openraft-canonical-20260920/29-auxiliary-unit-tests/source.patch:1381: trailing whitespace.
+ 
docs/evidence/openraft-canonical-20260920/29-auxiliary-unit-tests/source.patch:1386: trailing whitespace.
+ 
docs/evidence/openraft-canonical-20260920/29-auxiliary-unit-tests/source.patch:1389: trailing whitespace.
+ 
docs/evidence/openraft-canonical-20260920/29-auxiliary-unit-tests/source.patch:1476: trailing whitespace.
+ 
docs/evidence/openraft-canonical-20260920/29-auxiliary-unit-tests/source.patch:1507: trailing whitespace.
+ 
docs/evidence/openraft-canonical-20260920/29-auxiliary-unit-tests/source.patch:1518: trailing whitespace.
+ 
docs/evidence/openraft-canonical-20260920/29-auxiliary-unit-tests/source.patch:1532: trailing whitespace.
+ 
docs/evidence/openraft-canonical-20260920/29-auxiliary-unit-tests/source.patch:1553: trailing whitespace.
+ 
docs/evidence/openraft-canonical-20260920/29-auxiliary-unit-tests/source.patch:1566: trailing whitespace.
+ 
docs/evidence/openraft-canonical-20260920/29-auxiliary-unit-tests/source.patch:1767: trailing whitespace.
+ 
docs/evidence/openraft-canonical-20260920/29-auxiliary-unit-tests/source.patch:1778: trailing whitespace.
+ 
docs/evidence/openraft-canonical-20260920/29-auxiliary-unit-tests/source.patch:1780: trailing whitespace.
+ 
docs/evidence/openraft-canonical-20260920/29-auxiliary-unit-tests/source.patch:1787: trailing whitespace.
+ 
docs/evidence/openraft-canonical-20260920/29-auxiliary-unit-tests/source.patch:1899: trailing whitespace.
+ 
docs/evidence/openraft-canonical-20260920/29-auxiliary-unit-tests/source.patch:1931: trailing whitespace.
+ 
docs/evidence/openraft-canonical-20260920/29-auxiliary-unit-tests/source.patch:1951: trailing whitespace.
+ 
docs/evidence/openraft-canonical-20260920/29-auxiliary-unit-tests/source.patch:1989: trailing whitespace.
+ 
docs/evidence/openraft-canonical-20260920/29-auxiliary-unit-tests/source.patch:1992: trailing whitespace.
+ 
docs/evidence/openraft-canonical-20260920/29-auxiliary-unit-tests/source.patch:1995: trailing whitespace.
+ 
docs/evidence/openraft-canonical-20260920/29-auxiliary-unit-tests/source.patch:2000: trailing whitespace.
+ 
docs/evidence/openraft-canonical-20260920/29-auxiliary-unit-tests/source.patch:2007: trailing whitespace.
+ 
docs/evidence/openraft-canonical-20260920/29-auxiliary-unit-tests/source.patch:2024: trailing whitespace.
+ 
docs/evidence/openraft-canonical-20260920/29-auxiliary-unit-tests/source.patch:2053: trailing whitespace.
+ 
docs/evidence/openraft-canonical-20260920/29-auxiliary-unit-tests/source.patch:2143: trailing whitespace.
+ 
docs/evidence/openraft-canonical-20260920/29-auxiliary-unit-tests/source.patch:2167: trailing whitespace.
+ 
docs/evidence/openraft-canonical-20260920/29-auxiliary-unit-tests/source.patch:2175: trailing whitespace.
+ 
docs/evidence/openraft-canonical-20260920/29-auxiliary-unit-tests/source.patch:2180: trailing whitespace.
+ 
docs/evidence/openraft-canonical-20260920/29-auxiliary-unit-tests/source.patch:2190: trailing whitespace.
+ 
docs/evidence/openraft-canonical-20260920/29-auxiliary-unit-tests/source.patch:2214: trailing whitespace.
+ 
docs/evidence/openraft-canonical-20260920/29-auxiliary-unit-tests/source.patch:2479: trailing whitespace.
+ 
docs/evidence/openraft-canonical-20260920/29-auxiliary-unit-tests/source.patch:2481: trailing whitespace.
+ 
docs/evidence/openraft-canonical-20260920/29-auxiliary-unit-tests/source.patch:2492: trailing whitespace.
+ 
docs/evidence/openraft-canonical-20260920/29-auxiliary-unit-tests/source.patch:2494: trailing whitespace.
+ 
docs/evidence/openraft-canonical-20260920/29-auxiliary-unit-tests/source.patch:2504: trailing whitespace.
+ 
docs/evidence/openraft-canonical-20260920/29-auxiliary-unit-tests/source.patch:2518: trailing whitespace.
+ 
docs/evidence/openraft-canonical-20260920/29-auxiliary-unit-tests/source.patch:2535: trailing whitespace.
+ 
docs/evidence/openraft-canonical-20260920/29-auxiliary-unit-tests/source.patch:2548: trailing whitespace.
+ 
docs/evidence/openraft-canonical-20260920/29-auxiliary-unit-tests/source.patch:2554: trailing whitespace.
+ 
docs/evidence/openraft-canonical-20260920/29-auxiliary-unit-tests/source.patch:2559: trailing whitespace.
+ 
docs/evidence/openraft-canonical-20260920/29-auxiliary-unit-tests/source.patch:2564: trailing whitespace.
+ 
docs/evidence/openraft-canonical-20260920/29-auxiliary-unit-tests/source.patch:2570: trailing whitespace.
+ 
docs/evidence/openraft-canonical-20260920/29-auxiliary-unit-tests/source.patch:2578: trailing whitespace.
+ 
docs/evidence/openraft-canonical-20260920/29-auxiliary-unit-tests/source.patch:2590: trailing whitespace.
+ 
docs/evidence/openraft-canonical-20260920/29-auxiliary-unit-tests/source.patch:2742: trailing whitespace.
+ 
docs/evidence/openraft-canonical-20260920/29-auxiliary-unit-tests/source.patch:2778: trailing whitespace.
+ 
docs/evidence/openraft-canonical-20260920/29-auxiliary-unit-tests/source.patch:2790: trailing whitespace.
+ 
docs/evidence/openraft-canonical-20260920/29-auxiliary-unit-tests/source.patch:2810: trailing whitespace.
+ 
docs/evidence/openraft-canonical-20260920/29-auxiliary-unit-tests/source.patch:2812: trailing whitespace.
+ 
docs/evidence/openraft-canonical-20260920/29-auxiliary-unit-tests/source.patch:2820: trailing whitespace.
+ 
docs/evidence/openraft-canonical-20260920/29-auxiliary-unit-tests/source.patch:2826: trailing whitespace.
+ 
docs/evidence/openraft-canonical-20260920/29-auxiliary-unit-tests/source.patch:2834: trailing whitespace.
+ 
docs/evidence/openraft-canonical-20260920/29-auxiliary-unit-tests/source.patch:2851: trailing whitespace.
+ 
docs/evidence/openraft-canonical-20260920/29-auxiliary-unit-tests/source.patch:2855: trailing whitespace.
+ 
docs/evidence/openraft-canonical-20260920/29-auxiliary-unit-tests/source.patch:2880: trailing whitespace.
+ 
docs/evidence/openraft-canonical-20260920/29-auxiliary-unit-tests/source.patch:2884: trailing whitespace.
+ 
docs/evidence/openraft-canonical-20260920/29-auxiliary-unit-tests/source.patch:2891: trailing whitespace.
+ 
docs/evidence/openraft-canonical-20260920/29-auxiliary-unit-tests/source.patch:2903: trailing whitespace.
+ 
docs/evidence/openraft-canonical-20260920/29-auxiliary-unit-tests/source.patch:2905: trailing whitespace.
+ 
docs/evidence/openraft-canonical-20260920/29-auxiliary-unit-tests/source.patch:2919: trailing whitespace.
+ 
docs/evidence/openraft-canonical-20260920/29-auxiliary-unit-tests/source.patch:2927: trailing whitespace.
+ 
docs/evidence/openraft-canonical-20260920/29-auxiliary-unit-tests/source.patch:2932: trailing whitespace.
+ 
docs/evidence/openraft-canonical-20260920/29-auxiliary-unit-tests/source.patch:2938: trailing whitespace.
+ 
docs/evidence/openraft-canonical-20260920/29-auxiliary-unit-tests/source.patch:2947: trailing whitespace.
+ 
docs/evidence/openraft-canonical-20260920/29-auxiliary-unit-tests/source.patch:2966: trailing whitespace.
+ 
docs/evidence/openraft-canonical-20260920/29-auxiliary-unit-tests/source.patch:2971: trailing whitespace.
+ 
docs/evidence/openraft-canonical-20260920/29-auxiliary-unit-tests/source.patch:2983: trailing whitespace.
+ 
docs/evidence/openraft-canonical-20260920/29-auxiliary-unit-tests/source.patch:3305: trailing whitespace.
+ 
docs/evidence/openraft-canonical-20260920/29-auxiliary-unit-tests/source.patch:3666: trailing whitespace.
+ 
docs/evidence/openraft-canonical-20260920/29-auxiliary-unit-tests/source.patch:3685: trailing whitespace.
+ 
docs/evidence/openraft-canonical-20260920/29-auxiliary-unit-tests/source.patch:3708: trailing whitespace.
+ 
docs/evidence/openraft-canonical-20260920/29-auxiliary-unit-tests/source.patch:3764: trailing whitespace.
+ 
docs/evidence/openraft-canonical-20260920/29-auxiliary-unit-tests/source.patch:3784: trailing whitespace.
+ 
docs/evidence/openraft-canonical-20260920/29-auxiliary-unit-tests/source.patch:3793: trailing whitespace.
+ 
docs/evidence/openraft-canonical-20260920/29-auxiliary-unit-tests/source.patch:3811: trailing whitespace.
+ 
docs/evidence/openraft-canonical-20260920/30-canonical-auxiliary-cluster-tests/output.log:115: new blank line at EOF.
docs/evidence/openraft-canonical-20260920/31-frozen-canonical-collector-integration/output.log:116: new blank line at EOF.
docs/evidence/openraft-canonical-20260920/32-frozen-canonical-collector-units/output.log:221: new blank line at EOF.
docs/evidence/openraft-canonical-20260920/36-incoming-custody-tests/output.log:18: new blank line at EOF.
docs/evidence/openraft-canonical-20260920/38-incoming-custody-fence-tests/output.log:15: new blank line at EOF.
docs/evidence/openraft-canonical-20260920/39-frozen-incoming-feature-units/output.log:234: new blank line at EOF.
docs/evidence/openraft-canonical-20260920/40-frozen-incoming-integration/output.log:118: new blank line at EOF.
docs/evidence/openraft-canonical-20260920/41-startup-cancellation-custody/output.log:11: new blank line at EOF.
docs/evidence/openraft-canonical-20260920/42-frozen-final-custody-units/output.log:234: new blank line at EOF.
docs/evidence/openraft-canonical-20260920/43-frozen-final-custody-integration/output.log:119: new blank line at EOF.
docs/evidence/openraft-canonical-20260920/46-frozen-fallible-transfer-units/output.log:235: new blank line at EOF.
docs/evidence/openraft-canonical-20260920/47-frozen-fallible-transfer-integration/output.log:119: new blank line at EOF.
docs/evidence/openraft-canonical-20260920/canonical-custody-delta.patch:2233: trailing whitespace.
+ 
docs/evidence/openraft-canonical-20260920/canonical-custody-delta.patch:2242: trailing whitespace.
+ 
docs/evidence/openraft-canonical-20260920/canonical-custody-delta.patch:2244: trailing whitespace.
+ 
docs/evidence/openraft-canonical-20260920/canonical-custody-delta.patch:2248: trailing whitespace.
+ 
docs/evidence/openraft-canonical-20260920/canonical-custody-delta.patch:2251: trailing whitespace.
+ 
docs/evidence/openraft-canonical-20260920/canonical-custody-delta.patch:2260: trailing whitespace.
+ 
docs/evidence/openraft-canonical-20260920/canonical-custody-delta.patch:2273: trailing whitespace.
+ 
docs/evidence/openraft-canonical-20260920/canonical-custody-delta.patch:2331: trailing whitespace.
+ 
docs/evidence/openraft-canonical-20260920/canonical-custody-delta.patch:2353: trailing whitespace.
+ 
docs/evidence/openraft-canonical-20260920/canonical-custody-delta.patch:2363: trailing whitespace.
+ 
docs/evidence/openraft-canonical-20260920/canonical-custody-delta.patch:2377: trailing whitespace.
+ 
docs/evidence/openraft-canonical-20260920/canonical-custody-delta.patch:2384: trailing whitespace.
+ 
docs/evidence/openraft-canonical-20260920/canonical-custody-delta.patch:2396: trailing whitespace.
+ 
docs/evidence/openraft-canonical-20260920/canonical-custody-delta.patch:2405: trailing whitespace.
+ 
docs/evidence/openraft-canonical-20260920/canonical-custody-delta.patch:2414: trailing whitespace.
+ 
docs/evidence/openraft-canonical-20260920/canonical-custody-delta.patch:2422: trailing whitespace.
+ 
docs/evidence/openraft-canonical-20260920/canonical-custody-delta.patch:2425: trailing whitespace.
+ 
docs/evidence/openraft-canonical-20260920/canonical-custody-delta.patch:2436: trailing whitespace.
+ 
docs/evidence/openraft-canonical-20260920/canonical-custody-delta.patch:2444: trailing whitespace.
+ 
docs/evidence/openraft-canonical-20260920/canonical-custody-delta.patch:2449: trailing whitespace.
+ 
docs/evidence/openraft-canonical-20260920/canonical-custody-delta.patch:2459: trailing whitespace.
+ 
docs/evidence/openraft-canonical-20260920/canonical-custody-delta.patch:2500: trailing whitespace.
+ 
docs/evidence/openraft-canonical-20260920/canonical-custody-delta.patch:2502: trailing whitespace.
+ 
docs/evidence/openraft-canonical-20260920/canonical-custody-delta.patch:2516: trailing whitespace.
+ 
docs/evidence/openraft-canonical-20260920/canonical-custody-delta.patch:2706: trailing whitespace.
+ 
docs/evidence/openraft-canonical-20260920/canonical-custody-delta.patch:2726: trailing whitespace.
+ 
docs/evidence/openraft-canonical-20260920/canonical-custody-delta.patch:2732: trailing whitespace.
+ 
docs/evidence/openraft-canonical-20260920/canonical-custody-delta.patch:2745: trailing whitespace.
+ 
docs/evidence/openraft-canonical-20260920/canonical-custody-delta.patch:2760: trailing whitespace.
+ 
docs/evidence/openraft-canonical-20260920/canonical-custody-delta.patch:2790: trailing whitespace.
+ 
docs/evidence/openraft-canonical-20260920/canonical-custody-delta.patch:2796: trailing whitespace.
+ 
docs/evidence/openraft-canonical-20260920/canonical-custody-delta.patch:3042: trailing whitespace.
+ 
docs/evidence/openraft-canonical-20260920/canonical-custody-delta.patch:3050: trailing whitespace.
+ 
docs/evidence/openraft-canonical-20260920/canonical-custody-delta.patch:3061: trailing whitespace.
+ 
docs/evidence/openraft-canonical-20260920/canonical-custody-delta.patch:3072: trailing whitespace.
+ 
docs/evidence/openraft-canonical-20260920/canonical-custody-delta.patch:3077: trailing whitespace.
+ 
docs/evidence/openraft-canonical-20260920/canonical-custody-delta.patch:3087: trailing whitespace.
+ 
docs/evidence/openraft-canonical-20260920/canonical-custody-delta.patch:3147: trailing whitespace.
+ 
docs/evidence/openraft-canonical-20260920/canonical-custody-delta.patch:3149: trailing whitespace.
+ 
docs/evidence/openraft-canonical-20260920/canonical-custody-delta.patch:3153: trailing whitespace.
+ 
docs/evidence/openraft-canonical-20260920/canonical-custody-delta.patch:3168: trailing whitespace.
+ 
docs/evidence/openraft-canonical-20260920/canonical-custody-delta.patch:3176: trailing whitespace.
+ 
docs/evidence/openraft-canonical-20260920/canonical-custody-delta.patch:3191: trailing whitespace.
+ 
docs/evidence/openraft-canonical-20260920/canonical-custody-delta.patch:3202: trailing whitespace.
+ 
docs/evidence/openraft-canonical-20260920/canonical-custody-delta.patch:3226: trailing whitespace.
+ 
docs/evidence/openraft-canonical-20260920/canonical-custody-delta.patch:3228: trailing whitespace.
+ 
docs/evidence/openraft-canonical-20260920/canonical-custody-delta.patch:3235: trailing whitespace.
+ 
docs/evidence/openraft-canonical-20260920/canonical-custody-delta.patch:3254: trailing whitespace.
+ 
docs/evidence/openraft-canonical-20260920/canonical-custody-delta.patch:3273: trailing whitespace.
+ 
docs/evidence/openraft-canonical-20260920/canonical-custody-delta.patch:3297: trailing whitespace.
+ 
docs/evidence/openraft-canonical-20260920/canonical-custody-delta.patch:3316: trailing whitespace.
+ 
docs/evidence/openraft-canonical-20260920/canonical-custody-delta.patch:3333: trailing whitespace.
+ 
docs/evidence/openraft-canonical-20260920/canonical-custody-delta.patch:3344: trailing whitespace.
+ 
docs/evidence/openraft-canonical-20260920/canonical-custody-delta.patch:3353: trailing whitespace.
+ 
docs/evidence/openraft-canonical-20260920/canonical-custody-delta.patch:3357: trailing whitespace.
+ 
docs/evidence/openraft-canonical-20260920/canonical-custody-delta.patch:3363: trailing whitespace.
+ 
docs/evidence/openraft-canonical-20260920/canonical-custody-delta.patch:3367: trailing whitespace.
+ 
docs/evidence/openraft-canonical-20260920/canonical-custody-delta.patch:3377: trailing whitespace.
+ 
docs/evidence/openraft-canonical-20260920/canonical-custody-delta.patch:3397: trailing whitespace.
+ 
docs/evidence/openraft-canonical-20260920/canonical-custody-delta.patch:3413: trailing whitespace.
+ 
docs/evidence/openraft-canonical-20260920/canonical-custody-delta.patch:3464: trailing whitespace.
+ 
docs/evidence/openraft-canonical-20260920/canonical-custody-delta.patch:3469: trailing whitespace.
+ 
docs/evidence/openraft-canonical-20260920/canonical-custody-delta.patch:3475: trailing whitespace.
+ 
docs/evidence/openraft-canonical-20260920/canonical-custody-delta.patch:3481: trailing whitespace.
+ 
docs/evidence/openraft-canonical-20260920/canonical-custody-delta.patch:3487: trailing whitespace.
+ 
docs/evidence/openraft-canonical-20260920/canonical-custody-delta.patch:3490: trailing whitespace.
+ 
docs/evidence/openraft-canonical-20260920/canonical-custody-delta.patch:3616: trailing whitespace.
+ 
docs/evidence/openraft-canonical-20260920/canonical-custody-delta.patch:3620: trailing whitespace.
+ 
docs/evidence/openraft-canonical-20260920/canonical-custody-delta.patch:3629: trailing whitespace.
+ 
docs/evidence/openraft-canonical-20260920/canonical-custody-delta.patch:3634: trailing whitespace.
+ 
docs/evidence/openraft-canonical-20260920/canonical-custody-delta.patch:3638: trailing whitespace.
+ 
docs/evidence/openraft-canonical-20260920/canonical-custody-delta.patch:3660: trailing whitespace.
+ 
docs/evidence/openraft-canonical-20260920/canonical-custody-delta.patch:3694: trailing whitespace.
+ 
docs/evidence/openraft-canonical-20260920/canonical-custody-delta.patch:3734: trailing whitespace.
+ 
docs/evidence/openraft-canonical-20260920/canonical-custody-delta.patch:3739: trailing whitespace.
+ 
docs/evidence/openraft-canonical-20260920/canonical-custody-delta.patch:3749: trailing whitespace.
+ 
docs/evidence/openraft-canonical-20260920/canonical-custody-delta.patch:3753: trailing whitespace.
+ 
docs/evidence/openraft-canonical-20260920/canonical-custody-delta.patch:3774: trailing whitespace.
+ 
docs/evidence/openraft-canonical-20260920/canonical-custody-delta.patch:3779: trailing whitespace.
+ 
docs/evidence/openraft-canonical-20260920/canonical-custody-delta.patch:3794: trailing whitespace.
+ 
docs/evidence/openraft-canonical-20260920/canonical-custody-delta.patch:3814: trailing whitespace.
+ 
docs/evidence/openraft-canonical-20260920/canonical-custody-delta.patch:3823: trailing whitespace.
+ 
docs/evidence/openraft-canonical-20260920/canonical-custody-delta.patch:3827: trailing whitespace.
+ 
docs/evidence/openraft-canonical-20260920/canonical-custody-delta.patch:3855: trailing whitespace.
+ 
docs/evidence/openraft-canonical-20260920/canonical-custody-delta.patch:3859: trailing whitespace.
+ 
docs/evidence/openraft-canonical-20260920/canonical-custody-delta.patch:3863: trailing whitespace.
+ 
docs/evidence/openraft-canonical-20260920/canonical-custody-delta.patch:3876: trailing whitespace.
+ 
docs/evidence/openraft-canonical-20260920/canonical-custody-delta.patch:3957: trailing whitespace.
+ 
docs/evidence/openraft-canonical-20260920/canonical-custody-delta.patch:3966: trailing whitespace.
+ 
docs/evidence/openraft-canonical-20260920/canonical-custody-delta.patch:4017: trailing whitespace.
+ 
docs/evidence/openraft-canonical-20260920/canonical-custody-delta.patch:4022: trailing whitespace.
+ 
docs/evidence/openraft-canonical-20260920/canonical-custody-delta.patch:4066: trailing whitespace.
+ 
docs/evidence/openraft-canonical-20260920/canonical-custody-delta.patch:4080: trailing whitespace.
+ 
docs/evidence/openraft-canonical-20260920/canonical-custody-delta.patch:4096: trailing whitespace.
+ 
docs/evidence/openraft-canonical-20260920/canonical-custody-delta.patch:4105: trailing whitespace.
+ 
docs/evidence/openraft-canonical-20260920/canonical-custody-delta.patch:4119: trailing whitespace.
+ 
docs/evidence/openraft-canonical-20260920/canonical-custody-delta.patch:4134: trailing whitespace.
+ 
docs/evidence/openraft-canonical-20260920/canonical-custody-delta.patch:4147: trailing whitespace.
+ 
docs/evidence/openraft-canonical-20260920/canonical-custody-delta.patch:4172: trailing whitespace.
+ 
docs/evidence/openraft-canonical-20260920/canonical-custody-delta.patch:4185: trailing whitespace.
+ 
docs/evidence/openraft-canonical-20260920/canonical-custody-delta.patch:4198: trailing whitespace.
+ 
docs/evidence/openraft-canonical-20260920/canonical-custody-delta.patch:4211: trailing whitespace.
+ 
docs/evidence/openraft-canonical-20260920/canonical-custody-delta.patch:4224: trailing whitespace.
+ 
docs/evidence/openraft-canonical-20260920/canonical-custody-delta.patch:4237: trailing whitespace.
+ 
docs/evidence/openraft-canonical-20260920/canonical-custody-delta.patch:4250: trailing whitespace.
+ 
docs/evidence/openraft-canonical-20260920/canonical-custody-delta.patch:4262: trailing whitespace.
+ 
docs/evidence/openraft-canonical-20260920/canonical-custody-delta.patch:4275: trailing whitespace.
+ 
docs/evidence/openraft-canonical-20260920/canonical-custody-delta.patch:4288: trailing whitespace.
+ 
docs/evidence/openraft-canonical-20260920/canonical-custody-delta.patch:4302: trailing whitespace.
+ 
docs/evidence/openraft-canonical-20260920/canonical-custody-delta.patch:4331: trailing whitespace.
+ 
docs/evidence/openraft-canonical-20260920/canonical-custody-delta.patch:4338: trailing whitespace.
+ 
docs/evidence/openraft-canonical-20260920/canonical-custody-delta.patch:4344: trailing whitespace.
+ 
docs/evidence/openraft-canonical-20260920/canonical-custody-delta.patch:4352: trailing whitespace.
+ 
docs/evidence/openraft-canonical-20260920/canonical-custody-delta.patch:4355: trailing whitespace.
+ 
docs/evidence/openraft-canonical-20260920/canonical-custody-delta.patch:4363: trailing whitespace.
+ 
docs/evidence/openraft-canonical-20260920/canonical-custody-delta.patch:4383: trailing whitespace.
+ 
docs/evidence/openraft-canonical-20260920/canonical-custody-delta.patch:4393: trailing whitespace.
+ 
docs/evidence/openraft-canonical-20260920/canonical-custody-delta.patch:4397: trailing whitespace.
+ 
docs/evidence/openraft-canonical-20260920/canonical-custody-delta.patch:4404: trailing whitespace.
+ 
docs/evidence/openraft-canonical-20260920/canonical-custody-delta.patch:4421: trailing whitespace.
+ 
docs/evidence/openraft-canonical-20260920/canonical-custody-delta.patch:4426: trailing whitespace.
+ 
docs/evidence/openraft-canonical-20260920/canonical-custody-delta.patch:4469: trailing whitespace.
+ 
docs/evidence/openraft-canonical-20260920/canonical-custody-delta.patch:4472: trailing whitespace.
+ 
docs/evidence/openraft-canonical-20260920/canonical-custody-delta.patch:4474: trailing whitespace.
+ 
docs/evidence/openraft-canonical-20260920/canonical-custody-delta.patch:4487: trailing whitespace.
+ 
docs/evidence/openraft-canonical-20260920/canonical-custody-delta.patch:4513: trailing whitespace.
+ 
docs/evidence/openraft-canonical-20260920/canonical-custody-delta.patch:4529: trailing whitespace.
+ 
docs/evidence/openraft-canonical-20260920/canonical-custody-delta.patch:4557: trailing whitespace.
+ 
docs/evidence/openraft-canonical-20260920/canonical-custody-delta.patch:4561: trailing whitespace.
+ 
docs/evidence/openraft-canonical-20260920/canonical-custody-delta.patch:4571: trailing whitespace.
+ 
docs/evidence/openraft-canonical-20260920/canonical-custody-delta.patch:4583: trailing whitespace.
+ 
docs/evidence/openraft-canonical-20260920/canonical-custody-delta.patch:4608: trailing whitespace.
+ 
docs/evidence/openraft-canonical-20260920/canonical-custody-delta.patch:4612: trailing whitespace.
+ 
docs/evidence/openraft-canonical-20260920/canonical-custody-delta.patch:4697: trailing whitespace.
+ 
docs/evidence/openraft-canonical-20260920/canonical-custody-delta.patch:4722: trailing whitespace.
+ 
docs/evidence/openraft-canonical-20260920/canonical-custody-delta.patch:4744: trailing whitespace.
+ 
docs/evidence/openraft-canonical-20260920/canonical-custody-delta.patch:4778: trailing whitespace.
+ 
docs/evidence/openraft-canonical-20260920/canonical-custody-delta.patch:4782: trailing whitespace.
+ 
docs/evidence/openraft-canonical-20260920/canonical-custody-delta.patch:4799: trailing whitespace.
+ 
docs/evidence/openraft-canonical-20260920/canonical-custody-delta.patch:4809: trailing whitespace.
+ 
docs/evidence/openraft-canonical-20260920/canonical-custody-delta.patch:4812: trailing whitespace.
+ 
docs/evidence/openraft-canonical-20260920/canonical-custody-delta.patch:4829: trailing whitespace.
+ 
docs/evidence/openraft-canonical-20260920/canonical-custody-delta.patch:4839: trailing whitespace.
+ 
docs/evidence/openraft-canonical-20260920/canonical-custody-delta.patch:4842: trailing whitespace.
+ 
docs/evidence/openraft-canonical-20260920/canonical-custody-delta.patch:4859: trailing whitespace.
+ 
docs/evidence/openraft-canonical-20260920/canonical-custody-delta.patch:4869: trailing whitespace.
+ 
docs/evidence/openraft-canonical-20260920/canonical-custody-delta.patch:4872: trailing whitespace.
+ 
docs/evidence/openraft-canonical-20260920/canonical-custody-delta.patch:4889: trailing whitespace.
+ 
docs/evidence/openraft-canonical-20260920/canonical-custody-delta.patch:4899: trailing whitespace.
+ 
docs/evidence/openraft-canonical-20260920/canonical-custody-delta.patch:4910: trailing whitespace.
+ 
docs/evidence/openraft-canonical-20260920/canonical-custody-delta.patch:4913: trailing whitespace.
+ 
docs/evidence/openraft-canonical-20260920/canonical-custody-delta.patch:4922: trailing whitespace.
+ 
docs/evidence/openraft-canonical-20260920/canonical-custody-delta.patch:4926: trailing whitespace.
+ 
docs/evidence/openraft-canonical-20260920/canonical-custody-delta.patch:4943: trailing whitespace.
+ 
docs/evidence/openraft-canonical-20260920/canonical-custody-delta.patch:4953: trailing whitespace.
+ 
docs/evidence/openraft-canonical-20260920/canonical-custody-delta.patch:4965: trailing whitespace.
+ 
docs/evidence/openraft-canonical-20260920/canonical-custody-delta.patch:4969: trailing whitespace.
+ 
docs/evidence/openraft-canonical-20260920/canonical-custody-delta.patch:4986: trailing whitespace.
+ 
docs/evidence/openraft-canonical-20260920/canonical-custody-delta.patch:4996: trailing whitespace.
+ 
docs/evidence/openraft-canonical-20260920/canonical-custody-delta.patch:4999: trailing whitespace.
+ 
docs/evidence/openraft-canonical-20260920/canonical-custody-delta.patch:5016: trailing whitespace.
+ 
docs/evidence/openraft-canonical-20260920/canonical-custody-delta.patch:5026: trailing whitespace.
+ 
docs/evidence/openraft-canonical-20260920/canonical-custody-delta.patch:5030: trailing whitespace.
+ 
docs/evidence/openraft-canonical-20260920/canonical-custody-delta.patch:5041: trailing whitespace.
+ 
docs/evidence/openraft-canonical-20260920/canonical-custody-delta.patch:5058: trailing whitespace.
+ 
docs/evidence/openraft-canonical-20260920/canonical-custody-delta.patch:5068: trailing whitespace.
+ 
docs/evidence/openraft-canonical-20260920/canonical-custody-delta.patch:5071: trailing whitespace.
+ 
docs/evidence/openraft-canonical-20260920/canonical-custody-delta.patch:5091: trailing whitespace.
+ 
docs/evidence/openraft-canonical-20260920/canonical-custody-delta.patch:5527: trailing whitespace.
+ 
docs/evidence/openraft-canonical-20260920/canonical-custody-delta.patch:5575: trailing whitespace.
+ 
docs/evidence/openraft-canonical-20260920/canonical-custody-delta.patch:5583: trailing whitespace.
+ 
docs/evidence/openraft-canonical-20260920/canonical-custody-delta.patch:5588: trailing whitespace.
+ 
docs/evidence/openraft-canonical-20260920/canonical-custody-delta.patch:5600: trailing whitespace.
+ 
docs/evidence/openraft-canonical-20260920/canonical-custody-delta.patch:5604: trailing whitespace.
+ 
docs/evidence/openraft-canonical-20260920/canonical-custody-delta.patch:5608: trailing whitespace.
+ 
docs/evidence/openraft-canonical-20260920/canonical-custody-delta.patch:5618: trailing whitespace.
+ 
docs/evidence/openraft-canonical-20260920/canonical-custody-delta.patch:5622: trailing whitespace.
+ 
docs/evidence/openraft-canonical-20260920/canonical-custody-delta.patch:5627: trailing whitespace.
+ 
docs/evidence/openraft-canonical-20260920/canonical-custody-delta.patch:5633: trailing whitespace.
+ 
docs/evidence/openraft-canonical-20260920/canonical-custody-delta.patch:5649: trailing whitespace.
+ 
docs/evidence/openraft-canonical-20260920/canonical-custody-delta.patch:5655: trailing whitespace.
+ 
docs/evidence/openraft-canonical-20260920/canonical-custody-delta.patch:5660: trailing whitespace.
+ 
docs/evidence/openraft-canonical-20260920/canonical-custody-delta.patch:5671: trailing whitespace.
+ 
docs/evidence/openraft-canonical-20260920/canonical-custody-delta.patch:5678: trailing whitespace.
+ 
docs/evidence/openraft-canonical-20260920/canonical-custody-delta.patch:5690: trailing whitespace.
+ 
docs/evidence/openraft-canonical-20260920/canonical-custody-delta.patch:5697: trailing whitespace.
+ 
docs/evidence/openraft-canonical-20260920/canonical-custody-delta.patch:5700: trailing whitespace.
+ 
docs/evidence/openraft-canonical-20260920/canonical-custody-delta.patch:5708: trailing whitespace.
+ 
docs/evidence/openraft-canonical-20260920/canonical-custody-delta.patch:5716: trailing whitespace.
+ 
docs/evidence/openraft-canonical-20260920/canonical-custody-delta.patch:5725: trailing whitespace.
+ 
docs/evidence/openraft-canonical-20260920/canonical-custody-delta.patch:5728: trailing whitespace.
+ 
docs/evidence/openraft-canonical-20260920/canonical-custody-delta.patch:5753: trailing whitespace.
+ 
docs/evidence/openraft-canonical-20260920/canonical-custody-delta.patch:5763: trailing whitespace.
+ 
docs/evidence/openraft-canonical-20260920/canonical-custody-delta.patch:5768: trailing whitespace.
+ 
docs/evidence/openraft-canonical-20260920/canonical-custody-delta.patch:5777: trailing whitespace.
+ 
docs/evidence/openraft-canonical-20260920/canonical-custody-delta.patch:5795: trailing whitespace.
+ 
docs/evidence/openraft-canonical-20260920/canonical-custody-delta.patch:5806: trailing whitespace.
+ 
docs/evidence/openraft-canonical-20260920/canonical-custody-delta.patch:5819: trailing whitespace.
+ 
docs/evidence/openraft-canonical-20260920/canonical-custody-delta.patch:5830: trailing whitespace.
+ 
docs/evidence/openraft-canonical-20260920/canonical-custody-delta.patch:5835: trailing whitespace.
+ 
docs/evidence/openraft-canonical-20260920/canonical-custody-delta.patch:5841: trailing whitespace.
+ 
docs/evidence/openraft-canonical-20260920/canonical-custody-delta.patch:5960: trailing whitespace.
+ 
docs/evidence/openraft-canonical-20260920/canonical-custody-delta.patch:5969: trailing whitespace.
+ 
docs/evidence/openraft-canonical-20260920/canonical-custody-delta.patch:5979: trailing whitespace.
+ 
docs/evidence/openraft-canonical-20260920/canonical-custody-delta.patch:5997: trailing whitespace.
+ 
docs/evidence/openraft-canonical-20260920/canonical-custody-delta.patch:6014: trailing whitespace.
+ 
docs/evidence/openraft-canonical-20260920/canonical-custody-delta.patch:6021: trailing whitespace.
+ 
docs/evidence/openraft-canonical-20260920/canonical-custody-delta.patch:6034: trailing whitespace.
+ 
docs/evidence/openraft-canonical-20260920/canonical-custody-delta.patch:6157: trailing whitespace.
+ 
docs/evidence/openraft-canonical-20260920/canonical-custody-delta.patch:6167: trailing whitespace.
+ 
docs/evidence/openraft-canonical-20260920/canonical-custody-delta.patch:6185: trailing whitespace.
+ 
docs/evidence/openraft-canonical-20260920/canonical-custody-delta.patch:6208: trailing whitespace.
+ 
docs/evidence/openraft-canonical-20260920/canonical-custody-delta.patch:6221: trailing whitespace.
+ 
docs/evidence/openraft-canonical-20260920/canonical-custody-delta.patch:6231: trailing whitespace.
+ 
docs/evidence/openraft-canonical-20260920/canonical-custody-delta.patch:6250: trailing whitespace.
+ 
docs/evidence/openraft-canonical-20260920/canonical-custody-delta.patch:6254: trailing whitespace.
+ 
docs/evidence/openraft-canonical-20260920/canonical-custody-delta.patch:6259: trailing whitespace.
+ 
docs/evidence/openraft-canonical-20260920/canonical-custody-delta.patch:6271: trailing whitespace.
+ 
docs/evidence/openraft-canonical-20260920/canonical-custody-delta.patch:6280: trailing whitespace.
+ 
docs/evidence/openraft-canonical-20260920/canonical-custody-delta.patch:6289: trailing whitespace.
+ 
docs/evidence/openraft-canonical-20260920/canonical-custody-delta.patch:6291: trailing whitespace.
+ 
docs/evidence/openraft-canonical-20260920/canonical-custody-delta.patch:6293: trailing whitespace.
+ 
docs/evidence/openraft-canonical-20260920/canonical-custody-delta.patch:6295: trailing whitespace.
+ 
docs/evidence/openraft-canonical-20260920/canonical-custody-delta.patch:6303: trailing whitespace.
+ 
docs/evidence/openraft-canonical-20260920/canonical-custody-delta.patch:6309: trailing whitespace.
+ 
docs/evidence/openraft-canonical-20260920/canonical-custody-delta.patch:6319: trailing whitespace.
+ 
docs/evidence/openraft-canonical-20260920/canonical-custody-delta.patch:6323: trailing whitespace.
+ 
docs/evidence/openraft-canonical-20260920/canonical-custody-delta.patch:6331: trailing whitespace.
+ 
docs/evidence/openraft-canonical-20260920/canonical-custody-delta.patch:6335: trailing whitespace.
+ 
docs/evidence/openraft-canonical-20260920/canonical-custody-delta.patch:6345: trailing whitespace.
+ 
docs/evidence/openraft-canonical-20260920/canonical-custody-delta.patch:6367: trailing whitespace.
+ 
docs/evidence/openraft-canonical-20260920/canonical-custody-delta.patch:6379: trailing whitespace.
+ 
docs/evidence/openraft-canonical-20260920/canonical-custody-delta.patch:6392: trailing whitespace.
+ 
docs/evidence/openraft-canonical-20260920/canonical-custody-delta.patch:6403: trailing whitespace.
+ 
docs/evidence/openraft-canonical-20260920/canonical-custody-delta.patch:6439: trailing whitespace.
+ 
docs/evidence/openraft-canonical-20260920/canonical-custody-delta.patch:6464: trailing whitespace.
+ 
docs/evidence/openraft-canonical-20260920/canonical-custody-delta.patch:6488: trailing whitespace.
+ 
docs/evidence/openraft-canonical-20260920/canonical-custody-delta.patch:6503: trailing whitespace.
+ 
docs/evidence/openraft-canonical-20260920/canonical-custody-delta.patch:6528: trailing whitespace.
+ 
docs/evidence/openraft-canonical-20260920/canonical-custody-delta.patch:6542: trailing whitespace.
+ 
docs/evidence/openraft-canonical-20260920/canonical-custody-delta.patch:6545: trailing whitespace.
+ 
docs/evidence/openraft-canonical-20260920/canonical-custody-delta.patch:6559: trailing whitespace.
+ 
docs/evidence/openraft-canonical-20260920/canonical-custody-delta.patch:6565: trailing whitespace.
+ 
docs/evidence/openraft-canonical-20260920/canonical-custody-delta.patch:6576: trailing whitespace.
+ 
docs/evidence/openraft-canonical-20260920/canonical-custody-delta.patch:6589: trailing whitespace.
+ 
docs/evidence/openraft-canonical-20260920/canonical-custody-delta.patch:6591: trailing whitespace.
+ 
docs/evidence/openraft-canonical-20260920/canonical-custody-delta.patch:6599: trailing whitespace.
+ 
docs/evidence/openraft-canonical-20260920/canonical-custody-delta.patch:6621: trailing whitespace.
+ 
docs/evidence/openraft-canonical-20260920/canonical-custody-delta.patch:6631: trailing whitespace.
+ 
docs/evidence/openraft-canonical-20260920/canonical-custody-delta.patch:6634: trailing whitespace.
+ 
docs/evidence/openraft-canonical-20260920/canonical-custody-delta.patch:6644: trailing whitespace.
+ 
docs/evidence/openraft-canonical-20260920/canonical-custody-delta.patch:6659: trailing whitespace.
+ 
docs/evidence/openraft-canonical-20260920/canonical-custody-delta.patch:6683: trailing whitespace.
+ 
docs/evidence/openraft-canonical-20260920/canonical-custody-delta.patch:6686: trailing whitespace.
+ 
docs/evidence/openraft-canonical-20260920/canonical-custody-delta.patch:6698: trailing whitespace.
+ 
docs/evidence/openraft-canonical-20260920/canonical-custody-delta.patch:6722: trailing whitespace.
+ 
docs/evidence/openraft-canonical-20260920/canonical-custody-delta.patch:6743: trailing whitespace.
+ 
docs/evidence/openraft-canonical-20260920/canonical-custody-delta.patch:6747: trailing whitespace.
+ 
docs/evidence/openraft-canonical-20260920/canonical-custody-delta.patch:6759: trailing whitespace.
+ 
docs/evidence/openraft-canonical-20260920/pending-auxiliary-transfer.patch:182: trailing whitespace.
+ 
docs/evidence/openraft-canonical-20260920/pending-auxiliary-transfer.patch:202: trailing whitespace.
+ 
docs/evidence/openraft-canonical-20260920/pending-auxiliary-transfer.patch:208: trailing whitespace.
+ 
docs/evidence/openraft-canonical-20260920/pending-auxiliary-transfer.patch:221: trailing whitespace.
+ 
docs/evidence/openraft-canonical-20260920/pending-auxiliary-transfer.patch:236: trailing whitespace.
+ 
docs/evidence/openraft-canonical-20260920/pending-auxiliary-transfer.patch:266: trailing whitespace.
+ 
docs/evidence/openraft-canonical-20260920/pending-auxiliary-transfer.patch:272: trailing whitespace.
+ 
docs/evidence/openraft-canonical-20260920/pending-auxiliary-transfer.patch:518: trailing whitespace.
+ 
docs/evidence/openraft-canonical-20260920/pending-auxiliary-transfer.patch:552: trailing whitespace.
+ 
docs/evidence/openraft-canonical-20260920/pending-auxiliary-transfer.patch:564: trailing whitespace.
+ 
docs/evidence/openraft-canonical-20260920/pending-auxiliary-transfer.patch:568: trailing whitespace.
+ 
docs/evidence/openraft-canonical-20260920/pending-auxiliary-transfer.patch:575: trailing whitespace.
+ 
docs/evidence/openraft-canonical-20260920/pending-auxiliary-transfer.patch:599: trailing whitespace.
+ 
docs/evidence/openraft-canonical-20260920/pending-auxiliary-transfer.patch:601: trailing whitespace.
+ 
docs/evidence/openraft-canonical-20260920/pending-auxiliary-transfer.patch:608: trailing whitespace.
+ 
docs/evidence/openraft-canonical-20260920/pending-auxiliary-transfer.patch:624: trailing whitespace.
+ 
docs/evidence/openraft-canonical-20260920/pending-auxiliary-transfer.patch:629: trailing whitespace.
+ 
docs/evidence/openraft-canonical-20260920/pending-auxiliary-transfer.patch:640: trailing whitespace.
+ 
docs/evidence/openraft-canonical-20260920/pending-auxiliary-transfer.patch:653: trailing whitespace.
+ 
docs/evidence/openraft-canonical-20260920/pending-auxiliary-transfer.patch:770: trailing whitespace.
+ 
docs/evidence/openraft-canonical-20260920/pending-auxiliary-transfer.patch:778: trailing whitespace.
+ 
docs/evidence/openraft-canonical-20260920/pending-auxiliary-transfer.patch:783: trailing whitespace.
+ 
docs/evidence/openraft-canonical-20260920/pending-auxiliary-transfer.patch:822: trailing whitespace.
+ 
docs/evidence/openraft-canonical-20260920/pending-auxiliary-transfer.patch:874: trailing whitespace.
+ 
docs/evidence/openraft-canonical-20260920/pending-auxiliary-transfer.patch:891: trailing whitespace.
+ 
docs/evidence/openraft-canonical-20260920/pending-auxiliary-transfer.patch:903: trailing whitespace.
+ 
docs/evidence/openraft-canonical-20260920/pending-auxiliary-transfer.patch:936: trailing whitespace.
+ 
docs/evidence/openraft-canonical-20260920/pending-auxiliary-transfer.patch:962: trailing whitespace.
+ 
docs/evidence/openraft-canonical-20260920/pending-auxiliary-transfer.patch:1031: trailing whitespace.
+ 
docs/evidence/openraft-canonical-20260920/replication-full.patch:225: trailing whitespace.
+ 
docs/evidence/openraft-canonical-20260920/replication-full.patch:227: trailing whitespace.
+ 
docs/evidence/openraft-canonical-20260920/replication-full.patch:232: trailing whitespace.
+ 
docs/evidence/openraft-canonical-20260920/replication-full.patch:233: trailing whitespace.
+ 
docs/evidence/openraft-canonical-20260920/replication-full.patch:235: trailing whitespace.
+ 
docs/evidence/openraft-canonical-20260920/replication-full.patch:237: trailing whitespace.
+ 
docs/evidence/openraft-canonical-20260920/replication-full.patch:252: trailing whitespace.
+ 
docs/evidence/openraft-canonical-20260920/replication-full.patch:262: trailing whitespace.
+ 
docs/evidence/openraft-canonical-20260920/replication-full.patch:275: trailing whitespace.
+ 
docs/evidence/openraft-canonical-20260920/replication-full.patch:290: trailing whitespace.
+ 
docs/evidence/openraft-canonical-20260920/replication-full.patch:322: trailing whitespace.
+ 
docs/evidence/openraft-canonical-20260920/replication-full.patch:328: trailing whitespace.
+ 
docs/evidence/openraft-canonical-20260920/replication-full.patch:334: trailing whitespace.
+ 
docs/evidence/openraft-canonical-20260920/replication-full.patch:343: trailing whitespace.
+ 
docs/evidence/openraft-canonical-20260920/replication-full.patch:345: trailing whitespace.
+ 
docs/evidence/openraft-canonical-20260920/replication-full.patch:349: trailing whitespace.
+ 
docs/evidence/openraft-canonical-20260920/replication-full.patch:369: trailing whitespace.
+ 
docs/evidence/openraft-canonical-20260920/replication-full.patch:376: trailing whitespace.
+ 
docs/evidence/openraft-canonical-20260920/replication-full.patch:387: trailing whitespace.
+ 
docs/evidence/openraft-canonical-20260920/replication-full.patch:395: trailing whitespace.
+ 
docs/evidence/openraft-canonical-20260920/replication-full.patch:399: trailing whitespace.
+ 
docs/evidence/openraft-canonical-20260920/replication-full.patch:408: trailing whitespace.
+ 
docs/evidence/openraft-canonical-20260920/replication-full.patch:429: trailing whitespace.
+ 
docs/evidence/openraft-canonical-20260920/replication-full.patch:460: trailing whitespace.
+ 
docs/evidence/openraft-canonical-20260920/replication-full.patch:465: trailing whitespace.
+ 
docs/evidence/openraft-canonical-20260920/replication-full.patch:470: trailing whitespace.
+ 
docs/evidence/openraft-canonical-20260920/replication-full.patch:474: trailing whitespace.
+ 
docs/evidence/openraft-canonical-20260920/replication-full.patch:479: trailing whitespace.
+ 
docs/evidence/openraft-canonical-20260920/replication-full.patch:531: trailing whitespace.
+ 
docs/evidence/openraft-canonical-20260920/replication-full.patch:547: trailing whitespace.
+ 
docs/evidence/openraft-canonical-20260920/replication-full.patch:559: trailing whitespace.
+ 
docs/evidence/openraft-canonical-20260920/replication-full.patch:620: trailing whitespace.
+ 
docs/evidence/openraft-canonical-20260920/replication-full.patch:625: trailing whitespace.
+ 
docs/evidence/openraft-canonical-20260920/replication-full.patch:636: trailing whitespace.
+ 
docs/evidence/openraft-canonical-20260920/replication-full.patch:641: trailing whitespace.
+ 
docs/evidence/openraft-canonical-20260920/replication-full.patch:663: trailing whitespace.
+ 
docs/evidence/openraft-canonical-20260920/replication-full.patch:773: trailing whitespace.
+ 
docs/evidence/openraft-canonical-20260920/replication-full.patch:787: trailing whitespace.
+ 
docs/evidence/openraft-canonical-20260920/replication-full.patch:791: trailing whitespace.
+ 
docs/evidence/openraft-canonical-20260920/replication-full.patch:819: trailing whitespace.
+ 
docs/evidence/openraft-canonical-20260920/replication-full.patch:838: trailing whitespace.
+ 
docs/evidence/openraft-canonical-20260920/replication-full.patch:866: trailing whitespace.
+ 
docs/evidence/openraft-canonical-20260920/replication-full.patch:913: trailing whitespace.
+ 
docs/evidence/openraft-canonical-20260920/replication-full.patch:927: trailing whitespace.
+ 
docs/evidence/openraft-canonical-20260920/replication-full.patch:945: trailing whitespace.
+ 
docs/evidence/openraft-canonical-20260920/replication-full.patch:958: trailing whitespace.
+ 
docs/evidence/openraft-canonical-20260920/replication-full.patch:967: trailing whitespace.
+ 
docs/evidence/openraft-canonical-20260920/replication-full.patch:985: trailing whitespace.
+ 
docs/evidence/openraft-canonical-20260920/replication-full.patch:1009: trailing whitespace.
+ 
docs/evidence/openraft-canonical-20260920/replication-full.patch:1029: trailing whitespace.
+ 
docs/evidence/openraft-canonical-20260920/replication-full.patch:1039: trailing whitespace.
+ 
docs/evidence/openraft-canonical-20260920/replication-full.patch:1043: trailing whitespace.
+ 
docs/evidence/openraft-canonical-20260920/replication-full.patch:1051: trailing whitespace.
+ 
docs/evidence/openraft-canonical-20260920/replication-full.patch:1056: trailing whitespace.
+ 
docs/evidence/openraft-canonical-20260920/replication-full.patch:1059: trailing whitespace.
+ 
docs/evidence/openraft-canonical-20260920/replication-full.patch:1146: trailing whitespace.
+ 
docs/evidence/openraft-canonical-20260920/replication-full.patch:1177: trailing whitespace.
+ 
docs/evidence/openraft-canonical-20260920/replication-full.patch:1188: trailing whitespace.
+ 
docs/evidence/openraft-canonical-20260920/replication-full.patch:1193: trailing whitespace.
+ 
docs/evidence/openraft-canonical-20260920/replication-full.patch:1206: trailing whitespace.
+ 
docs/evidence/openraft-canonical-20260920/replication-full.patch:1371: trailing whitespace.
+ 
docs/evidence/openraft-canonical-20260920/replication-full.patch:1382: trailing whitespace.
+ 
docs/evidence/openraft-canonical-20260920/replication-full.patch:1384: trailing whitespace.
+ 
docs/evidence/openraft-canonical-20260920/replication-full.patch:1391: trailing whitespace.
+ 
docs/evidence/openraft-canonical-20260920/replication-full.patch:1492: trailing whitespace.
+ 
docs/evidence/openraft-canonical-20260920/replication-full.patch:1524: trailing whitespace.
+ 
docs/evidence/openraft-canonical-20260920/replication-full.patch:1554: trailing whitespace.
+ 
docs/evidence/openraft-canonical-20260920/replication-full.patch:1557: trailing whitespace.
+ 
docs/evidence/openraft-canonical-20260920/replication-full.patch:1560: trailing whitespace.
+ 
docs/evidence/openraft-canonical-20260920/replication-full.patch:1565: trailing whitespace.
+ 
docs/evidence/openraft-canonical-20260920/replication-full.patch:1571: trailing whitespace.
+ 
docs/evidence/openraft-canonical-20260920/replication-full.patch:1587: trailing whitespace.
+ 
docs/evidence/openraft-canonical-20260920/replication-full.patch:1606: trailing whitespace.
+ 
docs/evidence/openraft-canonical-20260920/replication-full.patch:1699: trailing whitespace.
+ 
docs/evidence/openraft-canonical-20260920/replication-full.patch:1707: trailing whitespace.
+ 
docs/evidence/openraft-canonical-20260920/replication-full.patch:1712: trailing whitespace.
+ 
docs/evidence/openraft-canonical-20260920/replication-full.patch:1722: trailing whitespace.
+ 
docs/evidence/openraft-canonical-20260920/replication-full.patch:1746: trailing whitespace.
+ 
docs/evidence/openraft-canonical-20260920/replication-full.patch:2010: trailing whitespace.
+ 
docs/evidence/openraft-canonical-20260920/replication-full.patch:2012: trailing whitespace.
+ 
docs/evidence/openraft-canonical-20260920/replication-full.patch:2023: trailing whitespace.
+ 
docs/evidence/openraft-canonical-20260920/replication-full.patch:2025: trailing whitespace.
+ 
docs/evidence/openraft-canonical-20260920/replication-full.patch:2035: trailing whitespace.
+ 
docs/evidence/openraft-canonical-20260920/replication-full.patch:2049: trailing whitespace.
+ 
docs/evidence/openraft-canonical-20260920/replication-full.patch:2066: trailing whitespace.
+ 
docs/evidence/openraft-canonical-20260920/replication-full.patch:2079: trailing whitespace.
+ 
docs/evidence/openraft-canonical-20260920/replication-full.patch:2085: trailing whitespace.
+ 
docs/evidence/openraft-canonical-20260920/replication-full.patch:2090: trailing whitespace.
+ 
docs/evidence/openraft-canonical-20260920/replication-full.patch:2095: trailing whitespace.
+ 
docs/evidence/openraft-canonical-20260920/replication-full.patch:2101: trailing whitespace.
+ 
docs/evidence/openraft-canonical-20260920/replication-full.patch:2109: trailing whitespace.
+ 
docs/evidence/openraft-canonical-20260920/replication-full.patch:2121: trailing whitespace.
+ 
docs/evidence/openraft-canonical-20260920/replication-full.patch:2273: trailing whitespace.
+ 
docs/evidence/openraft-canonical-20260920/replication-full.patch:2309: trailing whitespace.
+ 
docs/evidence/openraft-canonical-20260920/replication-full.patch:2321: trailing whitespace.
+ 
docs/evidence/openraft-canonical-20260920/replication-full.patch:2341: trailing whitespace.
+ 
docs/evidence/openraft-canonical-20260920/replication-full.patch:2343: trailing whitespace.
+ 
docs/evidence/openraft-canonical-20260920/replication-full.patch:2351: trailing whitespace.
+ 
docs/evidence/openraft-canonical-20260920/replication-full.patch:2357: trailing whitespace.
+ 
docs/evidence/openraft-canonical-20260920/replication-full.patch:2365: trailing whitespace.
+ 
docs/evidence/openraft-canonical-20260920/replication-full.patch:2382: trailing whitespace.
+ 
docs/evidence/openraft-canonical-20260920/replication-full.patch:2386: trailing whitespace.
+ 
docs/evidence/openraft-canonical-20260920/replication-full.patch:2411: trailing whitespace.
+ 
docs/evidence/openraft-canonical-20260920/replication-full.patch:2415: trailing whitespace.
+ 
docs/evidence/openraft-canonical-20260920/replication-full.patch:2422: trailing whitespace.
+ 
docs/evidence/openraft-canonical-20260920/replication-full.patch:2434: trailing whitespace.
+ 
docs/evidence/openraft-canonical-20260920/replication-full.patch:2436: trailing whitespace.
+ 
docs/evidence/openraft-canonical-20260920/replication-full.patch:2450: trailing whitespace.
+ 
docs/evidence/openraft-canonical-20260920/replication-full.patch:2458: trailing whitespace.
+ 
docs/evidence/openraft-canonical-20260920/replication-full.patch:2463: trailing whitespace.
+ 
docs/evidence/openraft-canonical-20260920/replication-full.patch:2469: trailing whitespace.
+ 
docs/evidence/openraft-canonical-20260920/replication-full.patch:2478: trailing whitespace.
+ 
docs/evidence/openraft-canonical-20260920/replication-full.patch:2497: trailing whitespace.
+ 
docs/evidence/openraft-canonical-20260920/replication-full.patch:2502: trailing whitespace.
+ 
docs/evidence/openraft-canonical-20260920/replication-full.patch:2514: trailing whitespace.
+ 
docs/evidence/openraft-canonical-20260920/replication-full.patch:2836: trailing whitespace.
+ 
docs/evidence/openraft-canonical-20260920/replication-full.patch:3197: trailing whitespace.
+ 
docs/evidence/openraft-canonical-20260920/replication-full.patch:3216: trailing whitespace.
+ 
docs/evidence/openraft-canonical-20260920/replication-full.patch:3239: trailing whitespace.
+ 
docs/evidence/openraft-canonical-20260920/replication-full.patch:3295: trailing whitespace.
+ 
docs/evidence/openraft-canonical-20260920/replication-full.patch:3315: trailing whitespace.
+ 
docs/evidence/openraft-canonical-20260920/replication-full.patch:3324: trailing whitespace.
+ 
docs/evidence/openraft-canonical-20260920/replication-full.patch:3342: trailing whitespace.
+ 
docs/evidence/redb-canonical-20260920/03-canonical-format-tests.log:12: new blank line at EOF.
docs/evidence/redb-canonical-20260920/10-canonical-derive-tests.log:46: new blank line at EOF.
docs/evidence/redb-canonical-20260920/21-owned-derive-tests.log:82: new blank line at EOF.
docs/evidence/redb-canonical-20260920/published-to-fork.patch:12: trailing whitespace.
+ 
docs/evidence/redb-canonical-20260920/published-to-fork.patch:34: trailing whitespace.
+ 
docs/evidence/redb-canonical-20260920/published-to-fork.patch:40: trailing whitespace.
+ 
docs/evidence/redb-canonical-20260920/published-to-fork.patch:46: trailing whitespace.
+ 
docs/evidence/redb-canonical-20260920/published-to-fork.patch:51: trailing whitespace.
+ 
docs/evidence/redb-canonical-20260920/published-to-fork.patch:57: trailing whitespace.
+ 
docs/evidence/redb-canonical-20260920/published-to-fork.patch:61: trailing whitespace.
+ 
docs/evidence/redb-canonical-20260920/published-to-fork.patch:200: trailing whitespace.
+ 
docs/evidence/redb-canonical-20260920/published-to-fork.patch:204: trailing whitespace.
+ 
docs/evidence/redb-canonical-20260920/published-to-fork.patch:206: trailing whitespace.
+ 
docs/evidence/redb-canonical-20260920/published-to-fork.patch:216: trailing whitespace.
+ 
docs/evidence/redb-canonical-20260920/published-to-fork.patch:219: trailing whitespace.
+ 
docs/evidence/redb-canonical-20260920/published-to-fork.patch:225: trailing whitespace.
+ 
docs/evidence/redb-canonical-20260920/published-to-fork.patch:1963: trailing whitespace.
+ 
docs/evidence/redb-canonical-20260920/published-to-fork.patch:1967: trailing whitespace.
+ 
docs/evidence/redb-canonical-20260920/published-to-fork.patch:1979: trailing whitespace.
+ 
docs/evidence/redb-canonical-20260920/published-to-fork.patch:1981: trailing whitespace.
+ 
docs/evidence/redb-canonical-20260920/published-to-fork.patch:1997: trailing whitespace.
+ 
docs/evidence/redb-canonical-20260920/published-to-fork.patch:2003: trailing whitespace.
+ 
docs/evidence/redb-canonical-20260920/published-to-fork.patch:2944: trailing whitespace.
+ 
docs/evidence/redb-canonical-20260920/published-to-fork.patch:2972: trailing whitespace.
+ 
docs/evidence/redb-canonical-20260920/published-to-fork.patch:3010: trailing whitespace.
+ 
docs/evidence/redb-canonical-20260920/published-to-fork.patch:3056: trailing whitespace.
+ 
docs/evidence/redb-canonical-20260920/published-to-fork.patch:3076: trailing whitespace.
+ 
docs/evidence/redb-canonical-20260920/published-to-fork.patch:3098: trailing whitespace.
+ 
docs/evidence/redb-canonical-20260920/published-to-fork.patch:3139: trailing whitespace.
+ 
docs/evidence/redb-canonical-20260920/published-to-fork.patch:3147: trailing whitespace.
+ 
docs/evidence/redb-canonical-20260920/published-to-fork.patch:3170: trailing whitespace.
+ 
docs/evidence/redb-canonical-20260920/published-to-fork.patch:3173: trailing whitespace.
+ 
docs/evidence/redb-canonical-20260920/published-to-fork.patch:3254: trailing whitespace.
+ 
docs/evidence/redb-canonical-20260920/published-to-fork.patch:3298: trailing whitespace.
+ 
docs/evidence/redb-canonical-20260920/published-to-fork.patch:3325: trailing whitespace.
+ 
docs/evidence/redb-canonical-20260920/published-to-fork.patch:3330: trailing whitespace.
+ 
docs/evidence/redb-canonical-20260920/published-to-fork.patch:3386: trailing whitespace.
+ 
docs/evidence/redb-canonical-20260920/published-to-fork.patch:3452: trailing whitespace.
+ 
docs/evidence/redb-canonical-20260920/published-to-fork.patch:3457: trailing whitespace.
+ 
docs/evidence/redb-canonical-20260920/published-to-fork.patch:3487: trailing whitespace.
+ 
docs/evidence/redb-canonical-20260920/published-to-fork.patch:3504: trailing whitespace.
+ 
docs/evidence/redb-canonical-20260920/published-to-fork.patch:3511: trailing whitespace.
+ 
docs/evidence/redb-canonical-20260920/published-to-fork.patch:3524: trailing whitespace.
+ 
docs/evidence/redb-canonical-20260920/published-to-fork.patch:3571: trailing whitespace.
+ 
docs/evidence/redb-canonical-20260920/published-to-fork.patch:3583: trailing whitespace.
+ 
docs/evidence/redb-canonical-20260920/published-to-fork.patch:3585: trailing whitespace.
+ 
docs/evidence/redb-canonical-20260920/published-to-fork.patch:3612: trailing whitespace.
+ 
docs/evidence/redb-canonical-20260920/published-to-fork.patch:3625: trailing whitespace.
+ 
docs/evidence/redb-canonical-20260920/published-to-fork.patch:3638: trailing whitespace.
+ 
docs/evidence/redb-canonical-20260920/published-to-fork.patch:3675: trailing whitespace.
+ 
docs/evidence/redb-canonical-20260920/published-to-fork.patch:3691: trailing whitespace.
+ 
docs/evidence/redb-canonical-20260920/published-to-fork.patch:3699: trailing whitespace.
+ 
docs/evidence/redb-canonical-20260920/published-to-fork.patch:3727: trailing whitespace.
+ 
docs/evidence/redb-canonical-20260920/published-to-fork.patch:3736: trailing whitespace.
+ 
docs/evidence/redb-canonical-20260920/published-to-fork.patch:3742: trailing whitespace.
+ 
docs/evidence/redb-canonical-20260920/published-to-fork.patch:3744: trailing whitespace.
+ 
docs/evidence/redb-canonical-20260920/published-to-fork.patch:3773: trailing whitespace.
+ 
docs/evidence/redb-canonical-20260920/published-to-fork.patch:3782: trailing whitespace.
+ 
docs/evidence/redb-canonical-20260920/published-to-fork.patch:3791: trailing whitespace.
+ 
docs/evidence/redb-canonical-20260920/published-to-fork.patch:3800: trailing whitespace.
+ 
docs/evidence/redb-canonical-20260920/published-to-fork.patch:3814: trailing whitespace.
+ 
docs/evidence/redb-canonical-20260920/published-to-fork.patch:3823: trailing whitespace.
+ 
docs/evidence/redb-canonical-20260920/published-to-fork.patch:3836: trailing whitespace.
+ 
docs/evidence/redb-canonical-20260920/published-to-fork.patch:3842: trailing whitespace.
+ 
docs/evidence/redb-canonical-20260920/published-to-fork.patch:3844: trailing whitespace.
+ 
docs/evidence/redb-canonical-20260920/published-to-fork.patch:3865: trailing whitespace.
+ 
docs/evidence/redb-canonical-20260920/published-to-fork.patch:3874: trailing whitespace.
+ 
docs/evidence/redb-canonical-20260920/published-to-fork.patch:3883: trailing whitespace.
+ 
docs/evidence/redb-canonical-20260920/published-to-fork.patch:3896: trailing whitespace.
+ 
docs/evidence/redb-canonical-20260920/published-to-fork.patch:3905: trailing whitespace.
+ 
docs/evidence/redb-canonical-20260920/published-to-fork.patch:3910: trailing whitespace.
+ 
docs/evidence/redb-canonical-20260920/published-to-fork.patch:3914: trailing whitespace.
+ 
docs/evidence/redb-canonical-20260920/published-to-fork.patch:3919: trailing whitespace.
+ 
docs/evidence/redb-canonical-20260920/published-to-fork.patch:4084: trailing whitespace.
+ 
docs/evidence/redb-canonical-20260920/published-to-fork.patch:4151: trailing whitespace.
+ 
docs/evidence/redb-canonical-20260920/published-to-fork.patch:4153: trailing whitespace.
+ 
docs/evidence/redb-canonical-20260920/published-to-fork.patch:4346: trailing whitespace.
+ 
docs/evidence/redb-canonical-20260920/published-to-fork.patch:4351: trailing whitespace.
+ 
docs/evidence/redb-canonical-20260920/published-to-fork.patch:4361: trailing whitespace.
+ 
docs/evidence/redb-canonical-20260920/published-to-fork.patch:4379: trailing whitespace.
+ 
docs/evidence/redb-canonical-20260920/published-to-fork.patch:4448: trailing whitespace.
+ 
docs/evidence/redb-canonical-20260920/published-to-fork.patch:4480: trailing whitespace.
+ 
docs/evidence/redb-canonical-20260920/published-to-fork.patch:4518: trailing whitespace.
+ 
docs/evidence/redb-canonical-20260920/published-to-fork.patch:4554: trailing whitespace.
+ 
docs/evidence/redb-canonical-20260920/published-to-fork.patch:4571: trailing whitespace.
+ 
docs/evidence/redb-canonical-20260920/published-to-fork.patch:4585: trailing whitespace.
+ 
docs/evidence/redb-canonical-20260920/published-to-fork.patch:4603: trailing whitespace.
+ 
docs/evidence/redb-canonical-20260920/published-to-fork.patch:4629: trailing whitespace.
+ 
docs/evidence/redb-canonical-20260920/published-to-fork.patch:4634: trailing whitespace.
+ 
docs/evidence/redb-canonical-20260920/published-to-fork.patch:4723: trailing whitespace.
+ 
docs/evidence/redb-canonical-20260920/published-to-fork.patch:4774: trailing whitespace.
+ 
docs/evidence/redb-canonical-20260920/published-to-fork.patch:4790: trailing whitespace.
+ 
docs/evidence/redb-canonical-20260920/published-to-fork.patch:4827: trailing whitespace.
+ 
docs/evidence/redb-canonical-20260920/published-to-fork.patch:4833: trailing whitespace.
+ 
docs/evidence/redb-canonical-20260920/published-to-fork.patch:4842: trailing whitespace.
+ 
docs/evidence/redb-canonical-20260920/published-to-fork.patch:4846: trailing whitespace.
+ 
docs/evidence/redb-canonical-20260920/published-to-fork.patch:4864: trailing whitespace.
+ 
docs/evidence/redb-canonical-20260920/published-to-fork.patch:4889: trailing whitespace.
+ 
docs/evidence/redb-canonical-20260920/published-to-fork.patch:4919: trailing whitespace.
+ 
docs/evidence/redb-canonical-20260920/published-to-fork.patch:4941: trailing whitespace.
+ 
docs/evidence/redb-canonical-20260920/published-to-fork.patch:4947: trailing whitespace.
+ 
docs/evidence/redb-canonical-20260920/published-to-fork.patch:4964: trailing whitespace.
+ 
docs/evidence/redb-canonical-20260920/published-to-fork.patch:4973: trailing whitespace.
+ 
docs/evidence/redb-canonical-20260920/published-to-fork.patch:4990: trailing whitespace.
+ 
docs/evidence/redb-canonical-20260920/published-to-fork.patch:4994: trailing whitespace.
+ 
docs/evidence/redb-canonical-20260920/published-to-fork.patch:4996: trailing whitespace.
+ 
docs/evidence/redb-canonical-20260920/published-to-fork.patch:5158: trailing whitespace.
+ 
docs/evidence/redb-canonical-20260920/published-to-fork.patch:5168: trailing whitespace.
+ 
docs/evidence/redb-canonical-20260920/published-to-fork.patch:5200: trailing whitespace.
+ 
docs/evidence/redb-canonical-20260920/published-to-fork.patch:5212: trailing whitespace.
+ 
docs/evidence/redb-canonical-20260920/published-to-fork.patch:5237: trailing whitespace.
+ 
docs/evidence/redb-canonical-20260920/published-to-fork.patch:5250: trailing whitespace.
+ 
docs/evidence/redb-canonical-20260920/published-to-fork.patch:5269: trailing whitespace.
+ 
docs/evidence/redb-canonical-20260920/published-to-fork.patch:5376: trailing whitespace.
+ 
docs/evidence/redb-canonical-20260920/published-to-fork.patch:5402: trailing whitespace.
+ 
docs/evidence/redb-canonical-20260920/published-to-fork.patch:5422: trailing whitespace.
+ 
docs/evidence/redb-canonical-20260920/published-to-fork.patch:5427: trailing whitespace.
+ 
docs/evidence/redb-canonical-20260920/published-to-fork.patch:5439: trailing whitespace.
+ 
docs/evidence/redb-canonical-20260920/published-to-fork.patch:5442: trailing whitespace.
+ 
docs/evidence/redb-canonical-20260920/published-to-fork.patch:5462: trailing whitespace.
+ 
docs/evidence/redb-canonical-20260920/published-to-fork.patch:5468: trailing whitespace.
+ 
docs/evidence/redb-canonical-20260920/published-to-fork.patch:5476: trailing whitespace.
+ 
docs/evidence/redb-canonical-20260920/published-to-fork.patch:5480: trailing whitespace.
+ 
docs/evidence/redb-canonical-20260920/published-to-fork.patch:5500: trailing whitespace.
+ 
docs/evidence/redb-canonical-20260920/published-to-fork.patch:5518: trailing whitespace.
+ 
docs/evidence/redb-canonical-20260920/published-to-fork.patch:5558: trailing whitespace.
+ 
docs/evidence/redb-canonical-20260920/published-to-fork.patch:5570: trailing whitespace.
+ 
docs/evidence/redb-canonical-20260920/published-to-fork.patch:5573: trailing whitespace.
+ 
docs/evidence/redb-canonical-20260920/published-to-fork.patch:5583: trailing whitespace.
+ 
docs/evidence/redb-canonical-20260920/published-to-fork.patch:5586: trailing whitespace.
+ 
docs/evidence/redb-canonical-20260920/published-to-fork.patch:5591: trailing whitespace.
+ 
docs/evidence/redb-canonical-20260920/published-to-fork.patch:5615: trailing whitespace.
+ 
docs/evidence/redb-canonical-20260920/published-to-fork.patch:5627: trailing whitespace.
+ 
docs/evidence/redb-canonical-20260920/published-to-fork.patch:5639: trailing whitespace.
+ 
docs/evidence/redb-canonical-20260920/published-to-fork.patch:5673: trailing whitespace.
+ 
docs/evidence/redb-canonical-20260920/published-to-fork.patch:5685: trailing whitespace.
+ 
docs/evidence/redb-canonical-20260920/published-to-fork.patch:5695: trailing whitespace.
+ 
docs/evidence/redb-canonical-20260920/published-to-fork.patch:5705: trailing whitespace.
+ 
docs/evidence/redb-canonical-20260920/published-to-fork.patch:5733: trailing whitespace.
+ 
docs/evidence/redb-canonical-20260920/published-to-fork.patch:5748: trailing whitespace.
+ 
docs/evidence/redb-canonical-20260920/published-to-fork.patch:5778: trailing whitespace.
+ 
docs/evidence/redb-canonical-20260920/published-to-fork.patch:5830: trailing whitespace.
+ 
docs/evidence/redb-canonical-20260920/published-to-fork.patch:5844: trailing whitespace.
+ 
docs/evidence/redb-canonical-20260920/published-to-fork.patch:5885: trailing whitespace.
+ 
docs/evidence/redb-canonical-20260920/published-to-fork.patch:5916: trailing whitespace.
+ 
docs/evidence/redb-canonical-20260920/published-to-fork.patch:5935: trailing whitespace.
+ 
docs/evidence/redb-canonical-20260920/published-to-fork.patch:5948: trailing whitespace.
+ 
docs/evidence/redb-canonical-20260920/published-to-fork.patch:5950: trailing whitespace.
+ 
docs/evidence/redb-canonical-20260920/published-to-fork.patch:5970: trailing whitespace.
+ 
docs/evidence/redb-canonical-20260920/published-to-fork.patch:6052: trailing whitespace.
+ 
docs/evidence/redb-canonical-20260920/published-to-fork.patch:6067: trailing whitespace.
+ 
docs/evidence/redb-canonical-20260920/published-to-fork.patch:6077: trailing whitespace.
+ 
docs/evidence/redb-canonical-20260920/published-to-fork.patch:6087: trailing whitespace.
+ 
docs/evidence/redb-canonical-20260920/published-to-fork.patch:6097: trailing whitespace.
+ 
docs/evidence/redb-canonical-20260920/published-to-fork.patch:6102: trailing whitespace.
+ 
docs/evidence/redb-canonical-20260920/published-to-fork.patch:6112: trailing whitespace.
+ 
docs/evidence/redb-canonical-20260920/published-to-fork.patch:6122: trailing whitespace.
+ 
docs/evidence/redb-canonical-20260920/published-to-fork.patch:6132: trailing whitespace.
+ 
docs/evidence/redb-canonical-20260920/published-to-fork.patch:6143: trailing whitespace.
+ 
docs/evidence/redb-canonical-20260920/published-to-fork.patch:6153: trailing whitespace.
+ 
docs/evidence/redb-canonical-20260920/published-to-fork.patch:6178: trailing whitespace.
+ 
docs/evidence/redb-canonical-20260920/published-to-fork.patch:6194: trailing whitespace.
+ 
docs/evidence/redb-canonical-20260920/published-to-fork.patch:6200: trailing whitespace.
+ 
docs/evidence/redb-canonical-20260920/published-to-fork.patch:6206: trailing whitespace.
+ 
docs/evidence/redb-canonical-20260920/published-to-fork.patch:6225: trailing whitespace.
+ 
docs/evidence/redb-canonical-20260920/published-to-fork.patch:6236: trailing whitespace.
+ 
docs/evidence/redb-canonical-20260920/published-to-fork.patch:6241: trailing whitespace.
+ 
docs/evidence/redb-canonical-20260920/published-to-fork.patch:6287: trailing whitespace.
+ 
docs/evidence/redb-canonical-20260920/published-to-fork.patch:6317: trailing whitespace.
+ 
docs/evidence/redb-canonical-20260920/published-to-fork.patch:6330: trailing whitespace.
+ 
docs/evidence/redb-canonical-20260920/published-to-fork.patch:6334: trailing whitespace.
+ 
docs/evidence/redb-canonical-20260920/published-to-fork.patch:6355: trailing whitespace.
+ 
docs/evidence/redb-canonical-20260920/published-to-fork.patch:6406: trailing whitespace.
+ 
docs/evidence/redb-canonical-20260920/published-to-fork.patch:6421: trailing whitespace.
+ 
docs/evidence/redb-canonical-20260920/published-to-fork.patch:6432: trailing whitespace.
+ 
docs/evidence/redb-canonical-20260920/published-to-fork.patch:6436: trailing whitespace.
+ 
docs/evidence/redb-canonical-20260920/published-to-fork.patch:6442: trailing whitespace.
+ 
docs/evidence/redb-canonical-20260920/published-to-fork.patch:6455: trailing whitespace.
+ 
docs/evidence/redb-canonical-20260920/published-to-fork.patch:6468: trailing whitespace.
+ 
docs/evidence/redb-canonical-20260920/published-to-fork.patch:6472: trailing whitespace.
+ 
docs/evidence/redb-canonical-20260920/published-to-fork.patch:6492: trailing whitespace.
+ 
docs/evidence/redb-canonical-20260920/published-to-fork.patch:6500: trailing whitespace.
+ 
docs/evidence/redb-canonical-20260920/published-to-fork.patch:6509: trailing whitespace.
+ 
docs/evidence/redb-canonical-20260920/published-to-fork.patch:6514: trailing whitespace.
+ 
docs/evidence/redb-canonical-20260920/published-to-fork.patch:6531: trailing whitespace.
+ 
docs/evidence/redb-canonical-20260920/published-to-fork.patch:6563: trailing whitespace.
+ 
docs/evidence/redb-canonical-20260920/published-to-fork.patch:6574: trailing whitespace.
+ 
docs/evidence/redb-canonical-20260920/published-to-fork.patch:6579: trailing whitespace.
+ 
docs/evidence/redb-canonical-20260920/published-to-fork.patch:6620: trailing whitespace.
+ 
docs/evidence/redb-canonical-20260920/published-to-fork.patch:6626: trailing whitespace.
+ 
docs/evidence/redb-canonical-20260920/published-to-fork.patch:6630: trailing whitespace.
+ 
docs/evidence/redb-canonical-20260920/published-to-fork.patch:6645: trailing whitespace.
+ 
docs/evidence/redb-canonical-20260920/published-to-fork.patch:6661: trailing whitespace.
+ 
docs/evidence/redb-canonical-20260920/published-to-fork.patch:6666: trailing whitespace.
+ 
docs/evidence/redb-canonical-20260920/published-to-fork.patch:6691: trailing whitespace.
+ 
docs/evidence/redb-canonical-20260920/published-to-fork.patch:6731: trailing whitespace.
+ 
docs/evidence/redb-canonical-20260920/published-to-fork.patch:6733: trailing whitespace.
+ 
docs/evidence/redb-canonical-20260920/published-to-fork.patch:6737: trailing whitespace.
+ 
docs/evidence/redb-canonical-20260920/published-to-fork.patch:6741: trailing whitespace.
+ 
docs/evidence/redb-canonical-20260920/published-to-fork.patch:6769: trailing whitespace.
+ 
docs/evidence/redb-canonical-20260920/published-to-fork.patch:6787: trailing whitespace.
+ 
docs/evidence/redb-canonical-20260920/published-to-fork.patch:6801: trailing whitespace.
+ 
docs/evidence/redb-canonical-20260920/published-to-fork.patch:6805: trailing whitespace.
+ 
docs/evidence/redb-canonical-20260920/published-to-fork.patch:6826: trailing whitespace.
+ 
docs/evidence/redb-canonical-20260920/published-to-fork.patch:6841: trailing whitespace.
+ 
docs/evidence/redb-canonical-20260920/published-to-fork.patch:6864: trailing whitespace.
+ 
docs/evidence/redb-canonical-20260920/published-to-fork.patch:6873: trailing whitespace.
+ 
docs/evidence/redb-canonical-20260920/published-to-fork.patch:6877: trailing whitespace.
+ 
docs/evidence/redb-canonical-20260920/published-to-fork.patch:6889: trailing whitespace.
+ 
docs/evidence/redb-canonical-20260920/published-to-fork.patch:7051: trailing whitespace.
+ 
docs/evidence/redb-canonical-20260920/published-to-fork.patch:7086: trailing whitespace.
+ 
docs/evidence/redb-canonical-20260920/published-to-fork.patch:7089: trailing whitespace.
+ 
docs/evidence/redb-canonical-20260920/published-to-fork.patch:7091: trailing whitespace.
+ 
docs/evidence/redb-canonical-20260920/published-to-fork.patch:7094: trailing whitespace.
+ 
docs/evidence/redb-canonical-20260920/published-to-fork.patch:7102: trailing whitespace.
+ 
docs/evidence/redb-canonical-20260920/published-to-fork.patch:7122: trailing whitespace.
+ 
docs/evidence/redb-canonical-20260920/published-to-fork.patch:7128: trailing whitespace.
+ 
docs/evidence/redb-canonical-20260920/published-to-fork.patch:7146: trailing whitespace.
+ 
docs/evidence/redb-canonical-20260920/published-to-fork.patch:7159: trailing whitespace.
+ 
docs/evidence/redb-canonical-20260920/published-to-fork.patch:7181: trailing whitespace.
+ 
docs/evidence/redb-canonical-20260920/published-to-fork.patch:7205: trailing whitespace.
+ 
docs/evidence/redb-canonical-20260920/published-to-fork.patch:7220: trailing whitespace.
+ 
docs/evidence/redb-canonical-20260920/published-to-fork.patch:7245: trailing whitespace.
+ 
docs/evidence/redb-canonical-20260920/published-to-fork.patch:7253: trailing whitespace.
+ 
docs/evidence/redb-canonical-20260920/published-to-fork.patch:7290: trailing whitespace.
+ 
docs/evidence/redb-canonical-20260920/published-to-fork.patch:7296: trailing whitespace.
+ 
docs/evidence/redb-canonical-20260920/published-to-fork.patch:7466: trailing whitespace.
+ 
docs/evidence/redb-canonical-20260920/published-to-fork.patch:7470: trailing whitespace.
+ 
docs/evidence/redb-canonical-20260920/published-to-fork.patch:7482: trailing whitespace.
+ 
docs/evidence/redb-canonical-20260920/published-to-fork.patch:7491: trailing whitespace.
+ 
docs/evidence/redb-canonical-20260920/published-to-fork.patch:7499: trailing whitespace.
+ 
docs/evidence/redb-canonical-20260920/published-to-fork.patch:7507: trailing whitespace.
+ 
docs/evidence/redb-canonical-20260920/published-to-fork.patch:7512: trailing whitespace.
+ 
docs/evidence/redb-canonical-20260920/published-to-fork.patch:7516: trailing whitespace.
+ 
docs/evidence/redb-canonical-20260920/published-to-fork.patch:7531: trailing whitespace.
+ 
docs/evidence/redb-canonical-20260920/published-to-fork.patch:7562: trailing whitespace.
+ 
docs/evidence/redb-canonical-20260920/published-to-fork.patch:7586: trailing whitespace.
+ 
docs/evidence/redb-canonical-20260920/published-to-fork.patch:7644: trailing whitespace.
+ 
docs/evidence/redb-canonical-20260920/published-to-fork.patch:7716: trailing whitespace.
+ 
docs/evidence/redb-canonical-20260920/published-to-fork.patch:7726: trailing whitespace.
+ 
docs/evidence/redb-canonical-20260920/published-to-fork.patch:7742: trailing whitespace.
+ 
docs/evidence/redb-canonical-20260920/published-to-fork.patch:7750: trailing whitespace.
+ 
docs/evidence/redb-canonical-20260920/published-to-fork.patch:7754: trailing whitespace.
+ 
docs/evidence/redb-canonical-20260920/published-to-fork.patch:7795: trailing whitespace.
+ 
docs/evidence/redb-canonical-20260920/published-to-fork.patch:7810: trailing whitespace.
+ 
docs/evidence/redb-canonical-20260920/published-to-fork.patch:7820: trailing whitespace.
+ 
docs/evidence/redb-canonical-20260920/published-to-fork.patch:7847: trailing whitespace.
+ 
docs/evidence/redb-canonical-20260920/published-to-fork.patch:7851: trailing whitespace.
+ 
docs/evidence/redb-canonical-20260920/published-to-fork.patch:7945: trailing whitespace.
+ 
docs/evidence/redb-canonical-20260920/published-to-fork.patch:8600: trailing whitespace.
+ 
docs/evidence/redb-canonical-20260920/published-to-fork.patch:8618: trailing whitespace.
+ 
docs/evidence/redb-canonical-20260920/published-to-fork.patch:8626: trailing whitespace.
+ 
docs/evidence/redb-canonical-20260920/published-to-fork.patch:8642: trailing whitespace.
+ 
docs/evidence/redb-canonical-20260920/published-to-fork.patch:8659: trailing whitespace.
+ 
docs/evidence/redb-canonical-20260920/published-to-fork.patch:8661: trailing whitespace.
+ 
docs/evidence/redb-canonical-20260920/published-to-fork.patch:8681: trailing whitespace.
+ 
docs/evidence/redb-canonical-20260920/published-to-fork.patch:8705: trailing whitespace.
+ 
docs/evidence/redb-canonical-20260920/published-to-fork.patch:8712: trailing whitespace.
+ 
docs/evidence/redb-canonical-20260920/published-to-fork.patch:8722: trailing whitespace.
+ 
docs/evidence/redb-canonical-20260920/published-to-fork.patch:8826: trailing whitespace.
+ 
docs/evidence/redb-canonical-20260920/published-to-fork.patch:8854: trailing whitespace.
+ 
docs/evidence/redb-canonical-20260920/published-to-fork.patch:8863: trailing whitespace.
+ 
docs/evidence/redb-canonical-20260920/published-to-fork.patch:8872: trailing whitespace.
+ 
docs/evidence/redb-canonical-20260920/published-to-fork.patch:8881: trailing whitespace.
+ 
docs/evidence/redb-canonical-20260920/published-to-fork.patch:8895: trailing whitespace.
+ 
docs/evidence/redb-canonical-20260920/published-to-fork.patch:8927: trailing whitespace.
+ 
docs/evidence/redb-canonical-20260920/published-to-fork.patch:8930: trailing whitespace.
+ 
docs/evidence/redb-canonical-20260920/published-to-fork.patch:8935: trailing whitespace.
+ 
docs/evidence/redb-canonical-20260920/published-to-fork.patch:8948: trailing whitespace.
+ 
docs/evidence/redb-canonical-20260920/published-to-fork.patch:8957: trailing whitespace.
+ 
docs/evidence/redb-canonical-20260920/published-to-fork.patch:8959: trailing whitespace.
+ 
docs/evidence/redb-canonical-20260920/published-to-fork.patch:8966: trailing whitespace.
+ 
docs/evidence/redb-canonical-20260920/published-to-fork.patch:8968: trailing whitespace.
+ 
docs/evidence/redb-canonical-20260920/published-to-fork.patch:8975: trailing whitespace.
+ 
docs/evidence/redb-canonical-20260920/published-to-fork.patch:8977: trailing whitespace.
+ 
docs/evidence/redb-canonical-20260920/published-to-fork.patch:8984: trailing whitespace.
+ 
docs/evidence/redb-canonical-20260920/published-to-fork.patch:8993: trailing whitespace.
+ 
docs/evidence/redb-canonical-20260920/published-to-fork.patch:9002: trailing whitespace.
+ 
docs/evidence/redb-canonical-20260920/published-to-fork.patch:9011: trailing whitespace.
+ 
docs/evidence/redb-canonical-20260920/published-to-fork.patch:9020: trailing whitespace.
+ 
docs/evidence/redb-canonical-20260920/published-to-fork.patch:9029: trailing whitespace.
+ 
docs/evidence/redb-canonical-20260920/published-to-fork.patch:9038: trailing whitespace.
+ 
docs/evidence/redb-canonical-20260920/published-to-fork.patch:9047: trailing whitespace.
+ 
docs/evidence/redb-canonical-20260920/published-to-fork.patch:9056: trailing whitespace.
+ 
docs/evidence/redb-canonical-20260920/published-to-fork.patch:9065: trailing whitespace.
+ 
docs/evidence/redb-canonical-20260920/published-to-fork.patch:9074: trailing whitespace.
+ 
docs/evidence/redb-canonical-20260920/published-to-fork.patch:9083: trailing whitespace.
+ 
docs/evidence/redb-canonical-20260920/published-to-fork.patch:9097: trailing whitespace.
+ 
docs/evidence/redb-canonical-20260920/published-to-fork.patch:9124: trailing whitespace.
+ 
docs/evidence/redb-canonical-20260920/published-to-fork.patch:9128: trailing whitespace.
+ 
docs/evidence/redb-canonical-20260920/published-to-fork.patch:9137: trailing whitespace.
+ 
docs/evidence/redb-canonical-20260920/published-to-fork.patch:9147: trailing whitespace.
+ 
docs/evidence/redb-canonical-20260920/published-to-fork.patch:9155: trailing whitespace.
+ 
docs/evidence/redb-canonical-20260920/published-to-fork.patch:9169: trailing whitespace.
+ 
docs/evidence/redb-canonical-20260920/published-to-fork.patch:9178: trailing whitespace.
+ 
docs/evidence/redb-canonical-20260920/published-to-fork.patch:9214: trailing whitespace.
+ 
docs/evidence/redb-canonical-20260920/published-to-fork.patch:9282: trailing whitespace.
+ 
docs/evidence/redb-canonical-20260920/published-to-fork.patch:9290: trailing whitespace.
+ 
docs/evidence/redb-canonical-20260920/published-to-fork.patch:9292: trailing whitespace.
+ 
docs/evidence/redb-canonical-20260920/published-to-fork.patch:9299: trailing whitespace.
+ 
docs/evidence/redb-canonical-20260920/published-to-fork.patch:9301: trailing whitespace.
+ 
docs/evidence/redb-canonical-20260920/published-to-fork.patch:9308: trailing whitespace.
+ 
docs/evidence/redb-canonical-20260920/published-to-fork.patch:9310: trailing whitespace.
+ 
docs/evidence/redb-canonical-20260920/published-to-fork.patch:9317: trailing whitespace.
+ 
docs/evidence/redb-canonical-20260920/published-to-fork.patch:9319: trailing whitespace.
+ 
docs/evidence/redb-canonical-20260920/published-to-fork.patch:9326: trailing whitespace.
+ 
docs/evidence/redb-canonical-20260920/published-to-fork.patch:9328: trailing whitespace.
+ 
docs/evidence/redb-canonical-20260920/published-to-fork.patch:9335: trailing whitespace.
+ 
docs/evidence/redb-canonical-20260920/published-to-fork.patch:9337: trailing whitespace.
+ 
docs/evidence/redb-canonical-20260920/published-to-fork.patch:9344: trailing whitespace.
+ 
docs/evidence/redb-canonical-20260920/published-to-fork.patch:9346: trailing whitespace.
+ 
docs/evidence/redb-canonical-20260920/published-to-fork.patch:9353: trailing whitespace.
+ 
docs/evidence/redb-canonical-20260920/published-to-fork.patch:9355: trailing whitespace.
+ 
docs/evidence/redb-canonical-20260920/published-to-fork.patch:9362: trailing whitespace.
+ 
docs/evidence/redb-canonical-20260920/published-to-fork.patch:9364: trailing whitespace.
+ 
docs/evidence/redb-canonical-20260920/published-to-fork.patch:9371: trailing whitespace.
+ 
docs/evidence/redb-canonical-20260920/published-to-fork.patch:9373: trailing whitespace.
+ 
docs/evidence/redb-canonical-20260920/published-to-fork.patch:9380: trailing whitespace.
+ 
docs/evidence/redb-canonical-20260920/published-to-fork.patch:9389: trailing whitespace.
+ 
docs/evidence/redb-canonical-20260920/published-to-fork.patch:9391: trailing whitespace.
+ 
docs/evidence/redb-canonical-20260920/published-to-fork.patch:9398: trailing whitespace.
+ 
docs/evidence/redb-canonical-20260920/published-to-fork.patch:9400: trailing whitespace.
+ 
docs/evidence/redb-canonical-20260920/published-to-fork.patch:9407: trailing whitespace.
+ 
docs/evidence/redb-canonical-20260920/published-to-fork.patch:9409: trailing whitespace.
+ 
docs/evidence/redb-canonical-20260920/published-to-fork.patch:9416: trailing whitespace.
+ 
docs/evidence/redb-canonical-20260920/published-to-fork.patch:9418: trailing whitespace.
+ 
docs/evidence/redb-canonical-20260920/published-to-fork.patch:9425: trailing whitespace.
+ 
docs/evidence/redb-canonical-20260920/published-to-fork.patch:9427: trailing whitespace.
+ 
docs/evidence/redb-canonical-20260920/published-to-fork.patch:9434: trailing whitespace.
+ 
docs/evidence/redb-canonical-20260920/published-to-fork.patch:9436: trailing whitespace.
+ 
docs/evidence/redb-canonical-20260920/published-to-fork.patch:9443: trailing whitespace.
+ 
docs/evidence/redb-canonical-20260920/published-to-fork.patch:9445: trailing whitespace.
+ 
docs/evidence/redb-canonical-20260920/published-to-fork.patch:9452: trailing whitespace.
+ 
docs/evidence/redb-canonical-20260920/published-to-fork.patch:9454: trailing whitespace.
+ 
docs/evidence/redb-canonical-20260920/published-to-fork.patch:9461: trailing whitespace.
+ 
docs/evidence/redb-canonical-20260920/published-to-fork.patch:9463: trailing whitespace.
+ 
docs/evidence/redb-canonical-20260920/published-to-fork.patch:9470: trailing whitespace.
+ 
docs/evidence/redb-canonical-20260920/published-to-fork.patch:9472: trailing whitespace.
+ 
docs/evidence/redb-canonical-20260920/published-to-fork.patch:9479: trailing whitespace.
+ 
docs/evidence/redb-canonical-20260920/published-to-fork.patch:9481: trailing whitespace.
+ 
docs/evidence/redb-canonical-20260920/published-to-fork.patch:9488: trailing whitespace.
+ 
docs/evidence/redb-canonical-20260920/published-to-fork.patch:9497: trailing whitespace.
+ 
docs/evidence/redb-canonical-20260920/published-to-fork.patch:9506: trailing whitespace.
+ 
docs/evidence/redb-canonical-20260920/published-to-fork.patch:9515: trailing whitespace.
+ 
docs/evidence/redb-canonical-20260920/published-to-fork.patch:9524: trailing whitespace.
+ 
docs/evidence/redb-canonical-20260920/published-to-fork.patch:9526: trailing whitespace.
+ 
docs/evidence/redb-canonical-20260920/published-to-fork.patch:9533: trailing whitespace.
+ 
docs/evidence/redb-canonical-20260920/published-to-fork.patch:9535: trailing whitespace.
+ 
docs/evidence/redb-canonical-20260920/published-to-fork.patch:9542: trailing whitespace.
+ 
docs/evidence/redb-canonical-20260920/published-to-fork.patch:9544: trailing whitespace.
+ 
docs/evidence/redb-canonical-20260920/published-to-fork.patch:9551: trailing whitespace.
+ 
docs/evidence/redb-canonical-20260920/published-to-fork.patch:9553: trailing whitespace.
+ 
docs/evidence/redb-canonical-20260920/published-to-fork.patch:9560: trailing whitespace.
+ 
docs/evidence/redb-canonical-20260920/published-to-fork.patch:9562: trailing whitespace.
+ 
docs/evidence/redb-canonical-20260920/published-to-fork.patch:9569: trailing whitespace.
+ 
docs/evidence/redb-canonical-20260920/published-to-fork.patch:9571: trailing whitespace.
+ 
docs/evidence/redb-canonical-20260920/published-to-fork.patch:9574: trailing whitespace.
+ 
docs/evidence/redb-canonical-20260920/published-to-fork.patch:9587: trailing whitespace.
+ 
docs/evidence/redb-canonical-20260920/published-to-fork.patch:9589: trailing whitespace.
+ 
docs/evidence/redb-canonical-20260920/published-to-fork.patch:9618: trailing whitespace.
+ 
docs/evidence/redb-canonical-20260920/published-to-fork.patch:9639: trailing whitespace.
+ 
docs/evidence/redb-canonical-20260920/published-to-fork.patch:9652: trailing whitespace.
+ 
docs/evidence/redb-canonical-20260920/published-to-fork.patch:9654: trailing whitespace.
+ 
docs/evidence/redb-canonical-20260920/published-to-fork.patch:9661: trailing whitespace.
+ 
docs/evidence/redb-canonical-20260920/published-to-fork.patch:10175: trailing whitespace.
+ 
docs/evidence/redb-canonical-20260920/published-to-fork.patch:10184: trailing whitespace.
+ 
docs/evidence/redb-canonical-20260920/published-to-fork.patch:10209: trailing whitespace.
+ 
docs/evidence/redb-canonical-20260920/published-to-fork.patch:10218: trailing whitespace.
+ 
docs/evidence/redb-canonical-20260920/published-to-fork.patch:10222: trailing whitespace.
+ 
docs/evidence/redb-canonical-20260920/published-to-fork.patch:10572: trailing whitespace.
+ 
docs/evidence/redb-canonical-20260920/published-to-fork.patch:10577: trailing whitespace.
+ 
docs/evidence/redb-canonical-20260920/published-to-fork.patch:10580: trailing whitespace.
+ 
docs/evidence/redb-canonical-20260920/published-to-fork.patch:10603: trailing whitespace.
+ 
docs/evidence/redb-canonical-20260920/published-to-fork.patch:10608: trailing whitespace.
+ 
docs/evidence/redb-canonical-20260920/published-to-fork.patch:10613: trailing whitespace.
+ 
docs/evidence/redb-canonical-20260920/published-to-fork.patch:10619: trailing whitespace.
+ 
docs/evidence/redb-canonical-20260920/published-to-fork.patch:10656: trailing whitespace.
+ 
docs/evidence/redb-canonical-20260920/published-to-fork.patch:10668: trailing whitespace.
+ 
docs/evidence/redb-canonical-20260920/published-to-fork.patch:10672: trailing whitespace.
+ 
docs/evidence/redb-canonical-20260920/published-to-fork.patch:10679: trailing whitespace.
+ 
docs/evidence/redb-canonical-20260920/published-to-fork.patch:10686: trailing whitespace.
+ 
docs/evidence/redb-canonical-20260920/published-to-fork.patch:10695: trailing whitespace.
+ 
docs/evidence/redb-canonical-20260920/published-to-fork.patch:10704: trailing whitespace.
+ 
docs/evidence/redb-canonical-20260920/published-to-fork.patch:10713: trailing whitespace.
+ 
docs/evidence/redb-canonical-20260920/published-to-fork.patch:10722: trailing whitespace.
+ 
docs/evidence/redb-canonical-20260920/published-to-fork.patch:10731: trailing whitespace.
+ 
docs/evidence/redb-canonical-20260920/published-to-fork.patch:10740: trailing whitespace.
+ 
docs/evidence/redb-canonical-20260920/published-to-fork.patch:10749: trailing whitespace.
+ 
docs/evidence/redb-canonical-20260920/published-to-fork.patch:10758: trailing whitespace.
+ 
docs/evidence/redb-canonical-20260920/published-to-fork.patch:10767: trailing whitespace.
+ 
docs/evidence/redb-canonical-20260920/published-to-fork.patch:10776: trailing whitespace.
+ 
docs/evidence/redb-canonical-20260920/published-to-fork.patch:10785: trailing whitespace.
+ 
docs/evidence/redb-canonical-20260920/published-to-fork.patch:10795: trailing whitespace.
+ 
docs/evidence/redb-canonical-20260920/published-to-fork.patch:10804: trailing whitespace.
+ 
docs/evidence/redb-canonical-20260920/published-to-fork.patch:10830: trailing whitespace.
+ 
docs/evidence/redb-canonical-20260920/published-to-fork.patch:10840: trailing whitespace.
+ 
docs/evidence/redb-canonical-20260920/published-to-fork.patch:10849: trailing whitespace.
+ 
docs/evidence/redb-canonical-20260920/published-to-fork.patch:10858: trailing whitespace.
+ 
docs/evidence/redb-canonical-20260920/published-to-fork.patch:10862: trailing whitespace.
+ 
docs/evidence/redb-canonical-20260920/published-to-fork.patch:10867: trailing whitespace.
+ 
docs/evidence/redb-canonical-20260920/published-to-fork.patch:10875: trailing whitespace.
+ 
docs/evidence/redb-canonical-20260920/published-to-fork.patch:10879: trailing whitespace.
+ 
docs/evidence/redb-canonical-20260920/published-to-fork.patch:10886: trailing whitespace.
+ 
docs/evidence/redb-canonical-20260920/published-to-fork.patch:10893: trailing whitespace.
+ 
docs/evidence/redb-canonical-20260920/published-to-fork.patch:10902: trailing whitespace.
+ 
docs/evidence/redb-canonical-20260920/published-to-fork.patch:10911: trailing whitespace.
+ 
docs/evidence/redb-canonical-20260920/published-to-fork.patch:10920: trailing whitespace.
+ 
docs/evidence/redb-canonical-20260920/published-to-fork.patch:10929: trailing whitespace.
+ 
docs/evidence/redb-canonical-20260920/published-to-fork.patch:10938: trailing whitespace.
+ 
docs/evidence/redb-canonical-20260920/published-to-fork.patch:10947: trailing whitespace.
+ 
docs/evidence/redb-canonical-20260920/published-to-fork.patch:10956: trailing whitespace.
+ 
docs/evidence/redb-canonical-20260920/published-to-fork.patch:10965: trailing whitespace.
+ 
docs/evidence/redb-canonical-20260920/published-to-fork.patch:10974: trailing whitespace.
+ 
docs/evidence/redb-canonical-20260920/published-to-fork.patch:10983: trailing whitespace.
+ 
docs/evidence/redb-canonical-20260920/published-to-fork.patch:10993: trailing whitespace.
+ 
docs/evidence/redb-canonical-20260920/published-to-fork.patch:11001: trailing whitespace.
+ 
docs/evidence/redb-canonical-20260920/published-to-fork.patch:11010: trailing whitespace.
+ 
docs/evidence/redb-canonical-20260920/published-to-fork.patch:11040: trailing whitespace.
+ 
docs/evidence/redb-canonical-20260920/published-to-fork.patch:11043: trailing whitespace.
+ 
docs/evidence/redb-canonical-20260920/published-to-fork.patch:11053: trailing whitespace.
+ 
docs/evidence/redb-canonical-20260920/published-to-fork.patch:11064: trailing whitespace.
+ 
docs/evidence/redb-canonical-20260920/published-to-fork.patch:11071: trailing whitespace.
+ 
docs/evidence/redb-canonical-20260920/published-to-fork.patch:11098: trailing whitespace.
+ 
docs/evidence/redb-canonical-20260920/published-to-fork.patch:11141: trailing whitespace.
+ 
docs/evidence/redb-canonical-20260920/published-to-fork.patch:11155: trailing whitespace.
+ 
docs/evidence/redb-canonical-20260920/published-to-fork.patch:11174: trailing whitespace.
+ 
docs/evidence/redb-canonical-20260920/published-to-fork.patch:11192: trailing whitespace.
+ 
docs/evidence/redb-canonical-20260920/published-to-fork.patch:11199: trailing whitespace.
+ 
docs/evidence/redb-canonical-20260920/published-to-fork.patch:11217: trailing whitespace.
+ 
docs/evidence/redb-canonical-20260920/published-to-fork.patch:11221: trailing whitespace.
+ 
docs/evidence/redb-canonical-20260920/published-to-fork.patch:11236: trailing whitespace.
+ 
docs/evidence/redb-canonical-20260920/published-to-fork.patch:11241: trailing whitespace.
+ 
docs/evidence/redb-canonical-20260920/published-to-fork.patch:11253: trailing whitespace.
+ 
docs/evidence/redb-canonical-20260920/published-to-fork.patch:11259: trailing whitespace.
+ 
docs/evidence/redb-canonical-20260920/published-to-fork.patch:11268: trailing whitespace.
+ 
docs/evidence/redb-canonical-20260920/published-to-fork.patch:11283: trailing whitespace.
+ 
docs/evidence/redb-canonical-20260920/published-to-fork.patch:11301: trailing whitespace.
+ 
docs/evidence/redb-canonical-20260920/published-to-fork.patch:11307: trailing whitespace.
+ 
docs/evidence/redb-canonical-20260920/published-to-fork.patch:11309: trailing whitespace.
+ 
docs/evidence/redb-canonical-20260920/published-to-fork.patch:11315: trailing whitespace.
+ 
docs/evidence/redb-canonical-20260920/published-to-fork.patch:11321: trailing whitespace.
+ 
docs/evidence/redb-canonical-20260920/published-to-fork.patch:11327: trailing whitespace.
+ 
docs/evidence/redb-canonical-20260920/published-to-fork.patch:11331: trailing whitespace.
+ 
docs/evidence/redb-canonical-20260920/published-to-fork.patch:11335: trailing whitespace.
+ 
docs/evidence/redb-canonical-20260920/published-to-fork.patch:11340: trailing whitespace.
+ 
docs/evidence/redb-canonical-20260920/published-to-fork.patch:11344: trailing whitespace.
+ 
docs/evidence/redb-canonical-20260920/published-to-fork.patch:11359: trailing whitespace.
+ 
docs/evidence/redb-canonical-20260920/published-to-fork.patch:11371: trailing whitespace.
+ 
docs/evidence/redb-canonical-20260920/published-to-fork.patch:11377: trailing whitespace.
+ 
docs/evidence/redb-canonical-20260920/published-to-fork.patch:11385: trailing whitespace.
+ 
docs/evidence/redb-canonical-20260920/published-to-fork.patch:11390: trailing whitespace.
+ 
docs/evidence/redb-canonical-20260920/published-to-fork.patch:11393: trailing whitespace.
+ 
docs/evidence/redb-canonical-20260920/published-to-fork.patch:11399: trailing whitespace.
+ 
docs/evidence/redb-canonical-20260920/published-to-fork.patch:11402: trailing whitespace.
+ 
docs/evidence/redb-canonical-20260920/published-to-fork.patch:11412: trailing whitespace.
+ 
docs/evidence/redb-canonical-20260920/published-to-fork.patch:11416: trailing whitespace.
+ 
docs/evidence/redb-canonical-20260920/published-to-fork.patch:11418: trailing whitespace.
+ 
docs/evidence/redb-canonical-20260920/published-to-fork.patch:11425: trailing whitespace.
+ 
docs/evidence/redb-canonical-20260920/published-to-fork.patch:11432: trailing whitespace.
+ 
docs/evidence/redb-canonical-20260920/published-to-fork.patch:11434: trailing whitespace.
+ 
docs/evidence/redb-canonical-20260920/published-to-fork.patch:11436: trailing whitespace.
+ 
docs/evidence/redb-canonical-20260920/published-to-fork.patch:11454: trailing whitespace.
+ 
docs/evidence/redb-canonical-20260920/published-to-fork.patch:11460: trailing whitespace.
+ 
docs/evidence/redb-canonical-20260920/published-to-fork.patch:11501: trailing whitespace.
+ 
docs/evidence/redb-canonical-20260920/published-to-fork.patch:11516: trailing whitespace.
+ 
docs/evidence/redb-canonical-20260920/published-to-fork.patch:11549: trailing whitespace.
+ 
docs/evidence/redb-canonical-20260920/published-to-fork.patch:11559: trailing whitespace.
+ 
docs/evidence/redb-canonical-20260920/published-to-fork.patch:11571: trailing whitespace.
+ 
docs/evidence/redb-canonical-20260920/published-to-fork.patch:11581: trailing whitespace.
+ 
docs/evidence/redb-canonical-20260920/published-to-fork.patch:11587: trailing whitespace.
+ 
docs/evidence/redb-canonical-20260920/published-to-fork.patch:11592: trailing whitespace.
+ 
docs/evidence/redb-canonical-20260920/published-to-fork.patch:11596: trailing whitespace.
+ 
docs/evidence/redb-canonical-20260920/published-to-fork.patch:11601: trailing whitespace.
+ 
docs/evidence/redb-canonical-20260920/published-to-fork.patch:11605: trailing whitespace.
+ 
docs/evidence/redb-canonical-20260920/published-to-fork.patch:11610: trailing whitespace.
+ 
docs/evidence/redb-canonical-20260920/published-to-fork.patch:11618: trailing whitespace.
+ 
docs/evidence/redb-canonical-20260920/published-to-fork.patch:11622: trailing whitespace.
+ 
docs/evidence/redb-canonical-20260920/published-to-fork.patch:11635: trailing whitespace.
+ 
docs/evidence/redb-canonical-20260920/published-to-fork.patch:11639: trailing whitespace.
+ 
docs/evidence/redb-canonical-20260920/published-to-fork.patch:11656: trailing whitespace.
+ 
docs/evidence/redb-canonical-20260920/published-to-fork.patch:11665: trailing whitespace.
+ 
docs/evidence/redb-canonical-20260920/published-to-fork.patch:11671: trailing whitespace.
+ 
docs/evidence/redb-canonical-20260920/published-to-fork.patch:11675: trailing whitespace.
+ 
docs/evidence/redb-canonical-20260920/published-to-fork.patch:11679: trailing whitespace.
+ 
docs/evidence/redb-canonical-20260920/published-to-fork.patch:11689: trailing whitespace.
+ 
docs/evidence/redb-canonical-20260920/published-to-fork.patch:11695: trailing whitespace.
+ 
docs/evidence/redb-canonical-20260920/published-to-fork.patch:11700: trailing whitespace.
+ 
docs/evidence/redb-canonical-20260920/published-to-fork.patch:11709: trailing whitespace.
+ 
docs/evidence/redb-canonical-20260920/published-to-fork.patch:11713: trailing whitespace.
+ 
docs/evidence/redb-canonical-20260920/published-to-fork.patch:11718: trailing whitespace.
+ 
docs/evidence/redb-canonical-20260920/published-to-fork.patch:11727: trailing whitespace.
+ 
docs/evidence/redb-canonical-20260920/published-to-fork.patch:11730: trailing whitespace.
+ 
docs/evidence/redb-canonical-20260920/published-to-fork.patch:11732: trailing whitespace.
+ 
docs/evidence/redb-canonical-20260920/published-to-fork.patch:11736: trailing whitespace.
+ 
docs/evidence/redb-canonical-20260920/published-to-fork.patch:11747: trailing whitespace.
+ 
docs/evidence/redb-canonical-20260920/published-to-fork.patch:11750: trailing whitespace.
+ 
docs/evidence/redb-canonical-20260920/published-to-fork.patch:11752: trailing whitespace.
+ 
docs/evidence/redb-canonical-20260920/published-to-fork.patch:11763: trailing whitespace.
+ 
docs/evidence/redb-canonical-20260920/published-to-fork.patch:11766: trailing whitespace.
+ 
docs/evidence/redb-canonical-20260920/published-to-fork.patch:11768: trailing whitespace.
+ 
docs/evidence/redb-canonical-20260920/published-to-fork.patch:11772: trailing whitespace.
+ 
docs/evidence/redb-canonical-20260920/published-to-fork.patch:11775: trailing whitespace.
+ 
docs/evidence/redb-canonical-20260920/published-to-fork.patch:11777: trailing whitespace.
+ 
docs/evidence/redb-canonical-20260920/published-to-fork.patch:11781: trailing whitespace.
+ 
docs/evidence/redb-canonical-20260920/published-to-fork.patch:11784: trailing whitespace.
+ 
docs/evidence/redb-canonical-20260920/published-to-fork.patch:11786: trailing whitespace.
+ 
docs/evidence/redb-canonical-20260920/published-to-fork.patch:11790: trailing whitespace.
+ 
docs/evidence/redb-canonical-20260920/published-to-fork.patch:11793: trailing whitespace.
+ 
docs/evidence/redb-canonical-20260920/published-to-fork.patch:11795: trailing whitespace.
+ 
docs/evidence/redb-canonical-20260920/published-to-fork.patch:11799: trailing whitespace.
+ 
docs/evidence/redb-canonical-20260920/published-to-fork.patch:11802: trailing whitespace.
+ 
docs/evidence/redb-canonical-20260920/published-to-fork.patch:11804: trailing whitespace.
+ 
docs/evidence/redb-canonical-20260920/published-to-fork.patch:11815: trailing whitespace.
+ 
docs/evidence/redb-canonical-20260920/published-to-fork.patch:11818: trailing whitespace.
+ 
docs/evidence/redb-canonical-20260920/published-to-fork.patch:11820: trailing whitespace.
+ 
docs/evidence/redb-canonical-20260920/published-to-fork.patch:11831: trailing whitespace.
+ 
docs/evidence/redb-canonical-20260920/published-to-fork.patch:11842: trailing whitespace.
+ 
docs/evidence/redb-canonical-20260920/published-to-fork.patch:11847: trailing whitespace.
+ 
docs/evidence/redb-canonical-20260920/published-to-fork.patch:11849: trailing whitespace.
+ 
docs/evidence/redb-canonical-20260920/published-to-fork.patch:11860: trailing whitespace.
+ 
docs/evidence/redb-canonical-20260920/published-to-fork.patch:11865: trailing whitespace.
+ 
docs/evidence/redb-canonical-20260920/published-to-fork.patch:11867: trailing whitespace.
+ 
docs/evidence/redb-canonical-20260920/published-to-fork.patch:11871: trailing whitespace.
+ 
docs/evidence/redb-canonical-20260920/published-to-fork.patch:11876: trailing whitespace.
+ 
docs/evidence/redb-canonical-20260920/published-to-fork.patch:11878: trailing whitespace.
+ 
docs/evidence/redb-canonical-20260920/published-to-fork.patch:11914: trailing whitespace.
+ 
docs/evidence/redb-canonical-20260920/published-to-fork.patch:11923: trailing whitespace.
+ 
docs/evidence/redb-canonical-20260920/published-to-fork.patch:11928: trailing whitespace.
+ 
docs/evidence/redb-canonical-20260920/published-to-fork.patch:11935: trailing whitespace.
+ 
docs/evidence/redb-canonical-20260920/published-to-fork.patch:11940: trailing whitespace.
+ 
docs/evidence/redb-canonical-20260920/published-to-fork.patch:11943: trailing whitespace.
+ 
docs/evidence/redb-canonical-20260920/published-to-fork.patch:11947: trailing whitespace.
+ 
docs/evidence/redb-canonical-20260920/published-to-fork.patch:11959: trailing whitespace.
+ 
docs/evidence/redb-canonical-20260920/published-to-fork.patch:11968: trailing whitespace.
+ 
docs/evidence/redb-canonical-20260920/published-to-fork.patch:11975: trailing whitespace.
+ 
docs/evidence/redb-canonical-20260920/published-to-fork.patch:11977: trailing whitespace.
+ 
docs/evidence/redb-canonical-20260920/published-to-fork.patch:11986: trailing whitespace.
+ 
docs/evidence/redb-canonical-20260920/published-to-fork.patch:11995: trailing whitespace.
+ 
docs/evidence/redb-canonical-20260920/published-to-fork.patch:11998: trailing whitespace.
+ 
docs/evidence/redb-canonical-20260920/published-to-fork.patch:12011: trailing whitespace.
+ 
docs/evidence/redb-canonical-20260920/published-to-fork.patch:12013: trailing whitespace.
+ 
docs/evidence/redb-canonical-20260920/published-to-fork.patch:12019: trailing whitespace.
+ 
docs/evidence/redb-canonical-20260920/published-to-fork.patch:12024: trailing whitespace.
+ 
docs/evidence/redb-canonical-20260920/published-to-fork.patch:12031: trailing whitespace.
+ 
docs/evidence/redb-canonical-20260920/published-to-fork.patch:12038: trailing whitespace.
+ 
docs/evidence/redb-canonical-20260920/published-to-fork.patch:12040: trailing whitespace.
+ 
docs/evidence/redb-canonical-20260920/published-to-fork.patch:12042: trailing whitespace.
+ 
docs/evidence/redb-canonical-20260920/published-to-fork.patch:12045: trailing whitespace.
+ 
docs/evidence/redb-canonical-20260920/published-to-fork.patch:12060: trailing whitespace.
+ 
docs/evidence/redb-canonical-20260920/published-to-fork.patch:12069: trailing whitespace.
+ 
docs/evidence/redb-canonical-20260920/published-to-fork.patch:12079: trailing whitespace.
+ 
docs/evidence/redb-canonical-20260920/published-to-fork.patch:12083: trailing whitespace.
+ 
docs/evidence/redb-canonical-20260920/published-to-fork.patch:12088: trailing whitespace.
+ 
docs/evidence/redb-canonical-20260920/published-to-fork.patch:12105: trailing whitespace.
+ 
docs/evidence/redb-canonical-20260920/published-to-fork.patch:12107: trailing whitespace.
+ 
docs/evidence/redb-canonical-20260920/published-to-fork.patch:12119: trailing whitespace.
+ 
docs/evidence/redb-canonical-20260920/published-to-fork.patch:12148: trailing whitespace.
+ 
docs/evidence/redb-canonical-20260920/published-to-fork.patch:12152: trailing whitespace.
+ 
docs/evidence/redb-canonical-20260920/published-to-fork.patch:12174: trailing whitespace.
+ 
docs/evidence/redb-canonical-20260920/published-to-fork.patch:12224: trailing whitespace.
+ 
docs/evidence/redb-canonical-20260920/published-to-fork.patch:12233: trailing whitespace.
+ 
docs/evidence/redb-canonical-20260920/published-to-fork.patch:12235: trailing whitespace.
+ 
docs/evidence/redb-canonical-20260920/published-to-fork.patch:12242: trailing whitespace.
+ 
docs/evidence/redb-canonical-20260920/published-to-fork.patch:12251: trailing whitespace.
+ 
docs/evidence/redb-canonical-20260920/published-to-fork.patch:12257: trailing whitespace.
+ 
docs/evidence/redb-canonical-20260920/published-to-fork.patch:12273: trailing whitespace.
+ 
docs/evidence/redb-canonical-20260920/published-to-fork.patch:12275: trailing whitespace.
+ 
docs/evidence/redb-canonical-20260920/published-to-fork.patch:12292: trailing whitespace.
+ 
docs/evidence/redb-canonical-20260920/published-to-fork.patch:12304: trailing whitespace.
+ 
docs/evidence/redb-canonical-20260920/published-to-fork.patch:12308: trailing whitespace.
+ 
docs/evidence/redb-canonical-20260920/published-to-fork.patch:12316: trailing whitespace.
+ 
docs/evidence/redb-canonical-20260920/published-to-fork.patch:12336: trailing whitespace.
+ 
docs/evidence/redb-canonical-20260920/published-to-fork.patch:12343: trailing whitespace.
+ 
docs/evidence/redb-canonical-20260920/published-to-fork.patch:12347: trailing whitespace.
+ 
docs/evidence/redb-canonical-20260920/published-to-fork.patch:12361: trailing whitespace.
+ 
docs/evidence/redb-canonical-20260920/published-to-fork.patch:12370: trailing whitespace.
+ 
docs/evidence/redb-canonical-20260920/published-to-fork.patch:12379: trailing whitespace.
+ 
docs/evidence/redb-canonical-20260920/published-to-fork.patch:12404: trailing whitespace.
+ 
docs/evidence/redb-canonical-20260920/published-to-fork.patch:12414: trailing whitespace.
+ 
docs/evidence/redb-canonical-20260920/published-to-fork.patch:12420: trailing whitespace.
+ 
docs/evidence/redb-canonical-20260920/published-to-fork.patch:12428: trailing whitespace.
+ 
docs/evidence/redb-canonical-20260920/published-to-fork.patch:12432: trailing whitespace.
+ 
docs/evidence/redb-canonical-20260920/published-to-fork.patch:12437: trailing whitespace.
+ 
docs/evidence/redb-canonical-20260920/published-to-fork.patch:12441: trailing whitespace.
+ 
docs/evidence/redb-canonical-20260920/published-to-fork.patch:12450: trailing whitespace.
+ 
docs/evidence/redb-canonical-20260920/published-to-fork.patch:12458: trailing whitespace.
+ 
docs/evidence/redb-canonical-20260920/published-to-fork.patch:12472: trailing whitespace.
+ 
docs/evidence/redb-canonical-20260920/published-to-fork.patch:12492: trailing whitespace.
+ 
docs/evidence/redb-canonical-20260920/published-to-fork.patch:12512: trailing whitespace.
+ 
docs/evidence/redb-canonical-20260920/published-to-fork.patch:12533: trailing whitespace.
+ 
docs/evidence/redb-canonical-20260920/published-to-fork.patch:12544: trailing whitespace.
+ 
docs/evidence/redb-canonical-20260920/published-to-fork.patch:12550: trailing whitespace.
+ 
docs/evidence/redb-canonical-20260920/published-to-fork.patch:12562: trailing whitespace.
+ 
docs/evidence/redb-canonical-20260920/published-to-fork.patch:12571: trailing whitespace.
+ 
docs/evidence/redb-canonical-20260920/published-to-fork.patch:12578: trailing whitespace.
+ 
docs/evidence/redb-canonical-20260920/published-to-fork.patch:12590: trailing whitespace.
+ 
docs/evidence/redb-canonical-20260920/published-to-fork.patch:12599: trailing whitespace.
+ 
docs/evidence/redb-canonical-20260920/published-to-fork.patch:12606: trailing whitespace.
+ 
docs/evidence/redb-canonical-20260920/published-to-fork.patch:12615: trailing whitespace.
+ 
docs/evidence/redb-canonical-20260920/published-to-fork.patch:12627: trailing whitespace.
+ 
docs/evidence/redb-canonical-20260920/published-to-fork.patch:12636: trailing whitespace.
+ 
docs/evidence/redb-canonical-20260920/published-to-fork.patch:12645: trailing whitespace.
+ 
docs/evidence/redb-canonical-20260920/published-to-fork.patch:12661: trailing whitespace.
+ 
docs/evidence/redb-canonical-20260920/published-to-fork.patch:12672: trailing whitespace.
+ 
docs/evidence/redb-canonical-20260920/published-to-fork.patch:12682: trailing whitespace.
+ 
docs/evidence/redb-canonical-20260920/published-to-fork.patch:12691: trailing whitespace.
+ 
docs/evidence/redb-canonical-20260920/published-to-fork.patch:12699: trailing whitespace.
+ 
docs/evidence/redb-canonical-20260920/published-to-fork.patch:12709: trailing whitespace.
+ 
docs/evidence/redb-canonical-20260920/published-to-fork.patch:12712: trailing whitespace.
+ 
docs/evidence/redb-canonical-20260920/published-to-fork.patch:12718: trailing whitespace.
+ 
docs/evidence/redb-canonical-20260920/published-to-fork.patch:12722: trailing whitespace.
+ 
docs/evidence/redb-canonical-20260920/published-to-fork.patch:12730: trailing whitespace.
+ 
docs/evidence/redb-canonical-20260920/published-to-fork.patch:12742: trailing whitespace.
+ 
docs/evidence/redb-canonical-20260920/published-to-fork.patch:12751: trailing whitespace.
+ 
docs/evidence/redb-canonical-20260920/published-to-fork.patch:12755: trailing whitespace.
+ 
docs/evidence/redb-canonical-20260920/published-to-fork.patch:12759: trailing whitespace.
+ 
docs/evidence/redb-canonical-20260920/published-to-fork.patch:12769: trailing whitespace.
+ 
docs/evidence/redb-canonical-20260920/published-to-fork.patch:12778: trailing whitespace.
+ 
docs/evidence/redb-canonical-20260920/published-to-fork.patch:12782: trailing whitespace.
+ 
docs/evidence/redb-canonical-20260920/published-to-fork.patch:12786: trailing whitespace.
+ 
docs/evidence/redb-canonical-20260920/published-to-fork.patch:12812: trailing whitespace.
+ 
docs/evidence/redb-canonical-20260920/published-to-fork.patch:12839: trailing whitespace.
+ 
docs/evidence/redb-canonical-20260920/published-to-fork.patch:12841: trailing whitespace.
+ 
docs/evidence/redb-canonical-20260920/published-to-fork.patch:12848: trailing whitespace.
+ 
docs/evidence/redb-canonical-20260920/published-to-fork.patch:12850: trailing whitespace.
+ 
docs/evidence/redb-canonical-20260920/published-to-fork.patch:12857: trailing whitespace.
+ 
docs/evidence/redb-canonical-20260920/published-to-fork.patch:12859: trailing whitespace.
+ 
docs/evidence/redb-canonical-20260920/published-to-fork.patch:12884: trailing whitespace.
+ 
docs/evidence/redb-canonical-20260920/published-to-fork.patch:12920: trailing whitespace.
+ 
docs/evidence/redb-canonical-20260920/published-to-fork.patch:12922: trailing whitespace.
+ 
docs/evidence/redb-canonical-20260920/published-to-fork.patch:12943: trailing whitespace.
+ 
docs/evidence/redb-canonical-20260920/published-to-fork.patch:12947: trailing whitespace.
+ 
docs/evidence/redb-canonical-20260920/published-to-fork.patch:12956: trailing whitespace.
+ 
docs/evidence/redb-canonical-20260920/published-to-fork.patch:12966: trailing whitespace.
+ 
docs/evidence/redb-canonical-20260920/published-to-fork.patch:12975: trailing whitespace.
+ 
docs/evidence/redb-canonical-20260920/published-to-fork.patch:12979: trailing whitespace.
+ 
docs/evidence/redb-canonical-20260920/published-to-fork.patch:13009: trailing whitespace.
+ 
docs/evidence/redb-canonical-20260920/published-to-fork.patch:13018: trailing whitespace.
+ 
docs/evidence/redb-canonical-20260920/published-to-fork.patch:13027: trailing whitespace.
+ 
vendor/openraft-0.9.25/.github/ISSUE_TEMPLATE/blank.md:9: new blank line at EOF.
vendor/openraft-0.9.25/.github/workflows/devskim-analysis.yml:30: trailing whitespace.
+        
vendor/openraft-0.9.25/.github/workflows/issue-welcome.yml:48: new blank line at EOF.
vendor/openraft-0.9.25/change-log.md:4136: new blank line at EOF.
vendor/openraft-0.9.25/change-log/v0.9.21.md:5: new blank line at EOF.
vendor/openraft-0.9.25/change-log/v0.9.3.md:5: new blank line at EOF.
vendor/openraft-0.9.25/examples/memstore/README.md:4: trailing whitespace.
+Other example Raft based applications use this crate as a component to store raft logs. 
vendor/openraft-0.9.25/examples/raft-kv-memstore/README.md:7: trailing whitespace.
+- A server is based on [actix-web](https://docs.rs/actix-web/4.0.0-rc.2).  
vendor/openraft-0.9.25/guide/README.md:54: new blank line at EOF.
vendor/openraft-0.9.25/macros/README.md:12: trailing whitespace.
+[`trybuild`]: https://crates.io/crates/trybuild 
vendor/openraft-0.9.25/openraft/src/docs/data/leader_id.md:76: trailing whitespace.
+    
vendor/openraft-0.9.25/openraft/src/docs/data/log_pointers.md:13: trailing whitespace.
+ 
vendor/openraft-0.9.25/openraft/src/docs/data/log_pointers.md:16: trailing whitespace.
+ 
vendor/openraft-0.9.25/openraft/src/docs/faq/faq.md:124: trailing whitespace.
+   pub MyRaftConfig: 
vendor/openraft-0.9.25/openraft/src/docs/faq/faq.md:125: trailing whitespace.
+       // ... 
vendor/openraft-0.9.25/openraft/src/docs/getting_started/getting-started.md:361: trailing whitespace.
+[`LogState`]:                           `crate::storage::LogState` 
vendor/openraft-0.9.25/openraft/src/docs/internal/architecture.md:77: trailing whitespace.
+        '~~~~~~~~~~~~~~~~~~~~~~~~~~~~~~~~~'                      |                |       
vendor/openraft-0.9.25/openraft/src/docs/internal/architecture.md:78: trailing whitespace.
+                   |                                             |                |       
vendor/openraft-0.9.25/openraft/src/docs/internal/architecture.md:79: trailing whitespace.
+                   | enum RaftMes                                |                |       
vendor/openraft-0.9.25/openraft/src/docs/internal/architecture.md:80: trailing whitespace.
+                   |                                             |                |       
vendor/openraft-0.9.25/openraft/src/docs/internal/architecture.md:86: trailing whitespace.
+|          !       .--+--------.                   !   |         |                                                  
vendor/openraft-0.9.25/openraft/src/docs/internal/architecture.md:87: trailing whitespace.
+|          !       v           v                   !   |         |                                                       
vendor/openraft-0.9.25/openraft/src/docs/internal/architecture.md:88: trailing whitespace.
+|          ! ReplicationHandle ReplicationHandle   !   |         |                                                       
vendor/openraft-0.9.25/openraft/src/docs/internal/architecture.md:89: trailing whitespace.
+|          !  |                |                   !   |         |    
vendor/openraft-0.9.25/openraft/src/docs/internal/architecture.md:90: trailing whitespace.
+|          '~~|~~~~~~~~~~~~~~~~|~~~~~~~~~~~~~~~~~~~'   |         |                                                       
vendor/openraft-0.9.25/openraft/src/docs/internal/architecture.md:91: trailing whitespace.
+|             |                |                       |         |    
vendor/openraft-0.9.25/openraft/src/docs/internal/architecture.md:92: trailing whitespace.
+|  .~~~~~~~~~~|~~~~~~~~~~.  .~~|~~~~~~~~~~~~~~~~~~~.   |         | RPC:                      
vendor/openraft-0.9.25/openraft/src/docs/internal/architecture.md:93: trailing whitespace.
+|  !          v          !  !  v                   !   |         |   "vote()"                
vendor/openraft-0.9.25/openraft/src/docs/internal/architecture.md:94: trailing whitespace.
+|  ! ReplicationCore     !  !  ReplicationCore     !   |         |   "append_entries()"      
vendor/openraft-0.9.25/openraft/src/docs/internal/architecture.md:95: trailing whitespace.
+|  ! o                   !  !  o  o                !   |         |   "install_snapshot()"    
vendor/openraft-0.9.25/openraft/src/docs/internal/architecture.md:96: trailing whitespace.
+|  '~|~~~~~~~~~~~~~~~~~~~'  !  |  |                !   |         |    
vendor/openraft-0.9.25/openraft/src/docs/internal/architecture.md:97: trailing whitespace.
+|    |                      !  |  v                !   |         |    
vendor/openraft-0.9.25/openraft/src/docs/internal/architecture.md:98: trailing whitespace.
+|    |                      !  |  RaftNetwork--------------------'    
vendor/openraft-0.9.25/openraft/src/docs/internal/architecture.md:103: trailing whitespace.
+| "append_log()"  |                        | 
vendor/openraft-0.9.25/openraft/src/docs/internal/architecture.md:104: trailing whitespace.
+| "..."           |             .~~~~~~~~~~|~~~~~~~~~~. 
vendor/openraft-0.9.25/openraft/src/docs/internal/architecture.md:105: trailing whitespace.
+`--------.        |             !          v          ! 
vendor/openraft-0.9.25/openraft/src/docs/internal/architecture.md:106: trailing whitespace.
+         |        |             !   RaftStateMachine  ! 
vendor/openraft-0.9.25/openraft/src/docs/internal/architecture.md:107: trailing whitespace.
+         |        |             !          o          ! 
vendor/openraft-0.9.25/openraft/src/docs/internal/architecture.md:108: trailing whitespace.
+         |        |             !          |          ! 
vendor/openraft-0.9.25/openraft/src/docs/internal/architecture.md:109: trailing whitespace.
+         |        |             '~~~~~~~~~~|~~~~~~~~~~' 
vendor/openraft-0.9.25/openraft/src/docs/internal/architecture.md:110: trailing whitespace.
+         v        v                        |            
vendor/openraft-0.9.25/openraft/src/docs/internal/architecture.md:111: trailing whitespace.
+         RaftLogStorage                    |            
vendor/openraft-0.9.25/openraft/src/docs/internal/architecture.md:112: trailing whitespace.
+           o                               |            
vendor/openraft-0.9.25/openraft/src/docs/internal/architecture.md:113: trailing whitespace.
+           |                               |            
vendor/openraft-0.9.25/openraft/src/docs/internal/architecture.md:114: trailing whitespace.
+           v                               v            
vendor/openraft-0.9.25/openraft/src/docs/internal/architecture.md:115: trailing whitespace.
+       local-disk                     local-disk        
vendor/openraft-0.9.25/openraft/src/docs/obsolete/blank-log-heartbeat.md:7: trailing whitespace.
+# Why it is bad 
vendor/openraft-0.9.25/openraft/src/docs/protocol/log_replication.md:29: trailing whitespace.
+  
vendor/openraft-0.9.25/openraft/src/docs/protocol/log_replication.md:128: new blank line at EOF.
vendor/openraft-0.9.25/openraft/src/docs/protocol/replication.md:9: new blank line at EOF.
vendor/openraft-0.9.25/openraft/src/docs/protocol/snapshot_replication.md:16: trailing whitespace.
+The final step is to purge logs the snapshot contains. 
vendor/openraft-0.9.25/openraft/src/docs/upgrade_guide/upgrade-v08-v09.md:33: trailing whitespace.
+## Upgrade for API changes 
vendor/openraft-0.9.25/openraft/src/docs/upgrade_guide/upgrade-v08-v09.md:50: trailing whitespace.
+  For example, upgrade 0.8 async-trait implementation 
vendor/openraft-0.9.25/openraft/src/docs/upgrade_guide/upgrade-v08-v09.md:55: trailing whitespace.
+  
vendor/openraft-0.9.25/openraft/src/docs/upgrade_guide/upgrade-v08-v09.md:56: trailing whitespace.
+  to 
vendor/openraft-0.9.25/openraft/src/docs/upgrade_guide/upgrade-v08-v09.md:74: trailing whitespace.
+  
vendor/openraft-0.9.25/openraft/src/docs/upgrade_guide/upgrade-v08-v09.md:112: trailing whitespace.
+  
vendor/openraft-0.9.25/openraft/src/docs/upgrade_guide/upgrade-v08-v09.md:130: trailing whitespace.
+  ```ignore 
vendor/openraft-0.9.25/openraft/src/docs/upgrade_guide/upgrade-v08-v09.md:138: trailing whitespace.
+  ``` 
vendor/openraft-0.9.25/openraft/src/docs/upgrade_guide/upgrade-v08-v09.md:139: trailing whitespace.
+  
vendor/openraft-0.9.25/openraft/src/docs/upgrade_guide/upgrade-v08-v09.md:174: trailing whitespace.
+  
vendor/openraft-0.9.25/openraft/src/docs/upgrade_guide/upgrade-v08-v09.md:176: trailing whitespace.
+  
vendor/openraft-0.9.25/openraft/src/docs/upgrade_guide/upgrade-v08-v09.md:208: trailing whitespace.
+[`tokio`]: https://tokio.rs/ 
vendor/openraft-0.9.25/openraft/src/docs/upgrade_guide/upgrade.md:7: trailing whitespace.
+- DataChange: introduces breaking changes to data types. 
vendor/openraft-0.9.25/openraft/src/docs/upgrade_guide/upgrade.md:52: new blank line at EOF.
vendor/openraft-0.9.25/openraft/src/engine/command.rs:196: trailing whitespace.
+            // TODO(1): 
vendor/openraft-0.9.25/openraft/src/lib_readme.md:20: new blank line at EOF.
vendor/openraft-0.9.25/openraft/src/log_id/raft_log_id.rs:7: trailing whitespace.
+    /// Returns a reference to the leader id that proposed this log id.  
vendor/openraft-0.9.25/scripts/build_change_log.py:430: new blank line at EOF.
vendor/openraft-0.9.25/tests/tests/README.md:16: trailing whitespace.
+- `t20`: life cycle test cases. 
vendor/openraft-0.9.25/tests/tests/README.md:17: trailing whitespace.
+- `t30`: special cases for an API. 
vendor/openraft-0.9.25/tests/tests/README.md:18: trailing whitespace.
+- `t40`: not used. 
vendor/openraft-0.9.25/tests/tests/README.md:19: trailing whitespace.
+- `t50`: environment depended behaviors.  
vendor/openraft-0.9.25/tests/tests/README.md:20: trailing whitespace.
+- `t60`: config related behaviors. 
vendor/openraft-0.9.25/tests/tests/README.md:23: trailing whitespace.
+- `t90`: issue fixes. 
