kasumi-server v0.1.0 (/workspace/crates/kasumi-server)
├── anyhow feature "default"
│   ├── anyhow v1.0.104
│   └── anyhow feature "std"
│       └── anyhow v1.0.104
├── async-trait feature "default"
│   └── async-trait v0.1.92 (proc-macro)
│       ├── proc-macro2 feature "default"
│       │   ├── proc-macro2 v1.0.107
│       │   │   └── unicode-ident feature "default"
│       │   │       └── unicode-ident v1.0.24
│       │   └── proc-macro2 feature "proc-macro"
│       │       └── proc-macro2 v1.0.107 (*)
│       ├── quote feature "default"
│       │   ├── quote v1.0.47
│       │   │   └── proc-macro2 v1.0.107 (*)
│       │   └── quote feature "proc-macro"
│       │       ├── quote v1.0.47 (*)
│       │       └── proc-macro2 feature "proc-macro" (*)
│       ├── syn feature "clone-impls"
│       │   └── syn v3.0.5
│       │       ├── proc-macro2 v1.0.107 (*)
│       │       ├── quote v1.0.47 (*)
│       │       └── unicode-ident feature "default" (*)
│       ├── syn feature "full"
│       │   └── syn v3.0.5 (*)
│       ├── syn feature "parsing"
│       │   └── syn v3.0.5 (*)
│       ├── syn feature "printing"
│       │   └── syn v3.0.5 (*)
│       ├── syn feature "proc-macro"
│       │   ├── syn v3.0.5 (*)
│       │   ├── proc-macro2 feature "proc-macro" (*)
│       │   └── quote feature "proc-macro" (*)
│       └── syn feature "visit-mut"
│           └── syn v3.0.5 (*)
├── axum feature "default"
│   ├── axum v0.8.9
│   │   ├── tracing v0.1.44
│   │   │   ├── tracing-core v0.1.36
│   │   │   │   └── once_cell feature "default"
│   │   │   │       ├── once_cell v1.21.4
│   │   │   │       └── once_cell feature "std"
│   │   │   │           ├── once_cell v1.21.4
│   │   │   │           └── once_cell feature "alloc"
│   │   │   │               ├── once_cell v1.21.4
│   │   │   │               └── once_cell feature "race"
│   │   │   │                   └── once_cell v1.21.4
│   │   │   ├── pin-project-lite feature "default"
│   │   │   │   └── pin-project-lite v0.2.17
│   │   │   ├── log feature "default"
│   │   │   │   └── log v0.4.34
│   │   │   └── tracing-attributes feature "default"
│   │   │       └── tracing-attributes v0.1.31 (proc-macro)
│   │   │           ├── proc-macro2 feature "default" (*)
│   │   │           ├── quote feature "default" (*)
│   │   │           ├── syn feature "clone-impls"
│   │   │           │   └── syn v2.0.119
│   │   │           │       ├── proc-macro2 v1.0.107 (*)
│   │   │           │       ├── quote v1.0.47 (*)
│   │   │           │       └── unicode-ident feature "default" (*)
│   │   │           ├── syn feature "extra-traits"
│   │   │           │   └── syn v2.0.119 (*)
│   │   │           ├── syn feature "full"
│   │   │           │   └── syn v2.0.119 (*)
│   │   │           ├── syn feature "parsing"
│   │   │           │   └── syn v2.0.119 (*)
│   │   │           ├── syn feature "printing"
│   │   │           │   └── syn v2.0.119 (*)
│   │   │           ├── syn feature "proc-macro"
│   │   │           │   ├── syn v2.0.119 (*)
│   │   │           │   ├── proc-macro2 feature "proc-macro" (*)
│   │   │           │   └── quote feature "proc-macro" (*)
│   │   │           └── syn feature "visit-mut"
│   │   │               └── syn v2.0.119 (*)
│   │   ├── axum-core feature "default"
│   │   │   └── axum-core v0.5.6
│   │   │       ├── tracing v0.1.44 (*)
│   │   │       ├── bytes feature "default"
│   │   │       │   ├── bytes v1.12.1
│   │   │       │   └── bytes feature "std"
│   │   │       │       └── bytes v1.12.1
│   │   │       ├── futures-core feature "default"
│   │   │       │   ├── futures-core v0.3.34
│   │   │       │   └── futures-core feature "std"
│   │   │       │       ├── futures-core v0.3.34
│   │   │       │       └── futures-core feature "alloc"
│   │   │       │           └── futures-core v0.3.34
│   │   │       ├── http feature "default"
│   │   │       │   ├── http v1.5.0
│   │   │       │   │   ├── bytes feature "default" (*)
│   │   │       │   │   └── itoa feature "default"
│   │   │       │   │       └── itoa v1.0.18
│   │   │       │   └── http feature "std"
│   │   │       │       └── http v1.5.0 (*)
│   │   │       ├── http-body feature "default"
│   │   │       │   └── http-body v1.1.0
│   │   │       │       ├── bytes feature "default" (*)
│   │   │       │       └── http feature "default" (*)
│   │   │       ├── http-body-util feature "default"
│   │   │       │   └── http-body-util v0.1.5
│   │   │       │       ├── futures-core v0.3.34
│   │   │       │       ├── bytes feature "default" (*)
│   │   │       │       ├── http feature "default" (*)
│   │   │       │       ├── http-body feature "default" (*)
│   │   │       │       └── pin-project-lite feature "default" (*)
│   │   │       ├── pin-project-lite feature "default" (*)
│   │   │       ├── mime feature "default"
│   │   │       │   └── mime v0.3.17
│   │   │       ├── sync_wrapper feature "default"
│   │   │       │   └── sync_wrapper v1.0.2
│   │   │       │       └── futures-core v0.3.34
│   │   │       ├── tower-layer feature "default"
│   │   │       │   └── tower-layer v0.3.3
│   │   │       └── tower-service feature "default"
│   │   │           └── tower-service v0.3.3
│   │   ├── bytes feature "default" (*)
│   │   ├── http feature "default" (*)
│   │   ├── itoa feature "default" (*)
│   │   ├── http-body feature "default" (*)
│   │   ├── http-body-util feature "default" (*)
│   │   ├── pin-project-lite feature "default" (*)
│   │   ├── mime feature "default" (*)
│   │   ├── sync_wrapper feature "default" (*)
│   │   ├── tower-layer feature "default" (*)
│   │   ├── tower-service feature "default" (*)
│   │   ├── form_urlencoded feature "default"
│   │   │   ├── form_urlencoded v1.2.2
│   │   │   │   └── percent-encoding v2.3.2
│   │   │   └── form_urlencoded feature "std"
│   │   │       ├── form_urlencoded v1.2.2 (*)
│   │   │       ├── form_urlencoded feature "alloc"
│   │   │       │   ├── form_urlencoded v1.2.2 (*)
│   │   │       │   └── percent-encoding feature "alloc"
│   │   │       │       └── percent-encoding v2.3.2
│   │   │       └── percent-encoding feature "std"
│   │   │           ├── percent-encoding v2.3.2
│   │   │           └── percent-encoding feature "alloc" (*)
│   │   ├── percent-encoding feature "default"
│   │   │   ├── percent-encoding v2.3.2
│   │   │   └── percent-encoding feature "std" (*)
│   │   ├── futures-util feature "alloc"
│   │   │   ├── futures-util v0.3.34
│   │   │   │   ├── futures-core v0.3.34
│   │   │   │   ├── futures-macro v0.3.34 (proc-macro)
│   │   │   │   │   ├── proc-macro2 feature "default" (*)
│   │   │   │   │   ├── quote feature "default" (*)
│   │   │   │   │   ├── syn feature "default"
│   │   │   │   │   │   ├── syn v3.0.5 (*)
│   │   │   │   │   │   ├── syn feature "clone-impls" (*)
│   │   │   │   │   │   ├── syn feature "derive"
│   │   │   │   │   │   │   └── syn v3.0.5 (*)
│   │   │   │   │   │   ├── syn feature "parsing" (*)
│   │   │   │   │   │   ├── syn feature "printing" (*)
│   │   │   │   │   │   └── syn feature "proc-macro" (*)
│   │   │   │   │   └── syn feature "full" (*)
│   │   │   │   ├── futures-sink v0.3.34
│   │   │   │   ├── futures-task v0.3.34
│   │   │   │   ├── slab v0.4.12
│   │   │   │   ├── pin-project-lite feature "default" (*)
│   │   │   │   ├── futures-channel feature "std"
│   │   │   │   │   ├── futures-channel v0.3.34
│   │   │   │   │   │   ├── futures-core v0.3.34
│   │   │   │   │   │   └── futures-sink v0.3.34
│   │   │   │   │   ├── futures-core feature "std" (*)
│   │   │   │   │   └── futures-channel feature "alloc"
│   │   │   │   │       ├── futures-channel v0.3.34 (*)
│   │   │   │   │       └── futures-core feature "alloc" (*)
│   │   │   │   ├── futures-io feature "std"
│   │   │   │   │   └── futures-io v0.3.34
│   │   │   │   └── memchr feature "default"
│   │   │   │       ├── memchr v2.8.3
│   │   │   │       └── memchr feature "std"
│   │   │   │           ├── memchr v2.8.3
│   │   │   │           └── memchr feature "alloc"
│   │   │   │               └── memchr v2.8.3
│   │   │   ├── futures-core feature "alloc" (*)
│   │   │   ├── futures-util feature "slab"
│   │   │   │   └── futures-util v0.3.34 (*)
│   │   │   └── futures-task feature "alloc"
│   │   │       └── futures-task v0.3.34
│   │   ├── memchr feature "default" (*)
│   │   ├── hyper feature "default"
│   │   │   └── hyper v1.11.1
│   │   │       ├── bytes feature "default" (*)
│   │   │       ├── futures-core feature "default" (*)
│   │   │       ├── http feature "default" (*)
│   │   │       ├── itoa feature "default" (*)
│   │   │       ├── http-body feature "default" (*)
│   │   │       ├── pin-project-lite feature "default" (*)
│   │   │       ├── futures-channel feature "default"
│   │   │       │   ├── futures-channel v0.3.34 (*)
│   │   │       │   └── futures-channel feature "std" (*)
│   │   │       ├── atomic-waker feature "default"
│   │   │       │   └── atomic-waker v1.1.2
│   │   │       ├── h2 feature "default"
│   │   │       │   └── h2 v0.4.19
│   │   │       │       ├── futures-core v0.3.34
│   │   │       │       ├── futures-sink v0.3.34
│   │   │       │       ├── bytes feature "default" (*)
│   │   │       │       ├── http feature "default" (*)
│   │   │       │       ├── tracing feature "std"
│   │   │       │       │   ├── tracing v0.1.44 (*)
│   │   │       │       │   └── tracing-core feature "std"
│   │   │       │       │       ├── tracing-core v0.1.36 (*)
│   │   │       │       │       └── tracing-core feature "once_cell"
│   │   │       │       │           └── tracing-core v0.1.36 (*)
│   │   │       │       ├── slab feature "default"
│   │   │       │       │   ├── slab v0.4.12
│   │   │       │       │   └── slab feature "std"
│   │   │       │       │       └── slab v0.4.12
│   │   │       │       ├── atomic-waker feature "default" (*)
│   │   │       │       ├── fnv feature "default"
│   │   │       │       │   ├── fnv v1.0.7
│   │   │       │       │   └── fnv feature "std"
│   │   │       │       │       └── fnv v1.0.7
│   │   │       │       ├── indexmap feature "default"
│   │   │       │       │   ├── indexmap v2.14.1
│   │   │       │       │   │   ├── equivalent v1.0.2
│   │   │       │       │   │   ├── hashbrown v0.17.1
│   │   │       │       │   │   │   ├── equivalent v1.0.2
│   │   │       │       │   │   │   ├── foldhash v0.2.0
│   │   │       │       │   │   │   └── allocator-api2 feature "alloc"
│   │   │       │       │   │   │       └── allocator-api2 v0.2.21
│   │   │       │       │   │   └── serde_core v1.0.229
│   │   │       │       │   └── indexmap feature "std"
│   │   │       │       │       └── indexmap v2.14.1 (*)
│   │   │       │       ├── indexmap feature "std" (*)
│   │   │       │       ├── tokio feature "default"
│   │   │       │       │   └── tokio v1.53.1
│   │   │       │       │       ├── mio v1.2.3
│   │   │       │       │       │   └── libc feature "default"
│   │   │       │       │       │       ├── libc v0.2.189
│   │   │       │       │       │       └── libc feature "std"
│   │   │       │       │       │           └── libc v0.2.189
│   │   │       │       │       ├── bytes feature "default" (*)
│   │   │       │       │       ├── pin-project-lite feature "default" (*)
│   │   │       │       │       ├── libc feature "default" (*)
│   │   │       │       │       ├── parking_lot feature "default"
│   │   │       │       │       │   └── parking_lot v0.12.5
│   │   │       │       │       │       ├── lock_api feature "default"
│   │   │       │       │       │       │   ├── lock_api v0.4.14
│   │   │       │       │       │       │   │   └── scopeguard v1.2.0
│   │   │       │       │       │       │   └── lock_api feature "atomic_usize"
│   │   │       │       │       │       │       └── lock_api v0.4.14 (*)
│   │   │       │       │       │       └── parking_lot_core feature "default"
│   │   │       │       │       │           └── parking_lot_core v0.9.12
│   │   │       │       │       │               ├── libc feature "default" (*)
│   │   │       │       │       │               ├── cfg-if feature "default"
│   │   │       │       │       │               │   └── cfg-if v1.0.4
│   │   │       │       │       │               └── smallvec feature "default"
│   │   │       │       │       │                   └── smallvec v1.16.0
│   │   │       │       │       ├── signal-hook-registry feature "default"
│   │   │       │       │       │   └── signal-hook-registry v1.4.8
│   │   │       │       │       │       ├── libc feature "default" (*)
│   │   │       │       │       │       └── errno feature "default"
│   │   │       │       │       │           ├── errno v0.3.14
│   │   │       │       │       │           │   └── libc v0.2.189
│   │   │       │       │       │           └── errno feature "std"
│   │   │       │       │       │               ├── errno v0.3.14 (*)
│   │   │       │       │       │               └── libc feature "std" (*)
│   │   │       │       │       ├── socket2 feature "all"
│   │   │       │       │       │   └── socket2 v0.6.5
│   │   │       │       │       │       └── libc feature "default" (*)
│   │   │       │       │       ├── socket2 feature "default"
│   │   │       │       │       │   └── socket2 v0.6.5 (*)
│   │   │       │       │       └── tokio-macros feature "default"
│   │   │       │       │           └── tokio-macros v2.7.2 (proc-macro)
│   │   │       │       │               ├── proc-macro2 feature "default" (*)
│   │   │       │       │               ├── quote feature "default" (*)
│   │   │       │       │               ├── syn feature "default" (*)
│   │   │       │       │               └── syn feature "full" (*)
│   │   │       │       ├── tokio feature "io-util"
│   │   │       │       │   ├── tokio v1.53.1 (*)
│   │   │       │       │   └── tokio feature "bytes"
│   │   │       │       │       └── tokio v1.53.1 (*)
│   │   │       │       ├── tokio-util feature "codec"
│   │   │       │       │   ├── tokio-util v0.7.19
│   │   │       │       │   │   ├── bytes feature "default" (*)
│   │   │       │       │   │   ├── futures-core feature "default" (*)
│   │   │       │       │   │   ├── pin-project-lite feature "default" (*)
│   │   │       │       │   │   ├── futures-sink feature "default"
│   │   │       │       │   │   │   ├── futures-sink v0.3.34
│   │   │       │       │   │   │   └── futures-sink feature "std"
│   │   │       │       │   │   │       ├── futures-sink v0.3.34
│   │   │       │       │   │   │       └── futures-sink feature "alloc"
│   │   │       │       │   │   │           └── futures-sink v0.3.34
│   │   │       │       │   │   ├── tokio feature "default" (*)
│   │   │       │       │   │   ├── tokio feature "sync"
│   │   │       │       │   │   │   └── tokio v1.53.1 (*)
│   │   │       │       │   │   └── libc feature "default" (*)
│   │   │       │       │   └── tokio-util feature "libc"
│   │   │       │       │       └── tokio-util v0.7.19 (*)
│   │   │       │       ├── tokio-util feature "default"
│   │   │       │       │   └── tokio-util v0.7.19 (*)
│   │   │       │       └── tokio-util feature "io"
│   │   │       │           └── tokio-util v0.7.19 (*)
│   │   │       ├── tokio feature "default" (*)
│   │   │       ├── tokio feature "sync" (*)
│   │   │       ├── smallvec feature "const_generics"
│   │   │       │   └── smallvec v1.16.0
│   │   │       ├── smallvec feature "const_new"
│   │   │       │   ├── smallvec v1.16.0
│   │   │       │   └── smallvec feature "const_generics" (*)
│   │   │       ├── smallvec feature "default" (*)
│   │   │       ├── httparse feature "default"
│   │   │       │   ├── httparse v1.10.1
│   │   │       │   └── httparse feature "std"
│   │   │       │       └── httparse v1.10.1
│   │   │       ├── httpdate feature "default"
│   │   │       │   └── httpdate v1.0.3
│   │   │       └── want feature "default"
│   │   │           └── want v0.3.1
│   │   │               └── try-lock feature "default"
│   │   │                   └── try-lock v0.2.5
│   │   ├── serde_core feature "default"
│   │   │   ├── serde_core v1.0.229
│   │   │   ├── serde_core feature "result"
│   │   │   │   └── serde_core v1.0.229
│   │   │   └── serde_core feature "std"
│   │   │       └── serde_core v1.0.229
│   │   ├── tokio feature "default" (*)
│   │   ├── tokio feature "time"
│   │   │   └── tokio v1.53.1 (*)
│   │   ├── hyper-util feature "default"
│   │   │   └── hyper-util v0.1.20
│   │   │       ├── futures-util v0.3.34 (*)
│   │   │       ├── tokio v1.53.1 (*)
│   │   │       ├── bytes feature "default" (*)
│   │   │       ├── http feature "default" (*)
│   │   │       ├── http-body feature "default" (*)
│   │   │       ├── pin-project-lite feature "default" (*)
│   │   │       ├── tower-service feature "default" (*)
│   │   │       ├── tracing feature "std" (*)
│   │   │       ├── percent-encoding feature "default" (*)
│   │   │       ├── futures-channel feature "default" (*)
│   │   │       ├── hyper feature "default" (*)
│   │   │       ├── libc feature "default" (*)
│   │   │       ├── socket2 feature "all" (*)
│   │   │       ├── socket2 feature "default" (*)
│   │   │       ├── base64 feature "default"
│   │   │       │   ├── base64 v0.22.1
│   │   │       │   └── base64 feature "std"
│   │   │       │       ├── base64 v0.22.1
│   │   │       │       └── base64 feature "alloc"
│   │   │       │           └── base64 v0.22.1
│   │   │       └── ipnet feature "default"
│   │   │           ├── ipnet v2.12.1
│   │   │           └── ipnet feature "std"
│   │   │               └── ipnet v2.12.1
│   │   ├── hyper-util feature "server"
│   │   │   ├── hyper-util v0.1.20 (*)
│   │   │   └── hyper feature "server"
│   │   │       └── hyper v1.11.1 (*)
│   │   ├── hyper-util feature "service"
│   │   │   └── hyper-util v0.1.20 (*)
│   │   ├── hyper-util feature "tokio"
│   │   │   ├── hyper-util v0.1.20 (*)
│   │   │   ├── tokio feature "rt"
│   │   │   │   └── tokio v1.53.1 (*)
│   │   │   ├── tokio feature "time" (*)
│   │   │   └── hyper-util feature "tokio" (*)
│   │   ├── matchit feature "default"
│   │   │   └── matchit v0.8.4
│   │   ├── serde_json feature "default"
│   │   │   ├── serde_json v1.0.151
│   │   │   │   ├── memchr v2.8.3
│   │   │   │   ├── serde_core v1.0.229
│   │   │   │   ├── itoa feature "default" (*)
│   │   │   │   └── zmij feature "default"
│   │   │   │       └── zmij v1.0.23
│   │   │   └── serde_json feature "std"
│   │   │       ├── serde_json v1.0.151 (*)
│   │   │       ├── memchr feature "std" (*)
│   │   │       └── serde_core feature "std" (*)
│   │   ├── serde_json feature "raw_value"
│   │   │   └── serde_json v1.0.151 (*)
│   │   ├── serde_path_to_error feature "default"
│   │   │   └── serde_path_to_error v0.1.20
│   │   │       ├── itoa feature "default" (*)
│   │   │       └── serde_core feature "alloc"
│   │   │           └── serde_core v1.0.229
│   │   ├── serde_urlencoded feature "default"
│   │   │   └── serde_urlencoded v0.7.1
│   │   │       ├── itoa feature "default" (*)
│   │   │       ├── form_urlencoded feature "default" (*)
│   │   │       ├── ryu feature "default"
│   │   │       │   └── ryu v1.0.23
│   │   │       └── serde feature "default"
│   │   │           ├── serde v1.0.229
│   │   │           │   ├── serde_core feature "result" (*)
│   │   │           │   └── serde_derive feature "default"
│   │   │           │       └── serde_derive v1.0.229 (proc-macro)
│   │   │           │           ├── proc-macro2 feature "proc-macro" (*)
│   │   │           │           ├── quote feature "proc-macro" (*)
│   │   │           │           ├── syn feature "clone-impls" (*)
│   │   │           │           ├── syn feature "derive" (*)
│   │   │           │           ├── syn feature "parsing" (*)
│   │   │           │           ├── syn feature "printing" (*)
│   │   │           │           └── syn feature "proc-macro" (*)
│   │   │           └── serde feature "std"
│   │   │               ├── serde v1.0.229 (*)
│   │   │               └── serde_core feature "std" (*)
│   │   └── tower feature "util"
│   │       ├── tower v0.5.3
│   │       │   ├── tokio-util v0.7.19 (*)
│   │       │   ├── futures-core feature "default" (*)
│   │       │   ├── pin-project-lite feature "default" (*)
│   │       │   ├── sync_wrapper feature "default" (*)
│   │       │   ├── tower-layer feature "default" (*)
│   │       │   ├── tower-service feature "default" (*)
│   │       │   ├── tracing feature "std" (*)
│   │       │   ├── futures-util feature "alloc" (*)
│   │       │   ├── slab feature "default" (*)
│   │       │   ├── indexmap feature "default" (*)
│   │       │   └── tokio feature "default" (*)
│   │       ├── tower feature "futures-core"
│   │       │   └── tower v0.5.3 (*)
│   │       ├── tower feature "futures-util"
│   │       │   └── tower v0.5.3 (*)
│   │       ├── tower feature "pin-project-lite"
│   │       │   └── tower v0.5.3 (*)
│   │       └── tower feature "sync_wrapper"
│   │           └── tower v0.5.3 (*)
│   ├── axum feature "form"
│   │   └── axum v0.8.9 (*)
│   ├── axum feature "http1"
│   │   ├── axum v0.8.9 (*)
│   │   ├── hyper feature "http1"
│   │   │   └── hyper v1.11.1 (*)
│   │   └── hyper-util feature "http1"
│   │       ├── hyper-util v0.1.20 (*)
│   │       └── hyper feature "http1" (*)
│   ├── axum feature "json"
│   │   └── axum v0.8.9 (*)
│   ├── axum feature "matched-path"
│   │   └── axum v0.8.9 (*)
│   ├── axum feature "original-uri"
│   │   └── axum v0.8.9 (*)
│   ├── axum feature "query"
│   │   └── axum v0.8.9 (*)
│   ├── axum feature "tokio"
│   │   ├── axum v0.8.9 (*)
│   │   ├── axum feature "tokio" (*)
│   │   ├── tokio feature "macros"
│   │   │   ├── tokio v1.53.1 (*)
│   │   │   └── tokio feature "tokio-macros"
│   │   │       └── tokio v1.53.1 (*)
│   │   ├── tokio feature "net"
│   │   │   ├── tokio v1.53.1 (*)
│   │   │   ├── tokio feature "libc"
│   │   │   │   └── tokio v1.53.1 (*)
│   │   │   ├── tokio feature "mio"
│   │   │   │   └── tokio v1.53.1 (*)
│   │   │   ├── tokio feature "socket2"
│   │   │   │   └── tokio v1.53.1 (*)
│   │   │   ├── mio feature "net"
│   │   │   │   └── mio v1.2.3 (*)
│   │   │   ├── mio feature "os-ext"
│   │   │   │   ├── mio v1.2.3 (*)
│   │   │   │   └── mio feature "os-poll"
│   │   │   │       └── mio v1.2.3 (*)
│   │   │   └── mio feature "os-poll" (*)
│   │   ├── tokio feature "rt" (*)
│   │   └── tower feature "make"
│   │       ├── tower v0.5.3 (*)
│   │       ├── tower feature "pin-project-lite" (*)
│   │       └── tower feature "tokio"
│   │           └── tower v0.5.3 (*)
│   ├── axum feature "tower-log"
│   │   ├── axum v0.8.9 (*)
│   │   └── tower feature "log"
│   │       ├── tower v0.5.3 (*)
│   │       ├── tracing feature "log"
│   │       │   └── tracing v0.1.44 (*)
│   │       └── tower feature "tracing"
│   │           └── tower v0.5.3 (*)
│   └── axum feature "tracing"
│       ├── axum v0.8.9 (*)
│       └── axum-core feature "tracing"
│           └── axum-core v0.5.6 (*)
├── http-body-util feature "default" (*)
├── tracing feature "default"
│   ├── tracing v0.1.44 (*)
│   ├── tracing feature "attributes"
│   │   ├── tracing v0.1.44 (*)
│   │   └── tracing feature "tracing-attributes"
│   │       └── tracing v0.1.44 (*)
│   └── tracing feature "std" (*)
├── hyper feature "default" (*)
├── hyper feature "http1" (*)
├── hyper feature "http2"
│   └── hyper v1.11.1 (*)
├── hyper feature "server" (*)
├── tokio feature "default" (*)
├── tokio feature "full"
│   ├── tokio v1.53.1 (*)
│   ├── tokio feature "fs"
│   │   └── tokio v1.53.1 (*)
│   ├── tokio feature "io-std"
│   │   └── tokio v1.53.1 (*)
│   ├── tokio feature "io-util" (*)
│   ├── tokio feature "macros" (*)
│   ├── tokio feature "net" (*)
│   ├── tokio feature "parking_lot"
│   │   └── tokio v1.53.1 (*)
│   ├── tokio feature "process"
│   │   ├── tokio v1.53.1 (*)
│   │   ├── tokio feature "bytes" (*)
│   │   ├── tokio feature "libc" (*)
│   │   ├── tokio feature "mio" (*)
│   │   ├── tokio feature "signal-hook-registry"
│   │   │   └── tokio v1.53.1 (*)
│   │   ├── mio feature "net" (*)
│   │   ├── mio feature "os-ext" (*)
│   │   └── mio feature "os-poll" (*)
│   ├── tokio feature "rt" (*)
│   ├── tokio feature "rt-multi-thread"
│   │   ├── tokio v1.53.1 (*)
│   │   └── tokio feature "rt" (*)
│   ├── tokio feature "signal"
│   │   ├── tokio v1.53.1 (*)
│   │   ├── tokio feature "libc" (*)
│   │   ├── tokio feature "mio" (*)
│   │   ├── tokio feature "signal-hook-registry" (*)
│   │   ├── mio feature "net" (*)
│   │   ├── mio feature "os-ext" (*)
│   │   └── mio feature "os-poll" (*)
│   ├── tokio feature "sync" (*)
│   └── tokio feature "time" (*)
├── hyper-util feature "default" (*)
├── hyper-util feature "http1" (*)
├── hyper-util feature "http2"
│   ├── hyper-util v0.1.20 (*)
│   └── hyper feature "http2" (*)
├── hyper-util feature "server-auto"
│   ├── hyper-util v0.1.20 (*)
│   ├── hyper-util feature "http1" (*)
│   ├── hyper-util feature "http2" (*)
│   └── hyper-util feature "server" (*)
├── hyper-util feature "service" (*)
├── hyper-util feature "tokio" (*)
├── base64 feature "default" (*)
├── serde_json feature "arbitrary_precision"
│   └── serde_json v1.0.151 (*)
├── serde_json feature "default" (*)
├── serde feature "default" (*)
├── serde feature "derive"
│   ├── serde v1.0.229 (*)
│   └── serde feature "serde_derive"
│       └── serde v1.0.229 (*)
├── serde feature "rc"
│   ├── serde v1.0.229 (*)
│   └── serde_core feature "rc"
│       └── serde_core v1.0.229
├── tower feature "default"
│   └── tower v0.5.3 (*)
├── tower feature "limit"
│   ├── tower v0.5.3 (*)
│   ├── tokio feature "sync" (*)
│   ├── tokio feature "time" (*)
│   ├── tower feature "pin-project-lite" (*)
│   ├── tower feature "tokio" (*)
│   ├── tower feature "tokio-util"
│   │   └── tower v0.5.3 (*)
│   └── tower feature "tracing" (*)
├── tower feature "timeout"
│   ├── tower v0.5.3 (*)
│   ├── tokio feature "time" (*)
│   ├── tower feature "pin-project-lite" (*)
│   └── tower feature "tokio" (*)
├── tower feature "util" (*)
├── hex feature "default"
│   ├── hex v0.4.3
│   └── hex feature "std"
│       ├── hex v0.4.3
│       └── hex feature "alloc"
│           └── hex v0.4.3
├── jsonwebtoken feature "default"
│   ├── jsonwebtoken v9.3.1
│   │   ├── base64 feature "default" (*)
│   │   ├── serde_json feature "default" (*)
│   │   ├── serde feature "default" (*)
│   │   ├── serde feature "derive" (*)
│   │   ├── pem feature "default"
│   │   │   ├── pem v3.0.6
│   │   │   │   └── base64 feature "alloc" (*)
│   │   │   └── pem feature "std"
│   │   │       ├── pem v3.0.6 (*)
│   │   │       └── base64 feature "std" (*)
│   │   ├── ring feature "default"
│   │   │   ├── ring v0.17.14
│   │   │   │   ├── cfg-if v1.0.4
│   │   │   │   ├── libc v0.2.189
│   │   │   │   ├── getrandom feature "default"
│   │   │   │   │   └── getrandom v0.2.17
│   │   │   │   │       ├── libc v0.2.189
│   │   │   │   │       └── cfg-if feature "default" (*)
│   │   │   │   └── untrusted feature "default"
│   │   │   │       └── untrusted v0.9.0
│   │   │   │   [build-dependencies]
│   │   │   │   └── cc v1.4.5
│   │   │   │       ├── jobserver v0.1.35
│   │   │   │       │   └── libc feature "default" (*)
│   │   │   │       ├── libc v0.2.189
│   │   │   │       ├── find-msvc-tools feature "default"
│   │   │   │       │   └── find-msvc-tools v0.1.12
│   │   │   │       └── shlex feature "default"
│   │   │   │           ├── shlex v2.0.1
│   │   │   │           └── shlex feature "std"
│   │   │   │               └── shlex v2.0.1
│   │   │   ├── ring feature "alloc"
│   │   │   │   └── ring v0.17.14 (*)
│   │   │   └── ring feature "dev_urandom_fallback"
│   │   │       └── ring v0.17.14 (*)
│   │   ├── ring feature "std"
│   │   │   ├── ring v0.17.14 (*)
│   │   │   └── ring feature "alloc" (*)
│   │   └── simple_asn1 feature "default"
│   │       └── simple_asn1 v0.6.4
│   │           ├── num-bigint v0.4.8
│   │           │   ├── num-integer feature "i128"
│   │           │   │   └── num-integer v0.1.47
│   │           │   │       └── num-traits feature "i128"
│   │           │   │           └── num-traits v0.2.19
│   │           │   │               [build-dependencies]
│   │           │   │               └── autocfg feature "default"
│   │           │   │                   └── autocfg v1.5.1
│   │           │   └── num-traits feature "i128" (*)
│   │           ├── num-traits v0.2.19 (*)
│   │           ├── thiserror v2.0.20
│   │           │   └── thiserror-impl feature "default"
│   │           │       └── thiserror-impl v2.0.20 (proc-macro)
│   │           │           ├── proc-macro2 feature "default" (*)
│   │           │           ├── quote feature "default" (*)
│   │           │           └── syn feature "default" (*)
│   │           ├── time feature "formatting"
│   │           │   ├── time v0.3.55
│   │           │   │   ├── powerfmt v0.2.0
│   │           │   │   ├── serde_core v1.0.229
│   │           │   │   ├── deranged feature "default"
│   │           │   │   │   └── deranged v0.5.8
│   │           │   │   │       └── serde_core v1.0.229
│   │           │   │   ├── num-conv feature "default"
│   │           │   │   │   └── num-conv v0.2.2
│   │           │   │   ├── time-core feature "default"
│   │           │   │   │   └── time-core v0.1.9
│   │           │   │   └── time-macros feature "default"
│   │           │   │       └── time-macros v0.2.32 (proc-macro)
│   │           │   │           ├── num-conv feature "default" (*)
│   │           │   │           └── time-core feature "default" (*)
│   │           │   ├── time feature "std"
│   │           │   │   ├── time v0.3.55 (*)
│   │           │   │   └── time feature "alloc"
│   │           │   │       ├── time v0.3.55 (*)
│   │           │   │       └── serde_core feature "alloc" (*)
│   │           │   └── time-macros feature "formatting"
│   │           │       └── time-macros v0.2.32 (proc-macro) (*)
│   │           ├── time feature "macros"
│   │           │   └── time v0.3.55 (*)
│   │           └── time feature "parsing"
│   │               ├── time v0.3.55 (*)
│   │               └── time-macros feature "parsing"
│   │                   └── time-macros v0.2.32 (proc-macro) (*)
│   └── jsonwebtoken feature "use_pem"
│       ├── jsonwebtoken v9.3.1 (*)
│       ├── jsonwebtoken feature "pem"
│       │   └── jsonwebtoken v9.3.1 (*)
│       └── jsonwebtoken feature "simple_asn1"
│           └── jsonwebtoken v9.3.1 (*)
├── ring feature "default" (*)
├── time feature "default"
│   ├── time v0.3.55 (*)
│   └── time feature "std" (*)
├── kasumi-authority feature "default"
│   └── kasumi-authority v0.1.0 (/workspace/crates/kasumi-authority)
│       ├── anyhow feature "default" (*)
│       ├── tokio feature "default" (*)
│       ├── tokio feature "full" (*)
│       ├── serde_json feature "arbitrary_precision" (*)
│       ├── serde_json feature "default" (*)
│       ├── serde feature "default" (*)
│       ├── serde feature "derive" (*)
│       ├── serde feature "rc" (*)
│       ├── hex feature "default" (*)
│       ├── kasumi-clock feature "default"
│       │   └── kasumi-clock v0.1.0 (/workspace/crates/kasumi-clock)
│       │       ├── anyhow feature "default" (*)
│       │       └── libc feature "default" (*)
│       ├── kasumi-raft feature "default"
│       │   └── kasumi-raft v0.1.0 (/workspace/crates/kasumi-raft)
│       │       ├── anyhow feature "default" (*)
│       │       ├── async-trait feature "default" (*)
│       │       ├── tokio feature "default" (*)
│       │       ├── tokio feature "full" (*)
│       │       ├── serde_json feature "arbitrary_precision" (*)
│       │       ├── serde_json feature "default" (*)
│       │       ├── serde feature "default" (*)
│       │       ├── serde feature "derive" (*)
│       │       ├── serde feature "rc" (*)
│       │       ├── hex feature "default" (*)
│       │       ├── kasumi-store feature "default"
│       │       │   └── kasumi-store v0.1.0 (/workspace/crates/kasumi-store)
│       │       │       ├── anyhow feature "default" (*)
│       │       │       ├── async-trait feature "default" (*)
│       │       │       ├── tokio feature "default" (*)
│       │       │       ├── tokio feature "full" (*)
│       │       │       ├── libc feature "default" (*)
│       │       │       ├── parking_lot feature "default" (*)
│       │       │       ├── base64 feature "default" (*)
│       │       │       ├── serde_json feature "arbitrary_precision" (*)
│       │       │       ├── serde_json feature "default" (*)
│       │       │       ├── serde feature "default" (*)
│       │       │       ├── serde feature "derive" (*)
│       │       │       ├── serde feature "rc" (*)
│       │       │       ├── hex feature "default" (*)
│       │       │       ├── time feature "default" (*)
│       │       │       ├── time feature "formatting" (*)
│       │       │       ├── time feature "macros" (*)
│       │       │       ├── kasumi-clock feature "default" (*)
│       │       │       ├── chacha20poly1305 feature "default"
│       │       │       │   ├── chacha20poly1305 v0.10.1
│       │       │       │   │   ├── aead v0.5.2
│       │       │       │   │   │   ├── generic-array v0.14.7
│       │       │       │   │   │   │   └── typenum feature "default"
│       │       │       │   │   │   │       └── typenum v1.20.1
│       │       │       │   │   │   │   [build-dependencies]
│       │       │       │   │   │   │   └── version_check feature "default"
│       │       │       │   │   │   │       └── version_check v0.9.5
│       │       │       │   │   │   └── crypto-common feature "default"
│       │       │       │   │   │       └── crypto-common v0.1.7
│       │       │       │   │   │           ├── generic-array feature "default"
│       │       │       │   │   │           │   └── generic-array v0.14.7 (*)
│       │       │       │   │   │           ├── generic-array feature "more_lengths"
│       │       │       │   │   │           │   └── generic-array v0.14.7 (*)
│       │       │       │   │   │           ├── typenum feature "default" (*)
│       │       │       │   │   │           └── rand_core feature "default"
│       │       │       │   │   │               └── rand_core v0.6.4
│       │       │       │   │   │                   └── getrandom feature "default" (*)
│       │       │       │   │   ├── zeroize v1.9.0
│       │       │       │   │   │   └── zeroize_derive feature "default"
│       │       │       │   │   │       └── zeroize_derive v1.5.0 (proc-macro)
│       │       │       │   │   │           ├── proc-macro2 feature "default" (*)
│       │       │       │   │   │           ├── quote feature "default" (*)
│       │       │       │   │   │           ├── syn feature "default"
│       │       │       │   │   │           │   ├── syn v2.0.119 (*)
│       │       │       │   │   │           │   ├── syn feature "clone-impls" (*)
│       │       │       │   │   │           │   ├── syn feature "derive"
│       │       │       │   │   │           │   │   └── syn v2.0.119 (*)
│       │       │       │   │   │           │   ├── syn feature "parsing" (*)
│       │       │       │   │   │           │   ├── syn feature "printing" (*)
│       │       │       │   │   │           │   └── syn feature "proc-macro" (*)
│       │       │       │   │   │           ├── syn feature "extra-traits" (*)
│       │       │       │   │   │           ├── syn feature "full" (*)
│       │       │       │   │   │           └── syn feature "visit"
│       │       │       │   │   │               └── syn v2.0.119 (*)
│       │       │       │   │   ├── chacha20 feature "default"
│       │       │       │   │   │   └── chacha20 v0.9.1
│       │       │       │   │   │       ├── cfg-if feature "default" (*)
│       │       │       │   │   │       └── cipher feature "default"
│       │       │       │   │   │           └── cipher v0.4.4
│       │       │       │   │   │               ├── zeroize v1.9.0 (*)
│       │       │       │   │   │               ├── crypto-common feature "default" (*)
│       │       │       │   │   │               └── inout feature "default"
│       │       │       │   │   │                   └── inout v0.1.4
│       │       │       │   │   │                       └── generic-array feature "default" (*)
│       │       │       │   │   ├── chacha20 feature "zeroize"
│       │       │       │   │   │   ├── chacha20 v0.9.1 (*)
│       │       │       │   │   │   └── cipher feature "zeroize"
│       │       │       │   │   │       └── cipher v0.4.4 (*)
│       │       │       │   │   ├── cipher feature "default" (*)
│       │       │       │   │   └── poly1305 feature "default"
│       │       │       │   │       └── poly1305 v0.8.0
│       │       │       │   │           ├── universal-hash v0.5.1
│       │       │       │   │           │   ├── subtle v2.6.1
│       │       │       │   │           │   └── crypto-common feature "default" (*)
│       │       │       │   │           └── opaque-debug feature "default"
│       │       │       │   │               └── opaque-debug v0.3.1
│       │       │       │   ├── chacha20poly1305 feature "alloc"
│       │       │       │   │   ├── chacha20poly1305 v0.10.1 (*)
│       │       │       │   │   └── aead feature "alloc"
│       │       │       │   │       └── aead v0.5.2 (*)
│       │       │       │   └── chacha20poly1305 feature "getrandom"
│       │       │       │       ├── chacha20poly1305 v0.10.1 (*)
│       │       │       │       ├── chacha20poly1305 feature "rand_core"
│       │       │       │       │   ├── chacha20poly1305 v0.10.1 (*)
│       │       │       │       │   └── aead feature "rand_core"
│       │       │       │       │       ├── aead v0.5.2 (*)
│       │       │       │       │       └── crypto-common feature "rand_core"
│       │       │       │       │           └── crypto-common v0.1.7 (*)
│       │       │       │       └── aead feature "getrandom"
│       │       │       │           ├── aead v0.5.2 (*)
│       │       │       │           ├── aead feature "rand_core" (*)
│       │       │       │           └── crypto-common feature "getrandom"
│       │       │       │               ├── crypto-common v0.1.7 (*)
│       │       │       │               ├── crypto-common feature "rand_core" (*)
│       │       │       │               └── rand_core feature "getrandom"
│       │       │       │                   └── rand_core v0.6.4 (*)
│       │       │       ├── zeroize feature "default"
│       │       │       │   ├── zeroize v1.9.0 (*)
│       │       │       │   └── zeroize feature "alloc"
│       │       │       │       └── zeroize v1.9.0 (*)
│       │       │       ├── zeroize feature "derive"
│       │       │       │   ├── zeroize v1.9.0 (*)
│       │       │       │   └── zeroize feature "zeroize_derive"
│       │       │       │       └── zeroize v1.9.0 (*)
│       │       │       ├── getrandom feature "default"
│       │       │       │   └── getrandom v0.3.4
│       │       │       │       ├── libc v0.2.189
│       │       │       │       └── cfg-if feature "default" (*)
│       │       │       ├── hmac feature "default"
│       │       │       │   └── hmac v0.12.1
│       │       │       │       ├── digest feature "default"
│       │       │       │       │   ├── digest v0.10.7
│       │       │       │       │   │   ├── subtle v2.6.1
│       │       │       │       │   │   ├── crypto-common feature "default" (*)
│       │       │       │       │   │   └── block-buffer feature "default"
│       │       │       │       │   │       └── block-buffer v0.10.4
│       │       │       │       │   │           └── generic-array feature "default" (*)
│       │       │       │       │   └── digest feature "core-api"
│       │       │       │       │       ├── digest v0.10.7 (*)
│       │       │       │       │       └── digest feature "block-buffer"
│       │       │       │       │           └── digest v0.10.7 (*)
│       │       │       │       └── digest feature "mac"
│       │       │       │           ├── digest v0.10.7 (*)
│       │       │       │           └── digest feature "subtle"
│       │       │       │               └── digest v0.10.7 (*)
│       │       │       ├── kasumi-serving feature "default"
│       │       │       │   └── kasumi-serving v0.1.0 (/workspace/crates/kasumi-serving)
│       │       │       │       ├── anyhow feature "default" (*)
│       │       │       │       ├── tokio feature "default" (*)
│       │       │       │       ├── tokio feature "full" (*)
│       │       │       │       ├── serde_json feature "arbitrary_precision" (*)
│       │       │       │       ├── serde_json feature "default" (*)
│       │       │       │       ├── serde feature "default" (*)
│       │       │       │       ├── serde feature "derive" (*)
│       │       │       │       ├── serde feature "rc" (*)
│       │       │       │       ├── hex feature "default" (*)
│       │       │       │       ├── ring feature "default" (*)
│       │       │       │       ├── kasumi-clock feature "default" (*)
│       │       │       │       ├── kasumi-types feature "default"
│       │       │       │       │   └── kasumi-types v0.1.0 (/workspace/crates/kasumi-types)
│       │       │       │       │       ├── serde_json feature "arbitrary_precision" (*)
│       │       │       │       │       ├── serde_json feature "default" (*)
│       │       │       │       │       ├── serde feature "default" (*)
│       │       │       │       │       ├── serde feature "derive" (*)
│       │       │       │       │       ├── serde feature "rc" (*)
│       │       │       │       │       ├── thiserror feature "default"
│       │       │       │       │       │   ├── thiserror v2.0.20 (*)
│       │       │       │       │       │   └── thiserror feature "std"
│       │       │       │       │       │       └── thiserror v2.0.20 (*)
│       │       │       │       │       ├── kasumi-clock feature "default" (*)
│       │       │       │       │       ├── imbl feature "default"
│       │       │       │       │       │   └── imbl v7.0.1
│       │       │       │       │       │       ├── equivalent feature "default"
│       │       │       │       │       │       │   └── equivalent v1.0.2
│       │       │       │       │       │       ├── serde_core feature "default" (*)
│       │       │       │       │       │       ├── archery feature "default"
│       │       │       │       │       │       │   └── archery v1.2.3
│       │       │       │       │       │       ├── bitmaps feature "default"
│       │       │       │       │       │       │   ├── bitmaps v3.2.1 (/workspace/vendor/bitmaps-3.2.1)
│       │       │       │       │       │       │   └── bitmaps feature "std"
│       │       │       │       │       │       │       └── bitmaps v3.2.1 (/workspace/vendor/bitmaps-3.2.1)
│       │       │       │       │       │       ├── imbl-sized-chunks feature "default"
│       │       │       │       │       │       │   ├── imbl-sized-chunks v0.1.3
│       │       │       │       │       │       │   │   └── bitmaps v3.2.1 (/workspace/vendor/bitmaps-3.2.1)
│       │       │       │       │       │       │   └── imbl-sized-chunks feature "std"
│       │       │       │       │       │       │       └── imbl-sized-chunks v0.1.3 (*)
│       │       │       │       │       │       ├── rand_core feature "default"
│       │       │       │       │       │       │   └── rand_core v0.9.5
│       │       │       │       │       │       ├── rand_xoshiro feature "default"
│       │       │       │       │       │       │   └── rand_xoshiro v0.7.0
│       │       │       │       │       │       │       └── rand_core feature "default" (*)
│       │       │       │       │       │       └── wide feature "default"
│       │       │       │       │       │           ├── wide v0.7.33
│       │       │       │       │       │           │   ├── bytemuck feature "default"
│       │       │       │       │       │           │   │   └── bytemuck v1.25.2
│       │       │       │       │       │           │   ├── safe_arch feature "bytemuck"
│       │       │       │       │       │           │   │   └── safe_arch v0.7.4
│       │       │       │       │       │           │   │       └── bytemuck feature "default" (*)
│       │       │       │       │       │           │   └── safe_arch feature "default"
│       │       │       │       │       │           │       └── safe_arch v0.7.4 (*)
│       │       │       │       │       │           └── wide feature "std"
│       │       │       │       │       │               └── wide v0.7.33 (*)
│       │       │       │       │       │       [build-dependencies]
│       │       │       │       │       │       └── version_check feature "default" (*)
│       │       │       │       │       ├── imbl feature "serde"
│       │       │       │       │       │   └── imbl v7.0.1 (*)
│       │       │       │       │       ├── sha2 feature "default"
│       │       │       │       │       │   ├── sha2 v0.10.9
│       │       │       │       │       │   │   ├── cfg-if feature "default" (*)
│       │       │       │       │       │   │   ├── digest feature "default" (*)
│       │       │       │       │       │   │   └── cpufeatures feature "default"
│       │       │       │       │       │   │       └── cpufeatures v0.2.17
│       │       │       │       │       │   │           └── libc v0.2.189
│       │       │       │       │       │   └── sha2 feature "std"
│       │       │       │       │       │       ├── sha2 v0.10.9 (*)
│       │       │       │       │       │       └── digest feature "std"
│       │       │       │       │       │           ├── digest v0.10.7 (*)
│       │       │       │       │       │           ├── crypto-common feature "std"
│       │       │       │       │       │           │   └── crypto-common v0.1.7 (*)
│       │       │       │       │       │           └── digest feature "alloc"
│       │       │       │       │       │               └── digest v0.10.7 (*)
│       │       │       │       │       ├── uuid feature "default"
│       │       │       │       │       │   ├── uuid v1.26.0
│       │       │       │       │       │   │   ├── serde_core v1.0.229
│       │       │       │       │       │   │   └── getrandom feature "default"
│       │       │       │       │       │   │       └── getrandom v0.4.3
│       │       │       │       │       │   │           ├── libc v0.2.189
│       │       │       │       │       │   │           ├── cfg-if feature "default" (*)
│       │       │       │       │       │   │           └── rand_core feature "default"
│       │       │       │       │       │   │               └── rand_core v0.10.1
│       │       │       │       │       │   └── uuid feature "std"
│       │       │       │       │       │       └── uuid v1.26.0 (*)
│       │       │       │       │       ├── uuid feature "serde"
│       │       │       │       │       │   └── uuid v1.26.0 (*)
│       │       │       │       │       └── uuid feature "v4"
│       │       │       │       │           ├── uuid v1.26.0 (*)
│       │       │       │       │           └── uuid feature "rng"
│       │       │       │       │               └── uuid v1.26.0 (*)
│       │       │       │       ├── sha2 feature "default" (*)
│       │       │       │       ├── uuid feature "default" (*)
│       │       │       │       ├── uuid feature "serde" (*)
│       │       │       │       └── uuid feature "v4" (*)
│       │       │       ├── kasumi-types feature "default" (*)
│       │       │       ├── sha2 feature "default" (*)
│       │       │       ├── uuid feature "default" (*)
│       │       │       ├── uuid feature "serde" (*)
│       │       │       ├── uuid feature "v4" (*)
│       │       │       ├── kasumi-transport feature "default"
│       │       │       │   └── kasumi-transport v0.1.0 (/workspace/crates/kasumi-transport)
│       │       │       │       ├── anyhow feature "default" (*)
│       │       │       │       ├── http feature "default" (*)
│       │       │       │       ├── tokio feature "default" (*)
│       │       │       │       ├── tokio feature "full" (*)
│       │       │       │       ├── libc feature "default" (*)
│       │       │       │       ├── hyper-util feature "default" (*)
│       │       │       │       ├── hyper-util feature "tokio" (*)
│       │       │       │       ├── tower feature "default" (*)
│       │       │       │       ├── tower feature "util" (*)
│       │       │       │       ├── zeroize feature "default" (*)
│       │       │       │       ├── sha2 feature "default" (*)
│       │       │       │       ├── rustls feature "ring"
│       │       │       │       │   ├── rustls v0.23.43
│       │       │       │       │   │   ├── subtle v2.6.1
│       │       │       │       │   │   ├── log feature "default" (*)
│       │       │       │       │   │   ├── once_cell feature "alloc" (*)
│       │       │       │       │   │   ├── once_cell feature "race" (*)
│       │       │       │       │   │   ├── ring feature "default" (*)
│       │       │       │       │   │   ├── zeroize feature "default" (*)
│       │       │       │       │   │   ├── rustls-pki-types feature "alloc"
│       │       │       │       │   │   │   └── rustls-pki-types v1.15.1
│       │       │       │       │   │   │       └── zeroize feature "default" (*)
│       │       │       │       │   │   ├── rustls-pki-types feature "default"
│       │       │       │       │   │   │   ├── rustls-pki-types v1.15.1 (*)
│       │       │       │       │   │   │   └── rustls-pki-types feature "alloc" (*)
│       │       │       │       │   │   └── rustls-webpki feature "alloc"
│       │       │       │       │   │       ├── rustls-webpki v0.103.15
│       │       │       │       │   │       │   ├── ring v0.17.14 (*)
│       │       │       │       │   │       │   ├── rustls-pki-types v1.15.1 (*)
│       │       │       │       │   │       │   └── untrusted feature "default" (*)
│       │       │       │       │   │       ├── ring feature "alloc" (*)
│       │       │       │       │   │       └── rustls-pki-types feature "alloc" (*)
│       │       │       │       │   └── rustls-webpki feature "ring"
│       │       │       │       │       └── rustls-webpki v0.103.15 (*)
│       │       │       │       ├── rustls feature "std"
│       │       │       │       │   ├── rustls v0.23.43 (*)
│       │       │       │       │   ├── once_cell feature "std" (*)
│       │       │       │       │   ├── rustls-pki-types feature "std"
│       │       │       │       │   │   ├── rustls-pki-types v1.15.1 (*)
│       │       │       │       │   │   └── rustls-pki-types feature "alloc" (*)
│       │       │       │       │   └── rustls-webpki feature "std"
│       │       │       │       │       ├── rustls-webpki v0.103.15 (*)
│       │       │       │       │       ├── rustls-pki-types feature "std" (*)
│       │       │       │       │       └── rustls-webpki feature "alloc" (*)
│       │       │       │       ├── tokio-rustls feature "ring"
│       │       │       │       │   ├── tokio-rustls v0.26.5
│       │       │       │       │   │   ├── tokio feature "default" (*)
│       │       │       │       │   │   └── rustls feature "std" (*)
│       │       │       │       │   └── rustls feature "ring" (*)
│       │       │       │       ├── tonic feature "codegen"
│       │       │       │       │   └── tonic v0.14.6
│       │       │       │       │       ├── axum v0.8.9 (*)
│       │       │       │       │       ├── tokio v1.53.1 (*)
│       │       │       │       │       ├── tokio-stream v0.1.19
│       │       │       │       │       │   ├── futures-core feature "default" (*)
│       │       │       │       │       │   ├── pin-project-lite feature "default" (*)
│       │       │       │       │       │   ├── tokio feature "default" (*)
│       │       │       │       │       │   └── tokio feature "sync" (*)
│       │       │       │       │       ├── tower v0.5.3 (*)
│       │       │       │       │       ├── async-trait feature "default" (*)
│       │       │       │       │       ├── bytes feature "default" (*)
│       │       │       │       │       ├── http feature "default" (*)
│       │       │       │       │       ├── http-body feature "default" (*)
│       │       │       │       │       ├── http-body-util feature "default" (*)
│       │       │       │       │       ├── sync_wrapper feature "default" (*)
│       │       │       │       │       ├── tower-layer feature "default" (*)
│       │       │       │       │       ├── tower-service feature "default" (*)
│       │       │       │       │       ├── tracing feature "default" (*)
│       │       │       │       │       ├── percent-encoding feature "default" (*)
│       │       │       │       │       ├── hyper feature "default" (*)
│       │       │       │       │       ├── hyper feature "http1" (*)
│       │       │       │       │       ├── hyper feature "http2" (*)
│       │       │       │       │       ├── h2 feature "default" (*)
│       │       │       │       │       ├── socket2 feature "all" (*)
│       │       │       │       │       ├── socket2 feature "default" (*)
│       │       │       │       │       ├── hyper-util feature "default" (*)
│       │       │       │       │       ├── hyper-util feature "tokio" (*)
│       │       │       │       │       ├── base64 feature "default" (*)
│       │       │       │       │       ├── tokio-rustls feature "logging"
│       │       │       │       │       │   ├── tokio-rustls v0.26.5 (*)
│       │       │       │       │       │   └── rustls feature "logging"
│       │       │       │       │       │       ├── rustls v0.23.43 (*)
│       │       │       │       │       │       └── rustls feature "log"
│       │       │       │       │       │           └── rustls v0.23.43 (*)
│       │       │       │       │       ├── tokio-rustls feature "tls12"
│       │       │       │       │       │   ├── tokio-rustls v0.26.5 (*)
│       │       │       │       │       │   └── rustls feature "tls12"
│       │       │       │       │       │       └── rustls v0.23.43 (*)
│       │       │       │       │       ├── hyper-timeout feature "default"
│       │       │       │       │       │   └── hyper-timeout v0.5.2
│       │       │       │       │       │       ├── pin-project-lite feature "default" (*)
│       │       │       │       │       │       ├── tower-service feature "default" (*)
│       │       │       │       │       │       ├── hyper feature "default" (*)
│       │       │       │       │       │       ├── tokio feature "default" (*)
│       │       │       │       │       │       ├── hyper-util feature "client-legacy"
│       │       │       │       │       │       │   ├── hyper-util v0.1.20 (*)
│       │       │       │       │       │       │   ├── tokio feature "sync" (*)
│       │       │       │       │       │       │   ├── hyper-util feature "client"
│       │       │       │       │       │       │   │   ├── hyper-util v0.1.20 (*)
│       │       │       │       │       │       │   │   ├── hyper feature "client"
│       │       │       │       │       │       │   │   │   └── hyper v1.11.1 (*)
│       │       │       │       │       │       │   │   ├── tokio feature "net" (*)
│       │       │       │       │       │       │   │   └── hyper-util feature "tokio" (*)
│       │       │       │       │       │       │   └── hyper-util feature "tokio" (*)
│       │       │       │       │       │       ├── hyper-util feature "default" (*)
│       │       │       │       │       │       └── hyper-util feature "http1" (*)
│       │       │       │       │       └── pin-project feature "default"
│       │       │       │       │           └── pin-project v1.1.13
│       │       │       │       │               └── pin-project-internal feature "default"
│       │       │       │       │                   └── pin-project-internal v1.1.13 (proc-macro)
│       │       │       │       │                       ├── proc-macro2 feature "default" (*)
│       │       │       │       │                       ├── quote feature "default" (*)
│       │       │       │       │                       ├── syn feature "clone-impls" (*)
│       │       │       │       │                       ├── syn feature "full" (*)
│       │       │       │       │                       ├── syn feature "parsing" (*)
│       │       │       │       │                       ├── syn feature "printing" (*)
│       │       │       │       │                       ├── syn feature "proc-macro" (*)
│       │       │       │       │                       └── syn feature "visit-mut" (*)
│       │       │       │       ├── tonic feature "transport"
│       │       │       │       │   ├── tonic v0.14.6 (*)
│       │       │       │       │   ├── tonic feature "channel"
│       │       │       │       │   │   ├── tonic v0.14.6 (*)
│       │       │       │       │   │   ├── hyper feature "client" (*)
│       │       │       │       │   │   ├── tokio feature "time" (*)
│       │       │       │       │   │   ├── hyper-util feature "client-legacy" (*)
│       │       │       │       │   │   ├── tower feature "balance"
│       │       │       │       │   │   │   ├── tower v0.5.3 (*)
│       │       │       │       │   │   │   ├── tower feature "discover"
│       │       │       │       │   │   │   │   ├── tower v0.5.3 (*)
│       │       │       │       │   │   │   │   ├── tower feature "futures-core" (*)
│       │       │       │       │   │   │   │   └── tower feature "pin-project-lite" (*)
│       │       │       │       │   │   │   ├── tower feature "load"
│       │       │       │       │   │   │   │   ├── tower v0.5.3 (*)
│       │       │       │       │   │   │   │   ├── tokio feature "time" (*)
│       │       │       │       │   │   │   │   ├── tower feature "pin-project-lite" (*)
│       │       │       │       │   │   │   │   ├── tower feature "tokio" (*)
│       │       │       │       │   │   │   │   └── tower feature "tracing" (*)
│       │       │       │       │   │   │   ├── tower feature "make" (*)
│       │       │       │       │   │   │   ├── tower feature "ready-cache"
│       │       │       │       │   │   │   │   ├── tower v0.5.3 (*)
│       │       │       │       │   │   │   │   ├── tokio feature "sync" (*)
│       │       │       │       │   │   │   │   ├── tower feature "futures-core" (*)
│       │       │       │       │   │   │   │   ├── tower feature "futures-util" (*)
│       │       │       │       │   │   │   │   ├── tower feature "indexmap"
│       │       │       │       │   │   │   │   │   └── tower v0.5.3 (*)
│       │       │       │       │   │   │   │   ├── tower feature "pin-project-lite" (*)
│       │       │       │       │   │   │   │   ├── tower feature "tokio" (*)
│       │       │       │       │   │   │   │   └── tower feature "tracing" (*)
│       │       │       │       │   │   │   ├── tower feature "slab"
│       │       │       │       │   │   │   │   └── tower v0.5.3 (*)
│       │       │       │       │   │   │   └── tower feature "util" (*)
│       │       │       │       │   │   ├── tower feature "buffer"
│       │       │       │       │   │   │   ├── tower v0.5.3 (*)
│       │       │       │       │   │   │   ├── tokio feature "rt" (*)
│       │       │       │       │   │   │   ├── tokio feature "sync" (*)
│       │       │       │       │   │   │   ├── tower feature "pin-project-lite" (*)
│       │       │       │       │   │   │   ├── tower feature "tokio" (*)
│       │       │       │       │   │   │   ├── tower feature "tokio-util" (*)
│       │       │       │       │   │   │   └── tower feature "tracing" (*)
│       │       │       │       │   │   ├── tower feature "discover" (*)
│       │       │       │       │   │   ├── tower feature "limit" (*)
│       │       │       │       │   │   ├── tower feature "load-shed"
│       │       │       │       │   │   │   ├── tower v0.5.3 (*)
│       │       │       │       │   │   │   └── tower feature "pin-project-lite" (*)
│       │       │       │       │   │   └── tower feature "util" (*)
│       │       │       │       │   └── tonic feature "server"
│       │       │       │       │       ├── tonic v0.14.6 (*)
│       │       │       │       │       ├── hyper feature "server" (*)
│       │       │       │       │       ├── tokio feature "macros" (*)
│       │       │       │       │       ├── tokio feature "net" (*)
│       │       │       │       │       ├── tokio feature "time" (*)
│       │       │       │       │       ├── hyper-util feature "server-auto" (*)
│       │       │       │       │       ├── hyper-util feature "service" (*)
│       │       │       │       │       ├── tower feature "limit" (*)
│       │       │       │       │       ├── tower feature "load-shed" (*)
│       │       │       │       │       ├── tower feature "util" (*)
│       │       │       │       │       └── tokio-stream feature "net"
│       │       │       │       │           ├── tokio-stream v0.1.19 (*)
│       │       │       │       │           └── tokio feature "net" (*)
│       │       │       │       └── url feature "default"
│       │       │       │           ├── url v2.5.8
│       │       │       │           │   ├── form_urlencoded feature "alloc" (*)
│       │       │       │           │   ├── percent-encoding feature "alloc" (*)
│       │       │       │           │   ├── idna feature "alloc"
│       │       │       │           │   │   └── idna v1.1.0
│       │       │       │           │   │       ├── smallvec feature "const_generics" (*)
│       │       │       │           │   │       ├── smallvec feature "default" (*)
│       │       │       │           │   │       ├── idna_adapter feature "default"
│       │       │       │           │   │       │   └── idna_adapter v1.2.2
│       │       │       │           │   │       │       ├── icu_normalizer v2.3.0
│       │       │       │           │   │       │       │   ├── icu_collections v2.3.0
│       │       │       │           │   │       │       │   │   ├── displaydoc v0.2.7 (proc-macro)
│       │       │       │           │   │       │       │   │   │   ├── proc-macro2 feature "default" (*)
│       │       │       │           │   │       │       │   │   │   ├── quote feature "default" (*)
│       │       │       │           │   │       │       │   │   │   └── syn feature "default" (*)
│       │       │       │           │   │       │       │   │   ├── utf8_iter v1.0.4
│       │       │       │           │   │       │       │   │   ├── potential_utf feature "zerovec"
│       │       │       │           │   │       │       │   │   │   └── potential_utf v0.1.6
│       │       │       │           │   │       │       │   │   │       └── zerovec v0.11.8
│       │       │       │           │   │       │       │   │   │           ├── yoke v0.8.3
│       │       │       │           │   │       │       │   │   │           │   ├── stable_deref_trait v1.2.1
│       │       │       │           │   │       │       │   │   │           │   ├── yoke-derive v0.8.2 (proc-macro)
│       │       │       │           │   │       │       │   │   │           │   │   ├── proc-macro2 feature "default" (*)
│       │       │       │           │   │       │       │   │   │           │   │   ├── quote feature "default" (*)
│       │       │       │           │   │       │       │   │   │           │   │   ├── syn feature "default" (*)
│       │       │       │           │   │       │       │   │   │           │   │   ├── syn feature "fold"
│       │       │       │           │   │       │       │   │   │           │   │   │   └── syn v2.0.119 (*)
│       │       │       │           │   │       │       │   │   │           │   │   └── synstructure feature "default"
│       │       │       │           │   │       │       │   │   │           │   │       ├── synstructure v0.13.2
│       │       │       │           │   │       │       │   │   │           │   │       │   ├── proc-macro2 v1.0.107 (*)
│       │       │       │           │   │       │       │   │   │           │   │       │   ├── quote v1.0.47 (*)
│       │       │       │           │   │       │       │   │   │           │   │       │   ├── syn feature "clone-impls" (*)
│       │       │       │           │   │       │       │   │   │           │   │       │   ├── syn feature "derive" (*)
│       │       │       │           │   │       │       │   │   │           │   │       │   ├── syn feature "extra-traits" (*)
│       │       │       │           │   │       │       │   │   │           │   │       │   ├── syn feature "parsing" (*)
│       │       │       │           │   │       │       │   │   │           │   │       │   ├── syn feature "printing" (*)
│       │       │       │           │   │       │       │   │   │           │   │       │   └── syn feature "visit" (*)
│       │       │       │           │   │       │       │   │   │           │   │       └── synstructure feature "proc-macro"
│       │       │       │           │   │       │       │   │   │           │   │           ├── synstructure v0.13.2 (*)
│       │       │       │           │   │       │       │   │   │           │   │           ├── proc-macro2 feature "proc-macro" (*)
│       │       │       │           │   │       │       │   │   │           │   │           ├── quote feature "proc-macro" (*)
│       │       │       │           │   │       │       │   │   │           │   │           └── syn feature "proc-macro" (*)
│       │       │       │           │   │       │       │   │   │           │   └── zerofrom v0.1.8
│       │       │       │           │   │       │       │   │   │           │       └── zerofrom-derive v0.1.7 (proc-macro)
│       │       │       │           │   │       │       │   │   │           │           ├── proc-macro2 feature "default" (*)
│       │       │       │           │   │       │       │   │   │           │           ├── quote feature "default" (*)
│       │       │       │           │   │       │       │   │   │           │           ├── syn feature "default" (*)
│       │       │       │           │   │       │       │   │   │           │           ├── syn feature "fold" (*)
│       │       │       │           │   │       │       │   │   │           │           └── synstructure feature "default" (*)
│       │       │       │           │   │       │       │   │   │           ├── zerofrom v0.1.8 (*)
│       │       │       │           │   │       │       │   │   │           └── zerovec-derive v0.11.6 (proc-macro)
│       │       │       │           │   │       │       │   │   │               ├── proc-macro2 feature "default" (*)
│       │       │       │           │   │       │       │   │   │               ├── quote feature "default" (*)
│       │       │       │           │   │       │       │   │   │               ├── syn feature "default" (*)
│       │       │       │           │   │       │       │   │   │               └── syn feature "extra-traits"
│       │       │       │           │   │       │       │   │   │                   └── syn v3.0.5 (*)
│       │       │       │           │   │       │       │   │   ├── zerovec feature "derive"
│       │       │       │           │   │       │       │   │   │   └── zerovec v0.11.8 (*)
│       │       │       │           │   │       │       │   │   ├── zerovec feature "yoke"
│       │       │       │           │   │       │       │   │   │   └── zerovec v0.11.8 (*)
│       │       │       │           │   │       │       │   │   ├── yoke feature "derive"
│       │       │       │           │   │       │       │   │   │   ├── yoke v0.8.3 (*)
│       │       │       │           │   │       │       │   │   │   ├── yoke feature "zerofrom"
│       │       │       │           │   │       │       │   │   │   │   └── yoke v0.8.3 (*)
│       │       │       │           │   │       │       │   │   │   └── zerofrom feature "derive"
│       │       │       │           │   │       │       │   │   │       └── zerofrom v0.1.8 (*)
│       │       │       │           │   │       │       │   │   └── zerofrom feature "derive" (*)
│       │       │       │           │   │       │       │   ├── icu_normalizer_data v2.3.0
│       │       │       │           │   │       │       │   ├── icu_provider v2.3.1
│       │       │       │           │   │       │       │   │   ├── displaydoc v0.2.7 (proc-macro) (*)
│       │       │       │           │   │       │       │   │   ├── icu_locale_core v2.3.0
│       │       │       │           │   │       │       │   │   │   ├── displaydoc v0.2.7 (proc-macro) (*)
│       │       │       │           │   │       │       │   │   │   ├── litemap v0.8.3
│       │       │       │           │   │       │       │   │   │   ├── tinystr v0.8.4
│       │       │       │           │   │       │       │   │   │   │   ├── displaydoc v0.2.7 (proc-macro) (*)
│       │       │       │           │   │       │       │   │   │   │   └── zerovec v0.11.8 (*)
│       │       │       │           │   │       │       │   │   │   ├── writeable v0.6.4
│       │       │       │           │   │       │       │   │   │   └── zerovec v0.11.8 (*)
│       │       │       │           │   │       │       │   │   ├── writeable v0.6.4
│       │       │       │           │   │       │       │   │   ├── zerotrie v0.2.5
│       │       │       │           │   │       │       │   │   │   ├── displaydoc v0.2.7 (proc-macro) (*)
│       │       │       │           │   │       │       │   │   │   ├── zerofrom v0.1.8 (*)
│       │       │       │           │   │       │       │   │   │   └── yoke feature "derive" (*)
│       │       │       │           │   │       │       │   │   ├── zerovec feature "derive" (*)
│       │       │       │           │   │       │       │   │   ├── yoke feature "derive" (*)
│       │       │       │           │   │       │       │   │   └── zerofrom feature "derive" (*)
│       │       │       │           │   │       │       │   ├── smallvec v1.16.0
│       │       │       │           │   │       │       │   └── zerovec v0.11.8 (*)
│       │       │       │           │   │       │       └── icu_properties v2.3.0
│       │       │       │           │   │       │           ├── displaydoc v0.2.7 (proc-macro) (*)
│       │       │       │           │   │       │           ├── icu_collections v2.3.0 (*)
│       │       │       │           │   │       │           ├── icu_properties_data v2.3.0
│       │       │       │           │   │       │           ├── icu_provider v2.3.1 (*)
│       │       │       │           │   │       │           ├── zerovec feature "derive" (*)
│       │       │       │           │   │       │           ├── zerovec feature "yoke" (*)
│       │       │       │           │   │       │           ├── icu_locale_core feature "zerovec"
│       │       │       │           │   │       │           │   ├── icu_locale_core v2.3.0 (*)
│       │       │       │           │   │       │           │   └── tinystr feature "zerovec"
│       │       │       │           │   │       │           │       └── tinystr v0.8.4 (*)
│       │       │       │           │   │       │           ├── zerotrie feature "yoke"
│       │       │       │           │   │       │           │   └── zerotrie v0.2.5 (*)
│       │       │       │           │   │       │           └── zerotrie feature "zerofrom"
│       │       │       │           │   │       │               └── zerotrie v0.2.5 (*)
│       │       │       │           │   │       └── utf8_iter feature "default"
│       │       │       │           │   │           └── utf8_iter v1.0.4
│       │       │       │           │   └── idna feature "compiled_data"
│       │       │       │           │       ├── idna v1.1.0 (*)
│       │       │       │           │       └── idna_adapter feature "compiled_data"
│       │       │       │           │           ├── idna_adapter v1.2.2 (*)
│       │       │       │           │           ├── icu_normalizer feature "compiled_data"
│       │       │       │           │           │   ├── icu_normalizer v2.3.0 (*)
│       │       │       │           │           │   └── icu_provider feature "baked"
│       │       │       │           │           │       └── icu_provider v2.3.1 (*)
│       │       │       │           │           └── icu_properties feature "compiled_data"
│       │       │       │           │               ├── icu_properties v2.3.0 (*)
│       │       │       │           │               └── icu_provider feature "baked" (*)
│       │       │       │           └── url feature "std"
│       │       │       │               ├── url v2.5.8 (*)
│       │       │       │               ├── form_urlencoded feature "std" (*)
│       │       │       │               ├── percent-encoding feature "std" (*)
│       │       │       │               └── idna feature "std"
│       │       │       │                   ├── idna v1.1.0 (*)
│       │       │       │                   └── idna feature "alloc" (*)
│       │       │       ├── quick-xml feature "default"
│       │       │       │   └── quick-xml v0.42.0
│       │       │       │       └── memchr feature "default" (*)
│       │       │       ├── redb feature "default"
│       │       │       │   ├── redb v4.2.0
│       │       │       │   └── redb feature "std"
│       │       │       │       └── redb v4.2.0
│       │       │       ├── reqwest feature "json"
│       │       │       │   └── reqwest v0.12.28
│       │       │       │       ├── futures-core v0.3.34
│       │       │       │       ├── bytes feature "default" (*)
│       │       │       │       ├── http feature "default" (*)
│       │       │       │       ├── http-body feature "default" (*)
│       │       │       │       ├── http-body-util feature "default" (*)
│       │       │       │       ├── pin-project-lite feature "default" (*)
│       │       │       │       ├── sync_wrapper feature "default" (*)
│       │       │       │       ├── sync_wrapper feature "futures"
│       │       │       │       │   ├── sync_wrapper v1.0.2 (*)
│       │       │       │       │   └── sync_wrapper feature "futures-core"
│       │       │       │       │       └── sync_wrapper v1.0.2 (*)
│       │       │       │       ├── tower-service feature "default" (*)
│       │       │       │       ├── log feature "default" (*)
│       │       │       │       ├── percent-encoding feature "default" (*)
│       │       │       │       ├── hyper feature "client" (*)
│       │       │       │       ├── hyper feature "default" (*)
│       │       │       │       ├── hyper feature "http1" (*)
│       │       │       │       ├── tokio feature "net" (*)
│       │       │       │       ├── tokio feature "time" (*)
│       │       │       │       ├── hyper-util feature "client" (*)
│       │       │       │       ├── hyper-util feature "client-legacy" (*)
│       │       │       │       ├── hyper-util feature "client-proxy"
│       │       │       │       │   ├── hyper-util v0.1.20 (*)
│       │       │       │       │   └── hyper-util feature "client" (*)
│       │       │       │       ├── hyper-util feature "default" (*)
│       │       │       │       ├── hyper-util feature "http1" (*)
│       │       │       │       ├── hyper-util feature "tokio" (*)
│       │       │       │       ├── base64 feature "default" (*)
│       │       │       │       ├── serde_json feature "default" (*)
│       │       │       │       ├── serde_urlencoded feature "default" (*)
│       │       │       │       ├── serde feature "default" (*)
│       │       │       │       ├── tower feature "retry"
│       │       │       │       │   ├── tower v0.5.3 (*)
│       │       │       │       │   ├── tokio feature "time" (*)
│       │       │       │       │   ├── tower feature "tokio" (*)
│       │       │       │       │   └── tower feature "util" (*)
│       │       │       │       ├── tower feature "timeout" (*)
│       │       │       │       ├── tower feature "util" (*)
│       │       │       │       ├── rustls feature "std" (*)
│       │       │       │       ├── rustls feature "tls12" (*)
│       │       │       │       ├── rustls-pki-types feature "default" (*)
│       │       │       │       ├── rustls-pki-types feature "std" (*)
│       │       │       │       ├── tokio-rustls feature "tls12" (*)
│       │       │       │       ├── url feature "default" (*)
│       │       │       │       ├── hyper-rustls feature "http1"
│       │       │       │       │   ├── hyper-rustls v0.27.9
│       │       │       │       │   │   ├── hyper v1.11.1 (*)
│       │       │       │       │   │   ├── rustls v0.23.43 (*)
│       │       │       │       │   │   ├── tokio-rustls v0.26.5 (*)
│       │       │       │       │   │   ├── http feature "default" (*)
│       │       │       │       │   │   ├── tower-service feature "default" (*)
│       │       │       │       │   │   ├── tokio feature "default" (*)
│       │       │       │       │   │   ├── hyper-util feature "client-legacy" (*)
│       │       │       │       │   │   ├── hyper-util feature "tokio" (*)
│       │       │       │       │   │   └── webpki-roots feature "default"
│       │       │       │       │   │       └── webpki-roots v1.0.9
│       │       │       │       │   │           └── rustls-pki-types v1.15.1 (*)
│       │       │       │       │   └── hyper-util feature "http1" (*)
│       │       │       │       ├── hyper-rustls feature "tls12"
│       │       │       │       │   ├── hyper-rustls v0.27.9 (*)
│       │       │       │       │   ├── rustls feature "tls12" (*)
│       │       │       │       │   └── tokio-rustls feature "tls12" (*)
│       │       │       │       ├── webpki-roots feature "default" (*)
│       │       │       │       └── tower-http feature "follow-redirect"
│       │       │       │           ├── tower-http v0.6.11
│       │       │       │           │   ├── futures-util v0.3.34 (*)
│       │       │       │           │   ├── bytes feature "default" (*)
│       │       │       │           │   ├── http feature "default" (*)
│       │       │       │           │   ├── http-body feature "default" (*)
│       │       │       │           │   ├── pin-project-lite feature "default" (*)
│       │       │       │           │   ├── tower-layer feature "default" (*)
│       │       │       │           │   ├── tower-service feature "default" (*)
│       │       │       │           │   ├── tower feature "default" (*)
│       │       │       │           │   ├── url feature "default" (*)
│       │       │       │           │   └── bitflags feature "default"
│       │       │       │           │       └── bitflags v2.13.1
│       │       │       │           ├── tower feature "util" (*)
│       │       │       │           ├── tower-http feature "futures-util"
│       │       │       │           │   └── tower-http v0.6.11 (*)
│       │       │       │           └── tower-http feature "tower"
│       │       │       │               └── tower-http v0.6.11 (*)
│       │       │       ├── reqwest feature "rustls-tls"
│       │       │       │   ├── reqwest v0.12.28 (*)
│       │       │       │   └── reqwest feature "rustls-tls-webpki-roots"
│       │       │       │       ├── reqwest v0.12.28 (*)
│       │       │       │       ├── reqwest feature "__rustls-ring"
│       │       │       │       │   ├── reqwest v0.12.28 (*)
│       │       │       │       │   ├── rustls feature "ring" (*)
│       │       │       │       │   ├── tokio-rustls feature "ring" (*)
│       │       │       │       │   └── hyper-rustls feature "ring"
│       │       │       │       │       ├── hyper-rustls v0.27.9 (*)
│       │       │       │       │       └── rustls feature "ring" (*)
│       │       │       │       └── reqwest feature "rustls-tls-webpki-roots-no-provider"
│       │       │       │           ├── reqwest v0.12.28 (*)
│       │       │       │           ├── reqwest feature "__rustls"
│       │       │       │           │   ├── reqwest v0.12.28 (*)
│       │       │       │           │   └── reqwest feature "__tls"
│       │       │       │           │       ├── reqwest v0.12.28 (*)
│       │       │       │           │       └── tokio feature "io-util" (*)
│       │       │       │           └── hyper-rustls feature "webpki-tokio"
│       │       │       │               ├── hyper-rustls v0.27.9 (*)
│       │       │       │               └── hyper-rustls feature "webpki-roots"
│       │       │       │                   └── hyper-rustls v0.27.9 (*)
│       │       │       └── tempfile feature "default"
│       │       │           ├── tempfile v3.27.0
│       │       │           │   ├── getrandom v0.4.3 (*)
│       │       │           │   ├── once_cell feature "std" (*)
│       │       │           │   ├── fastrand feature "default"
│       │       │           │   │   ├── fastrand v2.5.0
│       │       │           │   │   └── fastrand feature "std"
│       │       │           │   │       ├── fastrand v2.5.0
│       │       │           │   │       └── fastrand feature "alloc"
│       │       │           │   │           └── fastrand v2.5.0
│       │       │           │   ├── rustix feature "default"
│       │       │           │   │   ├── rustix v1.1.4
│       │       │           │   │   │   ├── bitflags v2.13.1
│       │       │           │   │   │   ├── linux-raw-sys feature "auxvec"
│       │       │           │   │   │   │   └── linux-raw-sys v0.12.1
│       │       │           │   │   │   ├── linux-raw-sys feature "elf"
│       │       │           │   │   │   │   └── linux-raw-sys v0.12.1
│       │       │           │   │   │   ├── linux-raw-sys feature "errno"
│       │       │           │   │   │   │   └── linux-raw-sys v0.12.1
│       │       │           │   │   │   ├── linux-raw-sys feature "general"
│       │       │           │   │   │   │   └── linux-raw-sys v0.12.1
│       │       │           │   │   │   ├── linux-raw-sys feature "ioctl"
│       │       │           │   │   │   │   └── linux-raw-sys v0.12.1
│       │       │           │   │   │   └── linux-raw-sys feature "no_std"
│       │       │           │   │   │       └── linux-raw-sys v0.12.1
│       │       │           │   │   └── rustix feature "std"
│       │       │           │   │       ├── rustix v1.1.4 (*)
│       │       │           │   │       ├── bitflags feature "std"
│       │       │           │   │       │   └── bitflags v2.13.1
│       │       │           │   │       └── rustix feature "alloc"
│       │       │           │   │           └── rustix v1.1.4 (*)
│       │       │           │   └── rustix feature "fs"
│       │       │           │       └── rustix v1.1.4 (*)
│       │       │           └── tempfile feature "getrandom"
│       │       │               └── tempfile v3.27.0 (*)
│       │       ├── kasumi-types feature "default" (*)
│       │       ├── sha2 feature "default" (*)
│       │       ├── uuid feature "default" (*)
│       │       ├── uuid feature "serde" (*)
│       │       ├── uuid feature "v4" (*)
│       │       ├── openraft feature "default"
│       │       │   └── openraft v0.9.25
│       │       │       ├── tracing feature "default" (*)
│       │       │       ├── tokio feature "io-util" (*)
│       │       │       ├── tokio feature "macros" (*)
│       │       │       ├── tokio feature "rt" (*)
│       │       │       ├── tokio feature "rt-multi-thread" (*)
│       │       │       ├── tokio feature "sync" (*)
│       │       │       ├── tokio feature "time" (*)
│       │       │       ├── serde feature "default" (*)
│       │       │       ├── serde feature "derive" (*)
│       │       │       ├── serde feature "rc" (*)
│       │       │       ├── anyerror feature "default"
│       │       │       │   └── anyerror v0.1.13
│       │       │       │       ├── serde feature "default" (*)
│       │       │       │       └── serde feature "derive" (*)
│       │       │       ├── byte-unit feature "default"
│       │       │       │   ├── byte-unit v5.2.5
│       │       │       │   │   ├── rust_decimal v1.43.0
│       │       │       │   │   │   ├── arrayvec v0.7.8
│       │       │       │   │   │   └── num-traits feature "i128" (*)
│       │       │       │   │   └── utf8-width feature "default"
│       │       │       │   │       └── utf8-width v0.1.9
│       │       │       │   ├── byte-unit feature "byte"
│       │       │       │   │   ├── byte-unit v5.2.5 (*)
│       │       │       │   │   └── byte-unit feature "rust_decimal"
│       │       │       │   │       └── byte-unit v5.2.5 (*)
│       │       │       │   └── byte-unit feature "std"
│       │       │       │       ├── byte-unit v5.2.5 (*)
│       │       │       │       └── rust_decimal feature "std"
│       │       │       │           ├── rust_decimal v1.43.0 (*)
│       │       │       │           └── arrayvec feature "std"
│       │       │       │               └── arrayvec v0.7.8
│       │       │       ├── chrono feature "default"
│       │       │       │   ├── chrono v0.4.45
│       │       │       │   │   ├── num-traits v0.2.19 (*)
│       │       │       │   │   ├── serde v1.0.229 (*)
│       │       │       │   │   ├── iana-time-zone feature "default"
│       │       │       │   │   │   └── iana-time-zone v0.1.65
│       │       │       │   │   └── iana-time-zone feature "fallback"
│       │       │       │   │       └── iana-time-zone v0.1.65
│       │       │       │   ├── chrono feature "clock"
│       │       │       │   │   ├── chrono v0.4.45 (*)
│       │       │       │   │   ├── chrono feature "iana-time-zone"
│       │       │       │   │   │   └── chrono v0.4.45 (*)
│       │       │       │   │   ├── chrono feature "now"
│       │       │       │   │   │   ├── chrono v0.4.45 (*)
│       │       │       │   │   │   └── chrono feature "std"
│       │       │       │   │   │       ├── chrono v0.4.45 (*)
│       │       │       │   │   │       └── chrono feature "alloc"
│       │       │       │   │   │           └── chrono v0.4.45 (*)
│       │       │       │   │   └── chrono feature "winapi"
│       │       │       │   │       ├── chrono v0.4.45 (*)
│       │       │       │   │       └── chrono feature "windows-link"
│       │       │       │   │           └── chrono v0.4.45 (*)
│       │       │       │   ├── chrono feature "oldtime"
│       │       │       │   │   └── chrono v0.4.45 (*)
│       │       │       │   ├── chrono feature "std" (*)
│       │       │       │   └── chrono feature "wasmbind"
│       │       │       │       ├── chrono v0.4.45 (*)
│       │       │       │       ├── chrono feature "js-sys"
│       │       │       │       │   └── chrono v0.4.45 (*)
│       │       │       │       └── chrono feature "wasm-bindgen"
│       │       │       │           └── chrono v0.4.45 (*)
│       │       │       ├── clap feature "default"
│       │       │       │   ├── clap v4.6.6
│       │       │       │   │   ├── clap_builder v4.6.6
│       │       │       │   │   │   ├── anstream feature "default"
│       │       │       │   │   │   │   ├── anstream v1.0.0
│       │       │       │   │   │   │   │   ├── anstyle feature "default"
│       │       │       │   │   │   │   │   │   ├── anstyle v1.0.14
│       │       │       │   │   │   │   │   │   └── anstyle feature "std"
│       │       │       │   │   │   │   │   │       └── anstyle v1.0.14
│       │       │       │   │   │   │   │   ├── anstyle-parse feature "default"
│       │       │       │   │   │   │   │   │   ├── anstyle-parse v1.0.0
│       │       │       │   │   │   │   │   │   │   └── utf8parse feature "default"
│       │       │       │   │   │   │   │   │   │       └── utf8parse v0.2.2
│       │       │       │   │   │   │   │   │   └── anstyle-parse feature "utf8"
│       │       │       │   │   │   │   │   │       └── anstyle-parse v1.0.0 (*)
│       │       │       │   │   │   │   │   ├── utf8parse feature "default" (*)
│       │       │       │   │   │   │   │   ├── anstyle-query feature "default"
│       │       │       │   │   │   │   │   │   └── anstyle-query v1.1.5
│       │       │       │   │   │   │   │   ├── colorchoice feature "default"
│       │       │       │   │   │   │   │   │   └── colorchoice v1.0.5
│       │       │       │   │   │   │   │   └── is_terminal_polyfill feature "default"
│       │       │       │   │   │   │   │       └── is_terminal_polyfill v1.70.2
│       │       │       │   │   │   │   ├── anstream feature "auto"
│       │       │       │   │   │   │   │   └── anstream v1.0.0 (*)
│       │       │       │   │   │   │   └── anstream feature "wincon"
│       │       │       │   │   │   │       └── anstream v1.0.0 (*)
│       │       │       │   │   │   ├── anstyle feature "default" (*)
│       │       │       │   │   │   ├── clap_lex feature "default"
│       │       │       │   │   │   │   └── clap_lex v1.1.0
│       │       │       │   │   │   └── strsim feature "default"
│       │       │       │   │   │       └── strsim v0.11.1
│       │       │       │   │   └── clap_derive feature "default"
│       │       │       │   │       └── clap_derive v4.6.4 (proc-macro)
│       │       │       │   │           ├── proc-macro2 feature "default" (*)
│       │       │       │   │           ├── quote feature "default" (*)
│       │       │       │   │           ├── syn feature "default" (*)
│       │       │       │   │           ├── syn feature "full" (*)
│       │       │       │   │           └── heck feature "default"
│       │       │       │   │               └── heck v0.5.0
│       │       │       │   ├── clap feature "color"
│       │       │       │   │   ├── clap v4.6.6 (*)
│       │       │       │   │   └── clap_builder feature "color"
│       │       │       │   │       └── clap_builder v4.6.6 (*)
│       │       │       │   ├── clap feature "error-context"
│       │       │       │   │   ├── clap v4.6.6 (*)
│       │       │       │   │   └── clap_builder feature "error-context"
│       │       │       │   │       └── clap_builder v4.6.6 (*)
│       │       │       │   ├── clap feature "help"
│       │       │       │   │   ├── clap v4.6.6 (*)
│       │       │       │   │   └── clap_builder feature "help"
│       │       │       │   │       └── clap_builder v4.6.6 (*)
│       │       │       │   ├── clap feature "std"
│       │       │       │   │   ├── clap v4.6.6 (*)
│       │       │       │   │   └── clap_builder feature "std"
│       │       │       │   │       ├── clap_builder v4.6.6 (*)
│       │       │       │   │       └── anstyle feature "std" (*)
│       │       │       │   ├── clap feature "suggestions"
│       │       │       │   │   ├── clap v4.6.6 (*)
│       │       │       │   │   └── clap_builder feature "suggestions"
│       │       │       │   │       ├── clap_builder v4.6.6 (*)
│       │       │       │   │       └── clap_builder feature "error-context" (*)
│       │       │       │   └── clap feature "usage"
│       │       │       │       ├── clap v4.6.6 (*)
│       │       │       │       └── clap_builder feature "usage"
│       │       │       │           └── clap_builder v4.6.6 (*)
│       │       │       ├── clap feature "derive"
│       │       │       │   └── clap v4.6.6 (*)
│       │       │       ├── clap feature "env"
│       │       │       │   ├── clap v4.6.6 (*)
│       │       │       │   └── clap_builder feature "env"
│       │       │       │       └── clap_builder v4.6.6 (*)
│       │       │       ├── derive_more feature "default"
│       │       │       │   ├── derive_more v1.0.0
│       │       │       │   │   └── derive_more-impl feature "default"
│       │       │       │   │       └── derive_more-impl v1.0.0 (proc-macro)
│       │       │       │   │           ├── proc-macro2 feature "default" (*)
│       │       │       │   │           ├── quote feature "default" (*)
│       │       │       │   │           ├── syn feature "default" (*)
│       │       │       │   │           └── unicode-xid feature "default"
│       │       │       │   │               └── unicode-xid v0.2.6
│       │       │       │   └── derive_more feature "std"
│       │       │       │       └── derive_more v1.0.0 (*)
│       │       │       ├── derive_more feature "display"
│       │       │       │   ├── derive_more v1.0.0 (*)
│       │       │       │   └── derive_more-impl feature "display"
│       │       │       │       ├── derive_more-impl v1.0.0 (proc-macro) (*)
│       │       │       │       └── syn feature "extra-traits" (*)
│       │       │       ├── derive_more feature "from"
│       │       │       │   ├── derive_more v1.0.0 (*)
│       │       │       │   └── derive_more-impl feature "from"
│       │       │       │       ├── derive_more-impl v1.0.0 (proc-macro) (*)
│       │       │       │       └── syn feature "extra-traits" (*)
│       │       │       ├── derive_more feature "std" (*)
│       │       │       ├── derive_more feature "try_into"
│       │       │       │   ├── derive_more v1.0.0 (*)
│       │       │       │   └── derive_more-impl feature "try_into"
│       │       │       │       ├── derive_more-impl v1.0.0 (proc-macro) (*)
│       │       │       │       └── syn feature "extra-traits" (*)
│       │       │       ├── futures feature "default"
│       │       │       │   ├── futures v0.3.34
│       │       │       │   │   ├── futures-core v0.3.34
│       │       │       │   │   ├── futures-executor v0.3.34
│       │       │       │   │   │   ├── futures-core v0.3.34
│       │       │       │   │   │   ├── futures-task v0.3.34
│       │       │       │   │   │   └── futures-util v0.3.34 (*)
│       │       │       │   │   ├── futures-io v0.3.34
│       │       │       │   │   ├── futures-sink v0.3.34
│       │       │       │   │   ├── futures-task v0.3.34
│       │       │       │   │   ├── futures-util feature "sink"
│       │       │       │   │   │   ├── futures-util v0.3.34 (*)
│       │       │       │   │   │   └── futures-util feature "futures-sink"
│       │       │       │   │   │       └── futures-util v0.3.34 (*)
│       │       │       │   │   └── futures-channel feature "sink"
│       │       │       │   │       ├── futures-channel v0.3.34 (*)
│       │       │       │   │       └── futures-channel feature "futures-sink"
│       │       │       │   │           └── futures-channel v0.3.34 (*)
│       │       │       │   ├── futures feature "async-await"
│       │       │       │   │   ├── futures v0.3.34 (*)
│       │       │       │   │   ├── futures-util feature "async-await"
│       │       │       │   │   │   └── futures-util v0.3.34 (*)
│       │       │       │   │   └── futures-util feature "async-await-macro"
│       │       │       │   │       ├── futures-util v0.3.34 (*)
│       │       │       │   │       ├── futures-util feature "async-await" (*)
│       │       │       │   │       └── futures-util feature "futures-macro"
│       │       │       │   │           └── futures-util v0.3.34 (*)
│       │       │       │   ├── futures feature "executor"
│       │       │       │   │   ├── futures v0.3.34 (*)
│       │       │       │   │   ├── futures feature "futures-executor"
│       │       │       │   │   │   └── futures v0.3.34 (*)
│       │       │       │   │   ├── futures feature "std"
│       │       │       │   │   │   ├── futures v0.3.34 (*)
│       │       │       │   │   │   ├── futures-core feature "std" (*)
│       │       │       │   │   │   ├── futures-util feature "channel"
│       │       │       │   │   │   │   ├── futures-util v0.3.34 (*)
│       │       │       │   │   │   │   ├── futures-util feature "futures-channel"
│       │       │       │   │   │   │   │   └── futures-util v0.3.34 (*)
│       │       │       │   │   │   │   └── futures-util feature "std"
│       │       │       │   │   │   │       ├── futures-util v0.3.34 (*)
│       │       │       │   │   │   │       ├── futures-core feature "std" (*)
│       │       │       │   │   │   │       ├── futures-util feature "alloc" (*)
│       │       │       │   │   │   │       ├── futures-util feature "slab" (*)
│       │       │       │   │   │   │       ├── futures-task feature "std"
│       │       │       │   │   │   │       │   ├── futures-task v0.3.34
│       │       │       │   │   │   │       │   └── futures-task feature "alloc" (*)
│       │       │       │   │   │   │       └── slab feature "std" (*)
│       │       │       │   │   │   ├── futures-util feature "io"
│       │       │       │   │   │   │   ├── futures-util v0.3.34 (*)
│       │       │       │   │   │   │   ├── futures-util feature "futures-io"
│       │       │       │   │   │   │   │   └── futures-util v0.3.34 (*)
│       │       │       │   │   │   │   ├── futures-util feature "memchr"
│       │       │       │   │   │   │   │   └── futures-util v0.3.34 (*)
│       │       │       │   │   │   │   └── futures-util feature "std" (*)
│       │       │       │   │   │   ├── futures-util feature "std" (*)
│       │       │       │   │   │   ├── futures-sink feature "std" (*)
│       │       │       │   │   │   ├── futures-io feature "std" (*)
│       │       │       │   │   │   ├── futures-task feature "std" (*)
│       │       │       │   │   │   └── futures feature "alloc"
│       │       │       │   │   │       ├── futures v0.3.34 (*)
│       │       │       │   │   │       ├── futures-core feature "alloc" (*)
│       │       │       │   │   │       ├── futures-util feature "alloc" (*)
│       │       │       │   │   │       ├── futures-channel feature "alloc" (*)
│       │       │       │   │   │       ├── futures-sink feature "alloc" (*)
│       │       │       │   │   │       └── futures-task feature "alloc" (*)
│       │       │       │   │   └── futures-executor feature "std"
│       │       │       │   │       ├── futures-executor v0.3.34 (*)
│       │       │       │   │       ├── futures-core feature "std" (*)
│       │       │       │   │       ├── futures-util feature "std" (*)
│       │       │       │   │       └── futures-task feature "std" (*)
│       │       │       │   └── futures feature "std" (*)
│       │       │       ├── maplit feature "default"
│       │       │       │   └── maplit v1.0.2
│       │       │       ├── openraft-macros feature "default"
│       │       │       │   └── openraft-macros v0.9.25 (proc-macro)
│       │       │       │       ├── proc-macro2 feature "default" (*)
│       │       │       │       ├── quote feature "default" (*)
│       │       │       │       ├── syn feature "default" (*)
│       │       │       │       ├── syn feature "extra-traits" (*)
│       │       │       │       ├── syn feature "full" (*)
│       │       │       │       ├── chrono feature "default"
│       │       │       │       │   ├── chrono v0.4.45
│       │       │       │       │   │   ├── num-traits v0.2.19
│       │       │       │       │   │   │   [build-dependencies]
│       │       │       │       │   │   │   └── autocfg feature "default" (*)
│       │       │       │       │   │   ├── iana-time-zone feature "default" (*)
│       │       │       │       │   │   └── iana-time-zone feature "fallback" (*)
│       │       │       │       │   ├── chrono feature "clock"
│       │       │       │       │   │   ├── chrono v0.4.45 (*)
│       │       │       │       │   │   ├── chrono feature "iana-time-zone"
│       │       │       │       │   │   │   └── chrono v0.4.45 (*)
│       │       │       │       │   │   ├── chrono feature "now"
│       │       │       │       │   │   │   ├── chrono v0.4.45 (*)
│       │       │       │       │   │   │   └── chrono feature "std"
│       │       │       │       │   │   │       ├── chrono v0.4.45 (*)
│       │       │       │       │   │   │       └── chrono feature "alloc"
│       │       │       │       │   │   │           └── chrono v0.4.45 (*)
│       │       │       │       │   │   └── chrono feature "winapi"
│       │       │       │       │   │       ├── chrono v0.4.45 (*)
│       │       │       │       │   │       └── chrono feature "windows-link"
│       │       │       │       │   │           └── chrono v0.4.45 (*)
│       │       │       │       │   ├── chrono feature "oldtime"
│       │       │       │       │   │   └── chrono v0.4.45 (*)
│       │       │       │       │   ├── chrono feature "std" (*)
│       │       │       │       │   └── chrono feature "wasmbind"
│       │       │       │       │       ├── chrono v0.4.45 (*)
│       │       │       │       │       ├── chrono feature "js-sys"
│       │       │       │       │       │   └── chrono v0.4.45 (*)
│       │       │       │       │       └── chrono feature "wasm-bindgen"
│       │       │       │       │           └── chrono v0.4.45 (*)
│       │       │       │       └── semver feature "default"
│       │       │       │           ├── semver v1.0.28
│       │       │       │           └── semver feature "std"
│       │       │       │               └── semver v1.0.28
│       │       │       ├── rand feature "default"
│       │       │       │   ├── rand v0.8.8
│       │       │       │   │   ├── libc v0.2.189
│       │       │       │   │   ├── rand_chacha v0.3.1
│       │       │       │   │   │   ├── rand_core feature "default" (*)
│       │       │       │   │   │   └── ppv-lite86 feature "simd"
│       │       │       │   │   │       └── ppv-lite86 v0.2.21
│       │       │       │   │   │           ├── zerocopy feature "default"
│       │       │       │   │   │           │   └── zerocopy v0.8.56
│       │       │       │   │   │           └── zerocopy feature "simd"
│       │       │       │   │   │               └── zerocopy v0.8.56
│       │       │       │   │   └── rand_core feature "default" (*)
│       │       │       │   ├── rand feature "std"
│       │       │       │   │   ├── rand v0.8.8 (*)
│       │       │       │   │   ├── rand_core feature "std"
│       │       │       │   │   │   ├── rand_core v0.6.4 (*)
│       │       │       │   │   │   ├── getrandom feature "std"
│       │       │       │   │   │   │   └── getrandom v0.2.17 (*)
│       │       │       │   │   │   ├── rand_core feature "alloc"
│       │       │       │   │   │   │   └── rand_core v0.6.4 (*)
│       │       │       │   │   │   └── rand_core feature "getrandom" (*)
│       │       │       │   │   ├── rand feature "alloc"
│       │       │       │   │   │   ├── rand v0.8.8 (*)
│       │       │       │   │   │   └── rand_core feature "alloc" (*)
│       │       │       │   │   ├── rand feature "getrandom"
│       │       │       │   │   │   ├── rand v0.8.8 (*)
│       │       │       │   │   │   └── rand_core feature "getrandom" (*)
│       │       │       │   │   ├── rand feature "libc"
│       │       │       │   │   │   └── rand v0.8.8 (*)
│       │       │       │   │   ├── rand feature "rand_chacha"
│       │       │       │   │   │   └── rand v0.8.8 (*)
│       │       │       │   │   └── rand_chacha feature "std"
│       │       │       │   │       ├── rand_chacha v0.3.1 (*)
│       │       │       │   │       └── ppv-lite86 feature "std"
│       │       │       │   │           └── ppv-lite86 v0.2.21 (*)
│       │       │       │   └── rand feature "std_rng"
│       │       │       │       ├── rand v0.8.8 (*)
│       │       │       │       └── rand feature "rand_chacha" (*)
│       │       │       ├── thiserror feature "default"
│       │       │       │   └── thiserror v1.0.69
│       │       │       │       └── thiserror-impl feature "default"
│       │       │       │           └── thiserror-impl v1.0.69 (proc-macro)
│       │       │       │               ├── proc-macro2 feature "default" (*)
│       │       │       │               ├── quote feature "default" (*)
│       │       │       │               └── syn feature "default" (*)
│       │       │       ├── tracing-futures feature "default"
│       │       │       │   ├── tracing-futures v0.2.5
│       │       │       │   │   ├── tracing v0.1.44 (*)
│       │       │       │   │   └── pin-project feature "default" (*)
│       │       │       │   ├── tracing-futures feature "std"
│       │       │       │   │   ├── tracing-futures v0.2.5 (*)
│       │       │       │   │   └── tracing feature "std" (*)
│       │       │       │   └── tracing-futures feature "std-future"
│       │       │       │       ├── tracing-futures v0.2.5 (*)
│       │       │       │       └── tracing-futures feature "pin-project"
│       │       │       │           └── tracing-futures v0.2.5 (*)
│       │       │       └── validit feature "default"
│       │       │           ├── validit v0.2.6
│       │       │           │   └── anyerror feature "default" (*)
│       │       │           └── validit feature "macros"
│       │       │               └── validit v0.2.6 (*)
│       │       ├── openraft feature "serde"
│       │       │   └── openraft v0.9.25 (*)
│       │       ├── openraft feature "storage-v2"
│       │       │   └── openraft v0.9.25 (*)
│       │       └── postcard feature "alloc"
│       │           ├── postcard v1.1.3
│       │           │   ├── cobs v0.3.0
│       │           │   │   └── thiserror v2.0.20 (*)
│       │           │   └── serde feature "derive" (*)
│       │           └── serde feature "alloc"
│       │               ├── serde v1.0.229 (*)
│       │               └── serde_core feature "alloc" (*)
│       ├── kasumi-store feature "default" (*)
│       ├── kasumi-serving feature "default" (*)
│       ├── kasumi-types feature "default" (*)
│       ├── sha2 feature "default" (*)
│       ├── uuid feature "default" (*)
│       ├── uuid feature "serde" (*)
│       └── uuid feature "v4" (*)
├── kasumi-clock feature "default" (*)
├── kasumi-raft feature "default" (*)
├── kasumi-store feature "default" (*)
├── zeroize feature "default" (*)
├── zeroize feature "derive" (*)
├── kasumi-serving feature "default" (*)
├── kasumi-types feature "default" (*)
├── sha2 feature "default" (*)
├── uuid feature "default" (*)
├── uuid feature "serde" (*)
├── uuid feature "v4" (*)
├── kasumi-transport feature "default" (*)
├── rustls feature "ring" (*)
├── rustls feature "std" (*)
├── tokio-rustls feature "ring" (*)
├── tonic feature "codegen" (*)
├── tonic feature "router"
│   ├── tonic v0.14.6 (*)
│   └── tower feature "util" (*)
├── tonic feature "tls-ring"
│   ├── tonic v0.14.6 (*)
│   ├── tokio-rustls feature "ring" (*)
│   ├── tonic feature "_tls-any"
│   │   ├── tonic v0.14.6 (*)
│   │   ├── tokio feature "macros" (*)
│   │   ├── tokio feature "rt" (*)
│   │   └── tonic feature "tls-connect-info"
│   │       └── tonic v0.14.6 (*)
│   └── tonic feature "tokio-rustls"
│       └── tonic v0.14.6 (*)
├── tonic feature "transport" (*)
├── url feature "default" (*)
├── reqwest feature "json" (*)
├── reqwest feature "rustls-tls" (*)
├── kasumi-client feature "default"
│   └── kasumi-client v0.1.0 (/workspace/crates/kasumi-client)
│       ├── anyhow feature "default" (*)
│       ├── tokio feature "default" (*)
│       ├── tokio feature "full" (*)
│       ├── serde_json feature "arbitrary_precision" (*)
│       ├── serde_json feature "default" (*)
│       ├── serde feature "default" (*)
│       ├── serde feature "derive" (*)
│       ├── serde feature "rc" (*)
│       ├── hex feature "default" (*)
│       ├── thiserror feature "default" (*)
│       ├── kasumi-serving feature "default" (*)
│       ├── kasumi-types feature "default" (*)
│       ├── uuid feature "default" (*)
│       ├── uuid feature "serde" (*)
│       ├── uuid feature "v4" (*)
│       ├── kasumi-transport feature "default" (*)
│       ├── tonic feature "codegen" (*)
│       ├── tonic feature "router" (*)
│       ├── tonic feature "tls-ring" (*)
│       ├── tonic feature "transport" (*)
│       ├── url feature "default" (*)
│       ├── prost feature "default"
│       │   ├── prost v0.14.4
│       │   │   ├── bytes v1.12.1
│       │   │   └── prost-derive feature "default"
│       │   │       └── prost-derive v0.14.4 (proc-macro)
│       │   │           ├── anyhow feature "default" (*)
│       │   │           ├── proc-macro2 feature "default" (*)
│       │   │           ├── quote feature "default" (*)
│       │   │           ├── syn feature "default" (*)
│       │   │           ├── syn feature "extra-traits" (*)
│       │   │           └── itertools feature "default"
│       │   │               ├── itertools v0.14.0
│       │   │               │   └── either v1.18.0
│       │   │               └── itertools feature "use_std"
│       │   │                   ├── itertools v0.14.0 (*)
│       │   │                   ├── itertools feature "use_alloc"
│       │   │                   │   └── itertools v0.14.0 (*)
│       │   │                   └── either feature "use_std"
│       │   │                       ├── either v1.18.0
│       │   │                       └── either feature "std"
│       │   │                           └── either v1.18.0
│       │   ├── prost feature "derive"
│       │   │   └── prost v0.14.4 (*)
│       │   └── prost feature "std"
│       │       └── prost v0.14.4 (*)
│       └── tonic-prost feature "default"
│           └── tonic-prost v0.14.6
│               ├── tonic v0.14.6 (*)
│               ├── bytes feature "default" (*)
│               └── prost feature "default" (*)
│       [build-dependencies]
│       ├── prost-build feature "default"
│       │   ├── prost-build v0.14.4
│       │   │   ├── multimap v0.10.1
│       │   │   ├── prost v0.14.4
│       │   │   │   ├── bytes v1.12.1
│       │   │   │   └── prost-derive feature "default" (*)
│       │   │   ├── prost-types v0.14.4
│       │   │   │   └── prost feature "derive"
│       │   │   │       └── prost v0.14.4 (*)
│       │   │   ├── pulldown-cmark v0.13.4
│       │   │   │   ├── memchr feature "default" (*)
│       │   │   │   ├── bitflags feature "default" (*)
│       │   │   │   └── unicase feature "default"
│       │   │   │       └── unicase v2.9.0
│       │   │   ├── tempfile v3.27.0 (*)
│       │   │   ├── log feature "default" (*)
│       │   │   ├── syn feature "default" (*)
│       │   │   ├── syn feature "full" (*)
│       │   │   ├── heck feature "default" (*)
│       │   │   ├── itertools feature "use_alloc" (*)
│       │   │   ├── petgraph feature "std"
│       │   │   │   ├── petgraph v0.8.3
│       │   │   │   │   ├── fixedbitset v0.5.7
│       │   │   │   │   ├── indexmap v2.14.1
│       │   │   │   │   │   ├── equivalent v1.0.2
│       │   │   │   │   │   └── hashbrown v0.17.1
│       │   │   │   │   ├── hashbrown feature "default-hasher"
│       │   │   │   │   │   └── hashbrown v0.15.5
│       │   │   │   │   │       └── foldhash v0.1.5
│       │   │   │   │   └── hashbrown feature "inline-more"
│       │   │   │   │       └── hashbrown v0.15.5 (*)
│       │   │   │   └── indexmap feature "std"
│       │   │   │       └── indexmap v2.14.1 (*)
│       │   │   ├── prettyplease feature "default"
│       │   │   │   └── prettyplease v0.2.37
│       │   │   │       ├── proc-macro2 v1.0.107 (*)
│       │   │   │       └── syn feature "full" (*)
│       │   │   ├── pulldown-cmark-to-cmark feature "default"
│       │   │   │   └── pulldown-cmark-to-cmark v22.0.1
│       │   │   │       └── pulldown-cmark v0.13.4 (*)
│       │   │   ├── regex feature "std"
│       │   │   │   ├── regex v1.13.1
│       │   │   │   │   ├── regex-syntax v0.8.11
│       │   │   │   │   ├── regex-automata feature "alloc"
│       │   │   │   │   │   └── regex-automata v0.4.18
│       │   │   │   │   │       └── regex-syntax v0.8.11
│       │   │   │   │   ├── regex-automata feature "meta"
│       │   │   │   │   │   ├── regex-automata v0.4.18 (*)
│       │   │   │   │   │   ├── regex-automata feature "nfa-pikevm"
│       │   │   │   │   │   │   ├── regex-automata v0.4.18 (*)
│       │   │   │   │   │   │   └── regex-automata feature "nfa-thompson"
│       │   │   │   │   │   │       ├── regex-automata v0.4.18 (*)
│       │   │   │   │   │   │       └── regex-automata feature "alloc" (*)
│       │   │   │   │   │   └── regex-automata feature "syntax"
│       │   │   │   │   │       ├── regex-automata v0.4.18 (*)
│       │   │   │   │   │       └── regex-automata feature "alloc" (*)
│       │   │   │   │   ├── regex-automata feature "nfa-pikevm" (*)
│       │   │   │   │   └── regex-automata feature "syntax" (*)
│       │   │   │   ├── regex-automata feature "std"
│       │   │   │   │   ├── regex-automata v0.4.18 (*)
│       │   │   │   │   ├── regex-automata feature "alloc" (*)
│       │   │   │   │   └── regex-syntax feature "std"
│       │   │   │   │       └── regex-syntax v0.8.11
│       │   │   │   └── regex-syntax feature "std" (*)
│       │   │   └── regex feature "unicode-bool"
│       │   │       ├── regex v1.13.1 (*)
│       │   │       ├── regex-automata feature "unicode-bool"
│       │   │       │   ├── regex-automata v0.4.18 (*)
│       │   │       │   └── regex-syntax feature "unicode-bool"
│       │   │       │       └── regex-syntax v0.8.11
│       │   │       └── regex-syntax feature "unicode-bool" (*)
│       │   └── prost-build feature "format"
│       │       └── prost-build v0.14.4 (*)
│       ├── protoc-bin-vendored feature "default"
│       │   └── protoc-bin-vendored v3.2.0
│       │       ├── protoc-bin-vendored-linux-aarch_64 feature "default"
│       │       │   └── protoc-bin-vendored-linux-aarch_64 v3.2.0
│       │       ├── protoc-bin-vendored-linux-ppcle_64 feature "default"
│       │       │   └── protoc-bin-vendored-linux-ppcle_64 v3.2.0
│       │       ├── protoc-bin-vendored-linux-s390_64 feature "default"
│       │       │   └── protoc-bin-vendored-linux-s390_64 v3.2.0
│       │       ├── protoc-bin-vendored-linux-x86_32 feature "default"
│       │       │   └── protoc-bin-vendored-linux-x86_32 v3.2.0
│       │       ├── protoc-bin-vendored-linux-x86_64 feature "default"
│       │       │   └── protoc-bin-vendored-linux-x86_64 v3.2.0
│       │       ├── protoc-bin-vendored-macos-aarch_64 feature "default"
│       │       │   └── protoc-bin-vendored-macos-aarch_64 v3.2.0
│       │       ├── protoc-bin-vendored-macos-x86_64 feature "default"
│       │       │   └── protoc-bin-vendored-macos-x86_64 v3.2.0
│       │       └── protoc-bin-vendored-win32 feature "default"
│       │           └── protoc-bin-vendored-win32 v3.2.0
│       └── tonic-prost-build feature "default"
│           ├── tonic-prost-build v0.14.6
│           │   ├── tonic-build v0.14.6
│           │   │   ├── proc-macro2 feature "default" (*)
│           │   │   ├── quote feature "default" (*)
│           │   │   ├── syn feature "default" (*)
│           │   │   └── prettyplease feature "default" (*)
│           │   ├── proc-macro2 feature "default" (*)
│           │   ├── quote feature "default" (*)
│           │   ├── syn feature "default" (*)
│           │   ├── tempfile feature "default" (*)
│           │   ├── prost-build feature "default" (*)
│           │   ├── prettyplease feature "default" (*)
│           │   └── prost-types feature "default"
│           │       ├── prost-types v0.14.4 (*)
│           │       └── prost-types feature "std"
│           │           ├── prost-types v0.14.4 (*)
│           │           └── prost feature "std"
│           │               └── prost v0.14.4 (*)
│           ├── tonic-prost-build feature "cleanup-markdown"
│           │   ├── tonic-prost-build v0.14.6 (*)
│           │   └── prost-build feature "cleanup-markdown"
│           │       └── prost-build v0.14.4 (*)
│           └── tonic-prost-build feature "transport"
│               ├── tonic-prost-build v0.14.6 (*)
│               └── tonic-build feature "transport"
│                   └── tonic-build v0.14.6 (*)
├── prost feature "default" (*)
├── tonic-prost feature "default" (*)
├── kasumi-engine feature "default"
│   └── kasumi-engine v0.1.0 (/workspace/crates/kasumi-engine)
│       ├── anyhow feature "default" (*)
│       ├── tokio feature "default" (*)
│       ├── tokio feature "full" (*)
│       ├── libc feature "default" (*)
│       ├── serde_json feature "arbitrary_precision" (*)
│       ├── serde_json feature "default" (*)
│       ├── serde feature "default" (*)
│       ├── serde feature "derive" (*)
│       ├── serde feature "rc" (*)
│       ├── hex feature "default" (*)
│       ├── ring feature "default" (*)
│       ├── kasumi-clock feature "default" (*)
│       ├── kasumi-raft feature "default" (*)
│       ├── kasumi-store feature "default" (*)
│       ├── kasumi-serving feature "default" (*)
│       ├── kasumi-types feature "default" (*)
│       ├── imbl feature "default" (*)
│       ├── imbl feature "serde" (*)
│       ├── sha2 feature "default" (*)
│       ├── uuid feature "default" (*)
│       ├── uuid feature "serde" (*)
│       ├── uuid feature "v4" (*)
│       ├── url feature "default" (*)
│       ├── arc-swap feature "default"
│       │   └── arc-swap v1.9.2
│       │       └── rustversion feature "default"
│       │           └── rustversion v1.0.23 (proc-macro)
│       └── kasumi-query feature "default"
│           └── kasumi-query v0.1.0 (/workspace/crates/kasumi-query)
│               ├── serde_json feature "arbitrary_precision" (*)
│               ├── serde_json feature "default" (*)
│               ├── serde feature "default" (*)
│               ├── serde feature "derive" (*)
│               ├── serde feature "rc" (*)
│               ├── kasumi-types feature "default" (*)
│               ├── imbl feature "default" (*)
│               ├── imbl feature "serde" (*)
│               ├── sha2 feature "default" (*)
│               ├── bigdecimal feature "default"
│               │   ├── bigdecimal v0.4.10
│               │   │   ├── num-bigint v0.4.8 (*)
│               │   │   ├── num-integer v0.1.47 (*)
│               │   │   ├── num-traits v0.2.19 (*)
│               │   │   └── libm feature "default"
│               │   │       ├── libm v0.2.16
│               │   │       └── libm feature "arch"
│               │   │           └── libm v0.2.16
│               │   │   [build-dependencies]
│               │   │   └── autocfg feature "default" (*)
│               │   └── bigdecimal feature "std"
│               │       ├── bigdecimal v0.4.10 (*)
│               │       ├── num-bigint feature "std"
│               │       │   ├── num-bigint v0.4.8 (*)
│               │       │   ├── num-integer feature "std"
│               │       │   │   ├── num-integer v0.1.47 (*)
│               │       │   │   └── num-traits feature "std"
│               │       │   │       └── num-traits v0.2.19 (*)
│               │       │   └── num-traits feature "std" (*)
│               │       ├── num-integer feature "std" (*)
│               │       └── num-traits feature "std" (*)
│               ├── jsonschema feature "arbitrary-precision"
│               │   ├── jsonschema v0.52.1
│               │   │   ├── itoa feature "default" (*)
│               │   │   ├── percent-encoding feature "default" (*)
│               │   │   ├── serde_json feature "default" (*)
│               │   │   ├── serde_json feature "float_roundtrip"
│               │   │   │   └── serde_json v1.0.151 (*)
│               │   │   ├── serde feature "default" (*)
│               │   │   ├── serde feature "derive" (*)
│               │   │   ├── num-bigint feature "default"
│               │   │   │   ├── num-bigint v0.4.8 (*)
│               │   │   │   └── num-bigint feature "std" (*)
│               │   │   ├── num-traits feature "default"
│               │   │   │   ├── num-traits v0.2.19 (*)
│               │   │   │   └── num-traits feature "std" (*)
│               │   │   ├── ahash feature "default"
│               │   │   │   ├── ahash v0.8.12
│               │   │   │   │   ├── once_cell feature "alloc" (*)
│               │   │   │   │   ├── cfg-if feature "default" (*)
│               │   │   │   │   ├── serde feature "default" (*)
│               │   │   │   │   ├── getrandom feature "default" (*)
│               │   │   │   │   └── zerocopy feature "simd" (*)
│               │   │   │   │   [build-dependencies]
│               │   │   │   │   └── version_check feature "default" (*)
│               │   │   │   ├── ahash feature "runtime-rng"
│               │   │   │   │   ├── ahash v0.8.12 (*)
│               │   │   │   │   └── ahash feature "getrandom"
│               │   │   │   │       └── ahash v0.8.12 (*)
│               │   │   │   └── ahash feature "std"
│               │   │   │       └── ahash v0.8.12 (*)
│               │   │   ├── ahash feature "serde"
│               │   │   │   └── ahash v0.8.12 (*)
│               │   │   ├── bytecount feature "default"
│               │   │   │   └── bytecount v0.6.9
│               │   │   ├── bytecount feature "runtime-dispatch-simd"
│               │   │   │   └── bytecount v0.6.9
│               │   │   ├── data-encoding feature "default"
│               │   │   │   ├── data-encoding v2.11.1
│               │   │   │   └── data-encoding feature "std"
│               │   │   │       ├── data-encoding v2.11.1
│               │   │   │       └── data-encoding feature "alloc"
│               │   │   │           └── data-encoding v2.11.1
│               │   │   ├── email_address feature "default"
│               │   │   │   ├── email_address v0.2.9
│               │   │   │   │   └── serde feature "default" (*)
│               │   │   │   └── email_address feature "serde_support"
│               │   │   │       ├── email_address v0.2.9 (*)
│               │   │   │       └── email_address feature "serde"
│               │   │   │           └── email_address v0.2.9 (*)
│               │   │   ├── fancy-regex feature "default"
│               │   │   │   ├── fancy-regex v0.19.0
│               │   │   │   │   ├── bit-set v0.8.0
│               │   │   │   │   │   └── bit-vec v0.8.0
│               │   │   │   │   ├── regex-syntax v0.8.11
│               │   │   │   │   ├── regex-automata feature "alloc"
│               │   │   │   │   │   └── regex-automata v0.4.18
│               │   │   │   │   │       ├── aho-corasick v1.1.5
│               │   │   │   │   │       │   └── memchr v2.8.3
│               │   │   │   │   │       ├── memchr v2.8.3
│               │   │   │   │   │       └── regex-syntax v0.8.11
│               │   │   │   │   ├── regex-automata feature "dfa"
│               │   │   │   │   │   ├── regex-automata v0.4.18 (*)
│               │   │   │   │   │   ├── regex-automata feature "dfa-build"
│               │   │   │   │   │   │   ├── regex-automata v0.4.18 (*)
│               │   │   │   │   │   │   ├── regex-automata feature "dfa-search"
│               │   │   │   │   │   │   │   └── regex-automata v0.4.18 (*)
│               │   │   │   │   │   │   └── regex-automata feature "nfa-thompson"
│               │   │   │   │   │   │       ├── regex-automata v0.4.18 (*)
│               │   │   │   │   │   │       └── regex-automata feature "alloc" (*)
│               │   │   │   │   │   ├── regex-automata feature "dfa-onepass"
│               │   │   │   │   │   │   ├── regex-automata v0.4.18 (*)
│               │   │   │   │   │   │   └── regex-automata feature "nfa-thompson" (*)
│               │   │   │   │   │   └── regex-automata feature "dfa-search" (*)
│               │   │   │   │   ├── regex-automata feature "hybrid"
│               │   │   │   │   │   ├── regex-automata v0.4.18 (*)
│               │   │   │   │   │   ├── regex-automata feature "alloc" (*)
│               │   │   │   │   │   └── regex-automata feature "nfa-thompson" (*)
│               │   │   │   │   ├── regex-automata feature "meta"
│               │   │   │   │   │   ├── regex-automata v0.4.18 (*)
│               │   │   │   │   │   ├── regex-automata feature "nfa-pikevm"
│               │   │   │   │   │   │   ├── regex-automata v0.4.18 (*)
│               │   │   │   │   │   │   └── regex-automata feature "nfa-thompson" (*)
│               │   │   │   │   │   └── regex-automata feature "syntax"
│               │   │   │   │   │       ├── regex-automata v0.4.18 (*)
│               │   │   │   │   │       └── regex-automata feature "alloc" (*)
│               │   │   │   │   ├── regex-automata feature "nfa"
│               │   │   │   │   │   ├── regex-automata v0.4.18 (*)
│               │   │   │   │   │   ├── regex-automata feature "nfa-backtrack"
│               │   │   │   │   │   │   ├── regex-automata v0.4.18 (*)
│               │   │   │   │   │   │   └── regex-automata feature "nfa-thompson" (*)
│               │   │   │   │   │   ├── regex-automata feature "nfa-pikevm" (*)
│               │   │   │   │   │   └── regex-automata feature "nfa-thompson" (*)
│               │   │   │   │   └── regex-automata feature "syntax" (*)
│               │   │   │   ├── fancy-regex feature "perf"
│               │   │   │   │   ├── fancy-regex v0.19.0 (*)
│               │   │   │   │   └── regex-automata feature "perf"
│               │   │   │   │       ├── regex-automata v0.4.18 (*)
│               │   │   │   │       ├── regex-automata feature "perf-inline"
│               │   │   │   │       │   └── regex-automata v0.4.18 (*)
│               │   │   │   │       └── regex-automata feature "perf-literal"
│               │   │   │   │           ├── regex-automata v0.4.18 (*)
│               │   │   │   │           ├── regex-automata feature "perf-literal-multisubstring"
│               │   │   │   │           │   └── regex-automata v0.4.18 (*)
│               │   │   │   │           └── regex-automata feature "perf-literal-substring"
│               │   │   │   │               ├── regex-automata v0.4.18 (*)
│               │   │   │   │               └── aho-corasick feature "perf-literal"
│               │   │   │   │                   └── aho-corasick v1.1.5 (*)
│               │   │   │   ├── fancy-regex feature "std"
│               │   │   │   │   ├── fancy-regex v0.19.0 (*)
│               │   │   │   │   ├── bit-set feature "std"
│               │   │   │   │   │   ├── bit-set v0.8.0 (*)
│               │   │   │   │   │   └── bit-vec feature "std"
│               │   │   │   │   │       └── bit-vec v0.8.0
│               │   │   │   │   ├── regex-automata feature "std"
│               │   │   │   │   │   ├── regex-automata v0.4.18 (*)
│               │   │   │   │   │   ├── memchr feature "std" (*)
│               │   │   │   │   │   ├── regex-automata feature "alloc" (*)
│               │   │   │   │   │   ├── aho-corasick feature "std"
│               │   │   │   │   │   │   ├── aho-corasick v1.1.5 (*)
│               │   │   │   │   │   │   └── memchr feature "std" (*)
│               │   │   │   │   │   └── regex-syntax feature "std"
│               │   │   │   │   │       └── regex-syntax v0.8.11
│               │   │   │   │   └── regex-syntax feature "std" (*)
│               │   │   │   ├── fancy-regex feature "unicode"
│               │   │   │   │   ├── fancy-regex v0.19.0 (*)
│               │   │   │   │   ├── regex-automata feature "unicode"
│               │   │   │   │   │   ├── regex-automata v0.4.18 (*)
│               │   │   │   │   │   ├── regex-automata feature "unicode-age"
│               │   │   │   │   │   │   ├── regex-automata v0.4.18 (*)
│               │   │   │   │   │   │   └── regex-syntax feature "unicode-age"
│               │   │   │   │   │   │       └── regex-syntax v0.8.11
│               │   │   │   │   │   ├── regex-automata feature "unicode-bool"
│               │   │   │   │   │   │   ├── regex-automata v0.4.18 (*)
│               │   │   │   │   │   │   └── regex-syntax feature "unicode-bool"
│               │   │   │   │   │   │       └── regex-syntax v0.8.11
│               │   │   │   │   │   ├── regex-automata feature "unicode-case"
│               │   │   │   │   │   │   ├── regex-automata v0.4.18 (*)
│               │   │   │   │   │   │   └── regex-syntax feature "unicode-case"
│               │   │   │   │   │   │       └── regex-syntax v0.8.11
│               │   │   │   │   │   ├── regex-automata feature "unicode-gencat"
│               │   │   │   │   │   │   ├── regex-automata v0.4.18 (*)
│               │   │   │   │   │   │   └── regex-syntax feature "unicode-gencat"
│               │   │   │   │   │   │       └── regex-syntax v0.8.11
│               │   │   │   │   │   ├── regex-automata feature "unicode-perl"
│               │   │   │   │   │   │   ├── regex-automata v0.4.18 (*)
│               │   │   │   │   │   │   └── regex-syntax feature "unicode-perl"
│               │   │   │   │   │   │       └── regex-syntax v0.8.11
│               │   │   │   │   │   ├── regex-automata feature "unicode-script"
│               │   │   │   │   │   │   ├── regex-automata v0.4.18 (*)
│               │   │   │   │   │   │   └── regex-syntax feature "unicode-script"
│               │   │   │   │   │   │       └── regex-syntax v0.8.11
│               │   │   │   │   │   ├── regex-automata feature "unicode-segment"
│               │   │   │   │   │   │   ├── regex-automata v0.4.18 (*)
│               │   │   │   │   │   │   └── regex-syntax feature "unicode-segment"
│               │   │   │   │   │   │       └── regex-syntax v0.8.11
│               │   │   │   │   │   ├── regex-automata feature "unicode-word-boundary"
│               │   │   │   │   │   │   └── regex-automata v0.4.18 (*)
│               │   │   │   │   │   └── regex-syntax feature "unicode"
│               │   │   │   │   │       ├── regex-syntax v0.8.11
│               │   │   │   │   │       ├── regex-syntax feature "unicode-age" (*)
│               │   │   │   │   │       ├── regex-syntax feature "unicode-bool" (*)
│               │   │   │   │   │       ├── regex-syntax feature "unicode-case" (*)
│               │   │   │   │   │       ├── regex-syntax feature "unicode-gencat" (*)
│               │   │   │   │   │       ├── regex-syntax feature "unicode-perl" (*)
│               │   │   │   │   │       ├── regex-syntax feature "unicode-script" (*)
│               │   │   │   │   │       └── regex-syntax feature "unicode-segment" (*)
│               │   │   │   │   └── regex-syntax feature "unicode" (*)
│               │   │   │   └── fancy-regex feature "variable-lookbehinds"
│               │   │   │       ├── fancy-regex v0.19.0 (*)
│               │   │   │       └── regex-automata feature "dfa-search" (*)
│               │   │   ├── fraction feature "with-bigint"
│               │   │   │   ├── fraction v0.17.0
│               │   │   │   │   ├── num v0.4.3
│               │   │   │   │   │   ├── num-bigint v0.4.8 (*)
│               │   │   │   │   │   ├── num-complex v0.4.6
│               │   │   │   │   │   │   └── num-traits feature "i128" (*)
│               │   │   │   │   │   ├── num-rational v0.4.2
│               │   │   │   │   │   │   ├── num-bigint v0.4.8 (*)
│               │   │   │   │   │   │   ├── num-integer feature "i128" (*)
│               │   │   │   │   │   │   └── num-traits feature "i128" (*)
│               │   │   │   │   │   ├── num-integer feature "i128" (*)
│               │   │   │   │   │   ├── num-traits feature "i128" (*)
│               │   │   │   │   │   └── num-iter feature "i128"
│               │   │   │   │   │       └── num-iter v0.1.46
│               │   │   │   │   │           ├── num-integer feature "i128" (*)
│               │   │   │   │   │           └── num-traits feature "i128" (*)
│               │   │   │   │   └── num-bigint feature "default" (*)
│               │   │   │   ├── fraction feature "num-bigint"
│               │   │   │   │   └── fraction v0.17.0 (*)
│               │   │   │   ├── num feature "num-bigint"
│               │   │   │   │   └── num v0.4.3 (*)
│               │   │   │   └── num feature "std"
│               │   │   │       ├── num v0.4.3 (*)
│               │   │   │       ├── num-bigint feature "std" (*)
│               │   │   │       ├── num-integer feature "std" (*)
│               │   │   │       ├── num-traits feature "std" (*)
│               │   │   │       ├── num feature "num-bigint" (*)
│               │   │   │       ├── num-complex feature "std"
│               │   │   │       │   ├── num-complex v0.4.6 (*)
│               │   │   │       │   └── num-traits feature "std" (*)
│               │   │   │       ├── num-iter feature "std"
│               │   │   │       │   ├── num-iter v0.1.46 (*)
│               │   │   │       │   ├── num-integer feature "std" (*)
│               │   │   │       │   └── num-traits feature "std" (*)
│               │   │   │       ├── num-rational feature "num-bigint-std"
│               │   │   │       │   ├── num-rational v0.4.2 (*)
│               │   │   │       │   ├── num-bigint feature "std" (*)
│               │   │   │       │   └── num-rational feature "num-bigint"
│               │   │   │       │       └── num-rational v0.4.2 (*)
│               │   │   │       └── num-rational feature "std"
│               │   │   │           ├── num-rational v0.4.2 (*)
│               │   │   │           ├── num-bigint feature "std" (*)
│               │   │   │           ├── num-integer feature "std" (*)
│               │   │   │           └── num-traits feature "std" (*)
│               │   │   ├── jsonschema-regex feature "default"
│               │   │   │   └── jsonschema-regex v0.52.1
│               │   │   │       └── regex-syntax feature "default"
│               │   │   │           ├── regex-syntax v0.8.11
│               │   │   │           ├── regex-syntax feature "std" (*)
│               │   │   │           └── regex-syntax feature "unicode" (*)
│               │   │   ├── jsonschema-value feature "default"
│               │   │   │   ├── jsonschema-value v0.52.1
│               │   │   │   │   ├── serde_json feature "default" (*)
│               │   │   │   │   ├── serde_json feature "float_roundtrip" (*)
│               │   │   │   │   ├── zmij feature "default" (*)
│               │   │   │   │   ├── num-bigint feature "default" (*)
│               │   │   │   │   ├── num-traits feature "default" (*)
│               │   │   │   │   ├── ahash feature "default" (*)
│               │   │   │   │   ├── ahash feature "serde" (*)
│               │   │   │   │   ├── bytecount feature "default" (*)
│               │   │   │   │   ├── bytecount feature "runtime-dispatch-simd" (*)
│               │   │   │   │   ├── fraction feature "with-bigint" (*)
│               │   │   │   │   └── num-cmp feature "default"
│               │   │   │   │       └── num-cmp v0.1.0
│               │   │   │   └── jsonschema-value feature "serde_json"
│               │   │   │       └── jsonschema-value v0.52.1 (*)
│               │   │   ├── num-cmp feature "default" (*)
│               │   │   ├── referencing feature "default"
│               │   │   │   └── referencing v0.52.1
│               │   │   │       ├── itoa feature "default" (*)
│               │   │   │       ├── percent-encoding feature "default" (*)
│               │   │   │       ├── hashbrown feature "default"
│               │   │   │       │   ├── hashbrown v0.17.1 (*)
│               │   │   │       │   ├── hashbrown feature "allocator-api2"
│               │   │   │       │   │   └── hashbrown v0.17.1 (*)
│               │   │   │       │   ├── hashbrown feature "default-hasher"
│               │   │   │       │   │   └── hashbrown v0.17.1 (*)
│               │   │   │       │   ├── hashbrown feature "equivalent"
│               │   │   │       │   │   └── hashbrown v0.17.1 (*)
│               │   │   │       │   ├── hashbrown feature "inline-more"
│               │   │   │       │   │   └── hashbrown v0.17.1 (*)
│               │   │   │       │   └── hashbrown feature "raw-entry"
│               │   │   │       │       └── hashbrown v0.17.1 (*)
│               │   │   │       ├── hashbrown feature "equivalent" (*)
│               │   │   │       ├── parking_lot feature "default" (*)
│               │   │   │       ├── serde_json feature "default" (*)
│               │   │   │       ├── ahash feature "default" (*)
│               │   │   │       ├── ahash feature "serde" (*)
│               │   │   │       ├── fluent-uri feature "default"
│               │   │   │       │   ├── fluent-uri v0.4.1
│               │   │   │       │   │   ├── borrow-or-share v0.2.4
│               │   │   │       │   │   ├── serde v1.0.229 (*)
│               │   │   │       │   │   └── ref-cast feature "default"
│               │   │   │       │   │       └── ref-cast v1.0.27
│               │   │   │       │   │           └── ref-cast-impl feature "default"
│               │   │   │       │   │               └── ref-cast-impl v1.0.27 (proc-macro)
│               │   │   │       │   │                   ├── proc-macro2 feature "default" (*)
│               │   │   │       │   │                   ├── quote feature "default" (*)
│               │   │   │       │   │                   └── syn feature "default" (*)
│               │   │   │       │   └── fluent-uri feature "std"
│               │   │   │       │       ├── fluent-uri v0.4.1 (*)
│               │   │   │       │       ├── fluent-uri feature "alloc"
│               │   │   │       │       │   ├── fluent-uri v0.4.1 (*)
│               │   │   │       │       │   ├── serde feature "alloc" (*)
│               │   │   │       │       │   └── borrow-or-share feature "alloc"
│               │   │   │       │       │       └── borrow-or-share v0.2.4
│               │   │   │       │       └── fluent-uri feature "impl-error"
│               │   │   │       │           └── fluent-uri v0.4.1 (*)
│               │   │   │       ├── fluent-uri feature "serde"
│               │   │   │       │   └── fluent-uri v0.4.1 (*)
│               │   │   │       └── micromap feature "default"
│               │   │   │           └── micromap v0.3.0
│               │   │   ├── regex feature "default"
│               │   │   │   ├── regex v1.13.1
│               │   │   │   │   ├── aho-corasick v1.1.5 (*)
│               │   │   │   │   ├── memchr v2.8.3
│               │   │   │   │   ├── regex-syntax v0.8.11
│               │   │   │   │   ├── regex-automata feature "alloc" (*)
│               │   │   │   │   ├── regex-automata feature "meta" (*)
│               │   │   │   │   ├── regex-automata feature "nfa-pikevm" (*)
│               │   │   │   │   └── regex-automata feature "syntax" (*)
│               │   │   │   ├── regex-syntax feature "default" (*)
│               │   │   │   ├── regex feature "perf"
│               │   │   │   │   ├── regex v1.13.1 (*)
│               │   │   │   │   ├── regex feature "perf-backtrack"
│               │   │   │   │   │   ├── regex v1.13.1 (*)
│               │   │   │   │   │   └── regex-automata feature "nfa-backtrack" (*)
│               │   │   │   │   ├── regex feature "perf-cache"
│               │   │   │   │   │   └── regex v1.13.1 (*)
│               │   │   │   │   ├── regex feature "perf-dfa"
│               │   │   │   │   │   ├── regex v1.13.1 (*)
│               │   │   │   │   │   └── regex-automata feature "hybrid" (*)
│               │   │   │   │   ├── regex feature "perf-inline"
│               │   │   │   │   │   ├── regex v1.13.1 (*)
│               │   │   │   │   │   └── regex-automata feature "perf-inline" (*)
│               │   │   │   │   ├── regex feature "perf-literal"
│               │   │   │   │   │   ├── regex v1.13.1 (*)
│               │   │   │   │   │   └── regex-automata feature "perf-literal" (*)
│               │   │   │   │   └── regex feature "perf-onepass"
│               │   │   │   │       ├── regex v1.13.1 (*)
│               │   │   │   │       └── regex-automata feature "dfa-onepass" (*)
│               │   │   │   ├── regex feature "std"
│               │   │   │   │   ├── regex v1.13.1 (*)
│               │   │   │   │   ├── memchr feature "std" (*)
│               │   │   │   │   ├── regex-automata feature "std" (*)
│               │   │   │   │   ├── aho-corasick feature "std" (*)
│               │   │   │   │   └── regex-syntax feature "std" (*)
│               │   │   │   └── regex feature "unicode"
│               │   │   │       ├── regex v1.13.1 (*)
│               │   │   │       ├── regex-automata feature "unicode" (*)
│               │   │   │       ├── regex-syntax feature "unicode" (*)
│               │   │   │       ├── regex feature "unicode-age"
│               │   │   │       │   ├── regex v1.13.1 (*)
│               │   │   │       │   ├── regex-automata feature "unicode-age" (*)
│               │   │   │       │   └── regex-syntax feature "unicode-age" (*)
│               │   │   │       ├── regex feature "unicode-bool"
│               │   │   │       │   ├── regex v1.13.1 (*)
│               │   │   │       │   ├── regex-automata feature "unicode-bool" (*)
│               │   │   │       │   └── regex-syntax feature "unicode-bool" (*)
│               │   │   │       ├── regex feature "unicode-case"
│               │   │   │       │   ├── regex v1.13.1 (*)
│               │   │   │       │   ├── regex-automata feature "unicode-case" (*)
│               │   │   │       │   └── regex-syntax feature "unicode-case" (*)
│               │   │   │       ├── regex feature "unicode-gencat"
│               │   │   │       │   ├── regex v1.13.1 (*)
│               │   │   │       │   ├── regex-automata feature "unicode-gencat" (*)
│               │   │   │       │   └── regex-syntax feature "unicode-gencat" (*)
│               │   │   │       ├── regex feature "unicode-perl"
│               │   │   │       │   ├── regex v1.13.1 (*)
│               │   │   │       │   ├── regex-automata feature "unicode-perl" (*)
│               │   │   │       │   ├── regex-automata feature "unicode-word-boundary" (*)
│               │   │   │       │   └── regex-syntax feature "unicode-perl" (*)
│               │   │   │       ├── regex feature "unicode-script"
│               │   │   │       │   ├── regex v1.13.1 (*)
│               │   │   │       │   ├── regex-automata feature "unicode-script" (*)
│               │   │   │       │   └── regex-syntax feature "unicode-script" (*)
│               │   │   │       └── regex feature "unicode-segment"
│               │   │   │           ├── regex v1.13.1 (*)
│               │   │   │           ├── regex-automata feature "unicode-segment" (*)
│               │   │   │           └── regex-syntax feature "unicode-segment" (*)
│               │   │   ├── strum feature "default"
│               │   │   │   ├── strum v0.28.0
│               │   │   │   │   └── strum_macros feature "default"
│               │   │   │   │       └── strum_macros v0.28.0 (proc-macro)
│               │   │   │   │           ├── proc-macro2 feature "default" (*)
│               │   │   │   │           ├── quote feature "default" (*)
│               │   │   │   │           ├── syn feature "default" (*)
│               │   │   │   │           ├── syn feature "parsing" (*)
│               │   │   │   │           └── heck feature "default" (*)
│               │   │   │   └── strum feature "std"
│               │   │   │       └── strum v0.28.0 (*)
│               │   │   ├── strum feature "derive"
│               │   │   │   ├── strum v0.28.0 (*)
│               │   │   │   └── strum feature "strum_macros"
│               │   │   │       └── strum v0.28.0 (*)
│               │   │   ├── unicode-general-category feature "default"
│               │   │   │   └── unicode-general-category v1.1.0
│               │   │   ├── uuid-simd feature "detect"
│               │   │   │   ├── uuid-simd v0.8.0
│               │   │   │   │   ├── outref feature "default"
│               │   │   │   │   │   └── outref v0.5.2
│               │   │   │   │   └── vsimd feature "default"
│               │   │   │   │       └── vsimd v0.8.0
│               │   │   │   └── vsimd feature "detect"
│               │   │   │       ├── vsimd v0.8.0
│               │   │   │       └── vsimd feature "std"
│               │   │   │           ├── vsimd v0.8.0
│               │   │   │           └── vsimd feature "alloc"
│               │   │   │               └── vsimd v0.8.0
│               │   │   └── uuid-simd feature "std"
│               │   │       ├── uuid-simd v0.8.0 (*)
│               │   │       ├── uuid-simd feature "alloc"
│               │   │       │   ├── uuid-simd v0.8.0 (*)
│               │   │       │   └── vsimd feature "alloc" (*)
│               │   │       └── vsimd feature "std" (*)
│               │   ├── serde_json feature "arbitrary_precision" (*)
│               │   └── jsonschema-value feature "arbitrary-precision"
│               │       ├── jsonschema-value v0.52.1 (*)
│               │       └── serde_json feature "arbitrary_precision" (*)
│               ├── levenshtein_automata feature "default"
│               │   └── levenshtein_automata v0.2.1
│               ├── lindera feature "default"
│               │   ├── lindera v5.3.0
│               │   │   ├── anyhow feature "default" (*)
│               │   │   ├── log feature "default" (*)
│               │   │   ├── percent-encoding feature "default" (*)
│               │   │   ├── serde_json feature "default" (*)
│               │   │   ├── serde feature "default" (*)
│               │   │   ├── serde feature "derive" (*)
│               │   │   ├── url feature "default" (*)
│               │   │   ├── strum feature "default" (*)
│               │   │   ├── strum feature "derive" (*)
│               │   │   ├── strum_macros feature "default" (*)
│               │   │   ├── lindera-dictionary feature "default"
│               │   │   │   ├── lindera-dictionary v5.3.0
│               │   │   │   │   ├── anyhow feature "default" (*)
│               │   │   │   │   ├── log feature "default" (*)
│               │   │   │   │   ├── once_cell feature "default" (*)
│               │   │   │   │   ├── memchr feature "default" (*)
│               │   │   │   │   ├── serde_json feature "default" (*)
│               │   │   │   │   ├── serde feature "default" (*)
│               │   │   │   │   ├── serde feature "derive" (*)
│               │   │   │   │   ├── thiserror feature "default" (*)
│               │   │   │   │   ├── strum feature "default" (*)
│               │   │   │   │   ├── strum feature "derive" (*)
│               │   │   │   │   ├── strum_macros feature "default" (*)
│               │   │   │   │   ├── byteorder feature "default"
│               │   │   │   │   │   ├── byteorder v1.5.0
│               │   │   │   │   │   └── byteorder feature "std"
│               │   │   │   │   │       └── byteorder v1.5.0
│               │   │   │   │   ├── crawdad feature "default"
│               │   │   │   │   │   ├── crawdad v0.3.0
│               │   │   │   │   │   └── crawdad feature "alloc"
│               │   │   │   │   │       └── crawdad v0.3.0
│               │   │   │   │   ├── csv feature "default"
│               │   │   │   │   │   └── csv v1.4.0
│               │   │   │   │   │       ├── itoa feature "default" (*)
│               │   │   │   │   │       ├── serde_core feature "default" (*)
│               │   │   │   │   │       ├── ryu feature "default" (*)
│               │   │   │   │   │       └── csv-core feature "default"
│               │   │   │   │   │           └── csv-core v0.1.13
│               │   │   │   │   │               └── memchr v2.8.3
│               │   │   │   │   ├── daachorse feature "default"
│               │   │   │   │   │   ├── daachorse v4.0.0
│               │   │   │   │   │   └── daachorse feature "alloc"
│               │   │   │   │   │       └── daachorse v4.0.0
│               │   │   │   │   ├── encoding_rs feature "default"
│               │   │   │   │   │   ├── encoding_rs v0.8.35
│               │   │   │   │   │   │   └── cfg-if feature "default" (*)
│               │   │   │   │   │   └── encoding_rs feature "alloc"
│               │   │   │   │   │       └── encoding_rs v0.8.35 (*)
│               │   │   │   │   ├── encoding_rs_io feature "default"
│               │   │   │   │   │   └── encoding_rs_io v0.1.8
│               │   │   │   │   │       └── encoding_rs feature "default" (*)
│               │   │   │   │   ├── glob feature "default"
│               │   │   │   │   │   └── glob v0.3.4
│               │   │   │   │   ├── memmap2 feature "default"
│               │   │   │   │   │   └── memmap2 v0.9.11
│               │   │   │   │   │       └── libc feature "default" (*)
│               │   │   │   │   ├── rayon feature "default"
│               │   │   │   │   │   └── rayon v1.12.0
│               │   │   │   │   │       ├── either v1.18.0
│               │   │   │   │   │       └── rayon-core feature "default"
│               │   │   │   │   │           └── rayon-core v1.13.0
│               │   │   │   │   │               ├── crossbeam-deque feature "default"
│               │   │   │   │   │               │   ├── crossbeam-deque v0.8.7
│               │   │   │   │   │               │   │   ├── crossbeam-epoch v0.9.20
│               │   │   │   │   │               │   │   │   └── crossbeam-utils v0.8.22
│               │   │   │   │   │               │   │   └── crossbeam-utils v0.8.22
│               │   │   │   │   │               │   └── crossbeam-deque feature "std"
│               │   │   │   │   │               │       ├── crossbeam-deque v0.8.7 (*)
│               │   │   │   │   │               │       ├── crossbeam-epoch feature "std"
│               │   │   │   │   │               │       │   ├── crossbeam-epoch v0.9.20 (*)
│               │   │   │   │   │               │       │   ├── crossbeam-epoch feature "alloc"
│               │   │   │   │   │               │       │   │   └── crossbeam-epoch v0.9.20 (*)
│               │   │   │   │   │               │       │   └── crossbeam-utils feature "std"
│               │   │   │   │   │               │       │       └── crossbeam-utils v0.8.22
│               │   │   │   │   │               │       └── crossbeam-utils feature "std" (*)
│               │   │   │   │   │               └── crossbeam-utils feature "default"
│               │   │   │   │   │                   ├── crossbeam-utils v0.8.22
│               │   │   │   │   │                   └── crossbeam-utils feature "std" (*)
│               │   │   │   │   ├── rkyv feature "bytecheck"
│               │   │   │   │   │   ├── rkyv v0.8.18
│               │   │   │   │   │   │   ├── hashbrown v0.17.1 (*)
│               │   │   │   │   │   │   ├── munge v0.4.7
│               │   │   │   │   │   │   │   └── munge_macro v0.4.7 (proc-macro)
│               │   │   │   │   │   │   │       ├── proc-macro2 v1.0.107 (*)
│               │   │   │   │   │   │   │       ├── quote v1.0.47 (*)
│               │   │   │   │   │   │   │       ├── syn feature "clone-impls" (*)
│               │   │   │   │   │   │   │       ├── syn feature "full" (*)
│               │   │   │   │   │   │   │       ├── syn feature "parsing" (*)
│               │   │   │   │   │   │   │       ├── syn feature "printing" (*)
│               │   │   │   │   │   │   │       └── syn feature "proc-macro" (*)
│               │   │   │   │   │   │   ├── ptr_meta v0.3.2
│               │   │   │   │   │   │   │   └── ptr_meta_derive v0.3.2 (proc-macro)
│               │   │   │   │   │   │   │       ├── proc-macro2 feature "proc-macro" (*)
│               │   │   │   │   │   │   │       ├── quote feature "proc-macro" (*)
│               │   │   │   │   │   │   │       ├── syn feature "clone-impls" (*)
│               │   │   │   │   │   │   │       ├── syn feature "derive" (*)
│               │   │   │   │   │   │   │       ├── syn feature "full" (*)
│               │   │   │   │   │   │   │       ├── syn feature "parsing" (*)
│               │   │   │   │   │   │   │       ├── syn feature "printing" (*)
│               │   │   │   │   │   │   │       └── syn feature "proc-macro" (*)
│               │   │   │   │   │   │   ├── rancor v0.1.3
│               │   │   │   │   │   │   │   └── ptr_meta feature "derive"
│               │   │   │   │   │   │   │       ├── ptr_meta v0.3.2 (*)
│               │   │   │   │   │   │   │       └── ptr_meta feature "ptr_meta_derive"
│               │   │   │   │   │   │   │           └── ptr_meta v0.3.2 (*)
│               │   │   │   │   │   │   ├── rend v0.5.4
│               │   │   │   │   │   │   │   └── bytecheck v0.8.3
│               │   │   │   │   │   │   │       ├── bytecheck_derive v0.8.3 (proc-macro)
│               │   │   │   │   │   │   │       │   ├── proc-macro2 v1.0.107 (*)
│               │   │   │   │   │   │   │       │   ├── quote v1.0.47 (*)
│               │   │   │   │   │   │   │       │   ├── syn feature "clone-impls" (*)
│               │   │   │   │   │   │   │       │   ├── syn feature "derive" (*)
│               │   │   │   │   │   │   │       │   ├── syn feature "full" (*)
│               │   │   │   │   │   │   │       │   ├── syn feature "parsing" (*)
│               │   │   │   │   │   │   │       │   ├── syn feature "printing" (*)
│               │   │   │   │   │   │   │       │   └── syn feature "proc-macro" (*)
│               │   │   │   │   │   │   │       ├── ptr_meta v0.3.2 (*)
│               │   │   │   │   │   │   │       ├── rancor v0.1.3 (*)
│               │   │   │   │   │   │   │       └── simdutf8 v0.1.5
│               │   │   │   │   │   │   ├── rkyv_derive v0.8.18 (proc-macro)
│               │   │   │   │   │   │   │   ├── proc-macro2 feature "proc-macro" (*)
│               │   │   │   │   │   │   │   ├── quote feature "proc-macro" (*)
│               │   │   │   │   │   │   │   ├── syn feature "clone-impls" (*)
│               │   │   │   │   │   │   │   ├── syn feature "derive" (*)
│               │   │   │   │   │   │   │   ├── syn feature "parsing" (*)
│               │   │   │   │   │   │   │   ├── syn feature "printing" (*)
│               │   │   │   │   │   │   │   └── syn feature "proc-macro" (*)
│               │   │   │   │   │   │   └── bytecheck feature "simdutf8"
│               │   │   │   │   │   │       └── bytecheck v0.8.3 (*)
│               │   │   │   │   │   ├── rend feature "bytecheck"
│               │   │   │   │   │   │   └── rend v0.5.4 (*)
│               │   │   │   │   │   └── rkyv_derive feature "bytecheck"
│               │   │   │   │   │       └── rkyv_derive v0.8.18 (proc-macro) (*)
│               │   │   │   │   └── rkyv feature "default"
│               │   │   │   │       ├── rkyv v0.8.18 (*)
│               │   │   │   │       ├── rkyv feature "bytecheck" (*)
│               │   │   │   │       └── rkyv feature "std"
│               │   │   │   │           ├── rkyv v0.8.18 (*)
│               │   │   │   │           ├── rkyv feature "alloc"
│               │   │   │   │           │   ├── rkyv v0.8.18 (*)
│               │   │   │   │           │   └── rancor feature "alloc"
│               │   │   │   │           │       └── rancor v0.1.3 (*)
│               │   │   │   │           └── ptr_meta feature "std"
│               │   │   │   │               └── ptr_meta v0.3.2 (*)
│               │   │   │   └── lindera-dictionary feature "mmap"
│               │   │   │       └── lindera-dictionary v5.3.0 (*)
│               │   │   └── lindera-ipadic feature "default"
│               │   │       └── lindera-ipadic v5.3.0
│               │   │           └── lindera-dictionary feature "default" (*)
│               │   │           [build-dependencies]
│               │   │           ├── lindera-dictionary feature "build_rs"
│               │   │           │   └── lindera-dictionary v5.3.0
│               │   │           │       ├── rand v0.10.2
│               │   │           │       │   └── rand_core v0.10.1
│               │   │           │       ├── anyhow feature "default" (*)
│               │   │           │       ├── log feature "default" (*)
│               │   │           │       ├── once_cell feature "default" (*)
│               │   │           │       ├── memchr feature "default" (*)
│               │   │           │       ├── thiserror feature "default" (*)
│               │   │           │       ├── strum feature "default" (*)
│               │   │           │       ├── strum feature "derive" (*)
│               │   │           │       ├── strum_macros feature "default" (*)
│               │   │           │       ├── byteorder feature "default" (*)
│               │   │           │       ├── crawdad feature "default" (*)
│               │   │           │       ├── csv feature "default" (*)
│               │   │           │       ├── daachorse feature "default" (*)
│               │   │           │       ├── encoding_rs feature "default" (*)
│               │   │           │       ├── encoding_rs_io feature "default" (*)
│               │   │           │       ├── glob feature "default" (*)
│               │   │           │       ├── memmap2 feature "default" (*)
│               │   │           │       ├── rayon feature "default" (*)
│               │   │           │       ├── rkyv feature "bytecheck" (*)
│               │   │           │       ├── rkyv feature "default" (*)
│               │   │           │       ├── flate2 feature "default"
│               │   │           │       │   ├── flate2 v1.1.10
│               │   │           │       │   │   ├── crc32fast v1.5.1
│               │   │           │       │   │   │   └── cfg-if feature "default" (*)
│               │   │           │       │   │   ├── miniz_oxide feature "default"
│               │   │           │       │   │   │   ├── miniz_oxide v0.9.1
│               │   │           │       │   │   │   │   ├── adler2 v2.0.1
│               │   │           │       │   │   │   │   └── simd-adler32 v0.3.10
│               │   │           │       │   │   │   └── miniz_oxide feature "with-alloc"
│               │   │           │       │   │   │       └── miniz_oxide v0.9.1 (*)
│               │   │           │       │   │   └── miniz_oxide feature "simd"
│               │   │           │       │   │       ├── miniz_oxide v0.9.1 (*)
│               │   │           │       │   │       └── miniz_oxide feature "simd-adler32"
│               │   │           │       │   │           └── miniz_oxide v0.9.1 (*)
│               │   │           │       │   ├── flate2 feature "runtime_detection"
│               │   │           │       │   │   ├── flate2 v1.1.10 (*)
│               │   │           │       │   │   └── crc32fast feature "std"
│               │   │           │       │   │       └── crc32fast v1.5.1 (*)
│               │   │           │       │   └── flate2 feature "rust_backend"
│               │   │           │       │       ├── flate2 v1.1.10 (*)
│               │   │           │       │       ├── flate2 feature "any_impl"
│               │   │           │       │       │   └── flate2 v1.1.10 (*)
│               │   │           │       │       └── flate2 feature "miniz_oxide"
│               │   │           │       │           ├── flate2 v1.1.10 (*)
│               │   │           │       │           └── flate2 feature "any_impl" (*)
│               │   │           │       ├── md5 feature "default"
│               │   │           │       │   ├── md5 v0.8.1
│               │   │           │       │   └── md5 feature "std"
│               │   │           │       │       └── md5 v0.8.1
│               │   │           │       ├── serde feature "default"
│               │   │           │       │   ├── serde v1.0.229
│               │   │           │       │   │   ├── serde_derive feature "default" (*)
│               │   │           │       │   │   └── serde_core feature "result"
│               │   │           │       │   │       └── serde_core v1.0.229
│               │   │           │       │   └── serde feature "std"
│               │   │           │       │       ├── serde v1.0.229 (*)
│               │   │           │       │       └── serde_core feature "std"
│               │   │           │       │           └── serde_core v1.0.229
│               │   │           │       ├── serde feature "derive"
│               │   │           │       │   ├── serde v1.0.229 (*)
│               │   │           │       │   └── serde feature "serde_derive"
│               │   │           │       │       └── serde v1.0.229 (*)
│               │   │           │       ├── serde_json feature "default"
│               │   │           │       │   ├── serde_json v1.0.151
│               │   │           │       │   │   ├── memchr v2.8.3
│               │   │           │       │   │   ├── serde_core v1.0.229
│               │   │           │       │   │   ├── itoa feature "default" (*)
│               │   │           │       │   │   └── zmij feature "default" (*)
│               │   │           │       │   └── serde_json feature "std"
│               │   │           │       │       ├── serde_json v1.0.151 (*)
│               │   │           │       │       ├── memchr feature "std" (*)
│               │   │           │       │       └── serde_core feature "std" (*)
│               │   │           │       ├── tar feature "default"
│               │   │           │       │   ├── tar v0.4.46
│               │   │           │       │   │   ├── libc feature "default" (*)
│               │   │           │       │   │   ├── filetime feature "default"
│               │   │           │       │   │   │   └── filetime v0.2.29
│               │   │           │       │   │   │       ├── libc feature "default" (*)
│               │   │           │       │   │   │       └── cfg-if feature "default" (*)
│               │   │           │       │   │   └── xattr feature "default"
│               │   │           │       │   │       ├── xattr v1.6.1
│               │   │           │       │   │       │   ├── rustix feature "fs" (*)
│               │   │           │       │   │       │   └── rustix feature "std" (*)
│               │   │           │       │   │       └── xattr feature "unsupported"
│               │   │           │       │   │           └── xattr v1.6.1 (*)
│               │   │           │       │   └── tar feature "xattr"
│               │   │           │       │       └── tar v0.4.46 (*)
│               │   │           │       └── ureq feature "rustls"
│               │   │           │           ├── ureq v3.4.0
│               │   │           │           │   ├── webpki-roots v1.0.9 (*)
│               │   │           │           │   ├── log feature "default" (*)
│               │   │           │           │   ├── percent-encoding feature "default" (*)
│               │   │           │           │   ├── rustls feature "logging" (*)
│               │   │           │           │   ├── rustls feature "std" (*)
│               │   │           │           │   ├── rustls feature "tls12" (*)
│               │   │           │           │   ├── rustls-pki-types feature "std" (*)
│               │   │           │           │   ├── base64 feature "std"
│               │   │           │           │   │   ├── base64 v0.23.1
│               │   │           │           │   │   └── base64 feature "alloc"
│               │   │           │           │   │       └── base64 v0.23.1
│               │   │           │           │   ├── ureq-proto feature "client"
│               │   │           │           │   │   └── ureq-proto v0.6.1
│               │   │           │           │   │       ├── httparse v1.10.1
│               │   │           │           │   │       ├── log feature "default" (*)
│               │   │           │           │   │       ├── base64 feature "std" (*)
│               │   │           │           │   │       └── http feature "std"
│               │   │           │           │   │           └── http v1.5.0
│               │   │           │           │   │               ├── bytes feature "default" (*)
│               │   │           │           │   │               └── itoa feature "default" (*)
│               │   │           │           │   └── utf8-zero feature "default"
│               │   │           │           │       ├── utf8-zero v0.8.1
│               │   │           │           │       └── utf8-zero feature "std"
│               │   │           │           │           └── utf8-zero v0.8.1
│               │   │           │           ├── ureq feature "_ring"
│               │   │           │           │   ├── ureq v3.4.0 (*)
│               │   │           │           │   └── rustls feature "ring" (*)
│               │   │           │           ├── ureq feature "rustls-no-provider"
│               │   │           │           │   ├── ureq v3.4.0 (*)
│               │   │           │           │   ├── ureq feature "_rustls"
│               │   │           │           │   │   └── ureq v3.4.0 (*)
│               │   │           │           │   └── ureq feature "_tls"
│               │   │           │           │       └── ureq v3.4.0 (*)
│               │   │           │           └── ureq feature "rustls-webpki-roots"
│               │   │           │               └── ureq v3.4.0 (*)
│               │   │           └── lindera-dictionary feature "default"
│               │   │               ├── lindera-dictionary v5.3.0 (*)
│               │   │               └── lindera-dictionary feature "mmap"
│               │   │                   └── lindera-dictionary v5.3.0 (*)
│               │   └── lindera feature "mmap"
│               │       ├── lindera v5.3.0 (*)
│               │       └── lindera-dictionary feature "mmap" (*)
│               ├── lindera feature "embed-ipadic"
│               │   ├── lindera v5.3.0 (*)
│               │   ├── lindera feature "lindera-ipadic"
│               │   │   └── lindera v5.3.0 (*)
│               │   └── lindera-ipadic feature "embed-ipadic"
│               │       └── lindera-ipadic v5.3.0 (*)
│               ├── lindera-tantivy feature "default"
│               │   └── lindera-tantivy v5.0.1
│               │       ├── lindera feature "default" (*)
│               │       ├── lindera-analysis feature "default"
│               │       │   └── lindera-analysis v5.3.0
│               │       │       ├── anyhow feature "default" (*)
│               │       │       ├── serde_json feature "default" (*)
│               │       │       ├── serde feature "default" (*)
│               │       │       ├── serde feature "derive" (*)
│               │       │       ├── regex feature "default" (*)
│               │       │       ├── lindera feature "default" (*)
│               │       │       ├── daachorse feature "default" (*)
│               │       │       ├── kanaria feature "default"
│               │       │       │   └── kanaria v0.2.0
│               │       │       │       └── bitflags feature "default"
│               │       │       │           └── bitflags v1.3.2
│               │       │       ├── serde_yaml_ng feature "default"
│               │       │       │   └── serde_yaml_ng v0.10.0
│               │       │       │       ├── itoa feature "default" (*)
│               │       │       │       ├── indexmap feature "default" (*)
│               │       │       │       ├── ryu feature "default" (*)
│               │       │       │       ├── serde feature "default" (*)
│               │       │       │       └── unsafe-libyaml feature "default"
│               │       │       │           └── unsafe-libyaml v0.2.11
│               │       │       ├── unicode-blocks feature "default"
│               │       │       │   └── unicode-blocks v0.1.10
│               │       │       ├── unicode-normalization feature "default"
│               │       │       │   ├── unicode-normalization v0.1.25
│               │       │       │   │   ├── tinyvec feature "alloc"
│               │       │       │   │   │   ├── tinyvec v1.13.2
│               │       │       │   │   │   │   └── tinyvec_macros feature "default"
│               │       │       │   │   │   │       └── tinyvec_macros v0.1.1
│               │       │       │   │   │   └── tinyvec feature "tinyvec_macros"
│               │       │       │   │   │       └── tinyvec v1.13.2 (*)
│               │       │       │   │   └── tinyvec feature "default"
│               │       │       │   │       └── tinyvec v1.13.2 (*)
│               │       │       │   └── unicode-normalization feature "std"
│               │       │       │       └── unicode-normalization v0.1.25 (*)
│               │       │       └── unicode-segmentation feature "default"
│               │       │           └── unicode-segmentation v1.13.3
│               │       ├── tantivy feature "default"
│               │       │   ├── tantivy v0.26.1
│               │       │   │   ├── lz4_flex v0.13.1
│               │       │   │   ├── log feature "default" (*)
│               │       │   │   ├── once_cell feature "default" (*)
│               │       │   │   ├── fnv feature "default" (*)
│               │       │   │   ├── smallvec feature "default" (*)
│               │       │   │   ├── base64 feature "default" (*)
│               │       │   │   ├── serde_json feature "default" (*)
│               │       │   │   ├── serde feature "default" (*)
│               │       │   │   ├── serde feature "derive" (*)
│               │       │   │   ├── thiserror feature "default" (*)
│               │       │   │   ├── time feature "default" (*)
│               │       │   │   ├── time feature "serde-well-known"
│               │       │   │   │   ├── time v0.3.55 (*)
│               │       │   │   │   ├── time feature "formatting" (*)
│               │       │   │   │   ├── time feature "parsing" (*)
│               │       │   │   │   └── time feature "serde"
│               │       │   │   │       ├── time v0.3.55 (*)
│               │       │   │   │       ├── deranged feature "serde"
│               │       │   │   │       │   └── deranged v0.5.8 (*)
│               │       │   │   │       └── time-macros feature "serde"
│               │       │   │   │           └── time-macros v0.2.32 (proc-macro) (*)
│               │       │   │   ├── uuid feature "default" (*)
│               │       │   │   ├── uuid feature "serde" (*)
│               │       │   │   ├── uuid feature "v4" (*)
│               │       │   │   ├── tempfile feature "default" (*)
│               │       │   │   ├── itertools feature "default" (*)
│               │       │   │   ├── arc-swap feature "default" (*)
│               │       │   │   ├── aho-corasick feature "default"
│               │       │   │   │   ├── aho-corasick v1.1.5 (*)
│               │       │   │   │   ├── aho-corasick feature "perf-literal" (*)
│               │       │   │   │   └── aho-corasick feature "std" (*)
│               │       │   │   ├── regex feature "std" (*)
│               │       │   │   ├── regex feature "unicode" (*)
│               │       │   │   ├── levenshtein_automata feature "default" (*)
│               │       │   │   ├── byteorder feature "default" (*)
│               │       │   │   ├── memmap2 feature "default" (*)
│               │       │   │   ├── rayon feature "default" (*)
│               │       │   │   ├── bitpacking feature "bitpacker4x"
│               │       │   │   │   └── bitpacking v0.9.3
│               │       │   │   │       └── crunchy feature "default"
│               │       │   │   │           ├── crunchy v0.2.4
│               │       │   │   │           └── crunchy feature "limit_128"
│               │       │   │   │               └── crunchy v0.2.4
│               │       │   │   ├── bon feature "default"
│               │       │   │   │   ├── bon v3.10.0
│               │       │   │   │   │   └── bon-macros feature "default"
│               │       │   │   │   │       └── bon-macros v3.10.0 (proc-macro)
│               │       │   │   │   │           ├── proc-macro2 feature "default" (*)
│               │       │   │   │   │           ├── quote feature "default" (*)
│               │       │   │   │   │           ├── syn feature "default" (*)
│               │       │   │   │   │           ├── syn feature "full" (*)
│               │       │   │   │   │           ├── syn feature "visit"
│               │       │   │   │   │           │   └── syn v3.0.5 (*)
│               │       │   │   │   │           ├── syn feature "visit-mut" (*)
│               │       │   │   │   │           ├── darling feature "default"
│               │       │   │   │   │           │   ├── darling v0.24.1
│               │       │   │   │   │           │   │   ├── darling_core feature "default"
│               │       │   │   │   │           │   │   │   └── darling_core v0.24.1
│               │       │   │   │   │           │   │   │       ├── proc-macro2 feature "default" (*)
│               │       │   │   │   │           │   │   │       ├── quote feature "default" (*)
│               │       │   │   │   │           │   │   │       ├── syn feature "default" (*)
│               │       │   │   │   │           │   │   │       ├── syn feature "extra-traits" (*)
│               │       │   │   │   │           │   │   │       ├── syn feature "full" (*)
│               │       │   │   │   │           │   │   │       ├── strsim feature "default" (*)
│               │       │   │   │   │           │   │   │       └── ident_case feature "default"
│               │       │   │   │   │           │   │   │           └── ident_case v1.0.1
│               │       │   │   │   │           │   │   └── darling_macro feature "default"
│               │       │   │   │   │           │   │       └── darling_macro v0.24.1 (proc-macro)
│               │       │   │   │   │           │   │           ├── quote feature "default" (*)
│               │       │   │   │   │           │   │           ├── syn feature "default" (*)
│               │       │   │   │   │           │   │           └── darling_core feature "default" (*)
│               │       │   │   │   │           │   └── darling feature "suggestions"
│               │       │   │   │   │           │       ├── darling v0.24.1 (*)
│               │       │   │   │   │           │       └── darling_core feature "suggestions"
│               │       │   │   │   │           │           ├── darling_core v0.24.1 (*)
│               │       │   │   │   │           │           └── darling_core feature "strsim"
│               │       │   │   │   │           │               └── darling_core v0.24.1 (*)
│               │       │   │   │   │           ├── ident_case feature "default" (*)
│               │       │   │   │   │           └── prettyplease feature "default"
│               │       │   │   │   │               └── prettyplease v0.3.0
│               │       │   │   │   │                   ├── proc-macro2 v1.0.107 (*)
│               │       │   │   │   │                   └── syn feature "full" (*)
│               │       │   │   │   └── bon feature "std"
│               │       │   │   │       ├── bon v3.10.0 (*)
│               │       │   │   │       ├── bon feature "alloc"
│               │       │   │   │       │   ├── bon v3.10.0 (*)
│               │       │   │   │       │   └── bon-macros feature "alloc"
│               │       │   │   │       │       └── bon-macros v3.10.0 (proc-macro) (*)
│               │       │   │   │       └── bon-macros feature "std"
│               │       │   │   │           └── bon-macros v3.10.0 (proc-macro) (*)
│               │       │   │   ├── census feature "default"
│               │       │   │   │   └── census v0.4.2
│               │       │   │   ├── crc32fast feature "default"
│               │       │   │   │   ├── crc32fast v1.5.1
│               │       │   │   │   │   └── cfg-if feature "default" (*)
│               │       │   │   │   └── crc32fast feature "std"
│               │       │   │   │       └── crc32fast v1.5.1 (*)
│               │       │   │   ├── crossbeam-channel feature "default"
│               │       │   │   │   ├── crossbeam-channel v0.5.16
│               │       │   │   │   │   └── crossbeam-utils v0.8.22
│               │       │   │   │   └── crossbeam-channel feature "std"
│               │       │   │   │       ├── crossbeam-channel v0.5.16 (*)
│               │       │   │   │       └── crossbeam-utils feature "std" (*)
│               │       │   │   ├── datasketches feature "default"
│               │       │   │   │   └── datasketches v0.2.0
│               │       │   │   ├── downcast-rs feature "default"
│               │       │   │   │   ├── downcast-rs v2.0.2
│               │       │   │   │   ├── downcast-rs feature "std"
│               │       │   │   │   │   └── downcast-rs v2.0.2
│               │       │   │   │   └── downcast-rs feature "sync"
│               │       │   │   │       └── downcast-rs v2.0.2
│               │       │   │   ├── fastdivide feature "default"
│               │       │   │   │   └── fastdivide v0.4.2
│               │       │   │   ├── fs4 feature "default"
│               │       │   │   │   ├── fs4 v0.13.1
│               │       │   │   │   │   ├── rustix feature "default" (*)
│               │       │   │   │   │   └── rustix feature "fs" (*)
│               │       │   │   │   └── fs4 feature "sync"
│               │       │   │   │       └── fs4 v0.13.1 (*)
│               │       │   │   ├── htmlescape feature "default"
│               │       │   │   │   └── htmlescape v0.3.1
│               │       │   │   ├── lru feature "default"
│               │       │   │   │   ├── lru v0.16.4 (/workspace/vendor/lru-0.16.4)
│               │       │   │   │   │   └── hashbrown feature "default"
│               │       │   │   │   │       ├── hashbrown v0.16.1
│               │       │   │   │   │       │   ├── equivalent v1.0.2
│               │       │   │   │   │       │   ├── foldhash v0.2.0
│               │       │   │   │   │       │   └── allocator-api2 feature "alloc" (*)
│               │       │   │   │   │       ├── hashbrown feature "allocator-api2"
│               │       │   │   │   │       │   └── hashbrown v0.16.1 (*)
│               │       │   │   │   │       ├── hashbrown feature "default-hasher"
│               │       │   │   │   │       │   └── hashbrown v0.16.1 (*)
│               │       │   │   │   │       ├── hashbrown feature "equivalent"
│               │       │   │   │   │       │   └── hashbrown v0.16.1 (*)
│               │       │   │   │   │       ├── hashbrown feature "inline-more"
│               │       │   │   │   │       │   └── hashbrown v0.16.1 (*)
│               │       │   │   │   │       └── hashbrown feature "raw-entry"
│               │       │   │   │   │           └── hashbrown v0.16.1 (*)
│               │       │   │   │   └── lru feature "hashbrown"
│               │       │   │   │       └── lru v0.16.4 (/workspace/vendor/lru-0.16.4) (*)
│               │       │   │   ├── measure_time feature "default"
│               │       │   │   │   └── measure_time v0.9.0
│               │       │   │   │       └── log feature "default" (*)
│               │       │   │   ├── oneshot feature "default"
│               │       │   │   │   ├── oneshot v0.1.13
│               │       │   │   │   ├── oneshot feature "async"
│               │       │   │   │   │   └── oneshot v0.1.13
│               │       │   │   │   └── oneshot feature "std"
│               │       │   │   │       └── oneshot v0.1.13
│               │       │   │   ├── rust-stemmers feature "default"
│               │       │   │   │   └── rust-stemmers v1.2.0
│               │       │   │   │       ├── serde feature "default" (*)
│               │       │   │   │       └── serde_derive feature "default" (*)
│               │       │   │   ├── rustc-hash feature "default"
│               │       │   │   │   ├── rustc-hash v2.1.3
│               │       │   │   │   └── rustc-hash feature "std"
│               │       │   │   │       └── rustc-hash v2.1.3
│               │       │   │   ├── sketches-ddsketch feature "default"
│               │       │   │   │   └── sketches-ddsketch v0.4.1
│               │       │   │   │       ├── serde feature "default" (*)
│               │       │   │   │       ├── serde feature "derive" (*)
│               │       │   │   │       └── serde feature "serde_derive" (*)
│               │       │   │   ├── sketches-ddsketch feature "use_serde"
│               │       │   │   │   ├── sketches-ddsketch v0.4.1 (*)
│               │       │   │   │   ├── serde feature "derive" (*)
│               │       │   │   │   └── sketches-ddsketch feature "serde"
│               │       │   │   │       └── sketches-ddsketch v0.4.1 (*)
│               │       │   │   ├── tantivy-bitpacker feature "default"
│               │       │   │   │   └── tantivy-bitpacker v0.10.0
│               │       │   │   │       └── bitpacking feature "bitpacker1x"
│               │       │   │   │           └── bitpacking v0.9.3 (*)
│               │       │   │   ├── tantivy-columnar feature "default"
│               │       │   │   │   └── tantivy-columnar v0.7.0
│               │       │   │   │       ├── serde feature "default" (*)
│               │       │   │   │       ├── itertools feature "default" (*)
│               │       │   │   │       ├── downcast-rs feature "default" (*)
│               │       │   │   │       ├── fastdivide feature "default" (*)
│               │       │   │   │       ├── tantivy-bitpacker feature "default" (*)
│               │       │   │   │       ├── tantivy-common feature "default"
│               │       │   │   │       │   └── tantivy-common v0.11.0
│               │       │   │   │       │       ├── async-trait feature "default" (*)
│               │       │   │   │       │       ├── serde feature "default" (*)
│               │       │   │   │       │       ├── serde feature "derive" (*)
│               │       │   │   │       │       ├── time feature "default" (*)
│               │       │   │   │       │       ├── time feature "serde-well-known" (*)
│               │       │   │   │       │       ├── byteorder feature "default" (*)
│               │       │   │   │       │       └── ownedbytes feature "default"
│               │       │   │   │       │           └── ownedbytes v0.9.0
│               │       │   │   │       │               └── stable_deref_trait feature "default"
│               │       │   │   │       │                   ├── stable_deref_trait v1.2.1
│               │       │   │   │       │                   └── stable_deref_trait feature "std"
│               │       │   │   │       │                       ├── stable_deref_trait v1.2.1
│               │       │   │   │       │                       └── stable_deref_trait feature "alloc"
│               │       │   │   │       │                           └── stable_deref_trait v1.2.1
│               │       │   │   │       ├── tantivy-sstable feature "default"
│               │       │   │   │       │   └── tantivy-sstable v0.7.0
│               │       │   │   │       │       ├── futures-util feature "default"
│               │       │   │   │       │       │   ├── futures-util v0.3.34 (*)
│               │       │   │   │       │       │   ├── futures-util feature "async-await" (*)
│               │       │   │   │       │       │   ├── futures-util feature "async-await-macro" (*)
│               │       │   │   │       │       │   └── futures-util feature "std" (*)
│               │       │   │   │       │       ├── itertools feature "default" (*)
│               │       │   │   │       │       ├── tantivy-bitpacker feature "default" (*)
│               │       │   │   │       │       ├── tantivy-common feature "default" (*)
│               │       │   │   │       │       ├── tantivy-fst feature "default"
│               │       │   │   │       │       │   ├── tantivy-fst v0.5.0
│               │       │   │   │       │       │   │   ├── regex-syntax feature "default" (*)
│               │       │   │   │       │       │   │   ├── byteorder feature "default" (*)
│               │       │   │   │       │       │   │   └── utf8-ranges feature "default"
│               │       │   │   │       │       │   │       └── utf8-ranges v1.0.5
│               │       │   │   │       │       │   └── tantivy-fst feature "regex"
│               │       │   │   │       │       │       ├── tantivy-fst v0.5.0 (*)
│               │       │   │   │       │       │       └── tantivy-fst feature "regex-syntax"
│               │       │   │   │       │       │           └── tantivy-fst v0.5.0 (*)
│               │       │   │   │       │       ├── zstd feature "default"
│               │       │   │   │       │       │   ├── zstd v0.13.3
│               │       │   │   │       │       │   │   └── zstd-safe feature "std"
│               │       │   │   │       │       │   │       ├── zstd-safe v7.3.0
│               │       │   │   │       │       │   │       │   └── zstd-sys v2.1.0+zstd.1.5.7
│               │       │   │   │       │       │   │       │       [build-dependencies]
│               │       │   │   │       │       │   │       │       ├── cc feature "default"
│               │       │   │   │       │       │   │       │       │   └── cc v1.4.5 (*)
│               │       │   │   │       │       │   │       │       ├── cc feature "parallel"
│               │       │   │   │       │       │   │       │       │   └── cc v1.4.5 (*)
│               │       │   │   │       │       │   │       │       └── pkg-config feature "default"
│               │       │   │   │       │       │   │       │           └── pkg-config v0.3.34
│               │       │   │   │       │       │   │       └── zstd-sys feature "std"
│               │       │   │   │       │       │   │           └── zstd-sys v2.1.0+zstd.1.5.7 (*)
│               │       │   │   │       │       │   ├── zstd feature "arrays"
│               │       │   │   │       │       │   │   ├── zstd v0.13.3 (*)
│               │       │   │   │       │       │   │   └── zstd-safe feature "arrays"
│               │       │   │   │       │       │   │       └── zstd-safe v7.3.0 (*)
│               │       │   │   │       │       │   ├── zstd feature "legacy"
│               │       │   │   │       │       │   │   ├── zstd v0.13.3 (*)
│               │       │   │   │       │       │   │   └── zstd-safe feature "legacy"
│               │       │   │   │       │       │   │       ├── zstd-safe v7.3.0 (*)
│               │       │   │   │       │       │   │       └── zstd-sys feature "legacy"
│               │       │   │   │       │       │   │           └── zstd-sys v2.1.0+zstd.1.5.7 (*)
│               │       │   │   │       │       │   └── zstd feature "zdict_builder"
│               │       │   │   │       │       │       ├── zstd v0.13.3 (*)
│               │       │   │   │       │       │       └── zstd-safe feature "zdict_builder"
│               │       │   │   │       │       │           ├── zstd-safe v7.3.0 (*)
│               │       │   │   │       │       │           └── zstd-sys feature "zdict_builder"
│               │       │   │   │       │       │               └── zstd-sys v2.1.0+zstd.1.5.7 (*)
│               │       │   │   │       │       └── zstd feature "experimental"
│               │       │   │   │       │           ├── zstd v0.13.3 (*)
│               │       │   │   │       │           └── zstd-safe feature "experimental"
│               │       │   │   │       │               ├── zstd-safe v7.3.0 (*)
│               │       │   │   │       │               └── zstd-sys feature "experimental"
│               │       │   │   │       │                   └── zstd-sys v2.1.0+zstd.1.5.7 (*)
│               │       │   │   │       └── tantivy-stacker feature "default"
│               │       │   │   │           └── tantivy-stacker v0.7.0
│               │       │   │   │               ├── tantivy-common feature "default" (*)
│               │       │   │   │               └── murmurhash32 feature "default"
│               │       │   │   │                   └── murmurhash32 v0.3.1
│               │       │   │   ├── tantivy-common feature "default" (*)
│               │       │   │   ├── tantivy-fst feature "default" (*)
│               │       │   │   ├── tantivy-stacker feature "default" (*)
│               │       │   │   ├── tantivy-query-grammar feature "default"
│               │       │   │   │   └── tantivy-query-grammar v0.26.0
│               │       │   │   │       ├── fnv feature "default" (*)
│               │       │   │   │       ├── serde_json feature "default" (*)
│               │       │   │   │       ├── serde feature "default" (*)
│               │       │   │   │       ├── serde feature "derive" (*)
│               │       │   │   │       ├── nom feature "default"
│               │       │   │   │       │   ├── nom v7.1.3
│               │       │   │   │       │   │   ├── memchr v2.8.3
│               │       │   │   │       │   │   └── minimal-lexical v0.2.1
│               │       │   │   │       │   └── nom feature "std"
│               │       │   │   │       │       ├── nom v7.1.3 (*)
│               │       │   │   │       │       ├── memchr feature "std" (*)
│               │       │   │   │       │       ├── nom feature "alloc"
│               │       │   │   │       │       │   └── nom v7.1.3 (*)
│               │       │   │   │       │       └── minimal-lexical feature "std"
│               │       │   │   │       │           └── minimal-lexical v0.2.1
│               │       │   │   │       └── ordered-float feature "default"
│               │       │   │   │           ├── ordered-float v5.5.0
│               │       │   │   │           │   └── num-traits v0.2.19 (*)
│               │       │   │   │           └── ordered-float feature "std"
│               │       │   │   │               ├── ordered-float v5.5.0 (*)
│               │       │   │   │               └── num-traits feature "std" (*)
│               │       │   │   ├── tantivy-tokenizer-api feature "default"
│               │       │   │   │   └── tantivy-tokenizer-api v0.7.0
│               │       │   │   │       ├── serde feature "default" (*)
│               │       │   │   │       └── serde feature "derive" (*)
│               │       │   │   └── typetag feature "default"
│               │       │   │       └── typetag v0.2.23
│               │       │   │           ├── once_cell feature "alloc" (*)
│               │       │   │           ├── serde feature "alloc" (*)
│               │       │   │           ├── serde feature "derive" (*)
│               │       │   │           ├── erased-serde feature "alloc"
│               │       │   │           │   ├── erased-serde v0.4.10
│               │       │   │           │   │   ├── serde_core v1.0.229
│               │       │   │           │   │   └── typeid feature "default"
│               │       │   │           │   │       └── typeid v1.0.3
│               │       │   │           │   └── serde_core feature "alloc" (*)
│               │       │   │           ├── inventory feature "default"
│               │       │   │           │   └── inventory v0.3.24
│               │       │   │           └── typetag-impl feature "default"
│               │       │   │               └── typetag-impl v0.2.23 (proc-macro)
│               │       │   │                   ├── proc-macro2 feature "default" (*)
│               │       │   │                   ├── quote feature "default" (*)
│               │       │   │                   ├── syn feature "default" (*)
│               │       │   │                   └── syn feature "full" (*)
│               │       │   ├── tantivy feature "columnar-zstd-compression"
│               │       │   │   ├── tantivy v0.26.1 (*)
│               │       │   │   └── tantivy-columnar feature "zstd-compression"
│               │       │   │       ├── tantivy-columnar v0.7.0 (*)
│               │       │   │       └── tantivy-sstable feature "zstd-compression"
│               │       │   │           ├── tantivy-sstable v0.7.0 (*)
│               │       │   │           └── tantivy-sstable feature "zstd"
│               │       │   │               └── tantivy-sstable v0.7.0 (*)
│               │       │   ├── tantivy feature "lz4-compression"
│               │       │   │   ├── tantivy v0.26.1 (*)
│               │       │   │   └── tantivy feature "lz4_flex"
│               │       │   │       └── tantivy v0.26.1 (*)
│               │       │   ├── tantivy feature "mmap"
│               │       │   │   ├── tantivy v0.26.1 (*)
│               │       │   │   ├── tantivy feature "fs4"
│               │       │   │   │   └── tantivy v0.26.1 (*)
│               │       │   │   ├── tantivy feature "memmap2"
│               │       │   │   │   └── tantivy v0.26.1 (*)
│               │       │   │   └── tantivy feature "tempfile"
│               │       │   │       └── tantivy v0.26.1 (*)
│               │       │   ├── tantivy feature "stemmer"
│               │       │   │   ├── tantivy v0.26.1 (*)
│               │       │   │   └── tantivy feature "rust-stemmers"
│               │       │   │       └── tantivy v0.26.1 (*)
│               │       │   └── tantivy feature "stopwords"
│               │       │       └── tantivy v0.26.1 (*)
│               │       └── tantivy-tokenizer-api feature "default" (*)
│               ├── lindera-tantivy feature "embed-ipadic"
│               │   ├── lindera-tantivy v5.0.1 (*)
│               │   └── lindera feature "embed-ipadic" (*)
│               ├── unicode-normalization feature "default" (*)
│               ├── tantivy feature "lz4-compression" (*)
│               └── tantivy-fst feature "default" (*)
├── rcgen feature "default"
│   ├── rcgen v0.14.10
│   │   ├── time v0.3.55 (*)
│   │   ├── ring feature "default" (*)
│   │   ├── rustls-pki-types feature "default" (*)
│   │   ├── pem feature "default"
│   │   │   ├── pem v4.0.0
│   │   │   │   └── base64 feature "alloc"
│   │   │   │       └── base64 v0.23.1
│   │   │   └── pem feature "std"
│   │   │       ├── pem v4.0.0 (*)
│   │   │       └── base64 feature "std"
│   │   │           ├── base64 v0.23.1
│   │   │           └── base64 feature "alloc" (*)
│   │   ├── x509-parser feature "default"
│   │   │   └── x509-parser v0.18.1
│   │   │       ├── ring feature "default" (*)
│   │   │       ├── thiserror feature "default" (*)
│   │   │       ├── time feature "default" (*)
│   │   │       ├── time feature "formatting" (*)
│   │   │       ├── data-encoding feature "default" (*)
│   │   │       ├── nom feature "default" (*)
│   │   │       ├── asn1-rs feature "datetime"
│   │   │       │   ├── asn1-rs v0.7.2
│   │   │       │   │   ├── num-traits feature "default" (*)
│   │   │       │   │   ├── thiserror feature "default" (*)
│   │   │       │   │   ├── time feature "default" (*)
│   │   │       │   │   ├── time feature "formatting" (*)
│   │   │       │   │   ├── time feature "macros" (*)
│   │   │       │   │   ├── time feature "parsing" (*)
│   │   │       │   │   ├── displaydoc feature "default"
│   │   │       │   │   │   ├── displaydoc v0.2.7 (proc-macro) (*)
│   │   │       │   │   │   └── displaydoc feature "std"
│   │   │       │   │   │       └── displaydoc v0.2.7 (proc-macro) (*)
│   │   │       │   │   ├── nom feature "std" (*)
│   │   │       │   │   ├── asn1-rs-derive feature "default"
│   │   │       │   │   │   └── asn1-rs-derive v0.6.0 (proc-macro)
│   │   │       │   │   │       ├── proc-macro2 feature "default" (*)
│   │   │       │   │   │       ├── quote feature "default" (*)
│   │   │       │   │   │       ├── syn feature "default" (*)
│   │   │       │   │   │       ├── syn feature "full" (*)
│   │   │       │   │   │       └── synstructure feature "default" (*)
│   │   │       │   │   ├── asn1-rs-impl feature "default"
│   │   │       │   │   │   └── asn1-rs-impl v0.2.0 (proc-macro)
│   │   │       │   │   │       ├── proc-macro2 feature "default" (*)
│   │   │       │   │   │       ├── quote feature "default" (*)
│   │   │       │   │   │       └── syn feature "default" (*)
│   │   │       │   │   └── rusticata-macros feature "default"
│   │   │       │   │       └── rusticata-macros v4.1.0
│   │   │       │   │           └── nom feature "std" (*)
│   │   │       │   └── asn1-rs feature "time"
│   │   │       │       └── asn1-rs v0.7.2 (*)
│   │   │       ├── asn1-rs feature "default"
│   │   │       │   ├── asn1-rs v0.7.2 (*)
│   │   │       │   └── asn1-rs feature "std"
│   │   │       │       └── asn1-rs v0.7.2 (*)
│   │   │       ├── rusticata-macros feature "default" (*)
│   │   │       ├── der-parser feature "bigint"
│   │   │       │   ├── der-parser v10.0.0
│   │   │       │   │   ├── displaydoc v0.2.7 (proc-macro) (*)
│   │   │       │   │   ├── num-bigint feature "default" (*)
│   │   │       │   │   ├── num-traits feature "default" (*)
│   │   │       │   │   ├── nom feature "default" (*)
│   │   │       │   │   ├── asn1-rs feature "default" (*)
│   │   │       │   │   └── rusticata-macros feature "default" (*)
│   │   │       │   └── der-parser feature "num-bigint"
│   │   │       │       └── der-parser v10.0.0 (*)
│   │   │       ├── der-parser feature "default"
│   │   │       │   ├── der-parser v10.0.0 (*)
│   │   │       │   └── der-parser feature "std"
│   │   │       │       └── der-parser v10.0.0 (*)
│   │   │       ├── lazy_static feature "default"
│   │   │       │   └── lazy_static v1.5.0
│   │   │       ├── oid-registry feature "crypto"
│   │   │       │   ├── oid-registry v0.8.1
│   │   │       │   │   └── asn1-rs feature "default" (*)
│   │   │       │   ├── oid-registry feature "kdf"
│   │   │       │   │   └── oid-registry v0.8.1 (*)
│   │   │       │   ├── oid-registry feature "nist_algs"
│   │   │       │   │   └── oid-registry v0.8.1 (*)
│   │   │       │   ├── oid-registry feature "pkcs1"
│   │   │       │   │   └── oid-registry v0.8.1 (*)
│   │   │       │   ├── oid-registry feature "pkcs12"
│   │   │       │   │   └── oid-registry v0.8.1 (*)
│   │   │       │   ├── oid-registry feature "pkcs7"
│   │   │       │   │   └── oid-registry v0.8.1 (*)
│   │   │       │   ├── oid-registry feature "pkcs9"
│   │   │       │   │   └── oid-registry v0.8.1 (*)
│   │   │       │   └── oid-registry feature "x962"
│   │   │       │       └── oid-registry v0.8.1 (*)
│   │   │       ├── oid-registry feature "default"
│   │   │       │   ├── oid-registry v0.8.1 (*)
│   │   │       │   └── oid-registry feature "registry"
│   │   │       │       └── oid-registry v0.8.1 (*)
│   │   │       ├── oid-registry feature "x509"
│   │   │       │   └── oid-registry v0.8.1 (*)
│   │   │       └── oid-registry feature "x962" (*)
│   │   ├── yasna feature "default"
│   │   │   └── yasna v0.6.0
│   │   │       └── time v0.3.55 (*)
│   │   ├── yasna feature "std"
│   │   │   ├── yasna v0.6.0 (*)
│   │   │   └── time feature "std" (*)
│   │   └── yasna feature "time"
│   │       └── yasna v0.6.0 (*)
│   ├── rcgen feature "crypto"
│   │   └── rcgen v0.14.10 (*)
│   ├── rcgen feature "pem"
│   │   └── rcgen v0.14.10 (*)
│   └── rcgen feature "ring"
│       ├── rcgen v0.14.10 (*)
│       ├── rcgen feature "crypto" (*)
│       └── x509-parser feature "verify"
│           ├── x509-parser v0.18.1 (*)
│           └── x509-parser feature "ring"
│               └── x509-parser v0.18.1 (*)
├── rcgen feature "x509-parser"
│   └── rcgen v0.14.10 (*)
├── rmcp feature "default"
│   ├── rmcp v3.2.0
│   │   ├── async-trait feature "default" (*)
│   │   ├── bytes feature "default" (*)
│   │   ├── http feature "default" (*)
│   │   ├── http-body feature "default" (*)
│   │   ├── http-body-util feature "default" (*)
│   │   ├── pin-project-lite feature "default" (*)
│   │   ├── tower-service feature "default" (*)
│   │   ├── tracing feature "default" (*)
│   │   ├── indexmap feature "default" (*)
│   │   ├── indexmap feature "serde"
│   │   │   └── indexmap v2.14.1 (*)
│   │   ├── tokio feature "default" (*)
│   │   ├── tokio feature "macros" (*)
│   │   ├── tokio feature "rt" (*)
│   │   ├── tokio feature "sync" (*)
│   │   ├── tokio feature "time" (*)
│   │   ├── tokio-util feature "default" (*)
│   │   ├── serde_json feature "default" (*)
│   │   ├── serde feature "default" (*)
│   │   ├── serde feature "derive" (*)
│   │   ├── serde feature "rc" (*)
│   │   ├── thiserror feature "default" (*)
│   │   ├── uuid feature "default" (*)
│   │   ├── uuid feature "v4" (*)
│   │   ├── tokio-stream feature "default"
│   │   │   ├── tokio-stream v0.1.19 (*)
│   │   │   └── tokio-stream feature "time"
│   │   │       ├── tokio-stream v0.1.19 (*)
│   │   │       └── tokio feature "time" (*)
│   │   ├── chrono feature "now" (*)
│   │   ├── chrono feature "serde"
│   │   │   └── chrono v0.4.45 (*)
│   │   ├── futures feature "default" (*)
│   │   ├── base64 feature "default"
│   │   │   ├── base64 v0.23.1
│   │   │   ├── base64 feature "simd-unsafe"
│   │   │   │   └── base64 v0.23.1
│   │   │   └── base64 feature "std" (*)
│   │   ├── pastey feature "default"
│   │   │   └── pastey v0.2.3 (proc-macro)
│   │   ├── rand feature "default"
│   │   │   ├── rand v0.10.2
│   │   │   │   ├── rand_core v0.10.1
│   │   │   │   ├── getrandom feature "default" (*)
│   │   │   │   └── chacha20 feature "rng"
│   │   │   │       └── chacha20 v0.10.2
│   │   │   │           ├── rand_core v0.10.1
│   │   │   │           └── cfg-if feature "default" (*)
│   │   │   ├── rand feature "std"
│   │   │   │   ├── rand v0.10.2 (*)
│   │   │   │   ├── getrandom feature "std"
│   │   │   │   │   └── getrandom v0.4.3 (*)
│   │   │   │   └── rand feature "alloc"
│   │   │   │       └── rand v0.10.2 (*)
│   │   │   ├── rand feature "std_rng"
│   │   │   │   └── rand v0.10.2 (*)
│   │   │   ├── rand feature "sys_rng"
│   │   │   │   ├── rand v0.10.2 (*)
│   │   │   │   ├── getrandom feature "sys_rng"
│   │   │   │   │   └── getrandom v0.4.3 (*)
│   │   │   │   └── rand feature "getrandom"
│   │   │   │       └── rand v0.10.2 (*)
│   │   │   └── rand feature "thread_rng"
│   │   │       ├── rand v0.10.2 (*)
│   │   │       ├── rand feature "std" (*)
│   │   │       ├── rand feature "std_rng" (*)
│   │   │       └── rand feature "sys_rng" (*)
│   │   ├── rmcp-macros feature "default"
│   │   │   └── rmcp-macros v3.2.0 (proc-macro)
│   │   │       ├── proc-macro2 feature "default" (*)
│   │   │       ├── quote feature "default" (*)
│   │   │       ├── syn feature "default" (*)
│   │   │       ├── syn feature "full" (*)
│   │   │       ├── serde_json feature "default" (*)
│   │   │       └── darling feature "default" (*)
│   │   ├── schemars feature "chrono04"
│   │   │   └── schemars v1.2.2
│   │   │       ├── chrono v0.4.45 (*)
│   │   │       ├── serde_json feature "alloc"
│   │   │       │   ├── serde_json v1.0.151 (*)
│   │   │       │   └── serde_core feature "alloc" (*)
│   │   │       ├── serde feature "alloc" (*)
│   │   │       ├── ref-cast feature "default" (*)
│   │   │       ├── dyn-clone feature "default"
│   │   │       │   └── dyn-clone v1.0.20
│   │   │       └── schemars_derive feature "default"
│   │   │           └── schemars_derive v1.2.2 (proc-macro)
│   │   │               ├── proc-macro2 feature "default" (*)
│   │   │               ├── quote feature "default" (*)
│   │   │               ├── syn feature "default" (*)
│   │   │               └── serde_derive_internals feature "default"
│   │   │                   └── serde_derive_internals v0.30.0
│   │   │                       ├── proc-macro2 v1.0.107 (*)
│   │   │                       ├── quote v1.0.47 (*)
│   │   │                       ├── syn feature "clone-impls" (*)
│   │   │                       ├── syn feature "derive" (*)
│   │   │                       ├── syn feature "parsing" (*)
│   │   │                       └── syn feature "printing" (*)
│   │   ├── schemars feature "default"
│   │   │   ├── schemars v1.2.2 (*)
│   │   │   ├── schemars feature "derive"
│   │   │   │   ├── schemars v1.2.2 (*)
│   │   │   │   └── schemars feature "schemars_derive"
│   │   │   │       └── schemars v1.2.2 (*)
│   │   │   └── schemars feature "std"
│   │   │       └── schemars v1.2.2 (*)
│   │   └── sse-stream feature "default"
│   │       └── sse-stream v0.2.6
│   │           ├── bytes feature "default" (*)
│   │           ├── http-body feature "default" (*)
│   │           ├── http-body-util feature "default" (*)
│   │           ├── pin-project-lite feature "default" (*)
│   │           └── futures-util feature "default" (*)
│   ├── rmcp feature "base64"
│   │   └── rmcp v3.2.0 (*)
│   ├── rmcp feature "macros"
│   │   └── rmcp v3.2.0 (*)
│   └── rmcp feature "server"
│       ├── rmcp v3.2.0 (*)
│       ├── rmcp feature "schemars"
│       │   └── rmcp v3.2.0 (*)
│       ├── rmcp feature "transport-async-rw"
│       │   ├── rmcp v3.2.0 (*)
│       │   ├── tokio feature "io-util" (*)
│       │   └── tokio-util feature "codec" (*)
│       └── rmcp feature "uuid"
│           └── rmcp v3.2.0 (*)
├── rmcp feature "server" (*)
├── rmcp feature "transport-streamable-http-server"
│   ├── rmcp v3.2.0 (*)
│   ├── rmcp feature "server-side-http"
│   │   ├── rmcp v3.2.0 (*)
│   │   ├── rmcp feature "base64" (*)
│   │   ├── rmcp feature "tower"
│   │   │   └── rmcp v3.2.0 (*)
│   │   └── rmcp feature "uuid" (*)
│   ├── rmcp feature "transport-streamable-http-server-session"
│   │   ├── rmcp v3.2.0 (*)
│   │   └── rmcp feature "transport-async-rw" (*)
│   └── rmcp feature "transport-worker"
│       └── rmcp v3.2.0 (*)
└── schemars feature "default" (*)
