Command: cargo test --locked --offline --config profile.test.package.kasumi-kv.opt-level=3 --config profile.test.package.sha2.opt-level=3 -p kasumi-kv -p kasumi-store -p kasumi-raft -p kasumi-engine --all-features --lib --no-fail-fast -- restored_identity_metadata_is_validated_before_bootstrap_persistence --nocapture
CARGO_TARGET_DIR=target/disk-backed-cache
    Finished `test` profile [unoptimized + debuginfo] target(s) in 0.90s
     Running unittests src/lib.rs (target/disk-backed-cache/debug/deps/kasumi_engine-44db468831cfc59f)

running 1 test
fixture_lease event=installed owner=0x1135285f0 id=1 before_bytes=0 after_bytes=74164 used_bytes=74164 live_reservations=1 attempts=1
fixture_lease event=installed owner=0x1135285f0 id=2 before_bytes=0 after_bytes=8264 used_bytes=82428 live_reservations=2 attempts=2
fixture_lease event=installed owner=0x1135285f0 id=3 before_bytes=0 after_bytes=12424 used_bytes=94852 live_reservations=3 attempts=3
fixture_lease event=installed owner=0x1135285f0 id=4 before_bytes=0 after_bytes=8280 used_bytes=103132 live_reservations=4 attempts=4
fixture_lease event=installed owner=0x1135285f0 id=5 before_bytes=0 after_bytes=267232 used_bytes=370364 live_reservations=5 attempts=5
fixture_lease event=installed owner=0x1135285f0 id=6 before_bytes=0 after_bytes=147552 used_bytes=517916 live_reservations=6 attempts=6
fixture_lease event=installed owner=0x1135285f0 id=7 before_bytes=0 after_bytes=57736 used_bytes=575652 live_reservations=7 attempts=7
fixture_lease event=installed owner=0x1135285f0 id=8 before_bytes=0 after_bytes=157664 used_bytes=733316 live_reservations=8 attempts=8
fixture_lease event=installed owner=0x1135285f0 id=9 before_bytes=0 after_bytes=13008 used_bytes=746324 live_reservations=9 attempts=9
fixture_lease event=installed owner=0x1135285f0 id=10 before_bytes=0 after_bytes=16792 used_bytes=763116 live_reservations=10 attempts=10
fixture_lease event=installed owner=0x1135285f0 id=11 before_bytes=0 after_bytes=43440 used_bytes=806556 live_reservations=11 attempts=11
fixture_lease event=installed owner=0x1135285f0 id=12 before_bytes=0 after_bytes=8488 used_bytes=815044 live_reservations=12 attempts=12
fixture_lease event=installed owner=0x1135285f0 id=13 before_bytes=0 after_bytes=8608 used_bytes=823652 live_reservations=13 attempts=13
fixture_lease event=installed owner=0x1135285f0 id=14 before_bytes=0 after_bytes=73800 used_bytes=897452 live_reservations=14 attempts=14
fixture_lease event=installed owner=0x1135285f0 id=15 before_bytes=0 after_bytes=8471 used_bytes=905923 live_reservations=15 attempts=15
fixture_lease event=drop owner=0x1135285f0 id=13 before_bytes=8608 after_bytes=0 used_bytes=897315 live_reservations=14 attempts=15
fixture_lease event=drop owner=0x1135285f0 id=12 before_bytes=8488 after_bytes=0 used_bytes=888827 live_reservations=13 attempts=15
fixture_lease event=installed owner=0x1135285f0 id=16 before_bytes=0 after_bytes=8712 used_bytes=897539 live_reservations=14 attempts=16
fixture_lease event=installed owner=0x1135285f0 id=17 before_bytes=0 after_bytes=2412520 used_bytes=3310059 live_reservations=15 attempts=17
fixture_lease event=installed owner=0x1135285f0 id=18 before_bytes=0 after_bytes=120224 used_bytes=3430283 live_reservations=16 attempts=18
fixture_lease event=installed owner=0x1135285f0 id=19 before_bytes=0 after_bytes=33056 used_bytes=3463339 live_reservations=17 attempts=19
fixture_lease event=installed owner=0x1135285f0 id=20 before_bytes=0 after_bytes=13632 used_bytes=3476971 live_reservations=18 attempts=20
fixture_lease event=installed owner=0x1135285f0 id=21 before_bytes=0 after_bytes=38816 used_bytes=3515787 live_reservations=19 attempts=21
fixture_lease event=installed owner=0x1135285f0 id=22 before_bytes=0 after_bytes=16664 used_bytes=3532451 live_reservations=20 attempts=22
fixture_lease event=drop owner=0x1135285f0 id=22 before_bytes=16664 after_bytes=0 used_bytes=3515787 live_reservations=19 attempts=22
fixture_lease event=installed owner=0x1135285f0 id=23 before_bytes=0 after_bytes=147552 used_bytes=3663339 live_reservations=20 attempts=23
fixture_lease event=installed owner=0x1135285f0 id=24 before_bytes=0 after_bytes=147552 used_bytes=3810891 live_reservations=21 attempts=24
fixture_lease event=drop owner=0x1135285f0 id=18 before_bytes=120224 after_bytes=0 used_bytes=3690667 live_reservations=20 attempts=24
fixture_lease event=drop owner=0x1135285f0 id=17 before_bytes=2412520 after_bytes=0 used_bytes=1278147 live_reservations=19 attempts=24
fixture_lease event=cache owner=0x1135285f0 id=25 before_bytes=0 after_bytes=69656 used_bytes=1347803 live_reservations=20 attempts=25
fixture_lease event=drop owner=0x1135285f0 id=19 before_bytes=33056 after_bytes=0 used_bytes=1314747 live_reservations=19 attempts=25
fixture_lease event=drop owner=0x1135285f0 id=21 before_bytes=38816 after_bytes=0 used_bytes=1275931 live_reservations=18 attempts=25
fixture_lease event=drop owner=0x1135285f0 id=20 before_bytes=13632 after_bytes=0 used_bytes=1262299 live_reservations=17 attempts=25
fixture_lease event=drop owner=0x1135285f0 id=16 before_bytes=8712 after_bytes=0 used_bytes=1253587 live_reservations=16 attempts=25
fixture_lease event=drop owner=0x1135285f0 id=15 before_bytes=8471 after_bytes=0 used_bytes=1245116 live_reservations=15 attempts=25
fixture_lease event=drop owner=0x1135285f0 id=14 before_bytes=73800 after_bytes=0 used_bytes=1171316 live_reservations=14 attempts=25
fixture_lease event=installed owner=0x1135285f0 id=26 before_bytes=0 after_bytes=8488 used_bytes=1179804 live_reservations=15 attempts=26
fixture_lease event=installed owner=0x1135285f0 id=27 before_bytes=0 after_bytes=8608 used_bytes=1188412 live_reservations=16 attempts=27
fixture_lease event=installed owner=0x1135285f0 id=28 before_bytes=0 after_bytes=18648 used_bytes=1207060 live_reservations=17 attempts=28
fixture_lease event=installed owner=0x1135285f0 id=29 before_bytes=0 after_bytes=24848 used_bytes=1231908 live_reservations=18 attempts=29
fixture_lease event=drop owner=0x1135285f0 id=29 before_bytes=24848 after_bytes=0 used_bytes=1207060 live_reservations=17 attempts=29
fixture_lease event=drop owner=0x1135285f0 id=28 before_bytes=18648 after_bytes=0 used_bytes=1188412 live_reservations=16 attempts=29
fixture_lease event=installed owner=0x1135285f0 id=30 before_bytes=0 after_bytes=18648 used_bytes=1207060 live_reservations=17 attempts=30
fixture_lease event=installed owner=0x1135285f0 id=31 before_bytes=0 after_bytes=24848 used_bytes=1231908 live_reservations=18 attempts=31
fixture_lease event=drop owner=0x1135285f0 id=31 before_bytes=24848 after_bytes=0 used_bytes=1207060 live_reservations=17 attempts=31
fixture_lease event=drop owner=0x1135285f0 id=30 before_bytes=18648 after_bytes=0 used_bytes=1188412 live_reservations=16 attempts=31
fixture_lease event=installed owner=0x1135285f0 id=32 before_bytes=0 after_bytes=18648 used_bytes=1207060 live_reservations=17 attempts=32
fixture_lease event=installed owner=0x1135285f0 id=33 before_bytes=0 after_bytes=24848 used_bytes=1231908 live_reservations=18 attempts=33
fixture_lease event=drop owner=0x1135285f0 id=33 before_bytes=24848 after_bytes=0 used_bytes=1207060 live_reservations=17 attempts=33
fixture_lease event=drop owner=0x1135285f0 id=32 before_bytes=18648 after_bytes=0 used_bytes=1188412 live_reservations=16 attempts=33
fixture_lease event=installed owner=0x1135285f0 id=34 before_bytes=0 after_bytes=18648 used_bytes=1207060 live_reservations=17 attempts=34
fixture_lease event=installed owner=0x1135285f0 id=35 before_bytes=0 after_bytes=24848 used_bytes=1231908 live_reservations=18 attempts=35
fixture_lease event=drop owner=0x1135285f0 id=35 before_bytes=24848 after_bytes=0 used_bytes=1207060 live_reservations=17 attempts=35
fixture_lease event=drop owner=0x1135285f0 id=34 before_bytes=18648 after_bytes=0 used_bytes=1188412 live_reservations=16 attempts=35
fixture_lease event=installed owner=0x1135285f0 id=36 before_bytes=0 after_bytes=8466 used_bytes=1196878 live_reservations=17 attempts=36
fixture_lease event=drop owner=0x1135285f0 id=36 before_bytes=8466 after_bytes=0 used_bytes=1188412 live_reservations=16 attempts=36
fixture_lease event=installed owner=0x1135285f0 id=37 before_bytes=0 after_bytes=18648 used_bytes=1207060 live_reservations=17 attempts=37
fixture_lease event=installed owner=0x1135285f0 id=38 before_bytes=0 after_bytes=24848 used_bytes=1231908 live_reservations=18 attempts=38
fixture_lease event=drop owner=0x1135285f0 id=38 before_bytes=24848 after_bytes=0 used_bytes=1207060 live_reservations=17 attempts=38
fixture_lease event=drop owner=0x1135285f0 id=37 before_bytes=18648 after_bytes=0 used_bytes=1188412 live_reservations=16 attempts=38
fixture_lease event=installed owner=0x1135285f0 id=39 before_bytes=0 after_bytes=18648 used_bytes=1207060 live_reservations=17 attempts=39
fixture_lease event=installed owner=0x1135285f0 id=40 before_bytes=0 after_bytes=24848 used_bytes=1231908 live_reservations=18 attempts=40
fixture_lease event=drop owner=0x1135285f0 id=40 before_bytes=24848 after_bytes=0 used_bytes=1207060 live_reservations=17 attempts=40
fixture_lease event=drop owner=0x1135285f0 id=39 before_bytes=18648 after_bytes=0 used_bytes=1188412 live_reservations=16 attempts=40
fixture_lease event=drop owner=0x1135285f0 id=27 before_bytes=8608 after_bytes=0 used_bytes=1179804 live_reservations=15 attempts=40
fixture_lease event=drop owner=0x1135285f0 id=26 before_bytes=8488 after_bytes=0 used_bytes=1171316 live_reservations=14 attempts=40
fixture_lease event=installed owner=0x1135285f0 id=41 before_bytes=0 after_bytes=8488 used_bytes=1179804 live_reservations=15 attempts=41
fixture_lease event=installed owner=0x1135285f0 id=42 before_bytes=0 after_bytes=8608 used_bytes=1188412 live_reservations=16 attempts=42
fixture_lease event=installed owner=0x1135285f0 id=43 before_bytes=0 after_bytes=18648 used_bytes=1207060 live_reservations=17 attempts=43
fixture_lease event=installed owner=0x1135285f0 id=44 before_bytes=0 after_bytes=24848 used_bytes=1231908 live_reservations=18 attempts=44
fixture_lease event=drop owner=0x1135285f0 id=44 before_bytes=24848 after_bytes=0 used_bytes=1207060 live_reservations=17 attempts=44
fixture_lease event=drop owner=0x1135285f0 id=43 before_bytes=18648 after_bytes=0 used_bytes=1188412 live_reservations=16 attempts=44
fixture_lease event=installed owner=0x1135285f0 id=45 before_bytes=0 after_bytes=18648 used_bytes=1207060 live_reservations=17 attempts=45
fixture_lease event=installed owner=0x1135285f0 id=46 before_bytes=0 after_bytes=24848 used_bytes=1231908 live_reservations=18 attempts=46
fixture_lease event=drop owner=0x1135285f0 id=46 before_bytes=24848 after_bytes=0 used_bytes=1207060 live_reservations=17 attempts=46
fixture_lease event=drop owner=0x1135285f0 id=45 before_bytes=18648 after_bytes=0 used_bytes=1188412 live_reservations=16 attempts=46
fixture_lease event=installed owner=0x1135285f0 id=47 before_bytes=0 after_bytes=18648 used_bytes=1207060 live_reservations=17 attempts=47
fixture_lease event=installed owner=0x1135285f0 id=48 before_bytes=0 after_bytes=24848 used_bytes=1231908 live_reservations=18 attempts=48
fixture_lease event=drop owner=0x1135285f0 id=48 before_bytes=24848 after_bytes=0 used_bytes=1207060 live_reservations=17 attempts=48
fixture_lease event=drop owner=0x1135285f0 id=47 before_bytes=18648 after_bytes=0 used_bytes=1188412 live_reservations=16 attempts=48
fixture_lease event=installed owner=0x1135285f0 id=49 before_bytes=0 after_bytes=18648 used_bytes=1207060 live_reservations=17 attempts=49
fixture_lease event=installed owner=0x1135285f0 id=50 before_bytes=0 after_bytes=24848 used_bytes=1231908 live_reservations=18 attempts=50
fixture_lease event=drop owner=0x1135285f0 id=50 before_bytes=24848 after_bytes=0 used_bytes=1207060 live_reservations=17 attempts=50
fixture_lease event=drop owner=0x1135285f0 id=49 before_bytes=18648 after_bytes=0 used_bytes=1188412 live_reservations=16 attempts=50
fixture_lease event=installed owner=0x1135285f0 id=51 before_bytes=0 after_bytes=8466 used_bytes=1196878 live_reservations=17 attempts=51
fixture_lease event=drop owner=0x1135285f0 id=51 before_bytes=8466 after_bytes=0 used_bytes=1188412 live_reservations=16 attempts=51
fixture_lease event=installed owner=0x1135285f0 id=52 before_bytes=0 after_bytes=18648 used_bytes=1207060 live_reservations=17 attempts=52
fixture_lease event=installed owner=0x1135285f0 id=53 before_bytes=0 after_bytes=24848 used_bytes=1231908 live_reservations=18 attempts=53
fixture_lease event=drop owner=0x1135285f0 id=53 before_bytes=24848 after_bytes=0 used_bytes=1207060 live_reservations=17 attempts=53
fixture_lease event=drop owner=0x1135285f0 id=52 before_bytes=18648 after_bytes=0 used_bytes=1188412 live_reservations=16 attempts=53
fixture_lease event=installed owner=0x1135285f0 id=54 before_bytes=0 after_bytes=18648 used_bytes=1207060 live_reservations=17 attempts=54
fixture_lease event=installed owner=0x1135285f0 id=55 before_bytes=0 after_bytes=24848 used_bytes=1231908 live_reservations=18 attempts=55
fixture_lease event=drop owner=0x1135285f0 id=55 before_bytes=24848 after_bytes=0 used_bytes=1207060 live_reservations=17 attempts=55
fixture_lease event=drop owner=0x1135285f0 id=54 before_bytes=18648 after_bytes=0 used_bytes=1188412 live_reservations=16 attempts=55
fixture_lease event=drop owner=0x1135285f0 id=42 before_bytes=8608 after_bytes=0 used_bytes=1179804 live_reservations=15 attempts=55
fixture_lease event=drop owner=0x1135285f0 id=41 before_bytes=8488 after_bytes=0 used_bytes=1171316 live_reservations=14 attempts=55
fixture_lease event=installed owner=0x1135285f0 id=56 before_bytes=0 after_bytes=8488 used_bytes=1179804 live_reservations=15 attempts=56
fixture_lease event=installed owner=0x1135285f0 id=57 before_bytes=0 after_bytes=8608 used_bytes=1188412 live_reservations=16 attempts=57
fixture_lease event=installed owner=0x1135285f0 id=58 before_bytes=0 after_bytes=18648 used_bytes=1207060 live_reservations=17 attempts=58
fixture_lease event=installed owner=0x1135285f0 id=59 before_bytes=0 after_bytes=24848 used_bytes=1231908 live_reservations=18 attempts=59
fixture_lease event=drop owner=0x1135285f0 id=59 before_bytes=24848 after_bytes=0 used_bytes=1207060 live_reservations=17 attempts=59
fixture_lease event=drop owner=0x1135285f0 id=58 before_bytes=18648 after_bytes=0 used_bytes=1188412 live_reservations=16 attempts=59
fixture_lease event=installed owner=0x1135285f0 id=60 before_bytes=0 after_bytes=18648 used_bytes=1207060 live_reservations=17 attempts=60
fixture_lease event=installed owner=0x1135285f0 id=61 before_bytes=0 after_bytes=24848 used_bytes=1231908 live_reservations=18 attempts=61
fixture_lease event=drop owner=0x1135285f0 id=61 before_bytes=24848 after_bytes=0 used_bytes=1207060 live_reservations=17 attempts=61
fixture_lease event=drop owner=0x1135285f0 id=60 before_bytes=18648 after_bytes=0 used_bytes=1188412 live_reservations=16 attempts=61
fixture_lease event=installed owner=0x1135285f0 id=62 before_bytes=0 after_bytes=18648 used_bytes=1207060 live_reservations=17 attempts=62
fixture_lease event=installed owner=0x1135285f0 id=63 before_bytes=0 after_bytes=24848 used_bytes=1231908 live_reservations=18 attempts=63
fixture_lease event=drop owner=0x1135285f0 id=63 before_bytes=24848 after_bytes=0 used_bytes=1207060 live_reservations=17 attempts=63
fixture_lease event=drop owner=0x1135285f0 id=62 before_bytes=18648 after_bytes=0 used_bytes=1188412 live_reservations=16 attempts=63
fixture_lease event=installed owner=0x1135285f0 id=64 before_bytes=0 after_bytes=18648 used_bytes=1207060 live_reservations=17 attempts=64
fixture_lease event=installed owner=0x1135285f0 id=65 before_bytes=0 after_bytes=24848 used_bytes=1231908 live_reservations=18 attempts=65
fixture_lease event=drop owner=0x1135285f0 id=65 before_bytes=24848 after_bytes=0 used_bytes=1207060 live_reservations=17 attempts=65
fixture_lease event=drop owner=0x1135285f0 id=64 before_bytes=18648 after_bytes=0 used_bytes=1188412 live_reservations=16 attempts=65
fixture_lease event=installed owner=0x1135285f0 id=66 before_bytes=0 after_bytes=8466 used_bytes=1196878 live_reservations=17 attempts=66
fixture_lease event=drop owner=0x1135285f0 id=66 before_bytes=8466 after_bytes=0 used_bytes=1188412 live_reservations=16 attempts=66
fixture_lease event=installed owner=0x1135285f0 id=67 before_bytes=0 after_bytes=18648 used_bytes=1207060 live_reservations=17 attempts=67
fixture_lease event=installed owner=0x1135285f0 id=68 before_bytes=0 after_bytes=24848 used_bytes=1231908 live_reservations=18 attempts=68
fixture_lease event=drop owner=0x1135285f0 id=68 before_bytes=24848 after_bytes=0 used_bytes=1207060 live_reservations=17 attempts=68
fixture_lease event=drop owner=0x1135285f0 id=67 before_bytes=18648 after_bytes=0 used_bytes=1188412 live_reservations=16 attempts=68
fixture_lease event=installed owner=0x1135285f0 id=69 before_bytes=0 after_bytes=18648 used_bytes=1207060 live_reservations=17 attempts=69
fixture_lease event=installed owner=0x1135285f0 id=70 before_bytes=0 after_bytes=24848 used_bytes=1231908 live_reservations=18 attempts=70
fixture_lease event=drop owner=0x1135285f0 id=70 before_bytes=24848 after_bytes=0 used_bytes=1207060 live_reservations=17 attempts=70
fixture_lease event=drop owner=0x1135285f0 id=69 before_bytes=18648 after_bytes=0 used_bytes=1188412 live_reservations=16 attempts=70
fixture_lease event=drop owner=0x1135285f0 id=57 before_bytes=8608 after_bytes=0 used_bytes=1179804 live_reservations=15 attempts=70
fixture_lease event=drop owner=0x1135285f0 id=56 before_bytes=8488 after_bytes=0 used_bytes=1171316 live_reservations=14 attempts=70
fixture_lease event=installed owner=0x1135285f0 id=71 before_bytes=0 after_bytes=8488 used_bytes=1179804 live_reservations=15 attempts=71
fixture_lease event=installed owner=0x1135285f0 id=72 before_bytes=0 after_bytes=8608 used_bytes=1188412 live_reservations=16 attempts=72
fixture_lease event=installed owner=0x1135285f0 id=73 before_bytes=0 after_bytes=18648 used_bytes=1207060 live_reservations=17 attempts=73
fixture_lease event=installed owner=0x1135285f0 id=74 before_bytes=0 after_bytes=24848 used_bytes=1231908 live_reservations=18 attempts=74
fixture_lease event=drop owner=0x1135285f0 id=74 before_bytes=24848 after_bytes=0 used_bytes=1207060 live_reservations=17 attempts=74
fixture_lease event=drop owner=0x1135285f0 id=73 before_bytes=18648 after_bytes=0 used_bytes=1188412 live_reservations=16 attempts=74
fixture_lease event=installed owner=0x1135285f0 id=75 before_bytes=0 after_bytes=18648 used_bytes=1207060 live_reservations=17 attempts=75
fixture_lease event=installed owner=0x1135285f0 id=76 before_bytes=0 after_bytes=24848 used_bytes=1231908 live_reservations=18 attempts=76
fixture_lease event=drop owner=0x1135285f0 id=76 before_bytes=24848 after_bytes=0 used_bytes=1207060 live_reservations=17 attempts=76
fixture_lease event=drop owner=0x1135285f0 id=75 before_bytes=18648 after_bytes=0 used_bytes=1188412 live_reservations=16 attempts=76
fixture_lease event=installed owner=0x1135285f0 id=77 before_bytes=0 after_bytes=18648 used_bytes=1207060 live_reservations=17 attempts=77
fixture_lease event=installed owner=0x1135285f0 id=78 before_bytes=0 after_bytes=24848 used_bytes=1231908 live_reservations=18 attempts=78
fixture_lease event=drop owner=0x1135285f0 id=78 before_bytes=24848 after_bytes=0 used_bytes=1207060 live_reservations=17 attempts=78
fixture_lease event=drop owner=0x1135285f0 id=77 before_bytes=18648 after_bytes=0 used_bytes=1188412 live_reservations=16 attempts=78
fixture_lease event=installed owner=0x1135285f0 id=79 before_bytes=0 after_bytes=18648 used_bytes=1207060 live_reservations=17 attempts=79
fixture_lease event=installed owner=0x1135285f0 id=80 before_bytes=0 after_bytes=24848 used_bytes=1231908 live_reservations=18 attempts=80
fixture_lease event=drop owner=0x1135285f0 id=80 before_bytes=24848 after_bytes=0 used_bytes=1207060 live_reservations=17 attempts=80
fixture_lease event=drop owner=0x1135285f0 id=79 before_bytes=18648 after_bytes=0 used_bytes=1188412 live_reservations=16 attempts=80
fixture_lease event=installed owner=0x1135285f0 id=81 before_bytes=0 after_bytes=18648 used_bytes=1207060 live_reservations=17 attempts=81
fixture_lease event=installed owner=0x1135285f0 id=82 before_bytes=0 after_bytes=24848 used_bytes=1231908 live_reservations=18 attempts=82
fixture_lease event=drop owner=0x1135285f0 id=82 before_bytes=24848 after_bytes=0 used_bytes=1207060 live_reservations=17 attempts=82
fixture_lease event=drop owner=0x1135285f0 id=81 before_bytes=18648 after_bytes=0 used_bytes=1188412 live_reservations=16 attempts=82
fixture_lease event=installed owner=0x1135285f0 id=83 before_bytes=0 after_bytes=8466 used_bytes=1196878 live_reservations=17 attempts=83
fixture_lease event=drop owner=0x1135285f0 id=83 before_bytes=8466 after_bytes=0 used_bytes=1188412 live_reservations=16 attempts=83
fixture_lease event=installed owner=0x1135285f0 id=84 before_bytes=0 after_bytes=73800 used_bytes=1262212 live_reservations=17 attempts=84
fixture_lease event=installed owner=0x1135285f0 id=85 before_bytes=0 after_bytes=18648 used_bytes=1280860 live_reservations=18 attempts=85
fixture_lease event=installed owner=0x1135285f0 id=86 before_bytes=0 after_bytes=24848 used_bytes=1305708 live_reservations=19 attempts=86
fixture_lease event=drop owner=0x1135285f0 id=86 before_bytes=24848 after_bytes=0 used_bytes=1280860 live_reservations=18 attempts=86
fixture_lease event=drop owner=0x1135285f0 id=85 before_bytes=18648 after_bytes=0 used_bytes=1262212 live_reservations=17 attempts=86
fixture_lease event=installed owner=0x1135285f0 id=87 before_bytes=0 after_bytes=18648 used_bytes=1280860 live_reservations=18 attempts=87
fixture_lease event=installed owner=0x1135285f0 id=88 before_bytes=0 after_bytes=24848 used_bytes=1305708 live_reservations=19 attempts=88
fixture_lease event=drop owner=0x1135285f0 id=88 before_bytes=24848 after_bytes=0 used_bytes=1280860 live_reservations=18 attempts=88
fixture_lease event=drop owner=0x1135285f0 id=87 before_bytes=18648 after_bytes=0 used_bytes=1262212 live_reservations=17 attempts=88
fixture_lease event=installed owner=0x1135285f0 id=89 before_bytes=0 after_bytes=18648 used_bytes=1280860 live_reservations=18 attempts=89
fixture_lease event=installed owner=0x1135285f0 id=90 before_bytes=0 after_bytes=24848 used_bytes=1305708 live_reservations=19 attempts=90
fixture_lease event=drop owner=0x1135285f0 id=90 before_bytes=24848 after_bytes=0 used_bytes=1280860 live_reservations=18 attempts=90
fixture_lease event=drop owner=0x1135285f0 id=89 before_bytes=18648 after_bytes=0 used_bytes=1262212 live_reservations=17 attempts=90
fixture_lease event=installed owner=0x1135285f0 id=91 before_bytes=0 after_bytes=18648 used_bytes=1280860 live_reservations=18 attempts=91
fixture_lease event=installed owner=0x1135285f0 id=92 before_bytes=0 after_bytes=24848 used_bytes=1305708 live_reservations=19 attempts=92
fixture_lease event=drop owner=0x1135285f0 id=92 before_bytes=24848 after_bytes=0 used_bytes=1280860 live_reservations=18 attempts=92
fixture_lease event=drop owner=0x1135285f0 id=91 before_bytes=18648 after_bytes=0 used_bytes=1262212 live_reservations=17 attempts=92
fixture_lease event=installed owner=0x1135285f0 id=93 before_bytes=0 after_bytes=18648 used_bytes=1280860 live_reservations=18 attempts=93
fixture_lease event=installed owner=0x1135285f0 id=94 before_bytes=0 after_bytes=24848 used_bytes=1305708 live_reservations=19 attempts=94
fixture_lease event=drop owner=0x1135285f0 id=94 before_bytes=24848 after_bytes=0 used_bytes=1280860 live_reservations=18 attempts=94
fixture_lease event=drop owner=0x1135285f0 id=93 before_bytes=18648 after_bytes=0 used_bytes=1262212 live_reservations=17 attempts=94
fixture_lease event=installed owner=0x1135285f0 id=95 before_bytes=0 after_bytes=18648 used_bytes=1280860 live_reservations=18 attempts=95
fixture_lease event=installed owner=0x1135285f0 id=96 before_bytes=0 after_bytes=24848 used_bytes=1305708 live_reservations=19 attempts=96
fixture_lease event=drop owner=0x1135285f0 id=96 before_bytes=24848 after_bytes=0 used_bytes=1280860 live_reservations=18 attempts=96
fixture_lease event=drop owner=0x1135285f0 id=95 before_bytes=18648 after_bytes=0 used_bytes=1262212 live_reservations=17 attempts=96
fixture_lease event=installed owner=0x1135285f0 id=97 before_bytes=0 after_bytes=18648 used_bytes=1280860 live_reservations=18 attempts=97
fixture_lease event=installed owner=0x1135285f0 id=98 before_bytes=0 after_bytes=24848 used_bytes=1305708 live_reservations=19 attempts=98
fixture_lease event=drop owner=0x1135285f0 id=98 before_bytes=24848 after_bytes=0 used_bytes=1280860 live_reservations=18 attempts=98
fixture_lease event=drop owner=0x1135285f0 id=97 before_bytes=18648 after_bytes=0 used_bytes=1262212 live_reservations=17 attempts=98
fixture_lease event=installed owner=0x1135285f0 id=99 before_bytes=0 after_bytes=8466 used_bytes=1270678 live_reservations=18 attempts=99
fixture_lease event=drop owner=0x1135285f0 id=99 before_bytes=8466 after_bytes=0 used_bytes=1262212 live_reservations=17 attempts=99
fixture_lease event=installed owner=0x1135285f0 id=100 before_bytes=0 after_bytes=18648 used_bytes=1280860 live_reservations=18 attempts=100
fixture_lease event=installed owner=0x1135285f0 id=101 before_bytes=0 after_bytes=24848 used_bytes=1305708 live_reservations=19 attempts=101
fixture_lease event=drop owner=0x1135285f0 id=101 before_bytes=24848 after_bytes=0 used_bytes=1280860 live_reservations=18 attempts=101
fixture_lease event=drop owner=0x1135285f0 id=100 before_bytes=18648 after_bytes=0 used_bytes=1262212 live_reservations=17 attempts=101
fixture_lease event=installed owner=0x1135285f0 id=102 before_bytes=0 after_bytes=18648 used_bytes=1280860 live_reservations=18 attempts=102
fixture_lease event=installed owner=0x1135285f0 id=103 before_bytes=0 after_bytes=24848 used_bytes=1305708 live_reservations=19 attempts=103
fixture_lease event=drop owner=0x1135285f0 id=103 before_bytes=24848 after_bytes=0 used_bytes=1280860 live_reservations=18 attempts=103
fixture_lease event=drop owner=0x1135285f0 id=102 before_bytes=18648 after_bytes=0 used_bytes=1262212 live_reservations=17 attempts=103
fixture_lease event=installed owner=0x1135285f0 id=104 before_bytes=0 after_bytes=8360 used_bytes=1270572 live_reservations=18 attempts=104
fixture_lease event=drop owner=0x1135285f0 id=72 before_bytes=8608 after_bytes=0 used_bytes=1261964 live_reservations=17 attempts=104
fixture_lease event=drop owner=0x1135285f0 id=71 before_bytes=8488 after_bytes=0 used_bytes=1253476 live_reservations=16 attempts=104
fixture_lease event=installed owner=0x1135285f0 id=105 before_bytes=0 after_bytes=8680 used_bytes=1262156 live_reservations=17 attempts=105
fixture_lease event=installed owner=0x1135285f0 id=106 before_bytes=0 after_bytes=2412520 used_bytes=3674676 live_reservations=18 attempts=106
fixture_lease event=installed owner=0x1135285f0 id=107 before_bytes=0 after_bytes=120224 used_bytes=3794900 live_reservations=19 attempts=107
fixture_lease event=installed owner=0x1135285f0 id=108 before_bytes=0 after_bytes=33056 used_bytes=3827956 live_reservations=20 attempts=108
fixture_lease event=installed owner=0x1135285f0 id=109 before_bytes=0 after_bytes=13632 used_bytes=3841588 live_reservations=21 attempts=109
fixture_lease event=installed owner=0x1135285f0 id=110 before_bytes=0 after_bytes=38816 used_bytes=3880404 live_reservations=22 attempts=110
fixture_lease event=installed owner=0x1135285f0 id=111 before_bytes=0 after_bytes=16664 used_bytes=3897068 live_reservations=23 attempts=111
fixture_lease event=drop owner=0x1135285f0 id=111 before_bytes=16664 after_bytes=0 used_bytes=3880404 live_reservations=22 attempts=111
fixture_lease event=drop owner=0x1135285f0 id=107 before_bytes=120224 after_bytes=0 used_bytes=3760180 live_reservations=21 attempts=111
fixture_lease event=drop owner=0x1135285f0 id=106 before_bytes=2412520 after_bytes=0 used_bytes=1347660 live_reservations=20 attempts=111
fixture_lease event=drop owner=0x1135285f0 id=108 before_bytes=33056 after_bytes=0 used_bytes=1314604 live_reservations=19 attempts=111
fixture_lease event=drop owner=0x1135285f0 id=110 before_bytes=38816 after_bytes=0 used_bytes=1275788 live_reservations=18 attempts=111
fixture_lease event=drop owner=0x1135285f0 id=109 before_bytes=13632 after_bytes=0 used_bytes=1262156 live_reservations=17 attempts=111
fixture_lease event=drop owner=0x1135285f0 id=105 before_bytes=8680 after_bytes=0 used_bytes=1253476 live_reservations=16 attempts=111
fixture_lease event=drop owner=0x1135285f0 id=104 before_bytes=8360 after_bytes=0 used_bytes=1245116 live_reservations=15 attempts=111
fixture_lease event=drop owner=0x1135285f0 id=84 before_bytes=73800 after_bytes=0 used_bytes=1171316 live_reservations=14 attempts=111
fixture_lease event=installed owner=0x1135285f0 id=112 before_bytes=0 after_bytes=8488 used_bytes=1179804 live_reservations=15 attempts=112
fixture_lease event=installed owner=0x1135285f0 id=113 before_bytes=0 after_bytes=8608 used_bytes=1188412 live_reservations=16 attempts=113
fixture_lease event=installed owner=0x1135285f0 id=114 before_bytes=0 after_bytes=18648 used_bytes=1207060 live_reservations=17 attempts=114
fixture_lease event=installed owner=0x1135285f0 id=115 before_bytes=0 after_bytes=24848 used_bytes=1231908 live_reservations=18 attempts=115
fixture_lease event=drop owner=0x1135285f0 id=115 before_bytes=24848 after_bytes=0 used_bytes=1207060 live_reservations=17 attempts=115
fixture_lease event=drop owner=0x1135285f0 id=114 before_bytes=18648 after_bytes=0 used_bytes=1188412 live_reservations=16 attempts=115
fixture_lease event=installed owner=0x1135285f0 id=116 before_bytes=0 after_bytes=18648 used_bytes=1207060 live_reservations=17 attempts=116
fixture_lease event=installed owner=0x1135285f0 id=117 before_bytes=0 after_bytes=24848 used_bytes=1231908 live_reservations=18 attempts=117
fixture_lease event=drop owner=0x1135285f0 id=117 before_bytes=24848 after_bytes=0 used_bytes=1207060 live_reservations=17 attempts=117
fixture_lease event=drop owner=0x1135285f0 id=116 before_bytes=18648 after_bytes=0 used_bytes=1188412 live_reservations=16 attempts=117
fixture_lease event=installed owner=0x1135285f0 id=118 before_bytes=0 after_bytes=18648 used_bytes=1207060 live_reservations=17 attempts=118
fixture_lease event=installed owner=0x1135285f0 id=119 before_bytes=0 after_bytes=24848 used_bytes=1231908 live_reservations=18 attempts=119
fixture_lease event=drop owner=0x1135285f0 id=119 before_bytes=24848 after_bytes=0 used_bytes=1207060 live_reservations=17 attempts=119
fixture_lease event=drop owner=0x1135285f0 id=118 before_bytes=18648 after_bytes=0 used_bytes=1188412 live_reservations=16 attempts=119
fixture_lease event=installed owner=0x1135285f0 id=120 before_bytes=0 after_bytes=18648 used_bytes=1207060 live_reservations=17 attempts=120
fixture_lease event=installed owner=0x1135285f0 id=121 before_bytes=0 after_bytes=24848 used_bytes=1231908 live_reservations=18 attempts=121
fixture_lease event=drop owner=0x1135285f0 id=121 before_bytes=24848 after_bytes=0 used_bytes=1207060 live_reservations=17 attempts=121
fixture_lease event=drop owner=0x1135285f0 id=120 before_bytes=18648 after_bytes=0 used_bytes=1188412 live_reservations=16 attempts=121
fixture_lease event=installed owner=0x1135285f0 id=122 before_bytes=0 after_bytes=8466 used_bytes=1196878 live_reservations=17 attempts=122
fixture_lease event=drop owner=0x1135285f0 id=122 before_bytes=8466 after_bytes=0 used_bytes=1188412 live_reservations=16 attempts=122
fixture_lease event=installed owner=0x1135285f0 id=123 before_bytes=0 after_bytes=18648 used_bytes=1207060 live_reservations=17 attempts=123
fixture_lease event=installed owner=0x1135285f0 id=124 before_bytes=0 after_bytes=24848 used_bytes=1231908 live_reservations=18 attempts=124
fixture_lease event=drop owner=0x1135285f0 id=124 before_bytes=24848 after_bytes=0 used_bytes=1207060 live_reservations=17 attempts=124
fixture_lease event=drop owner=0x1135285f0 id=123 before_bytes=18648 after_bytes=0 used_bytes=1188412 live_reservations=16 attempts=124
fixture_lease event=installed owner=0x1135285f0 id=125 before_bytes=0 after_bytes=18648 used_bytes=1207060 live_reservations=17 attempts=125
fixture_lease event=installed owner=0x1135285f0 id=126 before_bytes=0 after_bytes=24848 used_bytes=1231908 live_reservations=18 attempts=126
fixture_lease event=drop owner=0x1135285f0 id=126 before_bytes=24848 after_bytes=0 used_bytes=1207060 live_reservations=17 attempts=126
fixture_lease event=drop owner=0x1135285f0 id=125 before_bytes=18648 after_bytes=0 used_bytes=1188412 live_reservations=16 attempts=126
fixture_lease event=installed owner=0x1135285f0 id=127 before_bytes=0 after_bytes=8614 used_bytes=1197026 live_reservations=17 attempts=127
fixture_lease event=drop owner=0x1135285f0 id=127 before_bytes=8614 after_bytes=0 used_bytes=1188412 live_reservations=16 attempts=127
fixture_lease event=drop owner=0x1135285f0 id=113 before_bytes=8608 after_bytes=0 used_bytes=1179804 live_reservations=15 attempts=127
fixture_lease event=drop owner=0x1135285f0 id=112 before_bytes=8488 after_bytes=0 used_bytes=1171316 live_reservations=14 attempts=127
fixture_lease event=installed owner=0x1135285f0 id=128 before_bytes=0 after_bytes=8488 used_bytes=1179804 live_reservations=15 attempts=128
fixture_lease event=installed owner=0x1135285f0 id=129 before_bytes=0 after_bytes=8608 used_bytes=1188412 live_reservations=16 attempts=129
fixture_lease event=installed owner=0x1135285f0 id=130 before_bytes=0 after_bytes=18648 used_bytes=1207060 live_reservations=17 attempts=130
fixture_lease event=installed owner=0x1135285f0 id=131 before_bytes=0 after_bytes=24848 used_bytes=1231908 live_reservations=18 attempts=131
fixture_lease event=drop owner=0x1135285f0 id=131 before_bytes=24848 after_bytes=0 used_bytes=1207060 live_reservations=17 attempts=131
fixture_lease event=drop owner=0x1135285f0 id=130 before_bytes=18648 after_bytes=0 used_bytes=1188412 live_reservations=16 attempts=131
fixture_lease event=installed owner=0x1135285f0 id=132 before_bytes=0 after_bytes=18648 used_bytes=1207060 live_reservations=17 attempts=132
fixture_lease event=installed owner=0x1135285f0 id=133 before_bytes=0 after_bytes=24848 used_bytes=1231908 live_reservations=18 attempts=133
fixture_lease event=drop owner=0x1135285f0 id=133 before_bytes=24848 after_bytes=0 used_bytes=1207060 live_reservations=17 attempts=133
fixture_lease event=drop owner=0x1135285f0 id=132 before_bytes=18648 after_bytes=0 used_bytes=1188412 live_reservations=16 attempts=133
fixture_lease event=installed owner=0x1135285f0 id=134 before_bytes=0 after_bytes=18648 used_bytes=1207060 live_reservations=17 attempts=134
fixture_lease event=installed owner=0x1135285f0 id=135 before_bytes=0 after_bytes=24848 used_bytes=1231908 live_reservations=18 attempts=135
fixture_lease event=drop owner=0x1135285f0 id=135 before_bytes=24848 after_bytes=0 used_bytes=1207060 live_reservations=17 attempts=135
fixture_lease event=drop owner=0x1135285f0 id=134 before_bytes=18648 after_bytes=0 used_bytes=1188412 live_reservations=16 attempts=135
fixture_lease event=installed owner=0x1135285f0 id=136 before_bytes=0 after_bytes=18648 used_bytes=1207060 live_reservations=17 attempts=136
fixture_lease event=installed owner=0x1135285f0 id=137 before_bytes=0 after_bytes=24848 used_bytes=1231908 live_reservations=18 attempts=137
fixture_lease event=drop owner=0x1135285f0 id=137 before_bytes=24848 after_bytes=0 used_bytes=1207060 live_reservations=17 attempts=137
fixture_lease event=drop owner=0x1135285f0 id=136 before_bytes=18648 after_bytes=0 used_bytes=1188412 live_reservations=16 attempts=137
fixture_lease event=installed owner=0x1135285f0 id=138 before_bytes=0 after_bytes=8466 used_bytes=1196878 live_reservations=17 attempts=138
fixture_lease event=drop owner=0x1135285f0 id=138 before_bytes=8466 after_bytes=0 used_bytes=1188412 live_reservations=16 attempts=138
fixture_lease event=installed owner=0x1135285f0 id=139 before_bytes=0 after_bytes=18648 used_bytes=1207060 live_reservations=17 attempts=139
fixture_lease event=installed owner=0x1135285f0 id=140 before_bytes=0 after_bytes=24848 used_bytes=1231908 live_reservations=18 attempts=140
fixture_lease event=drop owner=0x1135285f0 id=140 before_bytes=24848 after_bytes=0 used_bytes=1207060 live_reservations=17 attempts=140
fixture_lease event=drop owner=0x1135285f0 id=139 before_bytes=18648 after_bytes=0 used_bytes=1188412 live_reservations=16 attempts=140
fixture_lease event=installed owner=0x1135285f0 id=141 before_bytes=0 after_bytes=18648 used_bytes=1207060 live_reservations=17 attempts=141
fixture_lease event=installed owner=0x1135285f0 id=142 before_bytes=0 after_bytes=24848 used_bytes=1231908 live_reservations=18 attempts=142
fixture_lease event=drop owner=0x1135285f0 id=142 before_bytes=24848 after_bytes=0 used_bytes=1207060 live_reservations=17 attempts=142
fixture_lease event=drop owner=0x1135285f0 id=141 before_bytes=18648 after_bytes=0 used_bytes=1188412 live_reservations=16 attempts=142
fixture_lease event=installed owner=0x1135285f0 id=143 before_bytes=0 after_bytes=8614 used_bytes=1197026 live_reservations=17 attempts=143
fixture_lease event=drop owner=0x1135285f0 id=143 before_bytes=8614 after_bytes=0 used_bytes=1188412 live_reservations=16 attempts=143
fixture_lease event=drop owner=0x1135285f0 id=129 before_bytes=8608 after_bytes=0 used_bytes=1179804 live_reservations=15 attempts=143
fixture_lease event=drop owner=0x1135285f0 id=128 before_bytes=8488 after_bytes=0 used_bytes=1171316 live_reservations=14 attempts=143
fixture_lease event=installed owner=0x1135285f0 id=144 before_bytes=0 after_bytes=8488 used_bytes=1179804 live_reservations=15 attempts=144
fixture_lease event=installed owner=0x1135285f0 id=145 before_bytes=0 after_bytes=8608 used_bytes=1188412 live_reservations=16 attempts=145
fixture_lease event=installed owner=0x1135285f0 id=146 before_bytes=0 after_bytes=18648 used_bytes=1207060 live_reservations=17 attempts=146
fixture_lease event=installed owner=0x1135285f0 id=147 before_bytes=0 after_bytes=24848 used_bytes=1231908 live_reservations=18 attempts=147
fixture_lease event=drop owner=0x1135285f0 id=147 before_bytes=24848 after_bytes=0 used_bytes=1207060 live_reservations=17 attempts=147
fixture_lease event=drop owner=0x1135285f0 id=146 before_bytes=18648 after_bytes=0 used_bytes=1188412 live_reservations=16 attempts=147
fixture_lease event=installed owner=0x1135285f0 id=148 before_bytes=0 after_bytes=18648 used_bytes=1207060 live_reservations=17 attempts=148
fixture_lease event=installed owner=0x1135285f0 id=149 before_bytes=0 after_bytes=24848 used_bytes=1231908 live_reservations=18 attempts=149
fixture_lease event=drop owner=0x1135285f0 id=149 before_bytes=24848 after_bytes=0 used_bytes=1207060 live_reservations=17 attempts=149
fixture_lease event=drop owner=0x1135285f0 id=148 before_bytes=18648 after_bytes=0 used_bytes=1188412 live_reservations=16 attempts=149
fixture_lease event=installed owner=0x1135285f0 id=150 before_bytes=0 after_bytes=18648 used_bytes=1207060 live_reservations=17 attempts=150
fixture_lease event=installed owner=0x1135285f0 id=151 before_bytes=0 after_bytes=24848 used_bytes=1231908 live_reservations=18 attempts=151
fixture_lease event=drop owner=0x1135285f0 id=151 before_bytes=24848 after_bytes=0 used_bytes=1207060 live_reservations=17 attempts=151
fixture_lease event=drop owner=0x1135285f0 id=150 before_bytes=18648 after_bytes=0 used_bytes=1188412 live_reservations=16 attempts=151
fixture_lease event=installed owner=0x1135285f0 id=152 before_bytes=0 after_bytes=18648 used_bytes=1207060 live_reservations=17 attempts=152
fixture_lease event=installed owner=0x1135285f0 id=153 before_bytes=0 after_bytes=24848 used_bytes=1231908 live_reservations=18 attempts=153
fixture_lease event=drop owner=0x1135285f0 id=153 before_bytes=24848 after_bytes=0 used_bytes=1207060 live_reservations=17 attempts=153
fixture_lease event=drop owner=0x1135285f0 id=152 before_bytes=18648 after_bytes=0 used_bytes=1188412 live_reservations=16 attempts=153
fixture_lease event=installed owner=0x1135285f0 id=154 before_bytes=0 after_bytes=8466 used_bytes=1196878 live_reservations=17 attempts=154
fixture_lease event=drop owner=0x1135285f0 id=154 before_bytes=8466 after_bytes=0 used_bytes=1188412 live_reservations=16 attempts=154
fixture_lease event=installed owner=0x1135285f0 id=155 before_bytes=0 after_bytes=18648 used_bytes=1207060 live_reservations=17 attempts=155
fixture_lease event=installed owner=0x1135285f0 id=156 before_bytes=0 after_bytes=24848 used_bytes=1231908 live_reservations=18 attempts=156
fixture_lease event=drop owner=0x1135285f0 id=156 before_bytes=24848 after_bytes=0 used_bytes=1207060 live_reservations=17 attempts=156
fixture_lease event=drop owner=0x1135285f0 id=155 before_bytes=18648 after_bytes=0 used_bytes=1188412 live_reservations=16 attempts=156
fixture_lease event=installed owner=0x1135285f0 id=157 before_bytes=0 after_bytes=18648 used_bytes=1207060 live_reservations=17 attempts=157
fixture_lease event=installed owner=0x1135285f0 id=158 before_bytes=0 after_bytes=24848 used_bytes=1231908 live_reservations=18 attempts=158
fixture_lease event=drop owner=0x1135285f0 id=158 before_bytes=24848 after_bytes=0 used_bytes=1207060 live_reservations=17 attempts=158
fixture_lease event=drop owner=0x1135285f0 id=157 before_bytes=18648 after_bytes=0 used_bytes=1188412 live_reservations=16 attempts=158
fixture_lease event=installed owner=0x1135285f0 id=159 before_bytes=0 after_bytes=8614 used_bytes=1197026 live_reservations=17 attempts=159
fixture_lease event=drop owner=0x1135285f0 id=159 before_bytes=8614 after_bytes=0 used_bytes=1188412 live_reservations=16 attempts=159
fixture_lease event=drop owner=0x1135285f0 id=145 before_bytes=8608 after_bytes=0 used_bytes=1179804 live_reservations=15 attempts=159
fixture_lease event=drop owner=0x1135285f0 id=144 before_bytes=8488 after_bytes=0 used_bytes=1171316 live_reservations=14 attempts=159
fixture_lease event=installed owner=0x1135285f0 id=160 before_bytes=0 after_bytes=8488 used_bytes=1179804 live_reservations=15 attempts=160
fixture_lease event=installed owner=0x1135285f0 id=161 before_bytes=0 after_bytes=8608 used_bytes=1188412 live_reservations=16 attempts=161
fixture_lease event=installed owner=0x1135285f0 id=162 before_bytes=0 after_bytes=18648 used_bytes=1207060 live_reservations=17 attempts=162
fixture_lease event=installed owner=0x1135285f0 id=163 before_bytes=0 after_bytes=24848 used_bytes=1231908 live_reservations=18 attempts=163
fixture_lease event=drop owner=0x1135285f0 id=163 before_bytes=24848 after_bytes=0 used_bytes=1207060 live_reservations=17 attempts=163
fixture_lease event=drop owner=0x1135285f0 id=162 before_bytes=18648 after_bytes=0 used_bytes=1188412 live_reservations=16 attempts=163
fixture_lease event=installed owner=0x1135285f0 id=164 before_bytes=0 after_bytes=18648 used_bytes=1207060 live_reservations=17 attempts=164
fixture_lease event=installed owner=0x1135285f0 id=165 before_bytes=0 after_bytes=24848 used_bytes=1231908 live_reservations=18 attempts=165
fixture_lease event=drop owner=0x1135285f0 id=165 before_bytes=24848 after_bytes=0 used_bytes=1207060 live_reservations=17 attempts=165
fixture_lease event=drop owner=0x1135285f0 id=164 before_bytes=18648 after_bytes=0 used_bytes=1188412 live_reservations=16 attempts=165
fixture_lease event=installed owner=0x1135285f0 id=166 before_bytes=0 after_bytes=18648 used_bytes=1207060 live_reservations=17 attempts=166
fixture_lease event=installed owner=0x1135285f0 id=167 before_bytes=0 after_bytes=24848 used_bytes=1231908 live_reservations=18 attempts=167
fixture_lease event=drop owner=0x1135285f0 id=167 before_bytes=24848 after_bytes=0 used_bytes=1207060 live_reservations=17 attempts=167
fixture_lease event=drop owner=0x1135285f0 id=166 before_bytes=18648 after_bytes=0 used_bytes=1188412 live_reservations=16 attempts=167
fixture_lease event=installed owner=0x1135285f0 id=168 before_bytes=0 after_bytes=18648 used_bytes=1207060 live_reservations=17 attempts=168
fixture_lease event=installed owner=0x1135285f0 id=169 before_bytes=0 after_bytes=24848 used_bytes=1231908 live_reservations=18 attempts=169
fixture_lease event=drop owner=0x1135285f0 id=169 before_bytes=24848 after_bytes=0 used_bytes=1207060 live_reservations=17 attempts=169
fixture_lease event=drop owner=0x1135285f0 id=168 before_bytes=18648 after_bytes=0 used_bytes=1188412 live_reservations=16 attempts=169
fixture_lease event=installed owner=0x1135285f0 id=170 before_bytes=0 after_bytes=8466 used_bytes=1196878 live_reservations=17 attempts=170
fixture_lease event=drop owner=0x1135285f0 id=170 before_bytes=8466 after_bytes=0 used_bytes=1188412 live_reservations=16 attempts=170
fixture_lease event=installed owner=0x1135285f0 id=171 before_bytes=0 after_bytes=18648 used_bytes=1207060 live_reservations=17 attempts=171
fixture_lease event=installed owner=0x1135285f0 id=172 before_bytes=0 after_bytes=24848 used_bytes=1231908 live_reservations=18 attempts=172
fixture_lease event=drop owner=0x1135285f0 id=172 before_bytes=24848 after_bytes=0 used_bytes=1207060 live_reservations=17 attempts=172
fixture_lease event=drop owner=0x1135285f0 id=171 before_bytes=18648 after_bytes=0 used_bytes=1188412 live_reservations=16 attempts=172
fixture_lease event=installed owner=0x1135285f0 id=173 before_bytes=0 after_bytes=18648 used_bytes=1207060 live_reservations=17 attempts=173
fixture_lease event=installed owner=0x1135285f0 id=174 before_bytes=0 after_bytes=24848 used_bytes=1231908 live_reservations=18 attempts=174
fixture_lease event=drop owner=0x1135285f0 id=174 before_bytes=24848 after_bytes=0 used_bytes=1207060 live_reservations=17 attempts=174
fixture_lease event=drop owner=0x1135285f0 id=173 before_bytes=18648 after_bytes=0 used_bytes=1188412 live_reservations=16 attempts=174
fixture_lease event=installed owner=0x1135285f0 id=175 before_bytes=0 after_bytes=9116 used_bytes=1197528 live_reservations=17 attempts=175
fixture_lease event=drop owner=0x1135285f0 id=175 before_bytes=9116 after_bytes=0 used_bytes=1188412 live_reservations=16 attempts=175
fixture_lease event=drop owner=0x1135285f0 id=161 before_bytes=8608 after_bytes=0 used_bytes=1179804 live_reservations=15 attempts=175
fixture_lease event=drop owner=0x1135285f0 id=160 before_bytes=8488 after_bytes=0 used_bytes=1171316 live_reservations=14 attempts=175
fixture_lease event=installed owner=0x1135285f0 id=176 before_bytes=0 after_bytes=8488 used_bytes=1179804 live_reservations=15 attempts=176
fixture_lease event=installed owner=0x1135285f0 id=177 before_bytes=0 after_bytes=8608 used_bytes=1188412 live_reservations=16 attempts=177
fixture_lease event=installed owner=0x1135285f0 id=178 before_bytes=0 after_bytes=18648 used_bytes=1207060 live_reservations=17 attempts=178
fixture_lease event=installed owner=0x1135285f0 id=179 before_bytes=0 after_bytes=24848 used_bytes=1231908 live_reservations=18 attempts=179
fixture_lease event=drop owner=0x1135285f0 id=179 before_bytes=24848 after_bytes=0 used_bytes=1207060 live_reservations=17 attempts=179
fixture_lease event=drop owner=0x1135285f0 id=178 before_bytes=18648 after_bytes=0 used_bytes=1188412 live_reservations=16 attempts=179
fixture_lease event=installed owner=0x1135285f0 id=180 before_bytes=0 after_bytes=18648 used_bytes=1207060 live_reservations=17 attempts=180
fixture_lease event=installed owner=0x1135285f0 id=181 before_bytes=0 after_bytes=24848 used_bytes=1231908 live_reservations=18 attempts=181
fixture_lease event=drop owner=0x1135285f0 id=181 before_bytes=24848 after_bytes=0 used_bytes=1207060 live_reservations=17 attempts=181
fixture_lease event=drop owner=0x1135285f0 id=180 before_bytes=18648 after_bytes=0 used_bytes=1188412 live_reservations=16 attempts=181
fixture_lease event=installed owner=0x1135285f0 id=182 before_bytes=0 after_bytes=18648 used_bytes=1207060 live_reservations=17 attempts=182
fixture_lease event=installed owner=0x1135285f0 id=183 before_bytes=0 after_bytes=24848 used_bytes=1231908 live_reservations=18 attempts=183
fixture_lease event=drop owner=0x1135285f0 id=183 before_bytes=24848 after_bytes=0 used_bytes=1207060 live_reservations=17 attempts=183
fixture_lease event=drop owner=0x1135285f0 id=182 before_bytes=18648 after_bytes=0 used_bytes=1188412 live_reservations=16 attempts=183
fixture_lease event=installed owner=0x1135285f0 id=184 before_bytes=0 after_bytes=18648 used_bytes=1207060 live_reservations=17 attempts=184
fixture_lease event=installed owner=0x1135285f0 id=185 before_bytes=0 after_bytes=24848 used_bytes=1231908 live_reservations=18 attempts=185
fixture_lease event=drop owner=0x1135285f0 id=185 before_bytes=24848 after_bytes=0 used_bytes=1207060 live_reservations=17 attempts=185
fixture_lease event=drop owner=0x1135285f0 id=184 before_bytes=18648 after_bytes=0 used_bytes=1188412 live_reservations=16 attempts=185
fixture_lease event=installed owner=0x1135285f0 id=186 before_bytes=0 after_bytes=8466 used_bytes=1196878 live_reservations=17 attempts=186
fixture_lease event=drop owner=0x1135285f0 id=186 before_bytes=8466 after_bytes=0 used_bytes=1188412 live_reservations=16 attempts=186
fixture_lease event=installed owner=0x1135285f0 id=187 before_bytes=0 after_bytes=18648 used_bytes=1207060 live_reservations=17 attempts=187
fixture_lease event=installed owner=0x1135285f0 id=188 before_bytes=0 after_bytes=24848 used_bytes=1231908 live_reservations=18 attempts=188
fixture_lease event=drop owner=0x1135285f0 id=188 before_bytes=24848 after_bytes=0 used_bytes=1207060 live_reservations=17 attempts=188
fixture_lease event=drop owner=0x1135285f0 id=187 before_bytes=18648 after_bytes=0 used_bytes=1188412 live_reservations=16 attempts=188
fixture_lease event=installed owner=0x1135285f0 id=189 before_bytes=0 after_bytes=18648 used_bytes=1207060 live_reservations=17 attempts=189
fixture_lease event=installed owner=0x1135285f0 id=190 before_bytes=0 after_bytes=24848 used_bytes=1231908 live_reservations=18 attempts=190
fixture_lease event=drop owner=0x1135285f0 id=190 before_bytes=24848 after_bytes=0 used_bytes=1207060 live_reservations=17 attempts=190
fixture_lease event=drop owner=0x1135285f0 id=189 before_bytes=18648 after_bytes=0 used_bytes=1188412 live_reservations=16 attempts=190
fixture_lease event=installed owner=0x1135285f0 id=191 before_bytes=0 after_bytes=8614 used_bytes=1197026 live_reservations=17 attempts=191
fixture_lease event=drop owner=0x1135285f0 id=191 before_bytes=8614 after_bytes=0 used_bytes=1188412 live_reservations=16 attempts=191
fixture_lease event=drop owner=0x1135285f0 id=177 before_bytes=8608 after_bytes=0 used_bytes=1179804 live_reservations=15 attempts=191
fixture_lease event=drop owner=0x1135285f0 id=176 before_bytes=8488 after_bytes=0 used_bytes=1171316 live_reservations=14 attempts=191
fixture_lease event=installed owner=0x1135285f0 id=192 before_bytes=0 after_bytes=8488 used_bytes=1179804 live_reservations=15 attempts=192
fixture_lease event=installed owner=0x1135285f0 id=193 before_bytes=0 after_bytes=8608 used_bytes=1188412 live_reservations=16 attempts=193
fixture_lease event=installed owner=0x1135285f0 id=194 before_bytes=0 after_bytes=18648 used_bytes=1207060 live_reservations=17 attempts=194
fixture_lease event=installed owner=0x1135285f0 id=195 before_bytes=0 after_bytes=24848 used_bytes=1231908 live_reservations=18 attempts=195
fixture_lease event=drop owner=0x1135285f0 id=195 before_bytes=24848 after_bytes=0 used_bytes=1207060 live_reservations=17 attempts=195
fixture_lease event=drop owner=0x1135285f0 id=194 before_bytes=18648 after_bytes=0 used_bytes=1188412 live_reservations=16 attempts=195
fixture_lease event=installed owner=0x1135285f0 id=196 before_bytes=0 after_bytes=18648 used_bytes=1207060 live_reservations=17 attempts=196
fixture_lease event=installed owner=0x1135285f0 id=197 before_bytes=0 after_bytes=24848 used_bytes=1231908 live_reservations=18 attempts=197
fixture_lease event=drop owner=0x1135285f0 id=197 before_bytes=24848 after_bytes=0 used_bytes=1207060 live_reservations=17 attempts=197
fixture_lease event=drop owner=0x1135285f0 id=196 before_bytes=18648 after_bytes=0 used_bytes=1188412 live_reservations=16 attempts=197
fixture_lease event=installed owner=0x1135285f0 id=198 before_bytes=0 after_bytes=18648 used_bytes=1207060 live_reservations=17 attempts=198
fixture_lease event=installed owner=0x1135285f0 id=199 before_bytes=0 after_bytes=24848 used_bytes=1231908 live_reservations=18 attempts=199
fixture_lease event=drop owner=0x1135285f0 id=199 before_bytes=24848 after_bytes=0 used_bytes=1207060 live_reservations=17 attempts=199
fixture_lease event=drop owner=0x1135285f0 id=198 before_bytes=18648 after_bytes=0 used_bytes=1188412 live_reservations=16 attempts=199
fixture_lease event=installed owner=0x1135285f0 id=200 before_bytes=0 after_bytes=18648 used_bytes=1207060 live_reservations=17 attempts=200
fixture_lease event=installed owner=0x1135285f0 id=201 before_bytes=0 after_bytes=24848 used_bytes=1231908 live_reservations=18 attempts=201
fixture_lease event=drop owner=0x1135285f0 id=201 before_bytes=24848 after_bytes=0 used_bytes=1207060 live_reservations=17 attempts=201
fixture_lease event=drop owner=0x1135285f0 id=200 before_bytes=18648 after_bytes=0 used_bytes=1188412 live_reservations=16 attempts=201
fixture_lease event=installed owner=0x1135285f0 id=202 before_bytes=0 after_bytes=8466 used_bytes=1196878 live_reservations=17 attempts=202
fixture_lease event=drop owner=0x1135285f0 id=202 before_bytes=8466 after_bytes=0 used_bytes=1188412 live_reservations=16 attempts=202
fixture_lease event=installed owner=0x1135285f0 id=203 before_bytes=0 after_bytes=18648 used_bytes=1207060 live_reservations=17 attempts=203
fixture_lease event=installed owner=0x1135285f0 id=204 before_bytes=0 after_bytes=24848 used_bytes=1231908 live_reservations=18 attempts=204
fixture_lease event=drop owner=0x1135285f0 id=204 before_bytes=24848 after_bytes=0 used_bytes=1207060 live_reservations=17 attempts=204
fixture_lease event=drop owner=0x1135285f0 id=203 before_bytes=18648 after_bytes=0 used_bytes=1188412 live_reservations=16 attempts=204
fixture_lease event=installed owner=0x1135285f0 id=205 before_bytes=0 after_bytes=18648 used_bytes=1207060 live_reservations=17 attempts=205
fixture_lease event=installed owner=0x1135285f0 id=206 before_bytes=0 after_bytes=24848 used_bytes=1231908 live_reservations=18 attempts=206
fixture_lease event=drop owner=0x1135285f0 id=206 before_bytes=24848 after_bytes=0 used_bytes=1207060 live_reservations=17 attempts=206
fixture_lease event=drop owner=0x1135285f0 id=205 before_bytes=18648 after_bytes=0 used_bytes=1188412 live_reservations=16 attempts=206
fixture_lease event=installed owner=0x1135285f0 id=207 before_bytes=0 after_bytes=8614 used_bytes=1197026 live_reservations=17 attempts=207
fixture_lease event=drop owner=0x1135285f0 id=207 before_bytes=8614 after_bytes=0 used_bytes=1188412 live_reservations=16 attempts=207
fixture_lease event=drop owner=0x1135285f0 id=193 before_bytes=8608 after_bytes=0 used_bytes=1179804 live_reservations=15 attempts=207
fixture_lease event=drop owner=0x1135285f0 id=192 before_bytes=8488 after_bytes=0 used_bytes=1171316 live_reservations=14 attempts=207
fixture_lease event=installed owner=0x1135285f0 id=208 before_bytes=0 after_bytes=8488 used_bytes=1179804 live_reservations=15 attempts=208
fixture_lease event=installed owner=0x1135285f0 id=209 before_bytes=0 after_bytes=8608 used_bytes=1188412 live_reservations=16 attempts=209
fixture_lease event=installed owner=0x1135285f0 id=210 before_bytes=0 after_bytes=18648 used_bytes=1207060 live_reservations=17 attempts=210
fixture_lease event=installed owner=0x1135285f0 id=211 before_bytes=0 after_bytes=24848 used_bytes=1231908 live_reservations=18 attempts=211
fixture_lease event=drop owner=0x1135285f0 id=211 before_bytes=24848 after_bytes=0 used_bytes=1207060 live_reservations=17 attempts=211
fixture_lease event=drop owner=0x1135285f0 id=210 before_bytes=18648 after_bytes=0 used_bytes=1188412 live_reservations=16 attempts=211
fixture_lease event=installed owner=0x1135285f0 id=212 before_bytes=0 after_bytes=18648 used_bytes=1207060 live_reservations=17 attempts=212
fixture_lease event=installed owner=0x1135285f0 id=213 before_bytes=0 after_bytes=24848 used_bytes=1231908 live_reservations=18 attempts=213
fixture_lease event=drop owner=0x1135285f0 id=213 before_bytes=24848 after_bytes=0 used_bytes=1207060 live_reservations=17 attempts=213
fixture_lease event=drop owner=0x1135285f0 id=212 before_bytes=18648 after_bytes=0 used_bytes=1188412 live_reservations=16 attempts=213
fixture_lease event=installed owner=0x1135285f0 id=214 before_bytes=0 after_bytes=18648 used_bytes=1207060 live_reservations=17 attempts=214
fixture_lease event=installed owner=0x1135285f0 id=215 before_bytes=0 after_bytes=24848 used_bytes=1231908 live_reservations=18 attempts=215
fixture_lease event=drop owner=0x1135285f0 id=215 before_bytes=24848 after_bytes=0 used_bytes=1207060 live_reservations=17 attempts=215
fixture_lease event=drop owner=0x1135285f0 id=214 before_bytes=18648 after_bytes=0 used_bytes=1188412 live_reservations=16 attempts=215
fixture_lease event=installed owner=0x1135285f0 id=216 before_bytes=0 after_bytes=18648 used_bytes=1207060 live_reservations=17 attempts=216
fixture_lease event=installed owner=0x1135285f0 id=217 before_bytes=0 after_bytes=24848 used_bytes=1231908 live_reservations=18 attempts=217
fixture_lease event=drop owner=0x1135285f0 id=217 before_bytes=24848 after_bytes=0 used_bytes=1207060 live_reservations=17 attempts=217
fixture_lease event=drop owner=0x1135285f0 id=216 before_bytes=18648 after_bytes=0 used_bytes=1188412 live_reservations=16 attempts=217
fixture_lease event=installed owner=0x1135285f0 id=218 before_bytes=0 after_bytes=8466 used_bytes=1196878 live_reservations=17 attempts=218
fixture_lease event=drop owner=0x1135285f0 id=218 before_bytes=8466 after_bytes=0 used_bytes=1188412 live_reservations=16 attempts=218
fixture_lease event=installed owner=0x1135285f0 id=219 before_bytes=0 after_bytes=18648 used_bytes=1207060 live_reservations=17 attempts=219
fixture_lease event=installed owner=0x1135285f0 id=220 before_bytes=0 after_bytes=24848 used_bytes=1231908 live_reservations=18 attempts=220
fixture_lease event=drop owner=0x1135285f0 id=220 before_bytes=24848 after_bytes=0 used_bytes=1207060 live_reservations=17 attempts=220
fixture_lease event=drop owner=0x1135285f0 id=219 before_bytes=18648 after_bytes=0 used_bytes=1188412 live_reservations=16 attempts=220
fixture_lease event=installed owner=0x1135285f0 id=221 before_bytes=0 after_bytes=18648 used_bytes=1207060 live_reservations=17 attempts=221
fixture_lease event=installed owner=0x1135285f0 id=222 before_bytes=0 after_bytes=24848 used_bytes=1231908 live_reservations=18 attempts=222
fixture_lease event=drop owner=0x1135285f0 id=222 before_bytes=24848 after_bytes=0 used_bytes=1207060 live_reservations=17 attempts=222
fixture_lease event=drop owner=0x1135285f0 id=221 before_bytes=18648 after_bytes=0 used_bytes=1188412 live_reservations=16 attempts=222
fixture_lease event=installed owner=0x1135285f0 id=223 before_bytes=0 after_bytes=8614 used_bytes=1197026 live_reservations=17 attempts=223
fixture_lease event=drop owner=0x1135285f0 id=223 before_bytes=8614 after_bytes=0 used_bytes=1188412 live_reservations=16 attempts=223
fixture_lease event=drop owner=0x1135285f0 id=209 before_bytes=8608 after_bytes=0 used_bytes=1179804 live_reservations=15 attempts=223
fixture_lease event=drop owner=0x1135285f0 id=208 before_bytes=8488 after_bytes=0 used_bytes=1171316 live_reservations=14 attempts=223
fixture_lease event=installed owner=0x1135285f0 id=224 before_bytes=0 after_bytes=8488 used_bytes=1179804 live_reservations=15 attempts=224
fixture_lease event=installed owner=0x1135285f0 id=225 before_bytes=0 after_bytes=8608 used_bytes=1188412 live_reservations=16 attempts=225
fixture_lease event=installed owner=0x1135285f0 id=226 before_bytes=0 after_bytes=18648 used_bytes=1207060 live_reservations=17 attempts=226
fixture_lease event=installed owner=0x1135285f0 id=227 before_bytes=0 after_bytes=24848 used_bytes=1231908 live_reservations=18 attempts=227
fixture_lease event=drop owner=0x1135285f0 id=227 before_bytes=24848 after_bytes=0 used_bytes=1207060 live_reservations=17 attempts=227
fixture_lease event=drop owner=0x1135285f0 id=226 before_bytes=18648 after_bytes=0 used_bytes=1188412 live_reservations=16 attempts=227
fixture_lease event=installed owner=0x1135285f0 id=228 before_bytes=0 after_bytes=18648 used_bytes=1207060 live_reservations=17 attempts=228
fixture_lease event=installed owner=0x1135285f0 id=229 before_bytes=0 after_bytes=24848 used_bytes=1231908 live_reservations=18 attempts=229
fixture_lease event=drop owner=0x1135285f0 id=229 before_bytes=24848 after_bytes=0 used_bytes=1207060 live_reservations=17 attempts=229
fixture_lease event=drop owner=0x1135285f0 id=228 before_bytes=18648 after_bytes=0 used_bytes=1188412 live_reservations=16 attempts=229
fixture_lease event=installed owner=0x1135285f0 id=230 before_bytes=0 after_bytes=18648 used_bytes=1207060 live_reservations=17 attempts=230
fixture_lease event=installed owner=0x1135285f0 id=231 before_bytes=0 after_bytes=24848 used_bytes=1231908 live_reservations=18 attempts=231
fixture_lease event=drop owner=0x1135285f0 id=231 before_bytes=24848 after_bytes=0 used_bytes=1207060 live_reservations=17 attempts=231
fixture_lease event=drop owner=0x1135285f0 id=230 before_bytes=18648 after_bytes=0 used_bytes=1188412 live_reservations=16 attempts=231
fixture_lease event=installed owner=0x1135285f0 id=232 before_bytes=0 after_bytes=18648 used_bytes=1207060 live_reservations=17 attempts=232
fixture_lease event=installed owner=0x1135285f0 id=233 before_bytes=0 after_bytes=24848 used_bytes=1231908 live_reservations=18 attempts=233
fixture_lease event=drop owner=0x1135285f0 id=233 before_bytes=24848 after_bytes=0 used_bytes=1207060 live_reservations=17 attempts=233
fixture_lease event=drop owner=0x1135285f0 id=232 before_bytes=18648 after_bytes=0 used_bytes=1188412 live_reservations=16 attempts=233
fixture_lease event=installed owner=0x1135285f0 id=234 before_bytes=0 after_bytes=8466 used_bytes=1196878 live_reservations=17 attempts=234
fixture_lease event=drop owner=0x1135285f0 id=234 before_bytes=8466 after_bytes=0 used_bytes=1188412 live_reservations=16 attempts=234
fixture_lease event=installed owner=0x1135285f0 id=235 before_bytes=0 after_bytes=18648 used_bytes=1207060 live_reservations=17 attempts=235
fixture_lease event=installed owner=0x1135285f0 id=236 before_bytes=0 after_bytes=24848 used_bytes=1231908 live_reservations=18 attempts=236
fixture_lease event=drop owner=0x1135285f0 id=236 before_bytes=24848 after_bytes=0 used_bytes=1207060 live_reservations=17 attempts=236
fixture_lease event=drop owner=0x1135285f0 id=235 before_bytes=18648 after_bytes=0 used_bytes=1188412 live_reservations=16 attempts=236
fixture_lease event=installed owner=0x1135285f0 id=237 before_bytes=0 after_bytes=18648 used_bytes=1207060 live_reservations=17 attempts=237
fixture_lease event=installed owner=0x1135285f0 id=238 before_bytes=0 after_bytes=24848 used_bytes=1231908 live_reservations=18 attempts=238
fixture_lease event=drop owner=0x1135285f0 id=238 before_bytes=24848 after_bytes=0 used_bytes=1207060 live_reservations=17 attempts=238
fixture_lease event=drop owner=0x1135285f0 id=237 before_bytes=18648 after_bytes=0 used_bytes=1188412 live_reservations=16 attempts=238
fixture_lease event=installed owner=0x1135285f0 id=239 before_bytes=0 after_bytes=9116 used_bytes=1197528 live_reservations=17 attempts=239
fixture_lease event=drop owner=0x1135285f0 id=239 before_bytes=9116 after_bytes=0 used_bytes=1188412 live_reservations=16 attempts=239
fixture_lease event=drop owner=0x1135285f0 id=225 before_bytes=8608 after_bytes=0 used_bytes=1179804 live_reservations=15 attempts=239
fixture_lease event=drop owner=0x1135285f0 id=224 before_bytes=8488 after_bytes=0 used_bytes=1171316 live_reservations=14 attempts=239
fixture_lease event=installed owner=0x1135285f0 id=240 before_bytes=0 after_bytes=8488 used_bytes=1179804 live_reservations=15 attempts=240
fixture_lease event=installed owner=0x1135285f0 id=241 before_bytes=0 after_bytes=8608 used_bytes=1188412 live_reservations=16 attempts=241
fixture_lease event=installed owner=0x1135285f0 id=242 before_bytes=0 after_bytes=18648 used_bytes=1207060 live_reservations=17 attempts=242
fixture_lease event=installed owner=0x1135285f0 id=243 before_bytes=0 after_bytes=24848 used_bytes=1231908 live_reservations=18 attempts=243
fixture_lease event=drop owner=0x1135285f0 id=243 before_bytes=24848 after_bytes=0 used_bytes=1207060 live_reservations=17 attempts=243
fixture_lease event=drop owner=0x1135285f0 id=242 before_bytes=18648 after_bytes=0 used_bytes=1188412 live_reservations=16 attempts=243
fixture_lease event=installed owner=0x1135285f0 id=244 before_bytes=0 after_bytes=18648 used_bytes=1207060 live_reservations=17 attempts=244
fixture_lease event=installed owner=0x1135285f0 id=245 before_bytes=0 after_bytes=24848 used_bytes=1231908 live_reservations=18 attempts=245
fixture_lease event=drop owner=0x1135285f0 id=245 before_bytes=24848 after_bytes=0 used_bytes=1207060 live_reservations=17 attempts=245
fixture_lease event=drop owner=0x1135285f0 id=244 before_bytes=18648 after_bytes=0 used_bytes=1188412 live_reservations=16 attempts=245
fixture_lease event=installed owner=0x1135285f0 id=246 before_bytes=0 after_bytes=18648 used_bytes=1207060 live_reservations=17 attempts=246
fixture_lease event=installed owner=0x1135285f0 id=247 before_bytes=0 after_bytes=24848 used_bytes=1231908 live_reservations=18 attempts=247
fixture_lease event=drop owner=0x1135285f0 id=247 before_bytes=24848 after_bytes=0 used_bytes=1207060 live_reservations=17 attempts=247
fixture_lease event=drop owner=0x1135285f0 id=246 before_bytes=18648 after_bytes=0 used_bytes=1188412 live_reservations=16 attempts=247
fixture_lease event=installed owner=0x1135285f0 id=248 before_bytes=0 after_bytes=18648 used_bytes=1207060 live_reservations=17 attempts=248
fixture_lease event=installed owner=0x1135285f0 id=249 before_bytes=0 after_bytes=24848 used_bytes=1231908 live_reservations=18 attempts=249
fixture_lease event=drop owner=0x1135285f0 id=249 before_bytes=24848 after_bytes=0 used_bytes=1207060 live_reservations=17 attempts=249
fixture_lease event=drop owner=0x1135285f0 id=248 before_bytes=18648 after_bytes=0 used_bytes=1188412 live_reservations=16 attempts=249
fixture_lease event=installed owner=0x1135285f0 id=250 before_bytes=0 after_bytes=8466 used_bytes=1196878 live_reservations=17 attempts=250
fixture_lease event=drop owner=0x1135285f0 id=250 before_bytes=8466 after_bytes=0 used_bytes=1188412 live_reservations=16 attempts=250
fixture_lease event=installed owner=0x1135285f0 id=251 before_bytes=0 after_bytes=18648 used_bytes=1207060 live_reservations=17 attempts=251
fixture_lease event=installed owner=0x1135285f0 id=252 before_bytes=0 after_bytes=24848 used_bytes=1231908 live_reservations=18 attempts=252
fixture_lease event=drop owner=0x1135285f0 id=252 before_bytes=24848 after_bytes=0 used_bytes=1207060 live_reservations=17 attempts=252
fixture_lease event=drop owner=0x1135285f0 id=251 before_bytes=18648 after_bytes=0 used_bytes=1188412 live_reservations=16 attempts=252
fixture_lease event=installed owner=0x1135285f0 id=253 before_bytes=0 after_bytes=18648 used_bytes=1207060 live_reservations=17 attempts=253
fixture_lease event=installed owner=0x1135285f0 id=254 before_bytes=0 after_bytes=24848 used_bytes=1231908 live_reservations=18 attempts=254
fixture_lease event=drop owner=0x1135285f0 id=254 before_bytes=24848 after_bytes=0 used_bytes=1207060 live_reservations=17 attempts=254
fixture_lease event=drop owner=0x1135285f0 id=253 before_bytes=18648 after_bytes=0 used_bytes=1188412 live_reservations=16 attempts=254
fixture_lease event=installed owner=0x1135285f0 id=255 before_bytes=0 after_bytes=8614 used_bytes=1197026 live_reservations=17 attempts=255
fixture_lease event=drop owner=0x1135285f0 id=255 before_bytes=8614 after_bytes=0 used_bytes=1188412 live_reservations=16 attempts=255
fixture_lease event=drop owner=0x1135285f0 id=241 before_bytes=8608 after_bytes=0 used_bytes=1179804 live_reservations=15 attempts=255
fixture_lease event=drop owner=0x1135285f0 id=240 before_bytes=8488 after_bytes=0 used_bytes=1171316 live_reservations=14 attempts=255
fixture_lease event=installed owner=0x1135285f0 id=256 before_bytes=0 after_bytes=8488 used_bytes=1179804 live_reservations=15 attempts=256
fixture_lease event=installed owner=0x1135285f0 id=257 before_bytes=0 after_bytes=8608 used_bytes=1188412 live_reservations=16 attempts=257
fixture_lease event=installed owner=0x1135285f0 id=258 before_bytes=0 after_bytes=18648 used_bytes=1207060 live_reservations=17 attempts=258
fixture_lease event=installed owner=0x1135285f0 id=259 before_bytes=0 after_bytes=24848 used_bytes=1231908 live_reservations=18 attempts=259
fixture_lease event=drop owner=0x1135285f0 id=259 before_bytes=24848 after_bytes=0 used_bytes=1207060 live_reservations=17 attempts=259
fixture_lease event=drop owner=0x1135285f0 id=258 before_bytes=18648 after_bytes=0 used_bytes=1188412 live_reservations=16 attempts=259
fixture_lease event=installed owner=0x1135285f0 id=260 before_bytes=0 after_bytes=18648 used_bytes=1207060 live_reservations=17 attempts=260
fixture_lease event=installed owner=0x1135285f0 id=261 before_bytes=0 after_bytes=24848 used_bytes=1231908 live_reservations=18 attempts=261
fixture_lease event=drop owner=0x1135285f0 id=261 before_bytes=24848 after_bytes=0 used_bytes=1207060 live_reservations=17 attempts=261
fixture_lease event=drop owner=0x1135285f0 id=260 before_bytes=18648 after_bytes=0 used_bytes=1188412 live_reservations=16 attempts=261
fixture_lease event=installed owner=0x1135285f0 id=262 before_bytes=0 after_bytes=18648 used_bytes=1207060 live_reservations=17 attempts=262
fixture_lease event=installed owner=0x1135285f0 id=263 before_bytes=0 after_bytes=24848 used_bytes=1231908 live_reservations=18 attempts=263
fixture_lease event=drop owner=0x1135285f0 id=263 before_bytes=24848 after_bytes=0 used_bytes=1207060 live_reservations=17 attempts=263
fixture_lease event=drop owner=0x1135285f0 id=262 before_bytes=18648 after_bytes=0 used_bytes=1188412 live_reservations=16 attempts=263
fixture_lease event=installed owner=0x1135285f0 id=264 before_bytes=0 after_bytes=18648 used_bytes=1207060 live_reservations=17 attempts=264
fixture_lease event=installed owner=0x1135285f0 id=265 before_bytes=0 after_bytes=24848 used_bytes=1231908 live_reservations=18 attempts=265
fixture_lease event=drop owner=0x1135285f0 id=265 before_bytes=24848 after_bytes=0 used_bytes=1207060 live_reservations=17 attempts=265
fixture_lease event=drop owner=0x1135285f0 id=264 before_bytes=18648 after_bytes=0 used_bytes=1188412 live_reservations=16 attempts=265
fixture_lease event=installed owner=0x1135285f0 id=266 before_bytes=0 after_bytes=8466 used_bytes=1196878 live_reservations=17 attempts=266
fixture_lease event=drop owner=0x1135285f0 id=266 before_bytes=8466 after_bytes=0 used_bytes=1188412 live_reservations=16 attempts=266
fixture_lease event=installed owner=0x1135285f0 id=267 before_bytes=0 after_bytes=18648 used_bytes=1207060 live_reservations=17 attempts=267
fixture_lease event=installed owner=0x1135285f0 id=268 before_bytes=0 after_bytes=24848 used_bytes=1231908 live_reservations=18 attempts=268
fixture_lease event=drop owner=0x1135285f0 id=268 before_bytes=24848 after_bytes=0 used_bytes=1207060 live_reservations=17 attempts=268
fixture_lease event=drop owner=0x1135285f0 id=267 before_bytes=18648 after_bytes=0 used_bytes=1188412 live_reservations=16 attempts=268
fixture_lease event=installed owner=0x1135285f0 id=269 before_bytes=0 after_bytes=18648 used_bytes=1207060 live_reservations=17 attempts=269
fixture_lease event=installed owner=0x1135285f0 id=270 before_bytes=0 after_bytes=24848 used_bytes=1231908 live_reservations=18 attempts=270
fixture_lease event=drop owner=0x1135285f0 id=270 before_bytes=24848 after_bytes=0 used_bytes=1207060 live_reservations=17 attempts=270
fixture_lease event=drop owner=0x1135285f0 id=269 before_bytes=18648 after_bytes=0 used_bytes=1188412 live_reservations=16 attempts=270
fixture_lease event=installed owner=0x1135285f0 id=271 before_bytes=0 after_bytes=8614 used_bytes=1197026 live_reservations=17 attempts=271
fixture_lease event=drop owner=0x1135285f0 id=271 before_bytes=8614 after_bytes=0 used_bytes=1188412 live_reservations=16 attempts=271
fixture_lease event=drop owner=0x1135285f0 id=257 before_bytes=8608 after_bytes=0 used_bytes=1179804 live_reservations=15 attempts=271
fixture_lease event=drop owner=0x1135285f0 id=256 before_bytes=8488 after_bytes=0 used_bytes=1171316 live_reservations=14 attempts=271
fixture_lease event=installed owner=0x1135285f0 id=272 before_bytes=0 after_bytes=8488 used_bytes=1179804 live_reservations=15 attempts=272
fixture_lease event=installed owner=0x1135285f0 id=273 before_bytes=0 after_bytes=8608 used_bytes=1188412 live_reservations=16 attempts=273
fixture_lease event=installed owner=0x1135285f0 id=274 before_bytes=0 after_bytes=18648 used_bytes=1207060 live_reservations=17 attempts=274
fixture_lease event=installed owner=0x1135285f0 id=275 before_bytes=0 after_bytes=24848 used_bytes=1231908 live_reservations=18 attempts=275
fixture_lease event=drop owner=0x1135285f0 id=275 before_bytes=24848 after_bytes=0 used_bytes=1207060 live_reservations=17 attempts=275
fixture_lease event=drop owner=0x1135285f0 id=274 before_bytes=18648 after_bytes=0 used_bytes=1188412 live_reservations=16 attempts=275
fixture_lease event=installed owner=0x1135285f0 id=276 before_bytes=0 after_bytes=18648 used_bytes=1207060 live_reservations=17 attempts=276
fixture_lease event=installed owner=0x1135285f0 id=277 before_bytes=0 after_bytes=24848 used_bytes=1231908 live_reservations=18 attempts=277
fixture_lease event=drop owner=0x1135285f0 id=277 before_bytes=24848 after_bytes=0 used_bytes=1207060 live_reservations=17 attempts=277
fixture_lease event=drop owner=0x1135285f0 id=276 before_bytes=18648 after_bytes=0 used_bytes=1188412 live_reservations=16 attempts=277
fixture_lease event=installed owner=0x1135285f0 id=278 before_bytes=0 after_bytes=18648 used_bytes=1207060 live_reservations=17 attempts=278
fixture_lease event=installed owner=0x1135285f0 id=279 before_bytes=0 after_bytes=24848 used_bytes=1231908 live_reservations=18 attempts=279
fixture_lease event=drop owner=0x1135285f0 id=279 before_bytes=24848 after_bytes=0 used_bytes=1207060 live_reservations=17 attempts=279
fixture_lease event=drop owner=0x1135285f0 id=278 before_bytes=18648 after_bytes=0 used_bytes=1188412 live_reservations=16 attempts=279
fixture_lease event=installed owner=0x1135285f0 id=280 before_bytes=0 after_bytes=18648 used_bytes=1207060 live_reservations=17 attempts=280
fixture_lease event=installed owner=0x1135285f0 id=281 before_bytes=0 after_bytes=24848 used_bytes=1231908 live_reservations=18 attempts=281
fixture_lease event=drop owner=0x1135285f0 id=281 before_bytes=24848 after_bytes=0 used_bytes=1207060 live_reservations=17 attempts=281
fixture_lease event=drop owner=0x1135285f0 id=280 before_bytes=18648 after_bytes=0 used_bytes=1188412 live_reservations=16 attempts=281
fixture_lease event=installed owner=0x1135285f0 id=282 before_bytes=0 after_bytes=8466 used_bytes=1196878 live_reservations=17 attempts=282
fixture_lease event=drop owner=0x1135285f0 id=282 before_bytes=8466 after_bytes=0 used_bytes=1188412 live_reservations=16 attempts=282
fixture_lease event=installed owner=0x1135285f0 id=283 before_bytes=0 after_bytes=18648 used_bytes=1207060 live_reservations=17 attempts=283
fixture_lease event=installed owner=0x1135285f0 id=284 before_bytes=0 after_bytes=24848 used_bytes=1231908 live_reservations=18 attempts=284
fixture_lease event=drop owner=0x1135285f0 id=284 before_bytes=24848 after_bytes=0 used_bytes=1207060 live_reservations=17 attempts=284
fixture_lease event=drop owner=0x1135285f0 id=283 before_bytes=18648 after_bytes=0 used_bytes=1188412 live_reservations=16 attempts=284
fixture_lease event=installed owner=0x1135285f0 id=285 before_bytes=0 after_bytes=18648 used_bytes=1207060 live_reservations=17 attempts=285
fixture_lease event=installed owner=0x1135285f0 id=286 before_bytes=0 after_bytes=24848 used_bytes=1231908 live_reservations=18 attempts=286
fixture_lease event=drop owner=0x1135285f0 id=286 before_bytes=24848 after_bytes=0 used_bytes=1207060 live_reservations=17 attempts=286
fixture_lease event=drop owner=0x1135285f0 id=285 before_bytes=18648 after_bytes=0 used_bytes=1188412 live_reservations=16 attempts=286
fixture_lease event=installed owner=0x1135285f0 id=287 before_bytes=0 after_bytes=8614 used_bytes=1197026 live_reservations=17 attempts=287
fixture_lease event=drop owner=0x1135285f0 id=287 before_bytes=8614 after_bytes=0 used_bytes=1188412 live_reservations=16 attempts=287
fixture_lease event=drop owner=0x1135285f0 id=273 before_bytes=8608 after_bytes=0 used_bytes=1179804 live_reservations=15 attempts=287
fixture_lease event=drop owner=0x1135285f0 id=272 before_bytes=8488 after_bytes=0 used_bytes=1171316 live_reservations=14 attempts=287
fixture_lease event=installed owner=0x1135285f0 id=288 before_bytes=0 after_bytes=8488 used_bytes=1179804 live_reservations=15 attempts=288
fixture_lease event=installed owner=0x1135285f0 id=289 before_bytes=0 after_bytes=8608 used_bytes=1188412 live_reservations=16 attempts=289
fixture_lease event=installed owner=0x1135285f0 id=290 before_bytes=0 after_bytes=18648 used_bytes=1207060 live_reservations=17 attempts=290
fixture_lease event=installed owner=0x1135285f0 id=291 before_bytes=0 after_bytes=24848 used_bytes=1231908 live_reservations=18 attempts=291
fixture_lease event=drop owner=0x1135285f0 id=291 before_bytes=24848 after_bytes=0 used_bytes=1207060 live_reservations=17 attempts=291
fixture_lease event=drop owner=0x1135285f0 id=290 before_bytes=18648 after_bytes=0 used_bytes=1188412 live_reservations=16 attempts=291
fixture_lease event=installed owner=0x1135285f0 id=292 before_bytes=0 after_bytes=18648 used_bytes=1207060 live_reservations=17 attempts=292
fixture_lease event=installed owner=0x1135285f0 id=293 before_bytes=0 after_bytes=24848 used_bytes=1231908 live_reservations=18 attempts=293
fixture_lease event=drop owner=0x1135285f0 id=293 before_bytes=24848 after_bytes=0 used_bytes=1207060 live_reservations=17 attempts=293
fixture_lease event=drop owner=0x1135285f0 id=292 before_bytes=18648 after_bytes=0 used_bytes=1188412 live_reservations=16 attempts=293
fixture_lease event=installed owner=0x1135285f0 id=294 before_bytes=0 after_bytes=18648 used_bytes=1207060 live_reservations=17 attempts=294
fixture_lease event=installed owner=0x1135285f0 id=295 before_bytes=0 after_bytes=24848 used_bytes=1231908 live_reservations=18 attempts=295
fixture_lease event=drop owner=0x1135285f0 id=295 before_bytes=24848 after_bytes=0 used_bytes=1207060 live_reservations=17 attempts=295
fixture_lease event=drop owner=0x1135285f0 id=294 before_bytes=18648 after_bytes=0 used_bytes=1188412 live_reservations=16 attempts=295
fixture_lease event=installed owner=0x1135285f0 id=296 before_bytes=0 after_bytes=18648 used_bytes=1207060 live_reservations=17 attempts=296
fixture_lease event=installed owner=0x1135285f0 id=297 before_bytes=0 after_bytes=24848 used_bytes=1231908 live_reservations=18 attempts=297
fixture_lease event=drop owner=0x1135285f0 id=297 before_bytes=24848 after_bytes=0 used_bytes=1207060 live_reservations=17 attempts=297
fixture_lease event=drop owner=0x1135285f0 id=296 before_bytes=18648 after_bytes=0 used_bytes=1188412 live_reservations=16 attempts=297
fixture_lease event=installed owner=0x1135285f0 id=298 before_bytes=0 after_bytes=8466 used_bytes=1196878 live_reservations=17 attempts=298
fixture_lease event=drop owner=0x1135285f0 id=298 before_bytes=8466 after_bytes=0 used_bytes=1188412 live_reservations=16 attempts=298
fixture_lease event=installed owner=0x1135285f0 id=299 before_bytes=0 after_bytes=18648 used_bytes=1207060 live_reservations=17 attempts=299
fixture_lease event=installed owner=0x1135285f0 id=300 before_bytes=0 after_bytes=24848 used_bytes=1231908 live_reservations=18 attempts=300
fixture_lease event=drop owner=0x1135285f0 id=300 before_bytes=24848 after_bytes=0 used_bytes=1207060 live_reservations=17 attempts=300
fixture_lease event=drop owner=0x1135285f0 id=299 before_bytes=18648 after_bytes=0 used_bytes=1188412 live_reservations=16 attempts=300
fixture_lease event=installed owner=0x1135285f0 id=301 before_bytes=0 after_bytes=18648 used_bytes=1207060 live_reservations=17 attempts=301
fixture_lease event=installed owner=0x1135285f0 id=302 before_bytes=0 after_bytes=24848 used_bytes=1231908 live_reservations=18 attempts=302
fixture_lease event=drop owner=0x1135285f0 id=302 before_bytes=24848 after_bytes=0 used_bytes=1207060 live_reservations=17 attempts=302
fixture_lease event=drop owner=0x1135285f0 id=301 before_bytes=18648 after_bytes=0 used_bytes=1188412 live_reservations=16 attempts=302
fixture_lease event=installed owner=0x1135285f0 id=303 before_bytes=0 after_bytes=8614 used_bytes=1197026 live_reservations=17 attempts=303
fixture_lease event=drop owner=0x1135285f0 id=303 before_bytes=8614 after_bytes=0 used_bytes=1188412 live_reservations=16 attempts=303
fixture_lease event=drop owner=0x1135285f0 id=289 before_bytes=8608 after_bytes=0 used_bytes=1179804 live_reservations=15 attempts=303
fixture_lease event=drop owner=0x1135285f0 id=288 before_bytes=8488 after_bytes=0 used_bytes=1171316 live_reservations=14 attempts=303
fixture_lease event=installed owner=0x1135285f0 id=304 before_bytes=0 after_bytes=8488 used_bytes=1179804 live_reservations=15 attempts=304
fixture_lease event=installed owner=0x1135285f0 id=305 before_bytes=0 after_bytes=8608 used_bytes=1188412 live_reservations=16 attempts=305
fixture_lease event=installed owner=0x1135285f0 id=306 before_bytes=0 after_bytes=18648 used_bytes=1207060 live_reservations=17 attempts=306
fixture_lease event=installed owner=0x1135285f0 id=307 before_bytes=0 after_bytes=24848 used_bytes=1231908 live_reservations=18 attempts=307
fixture_lease event=drop owner=0x1135285f0 id=307 before_bytes=24848 after_bytes=0 used_bytes=1207060 live_reservations=17 attempts=307
fixture_lease event=drop owner=0x1135285f0 id=306 before_bytes=18648 after_bytes=0 used_bytes=1188412 live_reservations=16 attempts=307
fixture_lease event=installed owner=0x1135285f0 id=308 before_bytes=0 after_bytes=18648 used_bytes=1207060 live_reservations=17 attempts=308
fixture_lease event=installed owner=0x1135285f0 id=309 before_bytes=0 after_bytes=24848 used_bytes=1231908 live_reservations=18 attempts=309
fixture_lease event=drop owner=0x1135285f0 id=309 before_bytes=24848 after_bytes=0 used_bytes=1207060 live_reservations=17 attempts=309
fixture_lease event=drop owner=0x1135285f0 id=308 before_bytes=18648 after_bytes=0 used_bytes=1188412 live_reservations=16 attempts=309
fixture_lease event=installed owner=0x1135285f0 id=310 before_bytes=0 after_bytes=18648 used_bytes=1207060 live_reservations=17 attempts=310
fixture_lease event=installed owner=0x1135285f0 id=311 before_bytes=0 after_bytes=24848 used_bytes=1231908 live_reservations=18 attempts=311
fixture_lease event=drop owner=0x1135285f0 id=311 before_bytes=24848 after_bytes=0 used_bytes=1207060 live_reservations=17 attempts=311
fixture_lease event=drop owner=0x1135285f0 id=310 before_bytes=18648 after_bytes=0 used_bytes=1188412 live_reservations=16 attempts=311
fixture_lease event=installed owner=0x1135285f0 id=312 before_bytes=0 after_bytes=18648 used_bytes=1207060 live_reservations=17 attempts=312
fixture_lease event=installed owner=0x1135285f0 id=313 before_bytes=0 after_bytes=24848 used_bytes=1231908 live_reservations=18 attempts=313
fixture_lease event=drop owner=0x1135285f0 id=313 before_bytes=24848 after_bytes=0 used_bytes=1207060 live_reservations=17 attempts=313
fixture_lease event=drop owner=0x1135285f0 id=312 before_bytes=18648 after_bytes=0 used_bytes=1188412 live_reservations=16 attempts=313
fixture_lease event=installed owner=0x1135285f0 id=314 before_bytes=0 after_bytes=8466 used_bytes=1196878 live_reservations=17 attempts=314
fixture_lease event=drop owner=0x1135285f0 id=314 before_bytes=8466 after_bytes=0 used_bytes=1188412 live_reservations=16 attempts=314
fixture_lease event=installed owner=0x1135285f0 id=315 before_bytes=0 after_bytes=18648 used_bytes=1207060 live_reservations=17 attempts=315
fixture_lease event=installed owner=0x1135285f0 id=316 before_bytes=0 after_bytes=24848 used_bytes=1231908 live_reservations=18 attempts=316
fixture_lease event=drop owner=0x1135285f0 id=316 before_bytes=24848 after_bytes=0 used_bytes=1207060 live_reservations=17 attempts=316
fixture_lease event=drop owner=0x1135285f0 id=315 before_bytes=18648 after_bytes=0 used_bytes=1188412 live_reservations=16 attempts=316
fixture_lease event=installed owner=0x1135285f0 id=317 before_bytes=0 after_bytes=18648 used_bytes=1207060 live_reservations=17 attempts=317
fixture_lease event=installed owner=0x1135285f0 id=318 before_bytes=0 after_bytes=24848 used_bytes=1231908 live_reservations=18 attempts=318
fixture_lease event=drop owner=0x1135285f0 id=318 before_bytes=24848 after_bytes=0 used_bytes=1207060 live_reservations=17 attempts=318
fixture_lease event=drop owner=0x1135285f0 id=317 before_bytes=18648 after_bytes=0 used_bytes=1188412 live_reservations=16 attempts=318
fixture_lease event=installed owner=0x1135285f0 id=319 before_bytes=0 after_bytes=9116 used_bytes=1197528 live_reservations=17 attempts=319
fixture_lease event=drop owner=0x1135285f0 id=319 before_bytes=9116 after_bytes=0 used_bytes=1188412 live_reservations=16 attempts=319
fixture_lease event=drop owner=0x1135285f0 id=305 before_bytes=8608 after_bytes=0 used_bytes=1179804 live_reservations=15 attempts=319
fixture_lease event=drop owner=0x1135285f0 id=304 before_bytes=8488 after_bytes=0 used_bytes=1171316 live_reservations=14 attempts=319
fixture_lease event=installed owner=0x1135285f0 id=320 before_bytes=0 after_bytes=8488 used_bytes=1179804 live_reservations=15 attempts=320
fixture_lease event=installed owner=0x1135285f0 id=321 before_bytes=0 after_bytes=8608 used_bytes=1188412 live_reservations=16 attempts=321
fixture_lease event=installed owner=0x1135285f0 id=322 before_bytes=0 after_bytes=18648 used_bytes=1207060 live_reservations=17 attempts=322
fixture_lease event=installed owner=0x1135285f0 id=323 before_bytes=0 after_bytes=24848 used_bytes=1231908 live_reservations=18 attempts=323
fixture_lease event=drop owner=0x1135285f0 id=323 before_bytes=24848 after_bytes=0 used_bytes=1207060 live_reservations=17 attempts=323
fixture_lease event=drop owner=0x1135285f0 id=322 before_bytes=18648 after_bytes=0 used_bytes=1188412 live_reservations=16 attempts=323
fixture_lease event=installed owner=0x1135285f0 id=324 before_bytes=0 after_bytes=18648 used_bytes=1207060 live_reservations=17 attempts=324
fixture_lease event=installed owner=0x1135285f0 id=325 before_bytes=0 after_bytes=24848 used_bytes=1231908 live_reservations=18 attempts=325
fixture_lease event=drop owner=0x1135285f0 id=325 before_bytes=24848 after_bytes=0 used_bytes=1207060 live_reservations=17 attempts=325
fixture_lease event=drop owner=0x1135285f0 id=324 before_bytes=18648 after_bytes=0 used_bytes=1188412 live_reservations=16 attempts=325
fixture_lease event=installed owner=0x1135285f0 id=326 before_bytes=0 after_bytes=18648 used_bytes=1207060 live_reservations=17 attempts=326
fixture_lease event=installed owner=0x1135285f0 id=327 before_bytes=0 after_bytes=24848 used_bytes=1231908 live_reservations=18 attempts=327
fixture_lease event=drop owner=0x1135285f0 id=327 before_bytes=24848 after_bytes=0 used_bytes=1207060 live_reservations=17 attempts=327
fixture_lease event=drop owner=0x1135285f0 id=326 before_bytes=18648 after_bytes=0 used_bytes=1188412 live_reservations=16 attempts=327
fixture_lease event=installed owner=0x1135285f0 id=328 before_bytes=0 after_bytes=18648 used_bytes=1207060 live_reservations=17 attempts=328
fixture_lease event=installed owner=0x1135285f0 id=329 before_bytes=0 after_bytes=24848 used_bytes=1231908 live_reservations=18 attempts=329
fixture_lease event=drop owner=0x1135285f0 id=329 before_bytes=24848 after_bytes=0 used_bytes=1207060 live_reservations=17 attempts=329
fixture_lease event=drop owner=0x1135285f0 id=328 before_bytes=18648 after_bytes=0 used_bytes=1188412 live_reservations=16 attempts=329
fixture_lease event=installed owner=0x1135285f0 id=330 before_bytes=0 after_bytes=8466 used_bytes=1196878 live_reservations=17 attempts=330
fixture_lease event=drop owner=0x1135285f0 id=330 before_bytes=8466 after_bytes=0 used_bytes=1188412 live_reservations=16 attempts=330
fixture_lease event=installed owner=0x1135285f0 id=331 before_bytes=0 after_bytes=18648 used_bytes=1207060 live_reservations=17 attempts=331
fixture_lease event=installed owner=0x1135285f0 id=332 before_bytes=0 after_bytes=24848 used_bytes=1231908 live_reservations=18 attempts=332
fixture_lease event=drop owner=0x1135285f0 id=332 before_bytes=24848 after_bytes=0 used_bytes=1207060 live_reservations=17 attempts=332
fixture_lease event=drop owner=0x1135285f0 id=331 before_bytes=18648 after_bytes=0 used_bytes=1188412 live_reservations=16 attempts=332
fixture_lease event=installed owner=0x1135285f0 id=333 before_bytes=0 after_bytes=18648 used_bytes=1207060 live_reservations=17 attempts=333
fixture_lease event=installed owner=0x1135285f0 id=334 before_bytes=0 after_bytes=24848 used_bytes=1231908 live_reservations=18 attempts=334
fixture_lease event=drop owner=0x1135285f0 id=334 before_bytes=24848 after_bytes=0 used_bytes=1207060 live_reservations=17 attempts=334
fixture_lease event=drop owner=0x1135285f0 id=333 before_bytes=18648 after_bytes=0 used_bytes=1188412 live_reservations=16 attempts=334
fixture_lease event=installed owner=0x1135285f0 id=335 before_bytes=0 after_bytes=8614 used_bytes=1197026 live_reservations=17 attempts=335
fixture_lease event=drop owner=0x1135285f0 id=335 before_bytes=8614 after_bytes=0 used_bytes=1188412 live_reservations=16 attempts=335
fixture_lease event=drop owner=0x1135285f0 id=321 before_bytes=8608 after_bytes=0 used_bytes=1179804 live_reservations=15 attempts=335
fixture_lease event=drop owner=0x1135285f0 id=320 before_bytes=8488 after_bytes=0 used_bytes=1171316 live_reservations=14 attempts=335
fixture_lease event=installed owner=0x1135285f0 id=336 before_bytes=0 after_bytes=8488 used_bytes=1179804 live_reservations=15 attempts=336
fixture_lease event=installed owner=0x1135285f0 id=337 before_bytes=0 after_bytes=8608 used_bytes=1188412 live_reservations=16 attempts=337
fixture_lease event=installed owner=0x1135285f0 id=338 before_bytes=0 after_bytes=18648 used_bytes=1207060 live_reservations=17 attempts=338
fixture_lease event=installed owner=0x1135285f0 id=339 before_bytes=0 after_bytes=24848 used_bytes=1231908 live_reservations=18 attempts=339
fixture_lease event=drop owner=0x1135285f0 id=339 before_bytes=24848 after_bytes=0 used_bytes=1207060 live_reservations=17 attempts=339
fixture_lease event=drop owner=0x1135285f0 id=338 before_bytes=18648 after_bytes=0 used_bytes=1188412 live_reservations=16 attempts=339
fixture_lease event=installed owner=0x1135285f0 id=340 before_bytes=0 after_bytes=18648 used_bytes=1207060 live_reservations=17 attempts=340
fixture_lease event=installed owner=0x1135285f0 id=341 before_bytes=0 after_bytes=24848 used_bytes=1231908 live_reservations=18 attempts=341
fixture_lease event=drop owner=0x1135285f0 id=341 before_bytes=24848 after_bytes=0 used_bytes=1207060 live_reservations=17 attempts=341
fixture_lease event=drop owner=0x1135285f0 id=340 before_bytes=18648 after_bytes=0 used_bytes=1188412 live_reservations=16 attempts=341
fixture_lease event=installed owner=0x1135285f0 id=342 before_bytes=0 after_bytes=18648 used_bytes=1207060 live_reservations=17 attempts=342
fixture_lease event=installed owner=0x1135285f0 id=343 before_bytes=0 after_bytes=24848 used_bytes=1231908 live_reservations=18 attempts=343
fixture_lease event=drop owner=0x1135285f0 id=343 before_bytes=24848 after_bytes=0 used_bytes=1207060 live_reservations=17 attempts=343
fixture_lease event=drop owner=0x1135285f0 id=342 before_bytes=18648 after_bytes=0 used_bytes=1188412 live_reservations=16 attempts=343
fixture_lease event=installed owner=0x1135285f0 id=344 before_bytes=0 after_bytes=18648 used_bytes=1207060 live_reservations=17 attempts=344
fixture_lease event=installed owner=0x1135285f0 id=345 before_bytes=0 after_bytes=24848 used_bytes=1231908 live_reservations=18 attempts=345
fixture_lease event=drop owner=0x1135285f0 id=345 before_bytes=24848 after_bytes=0 used_bytes=1207060 live_reservations=17 attempts=345
fixture_lease event=drop owner=0x1135285f0 id=344 before_bytes=18648 after_bytes=0 used_bytes=1188412 live_reservations=16 attempts=345
fixture_lease event=installed owner=0x1135285f0 id=346 before_bytes=0 after_bytes=8466 used_bytes=1196878 live_reservations=17 attempts=346
fixture_lease event=drop owner=0x1135285f0 id=346 before_bytes=8466 after_bytes=0 used_bytes=1188412 live_reservations=16 attempts=346
fixture_lease event=installed owner=0x1135285f0 id=347 before_bytes=0 after_bytes=18648 used_bytes=1207060 live_reservations=17 attempts=347
fixture_lease event=installed owner=0x1135285f0 id=348 before_bytes=0 after_bytes=24848 used_bytes=1231908 live_reservations=18 attempts=348
fixture_lease event=drop owner=0x1135285f0 id=348 before_bytes=24848 after_bytes=0 used_bytes=1207060 live_reservations=17 attempts=348
fixture_lease event=drop owner=0x1135285f0 id=347 before_bytes=18648 after_bytes=0 used_bytes=1188412 live_reservations=16 attempts=348
fixture_lease event=installed owner=0x1135285f0 id=349 before_bytes=0 after_bytes=18648 used_bytes=1207060 live_reservations=17 attempts=349
fixture_lease event=installed owner=0x1135285f0 id=350 before_bytes=0 after_bytes=24848 used_bytes=1231908 live_reservations=18 attempts=350
fixture_lease event=drop owner=0x1135285f0 id=350 before_bytes=24848 after_bytes=0 used_bytes=1207060 live_reservations=17 attempts=350
fixture_lease event=drop owner=0x1135285f0 id=349 before_bytes=18648 after_bytes=0 used_bytes=1188412 live_reservations=16 attempts=350
fixture_lease event=installed owner=0x1135285f0 id=351 before_bytes=0 after_bytes=8614 used_bytes=1197026 live_reservations=17 attempts=351
fixture_lease event=drop owner=0x1135285f0 id=351 before_bytes=8614 after_bytes=0 used_bytes=1188412 live_reservations=16 attempts=351
fixture_lease event=drop owner=0x1135285f0 id=337 before_bytes=8608 after_bytes=0 used_bytes=1179804 live_reservations=15 attempts=351
fixture_lease event=drop owner=0x1135285f0 id=336 before_bytes=8488 after_bytes=0 used_bytes=1171316 live_reservations=14 attempts=351
receipt_staging phase=setup_entered ordinal=None succeeded=None
fixture_lease event=installed owner=0x1135285f0 id=352 before_bytes=0 after_bytes=267232 used_bytes=1438548 live_reservations=15 attempts=352
fixture_lease event=installed owner=0x1135285f0 id=353 before_bytes=0 after_bytes=147552 used_bytes=1586100 live_reservations=16 attempts=353
fixture_lease event=installed owner=0x1135285f0 id=354 before_bytes=0 after_bytes=57736 used_bytes=1643836 live_reservations=17 attempts=354
fixture_lease event=installed owner=0x1135285f0 id=355 before_bytes=0 after_bytes=157664 used_bytes=1801500 live_reservations=18 attempts=355
fixture_lease event=installed owner=0x1135285f0 id=356 before_bytes=0 after_bytes=13008 used_bytes=1814508 live_reservations=19 attempts=356
fixture_lease event=installed owner=0x1135285f0 id=357 before_bytes=0 after_bytes=16792 used_bytes=1831300 live_reservations=20 attempts=357
fixture_lease event=installed owner=0x1135285f0 id=358 before_bytes=0 after_bytes=43440 used_bytes=1874740 live_reservations=21 attempts=358
fixture_lease event=installed owner=0x1135285f0 id=359 before_bytes=0 after_bytes=8488 used_bytes=1883228 live_reservations=22 attempts=359
fixture_lease event=installed owner=0x1135285f0 id=360 before_bytes=0 after_bytes=8608 used_bytes=1891836 live_reservations=23 attempts=360
fixture_lease event=installed owner=0x1135285f0 id=361 before_bytes=0 after_bytes=73800 used_bytes=1965636 live_reservations=24 attempts=361
fixture_lease event=installed owner=0x1135285f0 id=362 before_bytes=0 after_bytes=8471 used_bytes=1974107 live_reservations=25 attempts=362
fixture_lease event=drop owner=0x1135285f0 id=360 before_bytes=8608 after_bytes=0 used_bytes=1965499 live_reservations=24 attempts=362
fixture_lease event=drop owner=0x1135285f0 id=359 before_bytes=8488 after_bytes=0 used_bytes=1957011 live_reservations=23 attempts=362
fixture_lease event=installed owner=0x1135285f0 id=363 before_bytes=0 after_bytes=8712 used_bytes=1965723 live_reservations=24 attempts=363
fixture_lease event=installed owner=0x1135285f0 id=364 before_bytes=0 after_bytes=2412520 used_bytes=4378243 live_reservations=25 attempts=364
fixture_lease event=installed owner=0x1135285f0 id=365 before_bytes=0 after_bytes=120224 used_bytes=4498467 live_reservations=26 attempts=365
fixture_lease event=installed owner=0x1135285f0 id=366 before_bytes=0 after_bytes=33056 used_bytes=4531523 live_reservations=27 attempts=366
fixture_lease event=installed owner=0x1135285f0 id=367 before_bytes=0 after_bytes=13632 used_bytes=4545155 live_reservations=28 attempts=367
fixture_lease event=installed owner=0x1135285f0 id=368 before_bytes=0 after_bytes=38816 used_bytes=4583971 live_reservations=29 attempts=368
fixture_lease event=installed owner=0x1135285f0 id=369 before_bytes=0 after_bytes=16664 used_bytes=4600635 live_reservations=30 attempts=369
fixture_lease event=drop owner=0x1135285f0 id=369 before_bytes=16664 after_bytes=0 used_bytes=4583971 live_reservations=29 attempts=369
fixture_lease event=installed owner=0x1135285f0 id=370 before_bytes=0 after_bytes=147552 used_bytes=4731523 live_reservations=30 attempts=370
fixture_lease event=installed owner=0x1135285f0 id=371 before_bytes=0 after_bytes=147552 used_bytes=4879075 live_reservations=31 attempts=371
fixture_lease event=drop owner=0x1135285f0 id=365 before_bytes=120224 after_bytes=0 used_bytes=4758851 live_reservations=30 attempts=371
fixture_lease event=drop owner=0x1135285f0 id=364 before_bytes=2412520 after_bytes=0 used_bytes=2346331 live_reservations=29 attempts=371
fixture_lease event=drop owner=0x1135285f0 id=366 before_bytes=33056 after_bytes=0 used_bytes=2313275 live_reservations=28 attempts=377
fixture_lease event=drop owner=0x1135285f0 id=368 before_bytes=38816 after_bytes=0 used_bytes=2274459 live_reservations=27 attempts=377
fixture_lease event=drop owner=0x1135285f0 id=367 before_bytes=13632 after_bytes=0 used_bytes=2260827 live_reservations=26 attempts=377
fixture_lease event=drop owner=0x1135285f0 id=363 before_bytes=8712 after_bytes=0 used_bytes=2252115 live_reservations=25 attempts=377
fixture_lease event=drop owner=0x1135285f0 id=362 before_bytes=8471 after_bytes=0 used_bytes=2243644 live_reservations=24 attempts=377
fixture_lease event=drop owner=0x1135285f0 id=361 before_bytes=73800 after_bytes=0 used_bytes=2169844 live_reservations=23 attempts=377
receipt_staging phase=setup_returned ordinal=None succeeded=Some(true)
receipt_staging phase=row_entered ordinal=Some(1) succeeded=None
fixture_lease event=installed owner=0x1135285f0 id=378 before_bytes=0 after_bytes=8488 used_bytes=2178332 live_reservations=24 attempts=378
fixture_lease event=installed owner=0x1135285f0 id=379 before_bytes=0 after_bytes=8608 used_bytes=2186940 live_reservations=25 attempts=379
fixture_lease event=installed owner=0x1135285f0 id=380 before_bytes=0 after_bytes=18648 used_bytes=2205588 live_reservations=26 attempts=380
fixture_lease event=installed owner=0x1135285f0 id=381 before_bytes=0 after_bytes=24848 used_bytes=2230436 live_reservations=27 attempts=381
fixture_lease event=drop owner=0x1135285f0 id=381 before_bytes=24848 after_bytes=0 used_bytes=2205588 live_reservations=26 attempts=383
fixture_lease event=drop owner=0x1135285f0 id=380 before_bytes=18648 after_bytes=0 used_bytes=2186940 live_reservations=25 attempts=383
fixture_lease event=installed owner=0x1135285f0 id=384 before_bytes=0 after_bytes=18648 used_bytes=2205588 live_reservations=26 attempts=384
fixture_lease event=installed owner=0x1135285f0 id=385 before_bytes=0 after_bytes=24848 used_bytes=2230436 live_reservations=27 attempts=385
fixture_lease event=drop owner=0x1135285f0 id=385 before_bytes=24848 after_bytes=0 used_bytes=2205588 live_reservations=26 attempts=387
fixture_lease event=drop owner=0x1135285f0 id=384 before_bytes=18648 after_bytes=0 used_bytes=2186940 live_reservations=25 attempts=387
fixture_lease event=installed owner=0x1135285f0 id=388 before_bytes=0 after_bytes=18648 used_bytes=2205588 live_reservations=26 attempts=388
fixture_lease event=installed owner=0x1135285f0 id=389 before_bytes=0 after_bytes=24848 used_bytes=2230436 live_reservations=27 attempts=389
fixture_lease event=drop owner=0x1135285f0 id=389 before_bytes=24848 after_bytes=0 used_bytes=2205588 live_reservations=26 attempts=391
fixture_lease event=drop owner=0x1135285f0 id=388 before_bytes=18648 after_bytes=0 used_bytes=2186940 live_reservations=25 attempts=391
fixture_lease event=installed owner=0x1135285f0 id=392 before_bytes=0 after_bytes=18648 used_bytes=2205588 live_reservations=26 attempts=392
fixture_lease event=installed owner=0x1135285f0 id=393 before_bytes=0 after_bytes=24848 used_bytes=2230436 live_reservations=27 attempts=393
fixture_lease event=drop owner=0x1135285f0 id=393 before_bytes=24848 after_bytes=0 used_bytes=2205588 live_reservations=26 attempts=395
fixture_lease event=drop owner=0x1135285f0 id=392 before_bytes=18648 after_bytes=0 used_bytes=2186940 live_reservations=25 attempts=395
fixture_lease event=installed owner=0x1135285f0 id=396 before_bytes=0 after_bytes=8466 used_bytes=2195406 live_reservations=26 attempts=396
fixture_lease event=drop owner=0x1135285f0 id=396 before_bytes=8466 after_bytes=0 used_bytes=2186940 live_reservations=25 attempts=398
fixture_lease event=installed owner=0x1135285f0 id=399 before_bytes=0 after_bytes=18648 used_bytes=2205588 live_reservations=26 attempts=399
fixture_lease event=installed owner=0x1135285f0 id=400 before_bytes=0 after_bytes=24848 used_bytes=2230436 live_reservations=27 attempts=400
fixture_lease event=drop owner=0x1135285f0 id=400 before_bytes=24848 after_bytes=0 used_bytes=2205588 live_reservations=26 attempts=402
fixture_lease event=drop owner=0x1135285f0 id=399 before_bytes=18648 after_bytes=0 used_bytes=2186940 live_reservations=25 attempts=402
fixture_lease event=installed owner=0x1135285f0 id=403 before_bytes=0 after_bytes=18648 used_bytes=2205588 live_reservations=26 attempts=403
fixture_lease event=installed owner=0x1135285f0 id=404 before_bytes=0 after_bytes=24848 used_bytes=2230436 live_reservations=27 attempts=404
fixture_lease event=drop owner=0x1135285f0 id=404 before_bytes=24848 after_bytes=0 used_bytes=2205588 live_reservations=26 attempts=406
fixture_lease event=drop owner=0x1135285f0 id=403 before_bytes=18648 after_bytes=0 used_bytes=2186940 live_reservations=25 attempts=406
fixture_lease event=drop owner=0x1135285f0 id=379 before_bytes=8608 after_bytes=0 used_bytes=2178332 live_reservations=24 attempts=406
fixture_lease event=drop owner=0x1135285f0 id=378 before_bytes=8488 after_bytes=0 used_bytes=2169844 live_reservations=23 attempts=406
receipt_staging phase=point_write_entered ordinal=Some(1) succeeded=None
fixture_lease event=installed owner=0x1135285f0 id=407 before_bytes=0 after_bytes=8488 used_bytes=2178332 live_reservations=24 attempts=407
fixture_lease event=installed owner=0x1135285f0 id=408 before_bytes=0 after_bytes=8608 used_bytes=2186940 live_reservations=25 attempts=408
fixture_lease event=installed owner=0x1135285f0 id=409 before_bytes=0 after_bytes=18648 used_bytes=2205588 live_reservations=26 attempts=409
fixture_lease event=installed owner=0x1135285f0 id=410 before_bytes=0 after_bytes=24848 used_bytes=2230436 live_reservations=27 attempts=410
fixture_lease event=drop owner=0x1135285f0 id=410 before_bytes=24848 after_bytes=0 used_bytes=2205588 live_reservations=26 attempts=412
fixture_lease event=drop owner=0x1135285f0 id=409 before_bytes=18648 after_bytes=0 used_bytes=2186940 live_reservations=25 attempts=412
fixture_lease event=installed owner=0x1135285f0 id=413 before_bytes=0 after_bytes=18648 used_bytes=2205588 live_reservations=26 attempts=413
fixture_lease event=installed owner=0x1135285f0 id=414 before_bytes=0 after_bytes=24848 used_bytes=2230436 live_reservations=27 attempts=414
fixture_lease event=drop owner=0x1135285f0 id=414 before_bytes=24848 after_bytes=0 used_bytes=2205588 live_reservations=26 attempts=416
fixture_lease event=drop owner=0x1135285f0 id=413 before_bytes=18648 after_bytes=0 used_bytes=2186940 live_reservations=25 attempts=416
fixture_lease event=installed owner=0x1135285f0 id=417 before_bytes=0 after_bytes=18648 used_bytes=2205588 live_reservations=26 attempts=417
fixture_lease event=installed owner=0x1135285f0 id=418 before_bytes=0 after_bytes=24848 used_bytes=2230436 live_reservations=27 attempts=418
fixture_lease event=drop owner=0x1135285f0 id=418 before_bytes=24848 after_bytes=0 used_bytes=2205588 live_reservations=26 attempts=420
fixture_lease event=drop owner=0x1135285f0 id=417 before_bytes=18648 after_bytes=0 used_bytes=2186940 live_reservations=25 attempts=420
fixture_lease event=installed owner=0x1135285f0 id=421 before_bytes=0 after_bytes=18648 used_bytes=2205588 live_reservations=26 attempts=421
fixture_lease event=installed owner=0x1135285f0 id=422 before_bytes=0 after_bytes=24848 used_bytes=2230436 live_reservations=27 attempts=422
fixture_lease event=drop owner=0x1135285f0 id=422 before_bytes=24848 after_bytes=0 used_bytes=2205588 live_reservations=26 attempts=424
fixture_lease event=drop owner=0x1135285f0 id=421 before_bytes=18648 after_bytes=0 used_bytes=2186940 live_reservations=25 attempts=424
fixture_lease event=installed owner=0x1135285f0 id=425 before_bytes=0 after_bytes=18648 used_bytes=2205588 live_reservations=26 attempts=425
fixture_lease event=installed owner=0x1135285f0 id=426 before_bytes=0 after_bytes=24848 used_bytes=2230436 live_reservations=27 attempts=426
fixture_lease event=drop owner=0x1135285f0 id=426 before_bytes=24848 after_bytes=0 used_bytes=2205588 live_reservations=26 attempts=428
fixture_lease event=drop owner=0x1135285f0 id=425 before_bytes=18648 after_bytes=0 used_bytes=2186940 live_reservations=25 attempts=428
fixture_lease event=installed owner=0x1135285f0 id=429 before_bytes=0 after_bytes=8466 used_bytes=2195406 live_reservations=26 attempts=429
fixture_lease event=drop owner=0x1135285f0 id=429 before_bytes=8466 after_bytes=0 used_bytes=2186940 live_reservations=25 attempts=431
fixture_lease event=installed owner=0x1135285f0 id=432 before_bytes=0 after_bytes=73800 used_bytes=2260740 live_reservations=26 attempts=432
fixture_lease event=installed owner=0x1135285f0 id=433 before_bytes=0 after_bytes=18648 used_bytes=2279388 live_reservations=27 attempts=433
fixture_lease event=installed owner=0x1135285f0 id=434 before_bytes=0 after_bytes=24848 used_bytes=2304236 live_reservations=28 attempts=434
fixture_lease event=drop owner=0x1135285f0 id=434 before_bytes=24848 after_bytes=0 used_bytes=2279388 live_reservations=27 attempts=436
fixture_lease event=drop owner=0x1135285f0 id=433 before_bytes=18648 after_bytes=0 used_bytes=2260740 live_reservations=26 attempts=436
fixture_lease event=installed owner=0x1135285f0 id=437 before_bytes=0 after_bytes=18648 used_bytes=2279388 live_reservations=27 attempts=437
fixture_lease event=installed owner=0x1135285f0 id=438 before_bytes=0 after_bytes=24848 used_bytes=2304236 live_reservations=28 attempts=438
fixture_lease event=drop owner=0x1135285f0 id=438 before_bytes=24848 after_bytes=0 used_bytes=2279388 live_reservations=27 attempts=440
fixture_lease event=drop owner=0x1135285f0 id=437 before_bytes=18648 after_bytes=0 used_bytes=2260740 live_reservations=26 attempts=440
fixture_lease event=installed owner=0x1135285f0 id=441 before_bytes=0 after_bytes=8296 used_bytes=2269036 live_reservations=27 attempts=441
fixture_lease event=drop owner=0x1135285f0 id=408 before_bytes=8608 after_bytes=0 used_bytes=2260428 live_reservations=26 attempts=441
fixture_lease event=drop owner=0x1135285f0 id=407 before_bytes=8488 after_bytes=0 used_bytes=2251940 live_reservations=25 attempts=441
fixture_lease event=installed owner=0x1135285f0 id=442 before_bytes=0 after_bytes=8648 used_bytes=2260588 live_reservations=26 attempts=442
fixture_lease event=installed owner=0x1135285f0 id=443 before_bytes=0 after_bytes=2412520 used_bytes=4673108 live_reservations=27 attempts=443
fixture_lease event=installed owner=0x1135285f0 id=444 before_bytes=0 after_bytes=120224 used_bytes=4793332 live_reservations=28 attempts=444
fixture_lease event=installed owner=0x1135285f0 id=445 before_bytes=0 after_bytes=33056 used_bytes=4826388 live_reservations=29 attempts=445
fixture_lease event=installed owner=0x1135285f0 id=446 before_bytes=0 after_bytes=13632 used_bytes=4840020 live_reservations=30 attempts=446
fixture_lease event=installed owner=0x1135285f0 id=447 before_bytes=0 after_bytes=38816 used_bytes=4878836 live_reservations=31 attempts=447
fixture_lease event=installed owner=0x1135285f0 id=448 before_bytes=0 after_bytes=16664 used_bytes=4895500 live_reservations=32 attempts=448
fixture_lease event=drop owner=0x1135285f0 id=448 before_bytes=16664 after_bytes=0 used_bytes=4878836 live_reservations=31 attempts=448
fixture_lease event=drop owner=0x1135285f0 id=444 before_bytes=120224 after_bytes=0 used_bytes=4758612 live_reservations=30 attempts=448
fixture_lease event=drop owner=0x1135285f0 id=443 before_bytes=2412520 after_bytes=0 used_bytes=2346092 live_reservations=29 attempts=448
fixture_lease event=drop owner=0x1135285f0 id=445 before_bytes=33056 after_bytes=0 used_bytes=2313036 live_reservations=28 attempts=454
fixture_lease event=drop owner=0x1135285f0 id=447 before_bytes=38816 after_bytes=0 used_bytes=2274220 live_reservations=27 attempts=454
fixture_lease event=drop owner=0x1135285f0 id=446 before_bytes=13632 after_bytes=0 used_bytes=2260588 live_reservations=26 attempts=454
fixture_lease event=drop owner=0x1135285f0 id=442 before_bytes=8648 after_bytes=0 used_bytes=2251940 live_reservations=25 attempts=454
fixture_lease event=drop owner=0x1135285f0 id=441 before_bytes=8296 after_bytes=0 used_bytes=2243644 live_reservations=24 attempts=454
fixture_lease event=drop owner=0x1135285f0 id=432 before_bytes=73800 after_bytes=0 used_bytes=2169844 live_reservations=23 attempts=454
receipt_staging phase=ordinal_write_entered ordinal=Some(1) succeeded=None
fixture_lease event=installed owner=0x1135285f0 id=455 before_bytes=0 after_bytes=8488 used_bytes=2178332 live_reservations=24 attempts=455
fixture_lease event=installed owner=0x1135285f0 id=456 before_bytes=0 after_bytes=8608 used_bytes=2186940 live_reservations=25 attempts=456
fixture_lease event=installed owner=0x1135285f0 id=457 before_bytes=0 after_bytes=18648 used_bytes=2205588 live_reservations=26 attempts=457
fixture_lease event=installed owner=0x1135285f0 id=458 before_bytes=0 after_bytes=24848 used_bytes=2230436 live_reservations=27 attempts=458
fixture_lease event=drop owner=0x1135285f0 id=458 before_bytes=24848 after_bytes=0 used_bytes=2205588 live_reservations=26 attempts=460
fixture_lease event=drop owner=0x1135285f0 id=457 before_bytes=18648 after_bytes=0 used_bytes=2186940 live_reservations=25 attempts=460
fixture_lease event=installed owner=0x1135285f0 id=461 before_bytes=0 after_bytes=18648 used_bytes=2205588 live_reservations=26 attempts=461
fixture_lease event=installed owner=0x1135285f0 id=462 before_bytes=0 after_bytes=24848 used_bytes=2230436 live_reservations=27 attempts=462
fixture_lease event=drop owner=0x1135285f0 id=462 before_bytes=24848 after_bytes=0 used_bytes=2205588 live_reservations=26 attempts=464
fixture_lease event=drop owner=0x1135285f0 id=461 before_bytes=18648 after_bytes=0 used_bytes=2186940 live_reservations=25 attempts=464
fixture_lease event=installed owner=0x1135285f0 id=465 before_bytes=0 after_bytes=18648 used_bytes=2205588 live_reservations=26 attempts=465
fixture_lease event=installed owner=0x1135285f0 id=466 before_bytes=0 after_bytes=24848 used_bytes=2230436 live_reservations=27 attempts=466
fixture_lease event=drop owner=0x1135285f0 id=466 before_bytes=24848 after_bytes=0 used_bytes=2205588 live_reservations=26 attempts=468
fixture_lease event=drop owner=0x1135285f0 id=465 before_bytes=18648 after_bytes=0 used_bytes=2186940 live_reservations=25 attempts=468
fixture_lease event=installed owner=0x1135285f0 id=469 before_bytes=0 after_bytes=18648 used_bytes=2205588 live_reservations=26 attempts=469
fixture_lease event=installed owner=0x1135285f0 id=470 before_bytes=0 after_bytes=24848 used_bytes=2230436 live_reservations=27 attempts=470
fixture_lease event=drop owner=0x1135285f0 id=470 before_bytes=24848 after_bytes=0 used_bytes=2205588 live_reservations=26 attempts=472
fixture_lease event=drop owner=0x1135285f0 id=469 before_bytes=18648 after_bytes=0 used_bytes=2186940 live_reservations=25 attempts=472
fixture_lease event=installed owner=0x1135285f0 id=473 before_bytes=0 after_bytes=18648 used_bytes=2205588 live_reservations=26 attempts=473
fixture_lease event=installed owner=0x1135285f0 id=474 before_bytes=0 after_bytes=24848 used_bytes=2230436 live_reservations=27 attempts=474
fixture_lease event=drop owner=0x1135285f0 id=474 before_bytes=24848 after_bytes=0 used_bytes=2205588 live_reservations=26 attempts=476
fixture_lease event=drop owner=0x1135285f0 id=473 before_bytes=18648 after_bytes=0 used_bytes=2186940 live_reservations=25 attempts=476
fixture_lease event=installed owner=0x1135285f0 id=477 before_bytes=0 after_bytes=8466 used_bytes=2195406 live_reservations=26 attempts=477
fixture_lease event=drop owner=0x1135285f0 id=477 before_bytes=8466 after_bytes=0 used_bytes=2186940 live_reservations=25 attempts=479
fixture_lease event=installed owner=0x1135285f0 id=480 before_bytes=0 after_bytes=73800 used_bytes=2260740 live_reservations=26 attempts=480
fixture_lease event=installed owner=0x1135285f0 id=481 before_bytes=0 after_bytes=18648 used_bytes=2279388 live_reservations=27 attempts=481
fixture_lease event=installed owner=0x1135285f0 id=482 before_bytes=0 after_bytes=24848 used_bytes=2304236 live_reservations=28 attempts=482
fixture_lease event=drop owner=0x1135285f0 id=482 before_bytes=24848 after_bytes=0 used_bytes=2279388 live_reservations=27 attempts=484
fixture_lease event=drop owner=0x1135285f0 id=481 before_bytes=18648 after_bytes=0 used_bytes=2260740 live_reservations=26 attempts=484
fixture_lease event=installed owner=0x1135285f0 id=485 before_bytes=0 after_bytes=18648 used_bytes=2279388 live_reservations=27 attempts=485
fixture_lease event=installed owner=0x1135285f0 id=486 before_bytes=0 after_bytes=24848 used_bytes=2304236 live_reservations=28 attempts=486
fixture_lease event=drop owner=0x1135285f0 id=486 before_bytes=24848 after_bytes=0 used_bytes=2279388 live_reservations=27 attempts=488
fixture_lease event=drop owner=0x1135285f0 id=485 before_bytes=18648 after_bytes=0 used_bytes=2260740 live_reservations=26 attempts=488
fixture_lease event=installed owner=0x1135285f0 id=489 before_bytes=0 after_bytes=8296 used_bytes=2269036 live_reservations=27 attempts=489
fixture_lease event=drop owner=0x1135285f0 id=456 before_bytes=8608 after_bytes=0 used_bytes=2260428 live_reservations=26 attempts=489
fixture_lease event=drop owner=0x1135285f0 id=455 before_bytes=8488 after_bytes=0 used_bytes=2251940 live_reservations=25 attempts=489
fixture_lease event=installed owner=0x1135285f0 id=490 before_bytes=0 after_bytes=8648 used_bytes=2260588 live_reservations=26 attempts=490
fixture_lease event=installed owner=0x1135285f0 id=491 before_bytes=0 after_bytes=2412520 used_bytes=4673108 live_reservations=27 attempts=491
fixture_lease event=installed owner=0x1135285f0 id=492 before_bytes=0 after_bytes=120224 used_bytes=4793332 live_reservations=28 attempts=492
fixture_lease event=installed owner=0x1135285f0 id=493 before_bytes=0 after_bytes=33056 used_bytes=4826388 live_reservations=29 attempts=493
fixture_lease event=installed owner=0x1135285f0 id=494 before_bytes=0 after_bytes=13632 used_bytes=4840020 live_reservations=30 attempts=494
fixture_lease event=installed owner=0x1135285f0 id=495 before_bytes=0 after_bytes=38816 used_bytes=4878836 live_reservations=31 attempts=495
fixture_lease event=installed owner=0x1135285f0 id=496 before_bytes=0 after_bytes=16664 used_bytes=4895500 live_reservations=32 attempts=496
fixture_lease event=drop owner=0x1135285f0 id=496 before_bytes=16664 after_bytes=0 used_bytes=4878836 live_reservations=31 attempts=496
fixture_lease event=drop owner=0x1135285f0 id=492 before_bytes=120224 after_bytes=0 used_bytes=4758612 live_reservations=30 attempts=496
fixture_lease event=drop owner=0x1135285f0 id=491 before_bytes=2412520 after_bytes=0 used_bytes=2346092 live_reservations=29 attempts=496
fixture_lease event=drop owner=0x1135285f0 id=493 before_bytes=33056 after_bytes=0 used_bytes=2313036 live_reservations=28 attempts=502
fixture_lease event=drop owner=0x1135285f0 id=495 before_bytes=38816 after_bytes=0 used_bytes=2274220 live_reservations=27 attempts=502
fixture_lease event=drop owner=0x1135285f0 id=494 before_bytes=13632 after_bytes=0 used_bytes=2260588 live_reservations=26 attempts=502
fixture_lease event=drop owner=0x1135285f0 id=490 before_bytes=8648 after_bytes=0 used_bytes=2251940 live_reservations=25 attempts=502
fixture_lease event=drop owner=0x1135285f0 id=489 before_bytes=8296 after_bytes=0 used_bytes=2243644 live_reservations=24 attempts=502
fixture_lease event=drop owner=0x1135285f0 id=480 before_bytes=73800 after_bytes=0 used_bytes=2169844 live_reservations=23 attempts=502
receipt_staging phase=row_returned ordinal=Some(1) succeeded=Some(true)
fixture_lease event=installed owner=0x1135285f0 id=503 before_bytes=0 after_bytes=8488 used_bytes=2178332 live_reservations=24 attempts=503
fixture_lease event=installed owner=0x1135285f0 id=504 before_bytes=0 after_bytes=8608 used_bytes=2186940 live_reservations=25 attempts=504
fixture_lease event=installed owner=0x1135285f0 id=505 before_bytes=0 after_bytes=18648 used_bytes=2205588 live_reservations=26 attempts=505
fixture_lease event=installed owner=0x1135285f0 id=506 before_bytes=0 after_bytes=24848 used_bytes=2230436 live_reservations=27 attempts=506
fixture_lease event=drop owner=0x1135285f0 id=506 before_bytes=24848 after_bytes=0 used_bytes=2205588 live_reservations=26 attempts=508
fixture_lease event=drop owner=0x1135285f0 id=505 before_bytes=18648 after_bytes=0 used_bytes=2186940 live_reservations=25 attempts=508
fixture_lease event=installed owner=0x1135285f0 id=509 before_bytes=0 after_bytes=18648 used_bytes=2205588 live_reservations=26 attempts=509
fixture_lease event=installed owner=0x1135285f0 id=510 before_bytes=0 after_bytes=24848 used_bytes=2230436 live_reservations=27 attempts=510
fixture_lease event=drop owner=0x1135285f0 id=510 before_bytes=24848 after_bytes=0 used_bytes=2205588 live_reservations=26 attempts=512
fixture_lease event=drop owner=0x1135285f0 id=509 before_bytes=18648 after_bytes=0 used_bytes=2186940 live_reservations=25 attempts=512
fixture_lease event=installed owner=0x1135285f0 id=513 before_bytes=0 after_bytes=18648 used_bytes=2205588 live_reservations=26 attempts=513
fixture_lease event=installed owner=0x1135285f0 id=514 before_bytes=0 after_bytes=24848 used_bytes=2230436 live_reservations=27 attempts=514
fixture_lease event=drop owner=0x1135285f0 id=514 before_bytes=24848 after_bytes=0 used_bytes=2205588 live_reservations=26 attempts=516
fixture_lease event=drop owner=0x1135285f0 id=513 before_bytes=18648 after_bytes=0 used_bytes=2186940 live_reservations=25 attempts=516
fixture_lease event=installed owner=0x1135285f0 id=517 before_bytes=0 after_bytes=18648 used_bytes=2205588 live_reservations=26 attempts=517
fixture_lease event=installed owner=0x1135285f0 id=518 before_bytes=0 after_bytes=24848 used_bytes=2230436 live_reservations=27 attempts=518
fixture_lease event=drop owner=0x1135285f0 id=518 before_bytes=24848 after_bytes=0 used_bytes=2205588 live_reservations=26 attempts=520
fixture_lease event=drop owner=0x1135285f0 id=517 before_bytes=18648 after_bytes=0 used_bytes=2186940 live_reservations=25 attempts=520
fixture_lease event=installed owner=0x1135285f0 id=521 before_bytes=0 after_bytes=8466 used_bytes=2195406 live_reservations=26 attempts=521
fixture_lease event=drop owner=0x1135285f0 id=521 before_bytes=8466 after_bytes=0 used_bytes=2186940 live_reservations=25 attempts=523
fixture_lease event=installed owner=0x1135285f0 id=524 before_bytes=0 after_bytes=18648 used_bytes=2205588 live_reservations=26 attempts=524
fixture_lease event=installed owner=0x1135285f0 id=525 before_bytes=0 after_bytes=24848 used_bytes=2230436 live_reservations=27 attempts=525
fixture_lease event=drop owner=0x1135285f0 id=525 before_bytes=24848 after_bytes=0 used_bytes=2205588 live_reservations=26 attempts=527
fixture_lease event=drop owner=0x1135285f0 id=524 before_bytes=18648 after_bytes=0 used_bytes=2186940 live_reservations=25 attempts=527
fixture_lease event=installed owner=0x1135285f0 id=528 before_bytes=0 after_bytes=18648 used_bytes=2205588 live_reservations=26 attempts=528
fixture_lease event=installed owner=0x1135285f0 id=529 before_bytes=0 after_bytes=24848 used_bytes=2230436 live_reservations=27 attempts=529
fixture_lease event=drop owner=0x1135285f0 id=529 before_bytes=24848 after_bytes=0 used_bytes=2205588 live_reservations=26 attempts=531
fixture_lease event=drop owner=0x1135285f0 id=528 before_bytes=18648 after_bytes=0 used_bytes=2186940 live_reservations=25 attempts=531
fixture_lease event=installed owner=0x1135285f0 id=532 before_bytes=0 after_bytes=8614 used_bytes=2195554 live_reservations=26 attempts=532
fixture_lease event=drop owner=0x1135285f0 id=532 before_bytes=8614 after_bytes=0 used_bytes=2186940 live_reservations=25 attempts=534
fixture_lease event=drop owner=0x1135285f0 id=504 before_bytes=8608 after_bytes=0 used_bytes=2178332 live_reservations=24 attempts=534
fixture_lease event=drop owner=0x1135285f0 id=503 before_bytes=8488 after_bytes=0 used_bytes=2169844 live_reservations=23 attempts=534
fixture_lease event=installed owner=0x1135285f0 id=535 before_bytes=0 after_bytes=8488 used_bytes=2178332 live_reservations=24 attempts=535
fixture_lease event=installed owner=0x1135285f0 id=536 before_bytes=0 after_bytes=8608 used_bytes=2186940 live_reservations=25 attempts=536
fixture_lease event=installed owner=0x1135285f0 id=537 before_bytes=0 after_bytes=18648 used_bytes=2205588 live_reservations=26 attempts=537
fixture_lease event=installed owner=0x1135285f0 id=538 before_bytes=0 after_bytes=24848 used_bytes=2230436 live_reservations=27 attempts=538
fixture_lease event=drop owner=0x1135285f0 id=538 before_bytes=24848 after_bytes=0 used_bytes=2205588 live_reservations=26 attempts=540
fixture_lease event=drop owner=0x1135285f0 id=537 before_bytes=18648 after_bytes=0 used_bytes=2186940 live_reservations=25 attempts=540
fixture_lease event=installed owner=0x1135285f0 id=541 before_bytes=0 after_bytes=18648 used_bytes=2205588 live_reservations=26 attempts=541
fixture_lease event=installed owner=0x1135285f0 id=542 before_bytes=0 after_bytes=24848 used_bytes=2230436 live_reservations=27 attempts=542
fixture_lease event=drop owner=0x1135285f0 id=542 before_bytes=24848 after_bytes=0 used_bytes=2205588 live_reservations=26 attempts=544
fixture_lease event=drop owner=0x1135285f0 id=541 before_bytes=18648 after_bytes=0 used_bytes=2186940 live_reservations=25 attempts=544
fixture_lease event=installed owner=0x1135285f0 id=545 before_bytes=0 after_bytes=18648 used_bytes=2205588 live_reservations=26 attempts=545
fixture_lease event=installed owner=0x1135285f0 id=546 before_bytes=0 after_bytes=24848 used_bytes=2230436 live_reservations=27 attempts=546
fixture_lease event=drop owner=0x1135285f0 id=546 before_bytes=24848 after_bytes=0 used_bytes=2205588 live_reservations=26 attempts=548
fixture_lease event=drop owner=0x1135285f0 id=545 before_bytes=18648 after_bytes=0 used_bytes=2186940 live_reservations=25 attempts=548
fixture_lease event=installed owner=0x1135285f0 id=549 before_bytes=0 after_bytes=18648 used_bytes=2205588 live_reservations=26 attempts=549
fixture_lease event=installed owner=0x1135285f0 id=550 before_bytes=0 after_bytes=24848 used_bytes=2230436 live_reservations=27 attempts=550
fixture_lease event=drop owner=0x1135285f0 id=550 before_bytes=24848 after_bytes=0 used_bytes=2205588 live_reservations=26 attempts=552
fixture_lease event=drop owner=0x1135285f0 id=549 before_bytes=18648 after_bytes=0 used_bytes=2186940 live_reservations=25 attempts=552
fixture_lease event=installed owner=0x1135285f0 id=553 before_bytes=0 after_bytes=8466 used_bytes=2195406 live_reservations=26 attempts=553
fixture_lease event=drop owner=0x1135285f0 id=553 before_bytes=8466 after_bytes=0 used_bytes=2186940 live_reservations=25 attempts=555
fixture_lease event=installed owner=0x1135285f0 id=556 before_bytes=0 after_bytes=18648 used_bytes=2205588 live_reservations=26 attempts=556
fixture_lease event=installed owner=0x1135285f0 id=557 before_bytes=0 after_bytes=24848 used_bytes=2230436 live_reservations=27 attempts=557
fixture_lease event=drop owner=0x1135285f0 id=557 before_bytes=24848 after_bytes=0 used_bytes=2205588 live_reservations=26 attempts=559
fixture_lease event=drop owner=0x1135285f0 id=556 before_bytes=18648 after_bytes=0 used_bytes=2186940 live_reservations=25 attempts=559
fixture_lease event=installed owner=0x1135285f0 id=560 before_bytes=0 after_bytes=18648 used_bytes=2205588 live_reservations=26 attempts=560
fixture_lease event=installed owner=0x1135285f0 id=561 before_bytes=0 after_bytes=24848 used_bytes=2230436 live_reservations=27 attempts=561
fixture_lease event=drop owner=0x1135285f0 id=561 before_bytes=24848 after_bytes=0 used_bytes=2205588 live_reservations=26 attempts=563
fixture_lease event=drop owner=0x1135285f0 id=560 before_bytes=18648 after_bytes=0 used_bytes=2186940 live_reservations=25 attempts=563
fixture_lease event=installed owner=0x1135285f0 id=564 before_bytes=0 after_bytes=8614 used_bytes=2195554 live_reservations=26 attempts=564
fixture_lease event=drop owner=0x1135285f0 id=564 before_bytes=8614 after_bytes=0 used_bytes=2186940 live_reservations=25 attempts=566
fixture_lease event=drop owner=0x1135285f0 id=536 before_bytes=8608 after_bytes=0 used_bytes=2178332 live_reservations=24 attempts=566
fixture_lease event=drop owner=0x1135285f0 id=535 before_bytes=8488 after_bytes=0 used_bytes=2169844 live_reservations=23 attempts=566
fixture_lease event=installed owner=0x1135285f0 id=567 before_bytes=0 after_bytes=8488 used_bytes=2178332 live_reservations=24 attempts=567
fixture_lease event=installed owner=0x1135285f0 id=568 before_bytes=0 after_bytes=8608 used_bytes=2186940 live_reservations=25 attempts=568
fixture_lease event=installed owner=0x1135285f0 id=569 before_bytes=0 after_bytes=18648 used_bytes=2205588 live_reservations=26 attempts=569
fixture_lease event=installed owner=0x1135285f0 id=570 before_bytes=0 after_bytes=24848 used_bytes=2230436 live_reservations=27 attempts=570
fixture_lease event=drop owner=0x1135285f0 id=570 before_bytes=24848 after_bytes=0 used_bytes=2205588 live_reservations=26 attempts=572
fixture_lease event=drop owner=0x1135285f0 id=569 before_bytes=18648 after_bytes=0 used_bytes=2186940 live_reservations=25 attempts=572
fixture_lease event=installed owner=0x1135285f0 id=573 before_bytes=0 after_bytes=18648 used_bytes=2205588 live_reservations=26 attempts=573
fixture_lease event=installed owner=0x1135285f0 id=574 before_bytes=0 after_bytes=24848 used_bytes=2230436 live_reservations=27 attempts=574
fixture_lease event=drop owner=0x1135285f0 id=574 before_bytes=24848 after_bytes=0 used_bytes=2205588 live_reservations=26 attempts=576
fixture_lease event=drop owner=0x1135285f0 id=573 before_bytes=18648 after_bytes=0 used_bytes=2186940 live_reservations=25 attempts=576
fixture_lease event=installed owner=0x1135285f0 id=577 before_bytes=0 after_bytes=18648 used_bytes=2205588 live_reservations=26 attempts=577
fixture_lease event=installed owner=0x1135285f0 id=578 before_bytes=0 after_bytes=24848 used_bytes=2230436 live_reservations=27 attempts=578
fixture_lease event=drop owner=0x1135285f0 id=578 before_bytes=24848 after_bytes=0 used_bytes=2205588 live_reservations=26 attempts=580
fixture_lease event=drop owner=0x1135285f0 id=577 before_bytes=18648 after_bytes=0 used_bytes=2186940 live_reservations=25 attempts=580
fixture_lease event=installed owner=0x1135285f0 id=581 before_bytes=0 after_bytes=18648 used_bytes=2205588 live_reservations=26 attempts=581
fixture_lease event=installed owner=0x1135285f0 id=582 before_bytes=0 after_bytes=24848 used_bytes=2230436 live_reservations=27 attempts=582
fixture_lease event=drop owner=0x1135285f0 id=582 before_bytes=24848 after_bytes=0 used_bytes=2205588 live_reservations=26 attempts=584
fixture_lease event=drop owner=0x1135285f0 id=581 before_bytes=18648 after_bytes=0 used_bytes=2186940 live_reservations=25 attempts=584
fixture_lease event=installed owner=0x1135285f0 id=585 before_bytes=0 after_bytes=8466 used_bytes=2195406 live_reservations=26 attempts=585
fixture_lease event=drop owner=0x1135285f0 id=585 before_bytes=8466 after_bytes=0 used_bytes=2186940 live_reservations=25 attempts=587
fixture_lease event=installed owner=0x1135285f0 id=588 before_bytes=0 after_bytes=18648 used_bytes=2205588 live_reservations=26 attempts=588
fixture_lease event=installed owner=0x1135285f0 id=589 before_bytes=0 after_bytes=24848 used_bytes=2230436 live_reservations=27 attempts=589
fixture_lease event=drop owner=0x1135285f0 id=589 before_bytes=24848 after_bytes=0 used_bytes=2205588 live_reservations=26 attempts=591
fixture_lease event=drop owner=0x1135285f0 id=588 before_bytes=18648 after_bytes=0 used_bytes=2186940 live_reservations=25 attempts=591
fixture_lease event=installed owner=0x1135285f0 id=592 before_bytes=0 after_bytes=18648 used_bytes=2205588 live_reservations=26 attempts=592
fixture_lease event=installed owner=0x1135285f0 id=593 before_bytes=0 after_bytes=24848 used_bytes=2230436 live_reservations=27 attempts=593
fixture_lease event=drop owner=0x1135285f0 id=593 before_bytes=24848 after_bytes=0 used_bytes=2205588 live_reservations=26 attempts=595
fixture_lease event=drop owner=0x1135285f0 id=592 before_bytes=18648 after_bytes=0 used_bytes=2186940 live_reservations=25 attempts=595
fixture_lease event=installed owner=0x1135285f0 id=596 before_bytes=0 after_bytes=9116 used_bytes=2196056 live_reservations=26 attempts=596
fixture_lease event=drop owner=0x1135285f0 id=596 before_bytes=9116 after_bytes=0 used_bytes=2186940 live_reservations=25 attempts=598
fixture_lease event=drop owner=0x1135285f0 id=568 before_bytes=8608 after_bytes=0 used_bytes=2178332 live_reservations=24 attempts=598
fixture_lease event=drop owner=0x1135285f0 id=567 before_bytes=8488 after_bytes=0 used_bytes=2169844 live_reservations=23 attempts=598
fixture_lease event=installed owner=0x1135285f0 id=599 before_bytes=0 after_bytes=8488 used_bytes=2178332 live_reservations=24 attempts=599
fixture_lease event=installed owner=0x1135285f0 id=600 before_bytes=0 after_bytes=8608 used_bytes=2186940 live_reservations=25 attempts=600
fixture_lease event=installed owner=0x1135285f0 id=601 before_bytes=0 after_bytes=18648 used_bytes=2205588 live_reservations=26 attempts=601
fixture_lease event=installed owner=0x1135285f0 id=602 before_bytes=0 after_bytes=24848 used_bytes=2230436 live_reservations=27 attempts=602
fixture_lease event=drop owner=0x1135285f0 id=602 before_bytes=24848 after_bytes=0 used_bytes=2205588 live_reservations=26 attempts=604
fixture_lease event=drop owner=0x1135285f0 id=601 before_bytes=18648 after_bytes=0 used_bytes=2186940 live_reservations=25 attempts=604
fixture_lease event=installed owner=0x1135285f0 id=605 before_bytes=0 after_bytes=18648 used_bytes=2205588 live_reservations=26 attempts=605
fixture_lease event=installed owner=0x1135285f0 id=606 before_bytes=0 after_bytes=24848 used_bytes=2230436 live_reservations=27 attempts=606
fixture_lease event=drop owner=0x1135285f0 id=606 before_bytes=24848 after_bytes=0 used_bytes=2205588 live_reservations=26 attempts=608
fixture_lease event=drop owner=0x1135285f0 id=605 before_bytes=18648 after_bytes=0 used_bytes=2186940 live_reservations=25 attempts=608
fixture_lease event=installed owner=0x1135285f0 id=609 before_bytes=0 after_bytes=18648 used_bytes=2205588 live_reservations=26 attempts=609
fixture_lease event=installed owner=0x1135285f0 id=610 before_bytes=0 after_bytes=24848 used_bytes=2230436 live_reservations=27 attempts=610
fixture_lease event=drop owner=0x1135285f0 id=610 before_bytes=24848 after_bytes=0 used_bytes=2205588 live_reservations=26 attempts=612
fixture_lease event=drop owner=0x1135285f0 id=609 before_bytes=18648 after_bytes=0 used_bytes=2186940 live_reservations=25 attempts=612
fixture_lease event=installed owner=0x1135285f0 id=613 before_bytes=0 after_bytes=18648 used_bytes=2205588 live_reservations=26 attempts=613
fixture_lease event=installed owner=0x1135285f0 id=614 before_bytes=0 after_bytes=24848 used_bytes=2230436 live_reservations=27 attempts=614
fixture_lease event=drop owner=0x1135285f0 id=614 before_bytes=24848 after_bytes=0 used_bytes=2205588 live_reservations=26 attempts=616
fixture_lease event=drop owner=0x1135285f0 id=613 before_bytes=18648 after_bytes=0 used_bytes=2186940 live_reservations=25 attempts=616
fixture_lease event=installed owner=0x1135285f0 id=617 before_bytes=0 after_bytes=8466 used_bytes=2195406 live_reservations=26 attempts=617
fixture_lease event=drop owner=0x1135285f0 id=617 before_bytes=8466 after_bytes=0 used_bytes=2186940 live_reservations=25 attempts=619
fixture_lease event=installed owner=0x1135285f0 id=620 before_bytes=0 after_bytes=18648 used_bytes=2205588 live_reservations=26 attempts=620
fixture_lease event=installed owner=0x1135285f0 id=621 before_bytes=0 after_bytes=24848 used_bytes=2230436 live_reservations=27 attempts=621
fixture_lease event=drop owner=0x1135285f0 id=621 before_bytes=24848 after_bytes=0 used_bytes=2205588 live_reservations=26 attempts=623
fixture_lease event=drop owner=0x1135285f0 id=620 before_bytes=18648 after_bytes=0 used_bytes=2186940 live_reservations=25 attempts=623
fixture_lease event=installed owner=0x1135285f0 id=624 before_bytes=0 after_bytes=18648 used_bytes=2205588 live_reservations=26 attempts=624
fixture_lease event=installed owner=0x1135285f0 id=625 before_bytes=0 after_bytes=24848 used_bytes=2230436 live_reservations=27 attempts=625
fixture_lease event=drop owner=0x1135285f0 id=625 before_bytes=24848 after_bytes=0 used_bytes=2205588 live_reservations=26 attempts=627
fixture_lease event=drop owner=0x1135285f0 id=624 before_bytes=18648 after_bytes=0 used_bytes=2186940 live_reservations=25 attempts=627
fixture_lease event=installed owner=0x1135285f0 id=628 before_bytes=0 after_bytes=8614 used_bytes=2195554 live_reservations=26 attempts=628
fixture_lease event=drop owner=0x1135285f0 id=628 before_bytes=8614 after_bytes=0 used_bytes=2186940 live_reservations=25 attempts=630
fixture_lease event=drop owner=0x1135285f0 id=600 before_bytes=8608 after_bytes=0 used_bytes=2178332 live_reservations=24 attempts=630
fixture_lease event=drop owner=0x1135285f0 id=599 before_bytes=8488 after_bytes=0 used_bytes=2169844 live_reservations=23 attempts=630
fixture_lease event=installed owner=0x1135285f0 id=631 before_bytes=0 after_bytes=8488 used_bytes=2178332 live_reservations=24 attempts=631
fixture_lease event=installed owner=0x1135285f0 id=632 before_bytes=0 after_bytes=8608 used_bytes=2186940 live_reservations=25 attempts=632
fixture_lease event=installed owner=0x1135285f0 id=633 before_bytes=0 after_bytes=18648 used_bytes=2205588 live_reservations=26 attempts=633
fixture_lease event=installed owner=0x1135285f0 id=634 before_bytes=0 after_bytes=24848 used_bytes=2230436 live_reservations=27 attempts=634
fixture_lease event=drop owner=0x1135285f0 id=634 before_bytes=24848 after_bytes=0 used_bytes=2205588 live_reservations=26 attempts=636
fixture_lease event=drop owner=0x1135285f0 id=633 before_bytes=18648 after_bytes=0 used_bytes=2186940 live_reservations=25 attempts=636
fixture_lease event=installed owner=0x1135285f0 id=637 before_bytes=0 after_bytes=18648 used_bytes=2205588 live_reservations=26 attempts=637
fixture_lease event=installed owner=0x1135285f0 id=638 before_bytes=0 after_bytes=24848 used_bytes=2230436 live_reservations=27 attempts=638
fixture_lease event=drop owner=0x1135285f0 id=638 before_bytes=24848 after_bytes=0 used_bytes=2205588 live_reservations=26 attempts=640
fixture_lease event=drop owner=0x1135285f0 id=637 before_bytes=18648 after_bytes=0 used_bytes=2186940 live_reservations=25 attempts=640
fixture_lease event=installed owner=0x1135285f0 id=641 before_bytes=0 after_bytes=18648 used_bytes=2205588 live_reservations=26 attempts=641
fixture_lease event=installed owner=0x1135285f0 id=642 before_bytes=0 after_bytes=24848 used_bytes=2230436 live_reservations=27 attempts=642
fixture_lease event=drop owner=0x1135285f0 id=642 before_bytes=24848 after_bytes=0 used_bytes=2205588 live_reservations=26 attempts=644
fixture_lease event=drop owner=0x1135285f0 id=641 before_bytes=18648 after_bytes=0 used_bytes=2186940 live_reservations=25 attempts=644
fixture_lease event=installed owner=0x1135285f0 id=645 before_bytes=0 after_bytes=18648 used_bytes=2205588 live_reservations=26 attempts=645
fixture_lease event=installed owner=0x1135285f0 id=646 before_bytes=0 after_bytes=24848 used_bytes=2230436 live_reservations=27 attempts=646
fixture_lease event=drop owner=0x1135285f0 id=646 before_bytes=24848 after_bytes=0 used_bytes=2205588 live_reservations=26 attempts=648
fixture_lease event=drop owner=0x1135285f0 id=645 before_bytes=18648 after_bytes=0 used_bytes=2186940 live_reservations=25 attempts=648
fixture_lease event=installed owner=0x1135285f0 id=649 before_bytes=0 after_bytes=8466 used_bytes=2195406 live_reservations=26 attempts=649
fixture_lease event=drop owner=0x1135285f0 id=649 before_bytes=8466 after_bytes=0 used_bytes=2186940 live_reservations=25 attempts=651
fixture_lease event=installed owner=0x1135285f0 id=652 before_bytes=0 after_bytes=18648 used_bytes=2205588 live_reservations=26 attempts=652
fixture_lease event=installed owner=0x1135285f0 id=653 before_bytes=0 after_bytes=24848 used_bytes=2230436 live_reservations=27 attempts=653
fixture_lease event=drop owner=0x1135285f0 id=653 before_bytes=24848 after_bytes=0 used_bytes=2205588 live_reservations=26 attempts=655
fixture_lease event=drop owner=0x1135285f0 id=652 before_bytes=18648 after_bytes=0 used_bytes=2186940 live_reservations=25 attempts=655
fixture_lease event=installed owner=0x1135285f0 id=656 before_bytes=0 after_bytes=18648 used_bytes=2205588 live_reservations=26 attempts=656
fixture_lease event=installed owner=0x1135285f0 id=657 before_bytes=0 after_bytes=24848 used_bytes=2230436 live_reservations=27 attempts=657
fixture_lease event=drop owner=0x1135285f0 id=657 before_bytes=24848 after_bytes=0 used_bytes=2205588 live_reservations=26 attempts=659
fixture_lease event=drop owner=0x1135285f0 id=656 before_bytes=18648 after_bytes=0 used_bytes=2186940 live_reservations=25 attempts=659
fixture_lease event=installed owner=0x1135285f0 id=660 before_bytes=0 after_bytes=8614 used_bytes=2195554 live_reservations=26 attempts=660
fixture_lease event=drop owner=0x1135285f0 id=660 before_bytes=8614 after_bytes=0 used_bytes=2186940 live_reservations=25 attempts=662
fixture_lease event=drop owner=0x1135285f0 id=632 before_bytes=8608 after_bytes=0 used_bytes=2178332 live_reservations=24 attempts=662
fixture_lease event=drop owner=0x1135285f0 id=631 before_bytes=8488 after_bytes=0 used_bytes=2169844 live_reservations=23 attempts=662
fixture_lease event=installed owner=0x1135285f0 id=663 before_bytes=0 after_bytes=8488 used_bytes=2178332 live_reservations=24 attempts=663
fixture_lease event=installed owner=0x1135285f0 id=664 before_bytes=0 after_bytes=8608 used_bytes=2186940 live_reservations=25 attempts=664
fixture_lease event=installed owner=0x1135285f0 id=665 before_bytes=0 after_bytes=18648 used_bytes=2205588 live_reservations=26 attempts=665
fixture_lease event=installed owner=0x1135285f0 id=666 before_bytes=0 after_bytes=24848 used_bytes=2230436 live_reservations=27 attempts=666
fixture_lease event=drop owner=0x1135285f0 id=666 before_bytes=24848 after_bytes=0 used_bytes=2205588 live_reservations=26 attempts=668
fixture_lease event=drop owner=0x1135285f0 id=665 before_bytes=18648 after_bytes=0 used_bytes=2186940 live_reservations=25 attempts=668
fixture_lease event=installed owner=0x1135285f0 id=669 before_bytes=0 after_bytes=18648 used_bytes=2205588 live_reservations=26 attempts=669
fixture_lease event=installed owner=0x1135285f0 id=670 before_bytes=0 after_bytes=24848 used_bytes=2230436 live_reservations=27 attempts=670
fixture_lease event=drop owner=0x1135285f0 id=670 before_bytes=24848 after_bytes=0 used_bytes=2205588 live_reservations=26 attempts=672
fixture_lease event=drop owner=0x1135285f0 id=669 before_bytes=18648 after_bytes=0 used_bytes=2186940 live_reservations=25 attempts=672
fixture_lease event=installed owner=0x1135285f0 id=673 before_bytes=0 after_bytes=18648 used_bytes=2205588 live_reservations=26 attempts=673
fixture_lease event=installed owner=0x1135285f0 id=674 before_bytes=0 after_bytes=24848 used_bytes=2230436 live_reservations=27 attempts=674
fixture_lease event=drop owner=0x1135285f0 id=674 before_bytes=24848 after_bytes=0 used_bytes=2205588 live_reservations=26 attempts=676
fixture_lease event=drop owner=0x1135285f0 id=673 before_bytes=18648 after_bytes=0 used_bytes=2186940 live_reservations=25 attempts=676
fixture_lease event=installed owner=0x1135285f0 id=677 before_bytes=0 after_bytes=18648 used_bytes=2205588 live_reservations=26 attempts=677
fixture_lease event=installed owner=0x1135285f0 id=678 before_bytes=0 after_bytes=24848 used_bytes=2230436 live_reservations=27 attempts=678
fixture_lease event=drop owner=0x1135285f0 id=678 before_bytes=24848 after_bytes=0 used_bytes=2205588 live_reservations=26 attempts=680
fixture_lease event=drop owner=0x1135285f0 id=677 before_bytes=18648 after_bytes=0 used_bytes=2186940 live_reservations=25 attempts=680
fixture_lease event=installed owner=0x1135285f0 id=681 before_bytes=0 after_bytes=8466 used_bytes=2195406 live_reservations=26 attempts=681
fixture_lease event=drop owner=0x1135285f0 id=681 before_bytes=8466 after_bytes=0 used_bytes=2186940 live_reservations=25 attempts=683
fixture_lease event=installed owner=0x1135285f0 id=684 before_bytes=0 after_bytes=18648 used_bytes=2205588 live_reservations=26 attempts=684
fixture_lease event=installed owner=0x1135285f0 id=685 before_bytes=0 after_bytes=24848 used_bytes=2230436 live_reservations=27 attempts=685
fixture_lease event=drop owner=0x1135285f0 id=685 before_bytes=24848 after_bytes=0 used_bytes=2205588 live_reservations=26 attempts=687
fixture_lease event=drop owner=0x1135285f0 id=684 before_bytes=18648 after_bytes=0 used_bytes=2186940 live_reservations=25 attempts=687
fixture_lease event=installed owner=0x1135285f0 id=688 before_bytes=0 after_bytes=18648 used_bytes=2205588 live_reservations=26 attempts=688
fixture_lease event=installed owner=0x1135285f0 id=689 before_bytes=0 after_bytes=24848 used_bytes=2230436 live_reservations=27 attempts=689
fixture_lease event=drop owner=0x1135285f0 id=689 before_bytes=24848 after_bytes=0 used_bytes=2205588 live_reservations=26 attempts=691
fixture_lease event=drop owner=0x1135285f0 id=688 before_bytes=18648 after_bytes=0 used_bytes=2186940 live_reservations=25 attempts=691
fixture_lease event=installed owner=0x1135285f0 id=692 before_bytes=0 after_bytes=8614 used_bytes=2195554 live_reservations=26 attempts=692
fixture_lease event=drop owner=0x1135285f0 id=692 before_bytes=8614 after_bytes=0 used_bytes=2186940 live_reservations=25 attempts=694
fixture_lease event=drop owner=0x1135285f0 id=664 before_bytes=8608 after_bytes=0 used_bytes=2178332 live_reservations=24 attempts=694
fixture_lease event=drop owner=0x1135285f0 id=663 before_bytes=8488 after_bytes=0 used_bytes=2169844 live_reservations=23 attempts=694
fixture_lease event=installed owner=0x1135285f0 id=695 before_bytes=0 after_bytes=8488 used_bytes=2178332 live_reservations=24 attempts=695
fixture_lease event=installed owner=0x1135285f0 id=696 before_bytes=0 after_bytes=8608 used_bytes=2186940 live_reservations=25 attempts=696
fixture_lease event=installed owner=0x1135285f0 id=697 before_bytes=0 after_bytes=18648 used_bytes=2205588 live_reservations=26 attempts=697
fixture_lease event=installed owner=0x1135285f0 id=698 before_bytes=0 after_bytes=24848 used_bytes=2230436 live_reservations=27 attempts=698
fixture_lease event=drop owner=0x1135285f0 id=698 before_bytes=24848 after_bytes=0 used_bytes=2205588 live_reservations=26 attempts=700
fixture_lease event=drop owner=0x1135285f0 id=697 before_bytes=18648 after_bytes=0 used_bytes=2186940 live_reservations=25 attempts=700
fixture_lease event=installed owner=0x1135285f0 id=701 before_bytes=0 after_bytes=18648 used_bytes=2205588 live_reservations=26 attempts=701
fixture_lease event=installed owner=0x1135285f0 id=702 before_bytes=0 after_bytes=24848 used_bytes=2230436 live_reservations=27 attempts=702
fixture_lease event=drop owner=0x1135285f0 id=702 before_bytes=24848 after_bytes=0 used_bytes=2205588 live_reservations=26 attempts=704
fixture_lease event=drop owner=0x1135285f0 id=701 before_bytes=18648 after_bytes=0 used_bytes=2186940 live_reservations=25 attempts=704
fixture_lease event=installed owner=0x1135285f0 id=705 before_bytes=0 after_bytes=18648 used_bytes=2205588 live_reservations=26 attempts=705
fixture_lease event=installed owner=0x1135285f0 id=706 before_bytes=0 after_bytes=24848 used_bytes=2230436 live_reservations=27 attempts=706
fixture_lease event=drop owner=0x1135285f0 id=706 before_bytes=24848 after_bytes=0 used_bytes=2205588 live_reservations=26 attempts=708
fixture_lease event=drop owner=0x1135285f0 id=705 before_bytes=18648 after_bytes=0 used_bytes=2186940 live_reservations=25 attempts=708
fixture_lease event=installed owner=0x1135285f0 id=709 before_bytes=0 after_bytes=18648 used_bytes=2205588 live_reservations=26 attempts=709
fixture_lease event=installed owner=0x1135285f0 id=710 before_bytes=0 after_bytes=24848 used_bytes=2230436 live_reservations=27 attempts=710
fixture_lease event=drop owner=0x1135285f0 id=710 before_bytes=24848 after_bytes=0 used_bytes=2205588 live_reservations=26 attempts=712
fixture_lease event=drop owner=0x1135285f0 id=709 before_bytes=18648 after_bytes=0 used_bytes=2186940 live_reservations=25 attempts=712
fixture_lease event=installed owner=0x1135285f0 id=713 before_bytes=0 after_bytes=8466 used_bytes=2195406 live_reservations=26 attempts=713
fixture_lease event=drop owner=0x1135285f0 id=713 before_bytes=8466 after_bytes=0 used_bytes=2186940 live_reservations=25 attempts=715
fixture_lease event=installed owner=0x1135285f0 id=716 before_bytes=0 after_bytes=18648 used_bytes=2205588 live_reservations=26 attempts=716
fixture_lease event=installed owner=0x1135285f0 id=717 before_bytes=0 after_bytes=24848 used_bytes=2230436 live_reservations=27 attempts=717
fixture_lease event=drop owner=0x1135285f0 id=717 before_bytes=24848 after_bytes=0 used_bytes=2205588 live_reservations=26 attempts=719
fixture_lease event=drop owner=0x1135285f0 id=716 before_bytes=18648 after_bytes=0 used_bytes=2186940 live_reservations=25 attempts=719
fixture_lease event=installed owner=0x1135285f0 id=720 before_bytes=0 after_bytes=18648 used_bytes=2205588 live_reservations=26 attempts=720
fixture_lease event=installed owner=0x1135285f0 id=721 before_bytes=0 after_bytes=24848 used_bytes=2230436 live_reservations=27 attempts=721
fixture_lease event=drop owner=0x1135285f0 id=721 before_bytes=24848 after_bytes=0 used_bytes=2205588 live_reservations=26 attempts=723
fixture_lease event=drop owner=0x1135285f0 id=720 before_bytes=18648 after_bytes=0 used_bytes=2186940 live_reservations=25 attempts=723
fixture_lease event=installed owner=0x1135285f0 id=724 before_bytes=0 after_bytes=9116 used_bytes=2196056 live_reservations=26 attempts=724
fixture_lease event=drop owner=0x1135285f0 id=724 before_bytes=9116 after_bytes=0 used_bytes=2186940 live_reservations=25 attempts=726
fixture_lease event=drop owner=0x1135285f0 id=696 before_bytes=8608 after_bytes=0 used_bytes=2178332 live_reservations=24 attempts=726
fixture_lease event=drop owner=0x1135285f0 id=695 before_bytes=8488 after_bytes=0 used_bytes=2169844 live_reservations=23 attempts=726
fixture_lease event=installed owner=0x1135285f0 id=727 before_bytes=0 after_bytes=8488 used_bytes=2178332 live_reservations=24 attempts=727
fixture_lease event=installed owner=0x1135285f0 id=728 before_bytes=0 after_bytes=8608 used_bytes=2186940 live_reservations=25 attempts=728
fixture_lease event=installed owner=0x1135285f0 id=729 before_bytes=0 after_bytes=18648 used_bytes=2205588 live_reservations=26 attempts=729
fixture_lease event=installed owner=0x1135285f0 id=730 before_bytes=0 after_bytes=24848 used_bytes=2230436 live_reservations=27 attempts=730
fixture_lease event=drop owner=0x1135285f0 id=730 before_bytes=24848 after_bytes=0 used_bytes=2205588 live_reservations=26 attempts=732
fixture_lease event=drop owner=0x1135285f0 id=729 before_bytes=18648 after_bytes=0 used_bytes=2186940 live_reservations=25 attempts=732
fixture_lease event=installed owner=0x1135285f0 id=733 before_bytes=0 after_bytes=18648 used_bytes=2205588 live_reservations=26 attempts=733
fixture_lease event=installed owner=0x1135285f0 id=734 before_bytes=0 after_bytes=24848 used_bytes=2230436 live_reservations=27 attempts=734
fixture_lease event=drop owner=0x1135285f0 id=734 before_bytes=24848 after_bytes=0 used_bytes=2205588 live_reservations=26 attempts=736
fixture_lease event=drop owner=0x1135285f0 id=733 before_bytes=18648 after_bytes=0 used_bytes=2186940 live_reservations=25 attempts=736
fixture_lease event=installed owner=0x1135285f0 id=737 before_bytes=0 after_bytes=18648 used_bytes=2205588 live_reservations=26 attempts=737
fixture_lease event=installed owner=0x1135285f0 id=738 before_bytes=0 after_bytes=24848 used_bytes=2230436 live_reservations=27 attempts=738
fixture_lease event=drop owner=0x1135285f0 id=738 before_bytes=24848 after_bytes=0 used_bytes=2205588 live_reservations=26 attempts=740
fixture_lease event=drop owner=0x1135285f0 id=737 before_bytes=18648 after_bytes=0 used_bytes=2186940 live_reservations=25 attempts=740
fixture_lease event=installed owner=0x1135285f0 id=741 before_bytes=0 after_bytes=18648 used_bytes=2205588 live_reservations=26 attempts=741
fixture_lease event=installed owner=0x1135285f0 id=742 before_bytes=0 after_bytes=24848 used_bytes=2230436 live_reservations=27 attempts=742
fixture_lease event=drop owner=0x1135285f0 id=742 before_bytes=24848 after_bytes=0 used_bytes=2205588 live_reservations=26 attempts=744
fixture_lease event=drop owner=0x1135285f0 id=741 before_bytes=18648 after_bytes=0 used_bytes=2186940 live_reservations=25 attempts=744
fixture_lease event=installed owner=0x1135285f0 id=745 before_bytes=0 after_bytes=8466 used_bytes=2195406 live_reservations=26 attempts=745
fixture_lease event=drop owner=0x1135285f0 id=745 before_bytes=8466 after_bytes=0 used_bytes=2186940 live_reservations=25 attempts=747
fixture_lease event=installed owner=0x1135285f0 id=748 before_bytes=0 after_bytes=18648 used_bytes=2205588 live_reservations=26 attempts=748
fixture_lease event=installed owner=0x1135285f0 id=749 before_bytes=0 after_bytes=24848 used_bytes=2230436 live_reservations=27 attempts=749
fixture_lease event=drop owner=0x1135285f0 id=749 before_bytes=24848 after_bytes=0 used_bytes=2205588 live_reservations=26 attempts=751
fixture_lease event=drop owner=0x1135285f0 id=748 before_bytes=18648 after_bytes=0 used_bytes=2186940 live_reservations=25 attempts=751
fixture_lease event=installed owner=0x1135285f0 id=752 before_bytes=0 after_bytes=18648 used_bytes=2205588 live_reservations=26 attempts=752
fixture_lease event=installed owner=0x1135285f0 id=753 before_bytes=0 after_bytes=24848 used_bytes=2230436 live_reservations=27 attempts=753
fixture_lease event=drop owner=0x1135285f0 id=753 before_bytes=24848 after_bytes=0 used_bytes=2205588 live_reservations=26 attempts=755
fixture_lease event=drop owner=0x1135285f0 id=752 before_bytes=18648 after_bytes=0 used_bytes=2186940 live_reservations=25 attempts=755
fixture_lease event=installed owner=0x1135285f0 id=756 before_bytes=0 after_bytes=8614 used_bytes=2195554 live_reservations=26 attempts=756
fixture_lease event=drop owner=0x1135285f0 id=756 before_bytes=8614 after_bytes=0 used_bytes=2186940 live_reservations=25 attempts=758
fixture_lease event=drop owner=0x1135285f0 id=728 before_bytes=8608 after_bytes=0 used_bytes=2178332 live_reservations=24 attempts=758
fixture_lease event=drop owner=0x1135285f0 id=727 before_bytes=8488 after_bytes=0 used_bytes=2169844 live_reservations=23 attempts=758
fixture_lease event=installed owner=0x1135285f0 id=759 before_bytes=0 after_bytes=8488 used_bytes=2178332 live_reservations=24 attempts=759
fixture_lease event=installed owner=0x1135285f0 id=760 before_bytes=0 after_bytes=8608 used_bytes=2186940 live_reservations=25 attempts=760
fixture_lease event=installed owner=0x1135285f0 id=761 before_bytes=0 after_bytes=18648 used_bytes=2205588 live_reservations=26 attempts=761
fixture_lease event=installed owner=0x1135285f0 id=762 before_bytes=0 after_bytes=24848 used_bytes=2230436 live_reservations=27 attempts=762
fixture_lease event=drop owner=0x1135285f0 id=762 before_bytes=24848 after_bytes=0 used_bytes=2205588 live_reservations=26 attempts=764
fixture_lease event=drop owner=0x1135285f0 id=761 before_bytes=18648 after_bytes=0 used_bytes=2186940 live_reservations=25 attempts=764
fixture_lease event=installed owner=0x1135285f0 id=765 before_bytes=0 after_bytes=18648 used_bytes=2205588 live_reservations=26 attempts=765
fixture_lease event=installed owner=0x1135285f0 id=766 before_bytes=0 after_bytes=24848 used_bytes=2230436 live_reservations=27 attempts=766
fixture_lease event=drop owner=0x1135285f0 id=766 before_bytes=24848 after_bytes=0 used_bytes=2205588 live_reservations=26 attempts=768
fixture_lease event=drop owner=0x1135285f0 id=765 before_bytes=18648 after_bytes=0 used_bytes=2186940 live_reservations=25 attempts=768
fixture_lease event=installed owner=0x1135285f0 id=769 before_bytes=0 after_bytes=18648 used_bytes=2205588 live_reservations=26 attempts=769
fixture_lease event=installed owner=0x1135285f0 id=770 before_bytes=0 after_bytes=24848 used_bytes=2230436 live_reservations=27 attempts=770
fixture_lease event=drop owner=0x1135285f0 id=770 before_bytes=24848 after_bytes=0 used_bytes=2205588 live_reservations=26 attempts=772
fixture_lease event=drop owner=0x1135285f0 id=769 before_bytes=18648 after_bytes=0 used_bytes=2186940 live_reservations=25 attempts=772
fixture_lease event=installed owner=0x1135285f0 id=773 before_bytes=0 after_bytes=18648 used_bytes=2205588 live_reservations=26 attempts=773
fixture_lease event=installed owner=0x1135285f0 id=774 before_bytes=0 after_bytes=24848 used_bytes=2230436 live_reservations=27 attempts=774
fixture_lease event=drop owner=0x1135285f0 id=774 before_bytes=24848 after_bytes=0 used_bytes=2205588 live_reservations=26 attempts=776
fixture_lease event=drop owner=0x1135285f0 id=773 before_bytes=18648 after_bytes=0 used_bytes=2186940 live_reservations=25 attempts=776
fixture_lease event=installed owner=0x1135285f0 id=777 before_bytes=0 after_bytes=8466 used_bytes=2195406 live_reservations=26 attempts=777
fixture_lease event=drop owner=0x1135285f0 id=777 before_bytes=8466 after_bytes=0 used_bytes=2186940 live_reservations=25 attempts=779
fixture_lease event=installed owner=0x1135285f0 id=780 before_bytes=0 after_bytes=18648 used_bytes=2205588 live_reservations=26 attempts=780
fixture_lease event=installed owner=0x1135285f0 id=781 before_bytes=0 after_bytes=24848 used_bytes=2230436 live_reservations=27 attempts=781
fixture_lease event=drop owner=0x1135285f0 id=781 before_bytes=24848 after_bytes=0 used_bytes=2205588 live_reservations=26 attempts=783
fixture_lease event=drop owner=0x1135285f0 id=780 before_bytes=18648 after_bytes=0 used_bytes=2186940 live_reservations=25 attempts=783
fixture_lease event=installed owner=0x1135285f0 id=784 before_bytes=0 after_bytes=18648 used_bytes=2205588 live_reservations=26 attempts=784
fixture_lease event=installed owner=0x1135285f0 id=785 before_bytes=0 after_bytes=24848 used_bytes=2230436 live_reservations=27 attempts=785
fixture_lease event=drop owner=0x1135285f0 id=785 before_bytes=24848 after_bytes=0 used_bytes=2205588 live_reservations=26 attempts=787
fixture_lease event=drop owner=0x1135285f0 id=784 before_bytes=18648 after_bytes=0 used_bytes=2186940 live_reservations=25 attempts=787
fixture_lease event=installed owner=0x1135285f0 id=788 before_bytes=0 after_bytes=8614 used_bytes=2195554 live_reservations=26 attempts=788
fixture_lease event=drop owner=0x1135285f0 id=788 before_bytes=8614 after_bytes=0 used_bytes=2186940 live_reservations=25 attempts=790
fixture_lease event=drop owner=0x1135285f0 id=760 before_bytes=8608 after_bytes=0 used_bytes=2178332 live_reservations=24 attempts=790
fixture_lease event=drop owner=0x1135285f0 id=759 before_bytes=8488 after_bytes=0 used_bytes=2169844 live_reservations=23 attempts=790
receipt_staging phase=setup_entered ordinal=None succeeded=None
fixture_lease event=installed owner=0x1135285f0 id=791 before_bytes=0 after_bytes=267232 used_bytes=2437076 live_reservations=24 attempts=791
fixture_lease event=installed owner=0x1135285f0 id=792 before_bytes=0 after_bytes=147552 used_bytes=2584628 live_reservations=25 attempts=792
fixture_lease event=installed owner=0x1135285f0 id=793 before_bytes=0 after_bytes=57736 used_bytes=2642364 live_reservations=26 attempts=793
fixture_lease event=installed owner=0x1135285f0 id=794 before_bytes=0 after_bytes=157664 used_bytes=2800028 live_reservations=27 attempts=794
fixture_lease event=installed owner=0x1135285f0 id=795 before_bytes=0 after_bytes=13008 used_bytes=2813036 live_reservations=28 attempts=795
fixture_lease event=installed owner=0x1135285f0 id=796 before_bytes=0 after_bytes=16792 used_bytes=2829828 live_reservations=29 attempts=796
fixture_lease event=installed owner=0x1135285f0 id=797 before_bytes=0 after_bytes=43440 used_bytes=2873268 live_reservations=30 attempts=797
fixture_lease event=installed owner=0x1135285f0 id=798 before_bytes=0 after_bytes=8488 used_bytes=2881756 live_reservations=31 attempts=798
fixture_lease event=installed owner=0x1135285f0 id=799 before_bytes=0 after_bytes=8608 used_bytes=2890364 live_reservations=32 attempts=799
TestDiskMemory::reserve_installed denied: provider=0x1135285f0 requested_bytes=69680 charged_bytes=73800 bookkeeping_bytes=24184 used_bytes=2890364 next_used_bytes=2964164 max_bytes=67108864 live_reservations=32 max_reservations=32 attempts=800 error=Kind(OutOfMemory)
TestDiskMemory::reserve_installed denied: provider=0x1135285f0 requested_bytes=4662 charged_bytes=8782 bookkeeping_bytes=24184 used_bytes=2890364 next_used_bytes=2899146 max_bytes=67108864 live_reservations=32 max_reservations=32 attempts=801 error=Kind(OutOfMemory)
fixture_lease event=drop owner=0x1135285f0 id=799 before_bytes=8608 after_bytes=0 used_bytes=2881756 live_reservations=31 attempts=801
fixture_lease event=drop owner=0x1135285f0 id=798 before_bytes=8488 after_bytes=0 used_bytes=2873268 live_reservations=30 attempts=801
fixture_lease event=drop owner=0x1135285f0 id=792 before_bytes=147552 after_bytes=0 used_bytes=2725716 live_reservations=29 attempts=801
fixture_lease event=drop owner=0x1135285f0 id=795 before_bytes=13008 after_bytes=0 used_bytes=2712708 live_reservations=28 attempts=801
fixture_lease event=drop owner=0x1135285f0 id=796 before_bytes=16792 after_bytes=0 used_bytes=2695916 live_reservations=27 attempts=801
fixture_lease event=drop owner=0x1135285f0 id=797 before_bytes=43440 after_bytes=0 used_bytes=2652476 live_reservations=26 attempts=801
fixture_lease event=drop owner=0x1135285f0 id=794 before_bytes=157664 after_bytes=0 used_bytes=2494812 live_reservations=25 attempts=801
fixture_lease event=drop owner=0x1135285f0 id=793 before_bytes=57736 after_bytes=0 used_bytes=2437076 live_reservations=24 attempts=801
fixture_lease event=drop owner=0x1135285f0 id=791 before_bytes=267232 after_bytes=0 used_bytes=2169844 live_reservations=23 attempts=801
receipt_staging phase=setup_returned ordinal=None succeeded=Some(false)

thread 'state::restore_budget_tests::restored_identity_metadata_is_validated_before_bootstrap_persistence' (22442853) panicked at crates/kasumi-engine/src/state.rs:3409:9:
assertion `left == right` failed
  left: Corruption
 right: QuotaExceeded
note: run with `RUST_BACKTRACE=1` environment variable to display a backtrace
fixture_lease event=drop owner=0x1135285f0 id=6 before_bytes=147552 after_bytes=0 used_bytes=2022292 live_reservations=22 attempts=801
fixture_lease event=drop owner=0x1135285f0 id=23 before_bytes=147552 after_bytes=0 used_bytes=1874740 live_reservations=21 attempts=801
fixture_lease event=drop owner=0x1135285f0 id=24 before_bytes=147552 after_bytes=0 used_bytes=1727188 live_reservations=20 attempts=801
fixture_lease event=drop owner=0x1135285f0 id=9 before_bytes=13008 after_bytes=0 used_bytes=1714180 live_reservations=19 attempts=801
fixture_lease event=drop owner=0x1135285f0 id=10 before_bytes=16792 after_bytes=0 used_bytes=1697388 live_reservations=18 attempts=801
fixture_lease event=drop owner=0x1135285f0 id=25 before_bytes=69656 after_bytes=0 used_bytes=1627732 live_reservations=17 attempts=801
fixture_lease event=drop owner=0x1135285f0 id=11 before_bytes=43440 after_bytes=0 used_bytes=1584292 live_reservations=16 attempts=801
fixture_lease event=drop owner=0x1135285f0 id=8 before_bytes=157664 after_bytes=0 used_bytes=1426628 live_reservations=15 attempts=801
fixture_lease event=drop owner=0x1135285f0 id=7 before_bytes=57736 after_bytes=0 used_bytes=1368892 live_reservations=14 attempts=801
fixture_lease event=drop owner=0x1135285f0 id=5 before_bytes=267232 after_bytes=0 used_bytes=1101660 live_reservations=13 attempts=801
fixture_lease event=drop owner=0x1135285f0 id=353 before_bytes=147552 after_bytes=0 used_bytes=954108 live_reservations=12 attempts=801
fixture_lease event=drop owner=0x1135285f0 id=370 before_bytes=147552 after_bytes=0 used_bytes=806556 live_reservations=11 attempts=801
fixture_lease event=drop owner=0x1135285f0 id=371 before_bytes=147552 after_bytes=0 used_bytes=659004 live_reservations=10 attempts=801
fixture_lease event=drop owner=0x1135285f0 id=356 before_bytes=13008 after_bytes=0 used_bytes=645996 live_reservations=9 attempts=801
fixture_lease event=drop owner=0x1135285f0 id=357 before_bytes=16792 after_bytes=0 used_bytes=629204 live_reservations=8 attempts=801
fixture_lease event=drop owner=0x1135285f0 id=358 before_bytes=43440 after_bytes=0 used_bytes=585764 live_reservations=7 attempts=801
fixture_lease event=drop owner=0x1135285f0 id=355 before_bytes=157664 after_bytes=0 used_bytes=428100 live_reservations=6 attempts=801
fixture_lease event=drop owner=0x1135285f0 id=354 before_bytes=57736 after_bytes=0 used_bytes=370364 live_reservations=5 attempts=801
fixture_lease event=drop owner=0x1135285f0 id=352 before_bytes=267232 after_bytes=0 used_bytes=103132 live_reservations=4 attempts=801
test state::restore_budget_tests::restored_identity_metadata_is_validated_before_bootstrap_persistence ... FAILED

failures:

failures:
    state::restore_budget_tests::restored_identity_metadata_is_validated_before_bootstrap_persistence

test result: FAILED. 0 passed; 1 failed; 0 ignored; 0 measured; 627 filtered out; finished in 2.23s

error: test failed, to rerun pass `-p kasumi-engine --lib`
     Running unittests src/lib.rs (target/disk-backed-cache/debug/deps/kasumi_kv-221aa5373d25965b)

running 0 tests

test result: ok. 0 passed; 0 failed; 0 ignored; 0 measured; 548 filtered out; finished in 0.00s

     Running unittests src/lib.rs (target/disk-backed-cache/debug/deps/kasumi_raft-8af78bc0d2a8574c)

running 0 tests

test result: ok. 0 passed; 0 failed; 0 ignored; 0 measured; 170 filtered out; finished in 0.00s

     Running unittests src/lib.rs (target/disk-backed-cache/debug/deps/kasumi_store-4ef75ebdc018c368)

running 0 tests

test result: ok. 0 passed; 0 failed; 0 ignored; 0 measured; 708 filtered out; finished in 0.00s

error: 1 target failed:
    `-p kasumi-engine --lib`
Runner: 3.27s; exit=101; matching=1528/1528
