Command: cargo test --locked --offline --config profile.test.package.kasumi-kv.opt-level=3 --config profile.test.package.sha2.opt-level=3 -p kasumi-kv -p kasumi-store -p kasumi-raft -p kasumi-engine --all-features --lib --no-fail-fast -- restored_identity_metadata_is_validated_before_bootstrap_persistence --nocapture
CARGO_TARGET_DIR=target/disk-backed-cache
    Finished `test` profile [unoptimized + debuginfo] target(s) in 0.55s
     Running unittests src/lib.rs (target/disk-backed-cache/debug/deps/kasumi_engine-44db468831cfc59f)

running 1 test
fixture_lease event=installed owner=0x7beec06190 id=1 before_bytes=0 after_bytes=74164 used_bytes=74164 live_reservations=1 attempts=1
fixture_lease event=installed owner=0x7beec06190 id=2 before_bytes=0 after_bytes=8264 used_bytes=82428 live_reservations=2 attempts=2
fixture_lease event=installed owner=0x7beec06190 id=3 before_bytes=0 after_bytes=12424 used_bytes=94852 live_reservations=3 attempts=3
fixture_lease event=installed owner=0x7beec06190 id=4 before_bytes=0 after_bytes=8280 used_bytes=103132 live_reservations=4 attempts=4
fixture_lease event=installed owner=0x7beec06190 id=5 before_bytes=0 after_bytes=267232 used_bytes=370364 live_reservations=5 attempts=5
fixture_lease event=installed owner=0x7beec06190 id=6 before_bytes=0 after_bytes=147552 used_bytes=517916 live_reservations=6 attempts=6
fixture_lease event=installed owner=0x7beec06190 id=7 before_bytes=0 after_bytes=57736 used_bytes=575652 live_reservations=7 attempts=7
fixture_lease event=installed owner=0x7beec06190 id=8 before_bytes=0 after_bytes=157648 used_bytes=733300 live_reservations=8 attempts=8
fixture_lease event=installed owner=0x7beec06190 id=9 before_bytes=0 after_bytes=13008 used_bytes=746308 live_reservations=9 attempts=9
fixture_lease event=installed owner=0x7beec06190 id=10 before_bytes=0 after_bytes=16792 used_bytes=763100 live_reservations=10 attempts=10
fixture_lease event=installed owner=0x7beec06190 id=11 before_bytes=0 after_bytes=43440 used_bytes=806540 live_reservations=11 attempts=11
fixture_lease event=installed owner=0x7beec06190 id=12 before_bytes=0 after_bytes=8488 used_bytes=815028 live_reservations=12 attempts=12
fixture_lease event=installed owner=0x7beec06190 id=13 before_bytes=0 after_bytes=8608 used_bytes=823636 live_reservations=13 attempts=13
fixture_lease event=installed owner=0x7beec06190 id=14 before_bytes=0 after_bytes=73800 used_bytes=897436 live_reservations=14 attempts=14
fixture_lease event=installed owner=0x7beec06190 id=15 before_bytes=0 after_bytes=8471 used_bytes=905907 live_reservations=15 attempts=15
fixture_lease event=drop owner=0x7beec06190 id=13 before_bytes=8608 after_bytes=0 used_bytes=897299 live_reservations=14 attempts=15
fixture_lease event=drop owner=0x7beec06190 id=12 before_bytes=8488 after_bytes=0 used_bytes=888811 live_reservations=13 attempts=15
fixture_lease event=installed owner=0x7beec06190 id=16 before_bytes=0 after_bytes=8712 used_bytes=897523 live_reservations=14 attempts=16
fixture_lease event=installed owner=0x7beec06190 id=17 before_bytes=0 after_bytes=2412520 used_bytes=3310043 live_reservations=15 attempts=17
fixture_lease event=installed owner=0x7beec06190 id=18 before_bytes=0 after_bytes=120224 used_bytes=3430267 live_reservations=16 attempts=18
fixture_lease event=installed owner=0x7beec06190 id=19 before_bytes=0 after_bytes=33056 used_bytes=3463323 live_reservations=17 attempts=19
fixture_lease event=installed owner=0x7beec06190 id=20 before_bytes=0 after_bytes=44016 used_bytes=3507339 live_reservations=18 attempts=20
fixture_lease event=installed owner=0x7beec06190 id=21 before_bytes=0 after_bytes=16664 used_bytes=3524003 live_reservations=19 attempts=21
fixture_lease event=drop owner=0x7beec06190 id=21 before_bytes=16664 after_bytes=0 used_bytes=3507339 live_reservations=18 attempts=21
fixture_lease event=installed owner=0x7beec06190 id=22 before_bytes=0 after_bytes=147552 used_bytes=3654891 live_reservations=19 attempts=22
fixture_lease event=installed owner=0x7beec06190 id=23 before_bytes=0 after_bytes=147552 used_bytes=3802443 live_reservations=20 attempts=23
fixture_lease event=drop owner=0x7beec06190 id=18 before_bytes=120224 after_bytes=0 used_bytes=3682219 live_reservations=19 attempts=23
fixture_lease event=drop owner=0x7beec06190 id=17 before_bytes=2412520 after_bytes=0 used_bytes=1269699 live_reservations=18 attempts=23
fixture_lease event=cache owner=0x7beec06190 id=24 before_bytes=0 after_bytes=69656 used_bytes=1339355 live_reservations=19 attempts=24
fixture_lease event=drop owner=0x7beec06190 id=19 before_bytes=33056 after_bytes=0 used_bytes=1306299 live_reservations=18 attempts=24
fixture_lease event=drop owner=0x7beec06190 id=20 before_bytes=44016 after_bytes=0 used_bytes=1262283 live_reservations=17 attempts=24
fixture_lease event=drop owner=0x7beec06190 id=16 before_bytes=8712 after_bytes=0 used_bytes=1253571 live_reservations=16 attempts=24
fixture_lease event=drop owner=0x7beec06190 id=15 before_bytes=8471 after_bytes=0 used_bytes=1245100 live_reservations=15 attempts=24
fixture_lease event=drop owner=0x7beec06190 id=14 before_bytes=73800 after_bytes=0 used_bytes=1171300 live_reservations=14 attempts=24
fixture_lease event=installed owner=0x7beec06190 id=25 before_bytes=0 after_bytes=8488 used_bytes=1179788 live_reservations=15 attempts=25
fixture_lease event=installed owner=0x7beec06190 id=26 before_bytes=0 after_bytes=8608 used_bytes=1188396 live_reservations=16 attempts=26
fixture_lease event=installed owner=0x7beec06190 id=27 before_bytes=0 after_bytes=18648 used_bytes=1207044 live_reservations=17 attempts=27
fixture_lease event=installed owner=0x7beec06190 id=28 before_bytes=0 after_bytes=24848 used_bytes=1231892 live_reservations=18 attempts=28
fixture_lease event=drop owner=0x7beec06190 id=28 before_bytes=24848 after_bytes=0 used_bytes=1207044 live_reservations=17 attempts=28
fixture_lease event=drop owner=0x7beec06190 id=27 before_bytes=18648 after_bytes=0 used_bytes=1188396 live_reservations=16 attempts=28
fixture_lease event=installed owner=0x7beec06190 id=29 before_bytes=0 after_bytes=18648 used_bytes=1207044 live_reservations=17 attempts=29
fixture_lease event=installed owner=0x7beec06190 id=30 before_bytes=0 after_bytes=24848 used_bytes=1231892 live_reservations=18 attempts=30
fixture_lease event=drop owner=0x7beec06190 id=30 before_bytes=24848 after_bytes=0 used_bytes=1207044 live_reservations=17 attempts=30
fixture_lease event=drop owner=0x7beec06190 id=29 before_bytes=18648 after_bytes=0 used_bytes=1188396 live_reservations=16 attempts=30
fixture_lease event=installed owner=0x7beec06190 id=31 before_bytes=0 after_bytes=18648 used_bytes=1207044 live_reservations=17 attempts=31
fixture_lease event=installed owner=0x7beec06190 id=32 before_bytes=0 after_bytes=24848 used_bytes=1231892 live_reservations=18 attempts=32
fixture_lease event=drop owner=0x7beec06190 id=32 before_bytes=24848 after_bytes=0 used_bytes=1207044 live_reservations=17 attempts=32
fixture_lease event=drop owner=0x7beec06190 id=31 before_bytes=18648 after_bytes=0 used_bytes=1188396 live_reservations=16 attempts=32
fixture_lease event=installed owner=0x7beec06190 id=33 before_bytes=0 after_bytes=18648 used_bytes=1207044 live_reservations=17 attempts=33
fixture_lease event=installed owner=0x7beec06190 id=34 before_bytes=0 after_bytes=24848 used_bytes=1231892 live_reservations=18 attempts=34
fixture_lease event=drop owner=0x7beec06190 id=34 before_bytes=24848 after_bytes=0 used_bytes=1207044 live_reservations=17 attempts=34
fixture_lease event=drop owner=0x7beec06190 id=33 before_bytes=18648 after_bytes=0 used_bytes=1188396 live_reservations=16 attempts=34
fixture_lease event=installed owner=0x7beec06190 id=35 before_bytes=0 after_bytes=8466 used_bytes=1196862 live_reservations=17 attempts=35
fixture_lease event=drop owner=0x7beec06190 id=35 before_bytes=8466 after_bytes=0 used_bytes=1188396 live_reservations=16 attempts=35
fixture_lease event=installed owner=0x7beec06190 id=36 before_bytes=0 after_bytes=18648 used_bytes=1207044 live_reservations=17 attempts=36
fixture_lease event=installed owner=0x7beec06190 id=37 before_bytes=0 after_bytes=24848 used_bytes=1231892 live_reservations=18 attempts=37
fixture_lease event=drop owner=0x7beec06190 id=37 before_bytes=24848 after_bytes=0 used_bytes=1207044 live_reservations=17 attempts=37
fixture_lease event=drop owner=0x7beec06190 id=36 before_bytes=18648 after_bytes=0 used_bytes=1188396 live_reservations=16 attempts=37
fixture_lease event=installed owner=0x7beec06190 id=38 before_bytes=0 after_bytes=18648 used_bytes=1207044 live_reservations=17 attempts=38
fixture_lease event=installed owner=0x7beec06190 id=39 before_bytes=0 after_bytes=24848 used_bytes=1231892 live_reservations=18 attempts=39
fixture_lease event=drop owner=0x7beec06190 id=39 before_bytes=24848 after_bytes=0 used_bytes=1207044 live_reservations=17 attempts=39
fixture_lease event=drop owner=0x7beec06190 id=38 before_bytes=18648 after_bytes=0 used_bytes=1188396 live_reservations=16 attempts=39
fixture_lease event=drop owner=0x7beec06190 id=26 before_bytes=8608 after_bytes=0 used_bytes=1179788 live_reservations=15 attempts=39
fixture_lease event=drop owner=0x7beec06190 id=25 before_bytes=8488 after_bytes=0 used_bytes=1171300 live_reservations=14 attempts=39
fixture_lease event=installed owner=0x7beec06190 id=40 before_bytes=0 after_bytes=8488 used_bytes=1179788 live_reservations=15 attempts=40
fixture_lease event=installed owner=0x7beec06190 id=41 before_bytes=0 after_bytes=8608 used_bytes=1188396 live_reservations=16 attempts=41
fixture_lease event=installed owner=0x7beec06190 id=42 before_bytes=0 after_bytes=18648 used_bytes=1207044 live_reservations=17 attempts=42
fixture_lease event=installed owner=0x7beec06190 id=43 before_bytes=0 after_bytes=24848 used_bytes=1231892 live_reservations=18 attempts=43
fixture_lease event=drop owner=0x7beec06190 id=43 before_bytes=24848 after_bytes=0 used_bytes=1207044 live_reservations=17 attempts=43
fixture_lease event=drop owner=0x7beec06190 id=42 before_bytes=18648 after_bytes=0 used_bytes=1188396 live_reservations=16 attempts=43
fixture_lease event=installed owner=0x7beec06190 id=44 before_bytes=0 after_bytes=18648 used_bytes=1207044 live_reservations=17 attempts=44
fixture_lease event=installed owner=0x7beec06190 id=45 before_bytes=0 after_bytes=24848 used_bytes=1231892 live_reservations=18 attempts=45
fixture_lease event=drop owner=0x7beec06190 id=45 before_bytes=24848 after_bytes=0 used_bytes=1207044 live_reservations=17 attempts=45
fixture_lease event=drop owner=0x7beec06190 id=44 before_bytes=18648 after_bytes=0 used_bytes=1188396 live_reservations=16 attempts=45
fixture_lease event=installed owner=0x7beec06190 id=46 before_bytes=0 after_bytes=18648 used_bytes=1207044 live_reservations=17 attempts=46
fixture_lease event=installed owner=0x7beec06190 id=47 before_bytes=0 after_bytes=24848 used_bytes=1231892 live_reservations=18 attempts=47
fixture_lease event=drop owner=0x7beec06190 id=47 before_bytes=24848 after_bytes=0 used_bytes=1207044 live_reservations=17 attempts=47
fixture_lease event=drop owner=0x7beec06190 id=46 before_bytes=18648 after_bytes=0 used_bytes=1188396 live_reservations=16 attempts=47
fixture_lease event=installed owner=0x7beec06190 id=48 before_bytes=0 after_bytes=18648 used_bytes=1207044 live_reservations=17 attempts=48
fixture_lease event=installed owner=0x7beec06190 id=49 before_bytes=0 after_bytes=24848 used_bytes=1231892 live_reservations=18 attempts=49
fixture_lease event=drop owner=0x7beec06190 id=49 before_bytes=24848 after_bytes=0 used_bytes=1207044 live_reservations=17 attempts=49
fixture_lease event=drop owner=0x7beec06190 id=48 before_bytes=18648 after_bytes=0 used_bytes=1188396 live_reservations=16 attempts=49
fixture_lease event=installed owner=0x7beec06190 id=50 before_bytes=0 after_bytes=8466 used_bytes=1196862 live_reservations=17 attempts=50
fixture_lease event=drop owner=0x7beec06190 id=50 before_bytes=8466 after_bytes=0 used_bytes=1188396 live_reservations=16 attempts=50
fixture_lease event=installed owner=0x7beec06190 id=51 before_bytes=0 after_bytes=18648 used_bytes=1207044 live_reservations=17 attempts=51
fixture_lease event=installed owner=0x7beec06190 id=52 before_bytes=0 after_bytes=24848 used_bytes=1231892 live_reservations=18 attempts=52
fixture_lease event=drop owner=0x7beec06190 id=52 before_bytes=24848 after_bytes=0 used_bytes=1207044 live_reservations=17 attempts=52
fixture_lease event=drop owner=0x7beec06190 id=51 before_bytes=18648 after_bytes=0 used_bytes=1188396 live_reservations=16 attempts=52
fixture_lease event=installed owner=0x7beec06190 id=53 before_bytes=0 after_bytes=18648 used_bytes=1207044 live_reservations=17 attempts=53
fixture_lease event=installed owner=0x7beec06190 id=54 before_bytes=0 after_bytes=24848 used_bytes=1231892 live_reservations=18 attempts=54
fixture_lease event=drop owner=0x7beec06190 id=54 before_bytes=24848 after_bytes=0 used_bytes=1207044 live_reservations=17 attempts=54
fixture_lease event=drop owner=0x7beec06190 id=53 before_bytes=18648 after_bytes=0 used_bytes=1188396 live_reservations=16 attempts=54
fixture_lease event=drop owner=0x7beec06190 id=41 before_bytes=8608 after_bytes=0 used_bytes=1179788 live_reservations=15 attempts=54
fixture_lease event=drop owner=0x7beec06190 id=40 before_bytes=8488 after_bytes=0 used_bytes=1171300 live_reservations=14 attempts=54
fixture_lease event=installed owner=0x7beec06190 id=55 before_bytes=0 after_bytes=8488 used_bytes=1179788 live_reservations=15 attempts=55
fixture_lease event=installed owner=0x7beec06190 id=56 before_bytes=0 after_bytes=8608 used_bytes=1188396 live_reservations=16 attempts=56
fixture_lease event=installed owner=0x7beec06190 id=57 before_bytes=0 after_bytes=18648 used_bytes=1207044 live_reservations=17 attempts=57
fixture_lease event=installed owner=0x7beec06190 id=58 before_bytes=0 after_bytes=24848 used_bytes=1231892 live_reservations=18 attempts=58
fixture_lease event=drop owner=0x7beec06190 id=58 before_bytes=24848 after_bytes=0 used_bytes=1207044 live_reservations=17 attempts=58
fixture_lease event=drop owner=0x7beec06190 id=57 before_bytes=18648 after_bytes=0 used_bytes=1188396 live_reservations=16 attempts=58
fixture_lease event=installed owner=0x7beec06190 id=59 before_bytes=0 after_bytes=18648 used_bytes=1207044 live_reservations=17 attempts=59
fixture_lease event=installed owner=0x7beec06190 id=60 before_bytes=0 after_bytes=24848 used_bytes=1231892 live_reservations=18 attempts=60
fixture_lease event=drop owner=0x7beec06190 id=60 before_bytes=24848 after_bytes=0 used_bytes=1207044 live_reservations=17 attempts=60
fixture_lease event=drop owner=0x7beec06190 id=59 before_bytes=18648 after_bytes=0 used_bytes=1188396 live_reservations=16 attempts=60
fixture_lease event=installed owner=0x7beec06190 id=61 before_bytes=0 after_bytes=18648 used_bytes=1207044 live_reservations=17 attempts=61
fixture_lease event=installed owner=0x7beec06190 id=62 before_bytes=0 after_bytes=24848 used_bytes=1231892 live_reservations=18 attempts=62
fixture_lease event=drop owner=0x7beec06190 id=62 before_bytes=24848 after_bytes=0 used_bytes=1207044 live_reservations=17 attempts=62
fixture_lease event=drop owner=0x7beec06190 id=61 before_bytes=18648 after_bytes=0 used_bytes=1188396 live_reservations=16 attempts=62
fixture_lease event=installed owner=0x7beec06190 id=63 before_bytes=0 after_bytes=18648 used_bytes=1207044 live_reservations=17 attempts=63
fixture_lease event=installed owner=0x7beec06190 id=64 before_bytes=0 after_bytes=24848 used_bytes=1231892 live_reservations=18 attempts=64
fixture_lease event=drop owner=0x7beec06190 id=64 before_bytes=24848 after_bytes=0 used_bytes=1207044 live_reservations=17 attempts=64
fixture_lease event=drop owner=0x7beec06190 id=63 before_bytes=18648 after_bytes=0 used_bytes=1188396 live_reservations=16 attempts=64
fixture_lease event=installed owner=0x7beec06190 id=65 before_bytes=0 after_bytes=8466 used_bytes=1196862 live_reservations=17 attempts=65
fixture_lease event=drop owner=0x7beec06190 id=65 before_bytes=8466 after_bytes=0 used_bytes=1188396 live_reservations=16 attempts=65
fixture_lease event=installed owner=0x7beec06190 id=66 before_bytes=0 after_bytes=18648 used_bytes=1207044 live_reservations=17 attempts=66
fixture_lease event=installed owner=0x7beec06190 id=67 before_bytes=0 after_bytes=24848 used_bytes=1231892 live_reservations=18 attempts=67
fixture_lease event=drop owner=0x7beec06190 id=67 before_bytes=24848 after_bytes=0 used_bytes=1207044 live_reservations=17 attempts=67
fixture_lease event=drop owner=0x7beec06190 id=66 before_bytes=18648 after_bytes=0 used_bytes=1188396 live_reservations=16 attempts=67
fixture_lease event=installed owner=0x7beec06190 id=68 before_bytes=0 after_bytes=18648 used_bytes=1207044 live_reservations=17 attempts=68
fixture_lease event=installed owner=0x7beec06190 id=69 before_bytes=0 after_bytes=24848 used_bytes=1231892 live_reservations=18 attempts=69
fixture_lease event=drop owner=0x7beec06190 id=69 before_bytes=24848 after_bytes=0 used_bytes=1207044 live_reservations=17 attempts=69
fixture_lease event=drop owner=0x7beec06190 id=68 before_bytes=18648 after_bytes=0 used_bytes=1188396 live_reservations=16 attempts=69
fixture_lease event=drop owner=0x7beec06190 id=56 before_bytes=8608 after_bytes=0 used_bytes=1179788 live_reservations=15 attempts=69
fixture_lease event=drop owner=0x7beec06190 id=55 before_bytes=8488 after_bytes=0 used_bytes=1171300 live_reservations=14 attempts=69
fixture_lease event=installed owner=0x7beec06190 id=70 before_bytes=0 after_bytes=8488 used_bytes=1179788 live_reservations=15 attempts=70
fixture_lease event=installed owner=0x7beec06190 id=71 before_bytes=0 after_bytes=8608 used_bytes=1188396 live_reservations=16 attempts=71
fixture_lease event=installed owner=0x7beec06190 id=72 before_bytes=0 after_bytes=18648 used_bytes=1207044 live_reservations=17 attempts=72
fixture_lease event=installed owner=0x7beec06190 id=73 before_bytes=0 after_bytes=24848 used_bytes=1231892 live_reservations=18 attempts=73
fixture_lease event=drop owner=0x7beec06190 id=73 before_bytes=24848 after_bytes=0 used_bytes=1207044 live_reservations=17 attempts=73
fixture_lease event=drop owner=0x7beec06190 id=72 before_bytes=18648 after_bytes=0 used_bytes=1188396 live_reservations=16 attempts=73
fixture_lease event=installed owner=0x7beec06190 id=74 before_bytes=0 after_bytes=18648 used_bytes=1207044 live_reservations=17 attempts=74
fixture_lease event=installed owner=0x7beec06190 id=75 before_bytes=0 after_bytes=24848 used_bytes=1231892 live_reservations=18 attempts=75
fixture_lease event=drop owner=0x7beec06190 id=75 before_bytes=24848 after_bytes=0 used_bytes=1207044 live_reservations=17 attempts=75
fixture_lease event=drop owner=0x7beec06190 id=74 before_bytes=18648 after_bytes=0 used_bytes=1188396 live_reservations=16 attempts=75
fixture_lease event=installed owner=0x7beec06190 id=76 before_bytes=0 after_bytes=18648 used_bytes=1207044 live_reservations=17 attempts=76
fixture_lease event=installed owner=0x7beec06190 id=77 before_bytes=0 after_bytes=24848 used_bytes=1231892 live_reservations=18 attempts=77
fixture_lease event=drop owner=0x7beec06190 id=77 before_bytes=24848 after_bytes=0 used_bytes=1207044 live_reservations=17 attempts=77
fixture_lease event=drop owner=0x7beec06190 id=76 before_bytes=18648 after_bytes=0 used_bytes=1188396 live_reservations=16 attempts=77
fixture_lease event=installed owner=0x7beec06190 id=78 before_bytes=0 after_bytes=18648 used_bytes=1207044 live_reservations=17 attempts=78
fixture_lease event=installed owner=0x7beec06190 id=79 before_bytes=0 after_bytes=24848 used_bytes=1231892 live_reservations=18 attempts=79
fixture_lease event=drop owner=0x7beec06190 id=79 before_bytes=24848 after_bytes=0 used_bytes=1207044 live_reservations=17 attempts=79
fixture_lease event=drop owner=0x7beec06190 id=78 before_bytes=18648 after_bytes=0 used_bytes=1188396 live_reservations=16 attempts=79
fixture_lease event=installed owner=0x7beec06190 id=80 before_bytes=0 after_bytes=18648 used_bytes=1207044 live_reservations=17 attempts=80
fixture_lease event=installed owner=0x7beec06190 id=81 before_bytes=0 after_bytes=24848 used_bytes=1231892 live_reservations=18 attempts=81
fixture_lease event=drop owner=0x7beec06190 id=81 before_bytes=24848 after_bytes=0 used_bytes=1207044 live_reservations=17 attempts=81
fixture_lease event=drop owner=0x7beec06190 id=80 before_bytes=18648 after_bytes=0 used_bytes=1188396 live_reservations=16 attempts=81
fixture_lease event=installed owner=0x7beec06190 id=82 before_bytes=0 after_bytes=8466 used_bytes=1196862 live_reservations=17 attempts=82
fixture_lease event=drop owner=0x7beec06190 id=82 before_bytes=8466 after_bytes=0 used_bytes=1188396 live_reservations=16 attempts=82
fixture_lease event=installed owner=0x7beec06190 id=83 before_bytes=0 after_bytes=73800 used_bytes=1262196 live_reservations=17 attempts=83
fixture_lease event=installed owner=0x7beec06190 id=84 before_bytes=0 after_bytes=18648 used_bytes=1280844 live_reservations=18 attempts=84
fixture_lease event=installed owner=0x7beec06190 id=85 before_bytes=0 after_bytes=24848 used_bytes=1305692 live_reservations=19 attempts=85
fixture_lease event=drop owner=0x7beec06190 id=85 before_bytes=24848 after_bytes=0 used_bytes=1280844 live_reservations=18 attempts=85
fixture_lease event=drop owner=0x7beec06190 id=84 before_bytes=18648 after_bytes=0 used_bytes=1262196 live_reservations=17 attempts=85
fixture_lease event=installed owner=0x7beec06190 id=86 before_bytes=0 after_bytes=18648 used_bytes=1280844 live_reservations=18 attempts=86
fixture_lease event=installed owner=0x7beec06190 id=87 before_bytes=0 after_bytes=24848 used_bytes=1305692 live_reservations=19 attempts=87
fixture_lease event=drop owner=0x7beec06190 id=87 before_bytes=24848 after_bytes=0 used_bytes=1280844 live_reservations=18 attempts=87
fixture_lease event=drop owner=0x7beec06190 id=86 before_bytes=18648 after_bytes=0 used_bytes=1262196 live_reservations=17 attempts=87
fixture_lease event=installed owner=0x7beec06190 id=88 before_bytes=0 after_bytes=18648 used_bytes=1280844 live_reservations=18 attempts=88
fixture_lease event=installed owner=0x7beec06190 id=89 before_bytes=0 after_bytes=24848 used_bytes=1305692 live_reservations=19 attempts=89
fixture_lease event=drop owner=0x7beec06190 id=89 before_bytes=24848 after_bytes=0 used_bytes=1280844 live_reservations=18 attempts=89
fixture_lease event=drop owner=0x7beec06190 id=88 before_bytes=18648 after_bytes=0 used_bytes=1262196 live_reservations=17 attempts=89
fixture_lease event=installed owner=0x7beec06190 id=90 before_bytes=0 after_bytes=18648 used_bytes=1280844 live_reservations=18 attempts=90
fixture_lease event=installed owner=0x7beec06190 id=91 before_bytes=0 after_bytes=24848 used_bytes=1305692 live_reservations=19 attempts=91
fixture_lease event=drop owner=0x7beec06190 id=91 before_bytes=24848 after_bytes=0 used_bytes=1280844 live_reservations=18 attempts=91
fixture_lease event=drop owner=0x7beec06190 id=90 before_bytes=18648 after_bytes=0 used_bytes=1262196 live_reservations=17 attempts=91
fixture_lease event=installed owner=0x7beec06190 id=92 before_bytes=0 after_bytes=18648 used_bytes=1280844 live_reservations=18 attempts=92
fixture_lease event=installed owner=0x7beec06190 id=93 before_bytes=0 after_bytes=24848 used_bytes=1305692 live_reservations=19 attempts=93
fixture_lease event=drop owner=0x7beec06190 id=93 before_bytes=24848 after_bytes=0 used_bytes=1280844 live_reservations=18 attempts=93
fixture_lease event=drop owner=0x7beec06190 id=92 before_bytes=18648 after_bytes=0 used_bytes=1262196 live_reservations=17 attempts=93
fixture_lease event=installed owner=0x7beec06190 id=94 before_bytes=0 after_bytes=18648 used_bytes=1280844 live_reservations=18 attempts=94
fixture_lease event=installed owner=0x7beec06190 id=95 before_bytes=0 after_bytes=24848 used_bytes=1305692 live_reservations=19 attempts=95
fixture_lease event=drop owner=0x7beec06190 id=95 before_bytes=24848 after_bytes=0 used_bytes=1280844 live_reservations=18 attempts=95
fixture_lease event=drop owner=0x7beec06190 id=94 before_bytes=18648 after_bytes=0 used_bytes=1262196 live_reservations=17 attempts=95
fixture_lease event=installed owner=0x7beec06190 id=96 before_bytes=0 after_bytes=18648 used_bytes=1280844 live_reservations=18 attempts=96
fixture_lease event=installed owner=0x7beec06190 id=97 before_bytes=0 after_bytes=24848 used_bytes=1305692 live_reservations=19 attempts=97
fixture_lease event=drop owner=0x7beec06190 id=97 before_bytes=24848 after_bytes=0 used_bytes=1280844 live_reservations=18 attempts=97
fixture_lease event=drop owner=0x7beec06190 id=96 before_bytes=18648 after_bytes=0 used_bytes=1262196 live_reservations=17 attempts=97
fixture_lease event=installed owner=0x7beec06190 id=98 before_bytes=0 after_bytes=8466 used_bytes=1270662 live_reservations=18 attempts=98
fixture_lease event=drop owner=0x7beec06190 id=98 before_bytes=8466 after_bytes=0 used_bytes=1262196 live_reservations=17 attempts=98
fixture_lease event=installed owner=0x7beec06190 id=99 before_bytes=0 after_bytes=18648 used_bytes=1280844 live_reservations=18 attempts=99
fixture_lease event=installed owner=0x7beec06190 id=100 before_bytes=0 after_bytes=24848 used_bytes=1305692 live_reservations=19 attempts=100
fixture_lease event=drop owner=0x7beec06190 id=100 before_bytes=24848 after_bytes=0 used_bytes=1280844 live_reservations=18 attempts=100
fixture_lease event=drop owner=0x7beec06190 id=99 before_bytes=18648 after_bytes=0 used_bytes=1262196 live_reservations=17 attempts=100
fixture_lease event=installed owner=0x7beec06190 id=101 before_bytes=0 after_bytes=18648 used_bytes=1280844 live_reservations=18 attempts=101
fixture_lease event=installed owner=0x7beec06190 id=102 before_bytes=0 after_bytes=24848 used_bytes=1305692 live_reservations=19 attempts=102
fixture_lease event=drop owner=0x7beec06190 id=102 before_bytes=24848 after_bytes=0 used_bytes=1280844 live_reservations=18 attempts=102
fixture_lease event=drop owner=0x7beec06190 id=101 before_bytes=18648 after_bytes=0 used_bytes=1262196 live_reservations=17 attempts=102
fixture_lease event=installed owner=0x7beec06190 id=103 before_bytes=0 after_bytes=8360 used_bytes=1270556 live_reservations=18 attempts=103
fixture_lease event=drop owner=0x7beec06190 id=71 before_bytes=8608 after_bytes=0 used_bytes=1261948 live_reservations=17 attempts=103
fixture_lease event=drop owner=0x7beec06190 id=70 before_bytes=8488 after_bytes=0 used_bytes=1253460 live_reservations=16 attempts=103
fixture_lease event=installed owner=0x7beec06190 id=104 before_bytes=0 after_bytes=8680 used_bytes=1262140 live_reservations=17 attempts=104
fixture_lease event=installed owner=0x7beec06190 id=105 before_bytes=0 after_bytes=2412520 used_bytes=3674660 live_reservations=18 attempts=105
fixture_lease event=installed owner=0x7beec06190 id=106 before_bytes=0 after_bytes=120224 used_bytes=3794884 live_reservations=19 attempts=106
fixture_lease event=installed owner=0x7beec06190 id=107 before_bytes=0 after_bytes=33056 used_bytes=3827940 live_reservations=20 attempts=107
fixture_lease event=installed owner=0x7beec06190 id=108 before_bytes=0 after_bytes=44016 used_bytes=3871956 live_reservations=21 attempts=108
fixture_lease event=installed owner=0x7beec06190 id=109 before_bytes=0 after_bytes=16664 used_bytes=3888620 live_reservations=22 attempts=109
fixture_lease event=drop owner=0x7beec06190 id=109 before_bytes=16664 after_bytes=0 used_bytes=3871956 live_reservations=21 attempts=109
fixture_lease event=drop owner=0x7beec06190 id=106 before_bytes=120224 after_bytes=0 used_bytes=3751732 live_reservations=20 attempts=109
fixture_lease event=drop owner=0x7beec06190 id=105 before_bytes=2412520 after_bytes=0 used_bytes=1339212 live_reservations=19 attempts=109
fixture_lease event=drop owner=0x7beec06190 id=107 before_bytes=33056 after_bytes=0 used_bytes=1306156 live_reservations=18 attempts=109
fixture_lease event=drop owner=0x7beec06190 id=108 before_bytes=44016 after_bytes=0 used_bytes=1262140 live_reservations=17 attempts=109
fixture_lease event=drop owner=0x7beec06190 id=104 before_bytes=8680 after_bytes=0 used_bytes=1253460 live_reservations=16 attempts=109
fixture_lease event=drop owner=0x7beec06190 id=103 before_bytes=8360 after_bytes=0 used_bytes=1245100 live_reservations=15 attempts=109
fixture_lease event=drop owner=0x7beec06190 id=83 before_bytes=73800 after_bytes=0 used_bytes=1171300 live_reservations=14 attempts=109
fixture_lease event=installed owner=0x7beec06190 id=110 before_bytes=0 after_bytes=8488 used_bytes=1179788 live_reservations=15 attempts=110
fixture_lease event=installed owner=0x7beec06190 id=111 before_bytes=0 after_bytes=8608 used_bytes=1188396 live_reservations=16 attempts=111
fixture_lease event=installed owner=0x7beec06190 id=112 before_bytes=0 after_bytes=18648 used_bytes=1207044 live_reservations=17 attempts=112
fixture_lease event=installed owner=0x7beec06190 id=113 before_bytes=0 after_bytes=24848 used_bytes=1231892 live_reservations=18 attempts=113
fixture_lease event=drop owner=0x7beec06190 id=113 before_bytes=24848 after_bytes=0 used_bytes=1207044 live_reservations=17 attempts=113
fixture_lease event=drop owner=0x7beec06190 id=112 before_bytes=18648 after_bytes=0 used_bytes=1188396 live_reservations=16 attempts=113
fixture_lease event=installed owner=0x7beec06190 id=114 before_bytes=0 after_bytes=18648 used_bytes=1207044 live_reservations=17 attempts=114
fixture_lease event=installed owner=0x7beec06190 id=115 before_bytes=0 after_bytes=24848 used_bytes=1231892 live_reservations=18 attempts=115
fixture_lease event=drop owner=0x7beec06190 id=115 before_bytes=24848 after_bytes=0 used_bytes=1207044 live_reservations=17 attempts=115
fixture_lease event=drop owner=0x7beec06190 id=114 before_bytes=18648 after_bytes=0 used_bytes=1188396 live_reservations=16 attempts=115
fixture_lease event=installed owner=0x7beec06190 id=116 before_bytes=0 after_bytes=18648 used_bytes=1207044 live_reservations=17 attempts=116
fixture_lease event=installed owner=0x7beec06190 id=117 before_bytes=0 after_bytes=24848 used_bytes=1231892 live_reservations=18 attempts=117
fixture_lease event=drop owner=0x7beec06190 id=117 before_bytes=24848 after_bytes=0 used_bytes=1207044 live_reservations=17 attempts=117
fixture_lease event=drop owner=0x7beec06190 id=116 before_bytes=18648 after_bytes=0 used_bytes=1188396 live_reservations=16 attempts=117
fixture_lease event=installed owner=0x7beec06190 id=118 before_bytes=0 after_bytes=18648 used_bytes=1207044 live_reservations=17 attempts=118
fixture_lease event=installed owner=0x7beec06190 id=119 before_bytes=0 after_bytes=24848 used_bytes=1231892 live_reservations=18 attempts=119
fixture_lease event=drop owner=0x7beec06190 id=119 before_bytes=24848 after_bytes=0 used_bytes=1207044 live_reservations=17 attempts=119
fixture_lease event=drop owner=0x7beec06190 id=118 before_bytes=18648 after_bytes=0 used_bytes=1188396 live_reservations=16 attempts=119
fixture_lease event=installed owner=0x7beec06190 id=120 before_bytes=0 after_bytes=8466 used_bytes=1196862 live_reservations=17 attempts=120
fixture_lease event=drop owner=0x7beec06190 id=120 before_bytes=8466 after_bytes=0 used_bytes=1188396 live_reservations=16 attempts=120
fixture_lease event=installed owner=0x7beec06190 id=121 before_bytes=0 after_bytes=18648 used_bytes=1207044 live_reservations=17 attempts=121
fixture_lease event=installed owner=0x7beec06190 id=122 before_bytes=0 after_bytes=24848 used_bytes=1231892 live_reservations=18 attempts=122
fixture_lease event=drop owner=0x7beec06190 id=122 before_bytes=24848 after_bytes=0 used_bytes=1207044 live_reservations=17 attempts=122
fixture_lease event=drop owner=0x7beec06190 id=121 before_bytes=18648 after_bytes=0 used_bytes=1188396 live_reservations=16 attempts=122
fixture_lease event=installed owner=0x7beec06190 id=123 before_bytes=0 after_bytes=18648 used_bytes=1207044 live_reservations=17 attempts=123
fixture_lease event=installed owner=0x7beec06190 id=124 before_bytes=0 after_bytes=24848 used_bytes=1231892 live_reservations=18 attempts=124
fixture_lease event=drop owner=0x7beec06190 id=124 before_bytes=24848 after_bytes=0 used_bytes=1207044 live_reservations=17 attempts=124
fixture_lease event=drop owner=0x7beec06190 id=123 before_bytes=18648 after_bytes=0 used_bytes=1188396 live_reservations=16 attempts=124
fixture_lease event=installed owner=0x7beec06190 id=125 before_bytes=0 after_bytes=8614 used_bytes=1197010 live_reservations=17 attempts=125
fixture_lease event=drop owner=0x7beec06190 id=125 before_bytes=8614 after_bytes=0 used_bytes=1188396 live_reservations=16 attempts=125
fixture_lease event=drop owner=0x7beec06190 id=111 before_bytes=8608 after_bytes=0 used_bytes=1179788 live_reservations=15 attempts=125
fixture_lease event=drop owner=0x7beec06190 id=110 before_bytes=8488 after_bytes=0 used_bytes=1171300 live_reservations=14 attempts=125
fixture_lease event=installed owner=0x7beec06190 id=126 before_bytes=0 after_bytes=8488 used_bytes=1179788 live_reservations=15 attempts=126
fixture_lease event=installed owner=0x7beec06190 id=127 before_bytes=0 after_bytes=8608 used_bytes=1188396 live_reservations=16 attempts=127
fixture_lease event=installed owner=0x7beec06190 id=128 before_bytes=0 after_bytes=18648 used_bytes=1207044 live_reservations=17 attempts=128
fixture_lease event=installed owner=0x7beec06190 id=129 before_bytes=0 after_bytes=24848 used_bytes=1231892 live_reservations=18 attempts=129
fixture_lease event=drop owner=0x7beec06190 id=129 before_bytes=24848 after_bytes=0 used_bytes=1207044 live_reservations=17 attempts=129
fixture_lease event=drop owner=0x7beec06190 id=128 before_bytes=18648 after_bytes=0 used_bytes=1188396 live_reservations=16 attempts=129
fixture_lease event=installed owner=0x7beec06190 id=130 before_bytes=0 after_bytes=18648 used_bytes=1207044 live_reservations=17 attempts=130
fixture_lease event=installed owner=0x7beec06190 id=131 before_bytes=0 after_bytes=24848 used_bytes=1231892 live_reservations=18 attempts=131
fixture_lease event=drop owner=0x7beec06190 id=131 before_bytes=24848 after_bytes=0 used_bytes=1207044 live_reservations=17 attempts=131
fixture_lease event=drop owner=0x7beec06190 id=130 before_bytes=18648 after_bytes=0 used_bytes=1188396 live_reservations=16 attempts=131
fixture_lease event=installed owner=0x7beec06190 id=132 before_bytes=0 after_bytes=18648 used_bytes=1207044 live_reservations=17 attempts=132
fixture_lease event=installed owner=0x7beec06190 id=133 before_bytes=0 after_bytes=24848 used_bytes=1231892 live_reservations=18 attempts=133
fixture_lease event=drop owner=0x7beec06190 id=133 before_bytes=24848 after_bytes=0 used_bytes=1207044 live_reservations=17 attempts=133
fixture_lease event=drop owner=0x7beec06190 id=132 before_bytes=18648 after_bytes=0 used_bytes=1188396 live_reservations=16 attempts=133
fixture_lease event=installed owner=0x7beec06190 id=134 before_bytes=0 after_bytes=18648 used_bytes=1207044 live_reservations=17 attempts=134
fixture_lease event=installed owner=0x7beec06190 id=135 before_bytes=0 after_bytes=24848 used_bytes=1231892 live_reservations=18 attempts=135
fixture_lease event=drop owner=0x7beec06190 id=135 before_bytes=24848 after_bytes=0 used_bytes=1207044 live_reservations=17 attempts=135
fixture_lease event=drop owner=0x7beec06190 id=134 before_bytes=18648 after_bytes=0 used_bytes=1188396 live_reservations=16 attempts=135
fixture_lease event=installed owner=0x7beec06190 id=136 before_bytes=0 after_bytes=8466 used_bytes=1196862 live_reservations=17 attempts=136
fixture_lease event=drop owner=0x7beec06190 id=136 before_bytes=8466 after_bytes=0 used_bytes=1188396 live_reservations=16 attempts=136
fixture_lease event=installed owner=0x7beec06190 id=137 before_bytes=0 after_bytes=18648 used_bytes=1207044 live_reservations=17 attempts=137
fixture_lease event=installed owner=0x7beec06190 id=138 before_bytes=0 after_bytes=24848 used_bytes=1231892 live_reservations=18 attempts=138
fixture_lease event=drop owner=0x7beec06190 id=138 before_bytes=24848 after_bytes=0 used_bytes=1207044 live_reservations=17 attempts=138
fixture_lease event=drop owner=0x7beec06190 id=137 before_bytes=18648 after_bytes=0 used_bytes=1188396 live_reservations=16 attempts=138
fixture_lease event=installed owner=0x7beec06190 id=139 before_bytes=0 after_bytes=18648 used_bytes=1207044 live_reservations=17 attempts=139
fixture_lease event=installed owner=0x7beec06190 id=140 before_bytes=0 after_bytes=24848 used_bytes=1231892 live_reservations=18 attempts=140
fixture_lease event=drop owner=0x7beec06190 id=140 before_bytes=24848 after_bytes=0 used_bytes=1207044 live_reservations=17 attempts=140
fixture_lease event=drop owner=0x7beec06190 id=139 before_bytes=18648 after_bytes=0 used_bytes=1188396 live_reservations=16 attempts=140
fixture_lease event=installed owner=0x7beec06190 id=141 before_bytes=0 after_bytes=8614 used_bytes=1197010 live_reservations=17 attempts=141
fixture_lease event=drop owner=0x7beec06190 id=141 before_bytes=8614 after_bytes=0 used_bytes=1188396 live_reservations=16 attempts=141
fixture_lease event=drop owner=0x7beec06190 id=127 before_bytes=8608 after_bytes=0 used_bytes=1179788 live_reservations=15 attempts=141
fixture_lease event=drop owner=0x7beec06190 id=126 before_bytes=8488 after_bytes=0 used_bytes=1171300 live_reservations=14 attempts=141
fixture_lease event=installed owner=0x7beec06190 id=142 before_bytes=0 after_bytes=8488 used_bytes=1179788 live_reservations=15 attempts=142
fixture_lease event=installed owner=0x7beec06190 id=143 before_bytes=0 after_bytes=8608 used_bytes=1188396 live_reservations=16 attempts=143
fixture_lease event=installed owner=0x7beec06190 id=144 before_bytes=0 after_bytes=18648 used_bytes=1207044 live_reservations=17 attempts=144
fixture_lease event=installed owner=0x7beec06190 id=145 before_bytes=0 after_bytes=24848 used_bytes=1231892 live_reservations=18 attempts=145
fixture_lease event=drop owner=0x7beec06190 id=145 before_bytes=24848 after_bytes=0 used_bytes=1207044 live_reservations=17 attempts=145
fixture_lease event=drop owner=0x7beec06190 id=144 before_bytes=18648 after_bytes=0 used_bytes=1188396 live_reservations=16 attempts=145
fixture_lease event=installed owner=0x7beec06190 id=146 before_bytes=0 after_bytes=18648 used_bytes=1207044 live_reservations=17 attempts=146
fixture_lease event=installed owner=0x7beec06190 id=147 before_bytes=0 after_bytes=24848 used_bytes=1231892 live_reservations=18 attempts=147
fixture_lease event=drop owner=0x7beec06190 id=147 before_bytes=24848 after_bytes=0 used_bytes=1207044 live_reservations=17 attempts=147
fixture_lease event=drop owner=0x7beec06190 id=146 before_bytes=18648 after_bytes=0 used_bytes=1188396 live_reservations=16 attempts=147
fixture_lease event=installed owner=0x7beec06190 id=148 before_bytes=0 after_bytes=18648 used_bytes=1207044 live_reservations=17 attempts=148
fixture_lease event=installed owner=0x7beec06190 id=149 before_bytes=0 after_bytes=24848 used_bytes=1231892 live_reservations=18 attempts=149
fixture_lease event=drop owner=0x7beec06190 id=149 before_bytes=24848 after_bytes=0 used_bytes=1207044 live_reservations=17 attempts=149
fixture_lease event=drop owner=0x7beec06190 id=148 before_bytes=18648 after_bytes=0 used_bytes=1188396 live_reservations=16 attempts=149
fixture_lease event=installed owner=0x7beec06190 id=150 before_bytes=0 after_bytes=18648 used_bytes=1207044 live_reservations=17 attempts=150
fixture_lease event=installed owner=0x7beec06190 id=151 before_bytes=0 after_bytes=24848 used_bytes=1231892 live_reservations=18 attempts=151
fixture_lease event=drop owner=0x7beec06190 id=151 before_bytes=24848 after_bytes=0 used_bytes=1207044 live_reservations=17 attempts=151
fixture_lease event=drop owner=0x7beec06190 id=150 before_bytes=18648 after_bytes=0 used_bytes=1188396 live_reservations=16 attempts=151
fixture_lease event=installed owner=0x7beec06190 id=152 before_bytes=0 after_bytes=8466 used_bytes=1196862 live_reservations=17 attempts=152
fixture_lease event=drop owner=0x7beec06190 id=152 before_bytes=8466 after_bytes=0 used_bytes=1188396 live_reservations=16 attempts=152
fixture_lease event=installed owner=0x7beec06190 id=153 before_bytes=0 after_bytes=18648 used_bytes=1207044 live_reservations=17 attempts=153
fixture_lease event=installed owner=0x7beec06190 id=154 before_bytes=0 after_bytes=24848 used_bytes=1231892 live_reservations=18 attempts=154
fixture_lease event=drop owner=0x7beec06190 id=154 before_bytes=24848 after_bytes=0 used_bytes=1207044 live_reservations=17 attempts=154
fixture_lease event=drop owner=0x7beec06190 id=153 before_bytes=18648 after_bytes=0 used_bytes=1188396 live_reservations=16 attempts=154
fixture_lease event=installed owner=0x7beec06190 id=155 before_bytes=0 after_bytes=18648 used_bytes=1207044 live_reservations=17 attempts=155
fixture_lease event=installed owner=0x7beec06190 id=156 before_bytes=0 after_bytes=24848 used_bytes=1231892 live_reservations=18 attempts=156
fixture_lease event=drop owner=0x7beec06190 id=156 before_bytes=24848 after_bytes=0 used_bytes=1207044 live_reservations=17 attempts=156
fixture_lease event=drop owner=0x7beec06190 id=155 before_bytes=18648 after_bytes=0 used_bytes=1188396 live_reservations=16 attempts=156
fixture_lease event=installed owner=0x7beec06190 id=157 before_bytes=0 after_bytes=8614 used_bytes=1197010 live_reservations=17 attempts=157
fixture_lease event=drop owner=0x7beec06190 id=157 before_bytes=8614 after_bytes=0 used_bytes=1188396 live_reservations=16 attempts=157
fixture_lease event=drop owner=0x7beec06190 id=143 before_bytes=8608 after_bytes=0 used_bytes=1179788 live_reservations=15 attempts=157
fixture_lease event=drop owner=0x7beec06190 id=142 before_bytes=8488 after_bytes=0 used_bytes=1171300 live_reservations=14 attempts=157
fixture_lease event=installed owner=0x7beec06190 id=158 before_bytes=0 after_bytes=8488 used_bytes=1179788 live_reservations=15 attempts=158
fixture_lease event=installed owner=0x7beec06190 id=159 before_bytes=0 after_bytes=8608 used_bytes=1188396 live_reservations=16 attempts=159
fixture_lease event=installed owner=0x7beec06190 id=160 before_bytes=0 after_bytes=18648 used_bytes=1207044 live_reservations=17 attempts=160
fixture_lease event=installed owner=0x7beec06190 id=161 before_bytes=0 after_bytes=24848 used_bytes=1231892 live_reservations=18 attempts=161
fixture_lease event=drop owner=0x7beec06190 id=161 before_bytes=24848 after_bytes=0 used_bytes=1207044 live_reservations=17 attempts=161
fixture_lease event=drop owner=0x7beec06190 id=160 before_bytes=18648 after_bytes=0 used_bytes=1188396 live_reservations=16 attempts=161
fixture_lease event=installed owner=0x7beec06190 id=162 before_bytes=0 after_bytes=18648 used_bytes=1207044 live_reservations=17 attempts=162
fixture_lease event=installed owner=0x7beec06190 id=163 before_bytes=0 after_bytes=24848 used_bytes=1231892 live_reservations=18 attempts=163
fixture_lease event=drop owner=0x7beec06190 id=163 before_bytes=24848 after_bytes=0 used_bytes=1207044 live_reservations=17 attempts=163
fixture_lease event=drop owner=0x7beec06190 id=162 before_bytes=18648 after_bytes=0 used_bytes=1188396 live_reservations=16 attempts=163
fixture_lease event=installed owner=0x7beec06190 id=164 before_bytes=0 after_bytes=18648 used_bytes=1207044 live_reservations=17 attempts=164
fixture_lease event=installed owner=0x7beec06190 id=165 before_bytes=0 after_bytes=24848 used_bytes=1231892 live_reservations=18 attempts=165
fixture_lease event=drop owner=0x7beec06190 id=165 before_bytes=24848 after_bytes=0 used_bytes=1207044 live_reservations=17 attempts=165
fixture_lease event=drop owner=0x7beec06190 id=164 before_bytes=18648 after_bytes=0 used_bytes=1188396 live_reservations=16 attempts=165
fixture_lease event=installed owner=0x7beec06190 id=166 before_bytes=0 after_bytes=18648 used_bytes=1207044 live_reservations=17 attempts=166
fixture_lease event=installed owner=0x7beec06190 id=167 before_bytes=0 after_bytes=24848 used_bytes=1231892 live_reservations=18 attempts=167
fixture_lease event=drop owner=0x7beec06190 id=167 before_bytes=24848 after_bytes=0 used_bytes=1207044 live_reservations=17 attempts=167
fixture_lease event=drop owner=0x7beec06190 id=166 before_bytes=18648 after_bytes=0 used_bytes=1188396 live_reservations=16 attempts=167
fixture_lease event=installed owner=0x7beec06190 id=168 before_bytes=0 after_bytes=8466 used_bytes=1196862 live_reservations=17 attempts=168
fixture_lease event=drop owner=0x7beec06190 id=168 before_bytes=8466 after_bytes=0 used_bytes=1188396 live_reservations=16 attempts=168
fixture_lease event=installed owner=0x7beec06190 id=169 before_bytes=0 after_bytes=18648 used_bytes=1207044 live_reservations=17 attempts=169
fixture_lease event=installed owner=0x7beec06190 id=170 before_bytes=0 after_bytes=24848 used_bytes=1231892 live_reservations=18 attempts=170
fixture_lease event=drop owner=0x7beec06190 id=170 before_bytes=24848 after_bytes=0 used_bytes=1207044 live_reservations=17 attempts=170
fixture_lease event=drop owner=0x7beec06190 id=169 before_bytes=18648 after_bytes=0 used_bytes=1188396 live_reservations=16 attempts=170
fixture_lease event=installed owner=0x7beec06190 id=171 before_bytes=0 after_bytes=18648 used_bytes=1207044 live_reservations=17 attempts=171
fixture_lease event=installed owner=0x7beec06190 id=172 before_bytes=0 after_bytes=24848 used_bytes=1231892 live_reservations=18 attempts=172
fixture_lease event=drop owner=0x7beec06190 id=172 before_bytes=24848 after_bytes=0 used_bytes=1207044 live_reservations=17 attempts=172
fixture_lease event=drop owner=0x7beec06190 id=171 before_bytes=18648 after_bytes=0 used_bytes=1188396 live_reservations=16 attempts=172
fixture_lease event=installed owner=0x7beec06190 id=173 before_bytes=0 after_bytes=9116 used_bytes=1197512 live_reservations=17 attempts=173
fixture_lease event=drop owner=0x7beec06190 id=173 before_bytes=9116 after_bytes=0 used_bytes=1188396 live_reservations=16 attempts=173
fixture_lease event=drop owner=0x7beec06190 id=159 before_bytes=8608 after_bytes=0 used_bytes=1179788 live_reservations=15 attempts=173
fixture_lease event=drop owner=0x7beec06190 id=158 before_bytes=8488 after_bytes=0 used_bytes=1171300 live_reservations=14 attempts=173
fixture_lease event=installed owner=0x7beec06190 id=174 before_bytes=0 after_bytes=8488 used_bytes=1179788 live_reservations=15 attempts=174
fixture_lease event=installed owner=0x7beec06190 id=175 before_bytes=0 after_bytes=8608 used_bytes=1188396 live_reservations=16 attempts=175
fixture_lease event=installed owner=0x7beec06190 id=176 before_bytes=0 after_bytes=18648 used_bytes=1207044 live_reservations=17 attempts=176
fixture_lease event=installed owner=0x7beec06190 id=177 before_bytes=0 after_bytes=24848 used_bytes=1231892 live_reservations=18 attempts=177
fixture_lease event=drop owner=0x7beec06190 id=177 before_bytes=24848 after_bytes=0 used_bytes=1207044 live_reservations=17 attempts=177
fixture_lease event=drop owner=0x7beec06190 id=176 before_bytes=18648 after_bytes=0 used_bytes=1188396 live_reservations=16 attempts=177
fixture_lease event=installed owner=0x7beec06190 id=178 before_bytes=0 after_bytes=18648 used_bytes=1207044 live_reservations=17 attempts=178
fixture_lease event=installed owner=0x7beec06190 id=179 before_bytes=0 after_bytes=24848 used_bytes=1231892 live_reservations=18 attempts=179
fixture_lease event=drop owner=0x7beec06190 id=179 before_bytes=24848 after_bytes=0 used_bytes=1207044 live_reservations=17 attempts=179
fixture_lease event=drop owner=0x7beec06190 id=178 before_bytes=18648 after_bytes=0 used_bytes=1188396 live_reservations=16 attempts=179
fixture_lease event=installed owner=0x7beec06190 id=180 before_bytes=0 after_bytes=18648 used_bytes=1207044 live_reservations=17 attempts=180
fixture_lease event=installed owner=0x7beec06190 id=181 before_bytes=0 after_bytes=24848 used_bytes=1231892 live_reservations=18 attempts=181
fixture_lease event=drop owner=0x7beec06190 id=181 before_bytes=24848 after_bytes=0 used_bytes=1207044 live_reservations=17 attempts=181
fixture_lease event=drop owner=0x7beec06190 id=180 before_bytes=18648 after_bytes=0 used_bytes=1188396 live_reservations=16 attempts=181
fixture_lease event=installed owner=0x7beec06190 id=182 before_bytes=0 after_bytes=18648 used_bytes=1207044 live_reservations=17 attempts=182
fixture_lease event=installed owner=0x7beec06190 id=183 before_bytes=0 after_bytes=24848 used_bytes=1231892 live_reservations=18 attempts=183
fixture_lease event=drop owner=0x7beec06190 id=183 before_bytes=24848 after_bytes=0 used_bytes=1207044 live_reservations=17 attempts=183
fixture_lease event=drop owner=0x7beec06190 id=182 before_bytes=18648 after_bytes=0 used_bytes=1188396 live_reservations=16 attempts=183
fixture_lease event=installed owner=0x7beec06190 id=184 before_bytes=0 after_bytes=8466 used_bytes=1196862 live_reservations=17 attempts=184
fixture_lease event=drop owner=0x7beec06190 id=184 before_bytes=8466 after_bytes=0 used_bytes=1188396 live_reservations=16 attempts=184
fixture_lease event=installed owner=0x7beec06190 id=185 before_bytes=0 after_bytes=18648 used_bytes=1207044 live_reservations=17 attempts=185
fixture_lease event=installed owner=0x7beec06190 id=186 before_bytes=0 after_bytes=24848 used_bytes=1231892 live_reservations=18 attempts=186
fixture_lease event=drop owner=0x7beec06190 id=186 before_bytes=24848 after_bytes=0 used_bytes=1207044 live_reservations=17 attempts=186
fixture_lease event=drop owner=0x7beec06190 id=185 before_bytes=18648 after_bytes=0 used_bytes=1188396 live_reservations=16 attempts=186
fixture_lease event=installed owner=0x7beec06190 id=187 before_bytes=0 after_bytes=18648 used_bytes=1207044 live_reservations=17 attempts=187
fixture_lease event=installed owner=0x7beec06190 id=188 before_bytes=0 after_bytes=24848 used_bytes=1231892 live_reservations=18 attempts=188
fixture_lease event=drop owner=0x7beec06190 id=188 before_bytes=24848 after_bytes=0 used_bytes=1207044 live_reservations=17 attempts=188
fixture_lease event=drop owner=0x7beec06190 id=187 before_bytes=18648 after_bytes=0 used_bytes=1188396 live_reservations=16 attempts=188
fixture_lease event=installed owner=0x7beec06190 id=189 before_bytes=0 after_bytes=8614 used_bytes=1197010 live_reservations=17 attempts=189
fixture_lease event=drop owner=0x7beec06190 id=189 before_bytes=8614 after_bytes=0 used_bytes=1188396 live_reservations=16 attempts=189
fixture_lease event=drop owner=0x7beec06190 id=175 before_bytes=8608 after_bytes=0 used_bytes=1179788 live_reservations=15 attempts=189
fixture_lease event=drop owner=0x7beec06190 id=174 before_bytes=8488 after_bytes=0 used_bytes=1171300 live_reservations=14 attempts=189
fixture_lease event=installed owner=0x7beec06190 id=190 before_bytes=0 after_bytes=8488 used_bytes=1179788 live_reservations=15 attempts=190
fixture_lease event=installed owner=0x7beec06190 id=191 before_bytes=0 after_bytes=8608 used_bytes=1188396 live_reservations=16 attempts=191
fixture_lease event=installed owner=0x7beec06190 id=192 before_bytes=0 after_bytes=18648 used_bytes=1207044 live_reservations=17 attempts=192
fixture_lease event=installed owner=0x7beec06190 id=193 before_bytes=0 after_bytes=24848 used_bytes=1231892 live_reservations=18 attempts=193
fixture_lease event=drop owner=0x7beec06190 id=193 before_bytes=24848 after_bytes=0 used_bytes=1207044 live_reservations=17 attempts=193
fixture_lease event=drop owner=0x7beec06190 id=192 before_bytes=18648 after_bytes=0 used_bytes=1188396 live_reservations=16 attempts=193
fixture_lease event=installed owner=0x7beec06190 id=194 before_bytes=0 after_bytes=18648 used_bytes=1207044 live_reservations=17 attempts=194
fixture_lease event=installed owner=0x7beec06190 id=195 before_bytes=0 after_bytes=24848 used_bytes=1231892 live_reservations=18 attempts=195
fixture_lease event=drop owner=0x7beec06190 id=195 before_bytes=24848 after_bytes=0 used_bytes=1207044 live_reservations=17 attempts=195
fixture_lease event=drop owner=0x7beec06190 id=194 before_bytes=18648 after_bytes=0 used_bytes=1188396 live_reservations=16 attempts=195
fixture_lease event=installed owner=0x7beec06190 id=196 before_bytes=0 after_bytes=18648 used_bytes=1207044 live_reservations=17 attempts=196
fixture_lease event=installed owner=0x7beec06190 id=197 before_bytes=0 after_bytes=24848 used_bytes=1231892 live_reservations=18 attempts=197
fixture_lease event=drop owner=0x7beec06190 id=197 before_bytes=24848 after_bytes=0 used_bytes=1207044 live_reservations=17 attempts=197
fixture_lease event=drop owner=0x7beec06190 id=196 before_bytes=18648 after_bytes=0 used_bytes=1188396 live_reservations=16 attempts=197
fixture_lease event=installed owner=0x7beec06190 id=198 before_bytes=0 after_bytes=18648 used_bytes=1207044 live_reservations=17 attempts=198
fixture_lease event=installed owner=0x7beec06190 id=199 before_bytes=0 after_bytes=24848 used_bytes=1231892 live_reservations=18 attempts=199
fixture_lease event=drop owner=0x7beec06190 id=199 before_bytes=24848 after_bytes=0 used_bytes=1207044 live_reservations=17 attempts=199
fixture_lease event=drop owner=0x7beec06190 id=198 before_bytes=18648 after_bytes=0 used_bytes=1188396 live_reservations=16 attempts=199
fixture_lease event=installed owner=0x7beec06190 id=200 before_bytes=0 after_bytes=8466 used_bytes=1196862 live_reservations=17 attempts=200
fixture_lease event=drop owner=0x7beec06190 id=200 before_bytes=8466 after_bytes=0 used_bytes=1188396 live_reservations=16 attempts=200
fixture_lease event=installed owner=0x7beec06190 id=201 before_bytes=0 after_bytes=18648 used_bytes=1207044 live_reservations=17 attempts=201
fixture_lease event=installed owner=0x7beec06190 id=202 before_bytes=0 after_bytes=24848 used_bytes=1231892 live_reservations=18 attempts=202
fixture_lease event=drop owner=0x7beec06190 id=202 before_bytes=24848 after_bytes=0 used_bytes=1207044 live_reservations=17 attempts=202
fixture_lease event=drop owner=0x7beec06190 id=201 before_bytes=18648 after_bytes=0 used_bytes=1188396 live_reservations=16 attempts=202
fixture_lease event=installed owner=0x7beec06190 id=203 before_bytes=0 after_bytes=18648 used_bytes=1207044 live_reservations=17 attempts=203
fixture_lease event=installed owner=0x7beec06190 id=204 before_bytes=0 after_bytes=24848 used_bytes=1231892 live_reservations=18 attempts=204
fixture_lease event=drop owner=0x7beec06190 id=204 before_bytes=24848 after_bytes=0 used_bytes=1207044 live_reservations=17 attempts=204
fixture_lease event=drop owner=0x7beec06190 id=203 before_bytes=18648 after_bytes=0 used_bytes=1188396 live_reservations=16 attempts=204
fixture_lease event=installed owner=0x7beec06190 id=205 before_bytes=0 after_bytes=8614 used_bytes=1197010 live_reservations=17 attempts=205
fixture_lease event=drop owner=0x7beec06190 id=205 before_bytes=8614 after_bytes=0 used_bytes=1188396 live_reservations=16 attempts=205
fixture_lease event=drop owner=0x7beec06190 id=191 before_bytes=8608 after_bytes=0 used_bytes=1179788 live_reservations=15 attempts=205
fixture_lease event=drop owner=0x7beec06190 id=190 before_bytes=8488 after_bytes=0 used_bytes=1171300 live_reservations=14 attempts=205
fixture_lease event=installed owner=0x7beec06190 id=206 before_bytes=0 after_bytes=8488 used_bytes=1179788 live_reservations=15 attempts=206
fixture_lease event=installed owner=0x7beec06190 id=207 before_bytes=0 after_bytes=8608 used_bytes=1188396 live_reservations=16 attempts=207
fixture_lease event=installed owner=0x7beec06190 id=208 before_bytes=0 after_bytes=18648 used_bytes=1207044 live_reservations=17 attempts=208
fixture_lease event=installed owner=0x7beec06190 id=209 before_bytes=0 after_bytes=24848 used_bytes=1231892 live_reservations=18 attempts=209
fixture_lease event=drop owner=0x7beec06190 id=209 before_bytes=24848 after_bytes=0 used_bytes=1207044 live_reservations=17 attempts=209
fixture_lease event=drop owner=0x7beec06190 id=208 before_bytes=18648 after_bytes=0 used_bytes=1188396 live_reservations=16 attempts=209
fixture_lease event=installed owner=0x7beec06190 id=210 before_bytes=0 after_bytes=18648 used_bytes=1207044 live_reservations=17 attempts=210
fixture_lease event=installed owner=0x7beec06190 id=211 before_bytes=0 after_bytes=24848 used_bytes=1231892 live_reservations=18 attempts=211
fixture_lease event=drop owner=0x7beec06190 id=211 before_bytes=24848 after_bytes=0 used_bytes=1207044 live_reservations=17 attempts=211
fixture_lease event=drop owner=0x7beec06190 id=210 before_bytes=18648 after_bytes=0 used_bytes=1188396 live_reservations=16 attempts=211
fixture_lease event=installed owner=0x7beec06190 id=212 before_bytes=0 after_bytes=18648 used_bytes=1207044 live_reservations=17 attempts=212
fixture_lease event=installed owner=0x7beec06190 id=213 before_bytes=0 after_bytes=24848 used_bytes=1231892 live_reservations=18 attempts=213
fixture_lease event=drop owner=0x7beec06190 id=213 before_bytes=24848 after_bytes=0 used_bytes=1207044 live_reservations=17 attempts=213
fixture_lease event=drop owner=0x7beec06190 id=212 before_bytes=18648 after_bytes=0 used_bytes=1188396 live_reservations=16 attempts=213
fixture_lease event=installed owner=0x7beec06190 id=214 before_bytes=0 after_bytes=18648 used_bytes=1207044 live_reservations=17 attempts=214
fixture_lease event=installed owner=0x7beec06190 id=215 before_bytes=0 after_bytes=24848 used_bytes=1231892 live_reservations=18 attempts=215
fixture_lease event=drop owner=0x7beec06190 id=215 before_bytes=24848 after_bytes=0 used_bytes=1207044 live_reservations=17 attempts=215
fixture_lease event=drop owner=0x7beec06190 id=214 before_bytes=18648 after_bytes=0 used_bytes=1188396 live_reservations=16 attempts=215
fixture_lease event=installed owner=0x7beec06190 id=216 before_bytes=0 after_bytes=8466 used_bytes=1196862 live_reservations=17 attempts=216
fixture_lease event=drop owner=0x7beec06190 id=216 before_bytes=8466 after_bytes=0 used_bytes=1188396 live_reservations=16 attempts=216
fixture_lease event=installed owner=0x7beec06190 id=217 before_bytes=0 after_bytes=18648 used_bytes=1207044 live_reservations=17 attempts=217
fixture_lease event=installed owner=0x7beec06190 id=218 before_bytes=0 after_bytes=24848 used_bytes=1231892 live_reservations=18 attempts=218
fixture_lease event=drop owner=0x7beec06190 id=218 before_bytes=24848 after_bytes=0 used_bytes=1207044 live_reservations=17 attempts=218
fixture_lease event=drop owner=0x7beec06190 id=217 before_bytes=18648 after_bytes=0 used_bytes=1188396 live_reservations=16 attempts=218
fixture_lease event=installed owner=0x7beec06190 id=219 before_bytes=0 after_bytes=18648 used_bytes=1207044 live_reservations=17 attempts=219
fixture_lease event=installed owner=0x7beec06190 id=220 before_bytes=0 after_bytes=24848 used_bytes=1231892 live_reservations=18 attempts=220
fixture_lease event=drop owner=0x7beec06190 id=220 before_bytes=24848 after_bytes=0 used_bytes=1207044 live_reservations=17 attempts=220
fixture_lease event=drop owner=0x7beec06190 id=219 before_bytes=18648 after_bytes=0 used_bytes=1188396 live_reservations=16 attempts=220
fixture_lease event=installed owner=0x7beec06190 id=221 before_bytes=0 after_bytes=8614 used_bytes=1197010 live_reservations=17 attempts=221
fixture_lease event=drop owner=0x7beec06190 id=221 before_bytes=8614 after_bytes=0 used_bytes=1188396 live_reservations=16 attempts=221
fixture_lease event=drop owner=0x7beec06190 id=207 before_bytes=8608 after_bytes=0 used_bytes=1179788 live_reservations=15 attempts=221
fixture_lease event=drop owner=0x7beec06190 id=206 before_bytes=8488 after_bytes=0 used_bytes=1171300 live_reservations=14 attempts=221
fixture_lease event=installed owner=0x7beec06190 id=222 before_bytes=0 after_bytes=8488 used_bytes=1179788 live_reservations=15 attempts=222
fixture_lease event=installed owner=0x7beec06190 id=223 before_bytes=0 after_bytes=8608 used_bytes=1188396 live_reservations=16 attempts=223
fixture_lease event=installed owner=0x7beec06190 id=224 before_bytes=0 after_bytes=18648 used_bytes=1207044 live_reservations=17 attempts=224
fixture_lease event=installed owner=0x7beec06190 id=225 before_bytes=0 after_bytes=24848 used_bytes=1231892 live_reservations=18 attempts=225
fixture_lease event=drop owner=0x7beec06190 id=225 before_bytes=24848 after_bytes=0 used_bytes=1207044 live_reservations=17 attempts=225
fixture_lease event=drop owner=0x7beec06190 id=224 before_bytes=18648 after_bytes=0 used_bytes=1188396 live_reservations=16 attempts=225
fixture_lease event=installed owner=0x7beec06190 id=226 before_bytes=0 after_bytes=18648 used_bytes=1207044 live_reservations=17 attempts=226
fixture_lease event=installed owner=0x7beec06190 id=227 before_bytes=0 after_bytes=24848 used_bytes=1231892 live_reservations=18 attempts=227
fixture_lease event=drop owner=0x7beec06190 id=227 before_bytes=24848 after_bytes=0 used_bytes=1207044 live_reservations=17 attempts=227
fixture_lease event=drop owner=0x7beec06190 id=226 before_bytes=18648 after_bytes=0 used_bytes=1188396 live_reservations=16 attempts=227
fixture_lease event=installed owner=0x7beec06190 id=228 before_bytes=0 after_bytes=18648 used_bytes=1207044 live_reservations=17 attempts=228
fixture_lease event=installed owner=0x7beec06190 id=229 before_bytes=0 after_bytes=24848 used_bytes=1231892 live_reservations=18 attempts=229
fixture_lease event=drop owner=0x7beec06190 id=229 before_bytes=24848 after_bytes=0 used_bytes=1207044 live_reservations=17 attempts=229
fixture_lease event=drop owner=0x7beec06190 id=228 before_bytes=18648 after_bytes=0 used_bytes=1188396 live_reservations=16 attempts=229
fixture_lease event=installed owner=0x7beec06190 id=230 before_bytes=0 after_bytes=18648 used_bytes=1207044 live_reservations=17 attempts=230
fixture_lease event=installed owner=0x7beec06190 id=231 before_bytes=0 after_bytes=24848 used_bytes=1231892 live_reservations=18 attempts=231
fixture_lease event=drop owner=0x7beec06190 id=231 before_bytes=24848 after_bytes=0 used_bytes=1207044 live_reservations=17 attempts=231
fixture_lease event=drop owner=0x7beec06190 id=230 before_bytes=18648 after_bytes=0 used_bytes=1188396 live_reservations=16 attempts=231
fixture_lease event=installed owner=0x7beec06190 id=232 before_bytes=0 after_bytes=8466 used_bytes=1196862 live_reservations=17 attempts=232
fixture_lease event=drop owner=0x7beec06190 id=232 before_bytes=8466 after_bytes=0 used_bytes=1188396 live_reservations=16 attempts=232
fixture_lease event=installed owner=0x7beec06190 id=233 before_bytes=0 after_bytes=18648 used_bytes=1207044 live_reservations=17 attempts=233
fixture_lease event=installed owner=0x7beec06190 id=234 before_bytes=0 after_bytes=24848 used_bytes=1231892 live_reservations=18 attempts=234
fixture_lease event=drop owner=0x7beec06190 id=234 before_bytes=24848 after_bytes=0 used_bytes=1207044 live_reservations=17 attempts=234
fixture_lease event=drop owner=0x7beec06190 id=233 before_bytes=18648 after_bytes=0 used_bytes=1188396 live_reservations=16 attempts=234
fixture_lease event=installed owner=0x7beec06190 id=235 before_bytes=0 after_bytes=18648 used_bytes=1207044 live_reservations=17 attempts=235
fixture_lease event=installed owner=0x7beec06190 id=236 before_bytes=0 after_bytes=24848 used_bytes=1231892 live_reservations=18 attempts=236
fixture_lease event=drop owner=0x7beec06190 id=236 before_bytes=24848 after_bytes=0 used_bytes=1207044 live_reservations=17 attempts=236
fixture_lease event=drop owner=0x7beec06190 id=235 before_bytes=18648 after_bytes=0 used_bytes=1188396 live_reservations=16 attempts=236
fixture_lease event=installed owner=0x7beec06190 id=237 before_bytes=0 after_bytes=9116 used_bytes=1197512 live_reservations=17 attempts=237
fixture_lease event=drop owner=0x7beec06190 id=237 before_bytes=9116 after_bytes=0 used_bytes=1188396 live_reservations=16 attempts=237
fixture_lease event=drop owner=0x7beec06190 id=223 before_bytes=8608 after_bytes=0 used_bytes=1179788 live_reservations=15 attempts=237
fixture_lease event=drop owner=0x7beec06190 id=222 before_bytes=8488 after_bytes=0 used_bytes=1171300 live_reservations=14 attempts=237
fixture_lease event=installed owner=0x7beec06190 id=238 before_bytes=0 after_bytes=8488 used_bytes=1179788 live_reservations=15 attempts=238
fixture_lease event=installed owner=0x7beec06190 id=239 before_bytes=0 after_bytes=8608 used_bytes=1188396 live_reservations=16 attempts=239
fixture_lease event=installed owner=0x7beec06190 id=240 before_bytes=0 after_bytes=18648 used_bytes=1207044 live_reservations=17 attempts=240
fixture_lease event=installed owner=0x7beec06190 id=241 before_bytes=0 after_bytes=24848 used_bytes=1231892 live_reservations=18 attempts=241
fixture_lease event=drop owner=0x7beec06190 id=241 before_bytes=24848 after_bytes=0 used_bytes=1207044 live_reservations=17 attempts=241
fixture_lease event=drop owner=0x7beec06190 id=240 before_bytes=18648 after_bytes=0 used_bytes=1188396 live_reservations=16 attempts=241
fixture_lease event=installed owner=0x7beec06190 id=242 before_bytes=0 after_bytes=18648 used_bytes=1207044 live_reservations=17 attempts=242
fixture_lease event=installed owner=0x7beec06190 id=243 before_bytes=0 after_bytes=24848 used_bytes=1231892 live_reservations=18 attempts=243
fixture_lease event=drop owner=0x7beec06190 id=243 before_bytes=24848 after_bytes=0 used_bytes=1207044 live_reservations=17 attempts=243
fixture_lease event=drop owner=0x7beec06190 id=242 before_bytes=18648 after_bytes=0 used_bytes=1188396 live_reservations=16 attempts=243
fixture_lease event=installed owner=0x7beec06190 id=244 before_bytes=0 after_bytes=18648 used_bytes=1207044 live_reservations=17 attempts=244
fixture_lease event=installed owner=0x7beec06190 id=245 before_bytes=0 after_bytes=24848 used_bytes=1231892 live_reservations=18 attempts=245
fixture_lease event=drop owner=0x7beec06190 id=245 before_bytes=24848 after_bytes=0 used_bytes=1207044 live_reservations=17 attempts=245
fixture_lease event=drop owner=0x7beec06190 id=244 before_bytes=18648 after_bytes=0 used_bytes=1188396 live_reservations=16 attempts=245
fixture_lease event=installed owner=0x7beec06190 id=246 before_bytes=0 after_bytes=18648 used_bytes=1207044 live_reservations=17 attempts=246
fixture_lease event=installed owner=0x7beec06190 id=247 before_bytes=0 after_bytes=24848 used_bytes=1231892 live_reservations=18 attempts=247
fixture_lease event=drop owner=0x7beec06190 id=247 before_bytes=24848 after_bytes=0 used_bytes=1207044 live_reservations=17 attempts=247
fixture_lease event=drop owner=0x7beec06190 id=246 before_bytes=18648 after_bytes=0 used_bytes=1188396 live_reservations=16 attempts=247
fixture_lease event=installed owner=0x7beec06190 id=248 before_bytes=0 after_bytes=8466 used_bytes=1196862 live_reservations=17 attempts=248
fixture_lease event=drop owner=0x7beec06190 id=248 before_bytes=8466 after_bytes=0 used_bytes=1188396 live_reservations=16 attempts=248
fixture_lease event=installed owner=0x7beec06190 id=249 before_bytes=0 after_bytes=18648 used_bytes=1207044 live_reservations=17 attempts=249
fixture_lease event=installed owner=0x7beec06190 id=250 before_bytes=0 after_bytes=24848 used_bytes=1231892 live_reservations=18 attempts=250
fixture_lease event=drop owner=0x7beec06190 id=250 before_bytes=24848 after_bytes=0 used_bytes=1207044 live_reservations=17 attempts=250
fixture_lease event=drop owner=0x7beec06190 id=249 before_bytes=18648 after_bytes=0 used_bytes=1188396 live_reservations=16 attempts=250
fixture_lease event=installed owner=0x7beec06190 id=251 before_bytes=0 after_bytes=18648 used_bytes=1207044 live_reservations=17 attempts=251
fixture_lease event=installed owner=0x7beec06190 id=252 before_bytes=0 after_bytes=24848 used_bytes=1231892 live_reservations=18 attempts=252
fixture_lease event=drop owner=0x7beec06190 id=252 before_bytes=24848 after_bytes=0 used_bytes=1207044 live_reservations=17 attempts=252
fixture_lease event=drop owner=0x7beec06190 id=251 before_bytes=18648 after_bytes=0 used_bytes=1188396 live_reservations=16 attempts=252
fixture_lease event=installed owner=0x7beec06190 id=253 before_bytes=0 after_bytes=8614 used_bytes=1197010 live_reservations=17 attempts=253
fixture_lease event=drop owner=0x7beec06190 id=253 before_bytes=8614 after_bytes=0 used_bytes=1188396 live_reservations=16 attempts=253
fixture_lease event=drop owner=0x7beec06190 id=239 before_bytes=8608 after_bytes=0 used_bytes=1179788 live_reservations=15 attempts=253
fixture_lease event=drop owner=0x7beec06190 id=238 before_bytes=8488 after_bytes=0 used_bytes=1171300 live_reservations=14 attempts=253
fixture_lease event=installed owner=0x7beec06190 id=254 before_bytes=0 after_bytes=8488 used_bytes=1179788 live_reservations=15 attempts=254
fixture_lease event=installed owner=0x7beec06190 id=255 before_bytes=0 after_bytes=8608 used_bytes=1188396 live_reservations=16 attempts=255
fixture_lease event=installed owner=0x7beec06190 id=256 before_bytes=0 after_bytes=18648 used_bytes=1207044 live_reservations=17 attempts=256
fixture_lease event=installed owner=0x7beec06190 id=257 before_bytes=0 after_bytes=24848 used_bytes=1231892 live_reservations=18 attempts=257
fixture_lease event=drop owner=0x7beec06190 id=257 before_bytes=24848 after_bytes=0 used_bytes=1207044 live_reservations=17 attempts=257
fixture_lease event=drop owner=0x7beec06190 id=256 before_bytes=18648 after_bytes=0 used_bytes=1188396 live_reservations=16 attempts=257
fixture_lease event=installed owner=0x7beec06190 id=258 before_bytes=0 after_bytes=18648 used_bytes=1207044 live_reservations=17 attempts=258
fixture_lease event=installed owner=0x7beec06190 id=259 before_bytes=0 after_bytes=24848 used_bytes=1231892 live_reservations=18 attempts=259
fixture_lease event=drop owner=0x7beec06190 id=259 before_bytes=24848 after_bytes=0 used_bytes=1207044 live_reservations=17 attempts=259
fixture_lease event=drop owner=0x7beec06190 id=258 before_bytes=18648 after_bytes=0 used_bytes=1188396 live_reservations=16 attempts=259
fixture_lease event=installed owner=0x7beec06190 id=260 before_bytes=0 after_bytes=18648 used_bytes=1207044 live_reservations=17 attempts=260
fixture_lease event=installed owner=0x7beec06190 id=261 before_bytes=0 after_bytes=24848 used_bytes=1231892 live_reservations=18 attempts=261
fixture_lease event=drop owner=0x7beec06190 id=261 before_bytes=24848 after_bytes=0 used_bytes=1207044 live_reservations=17 attempts=261
fixture_lease event=drop owner=0x7beec06190 id=260 before_bytes=18648 after_bytes=0 used_bytes=1188396 live_reservations=16 attempts=261
fixture_lease event=installed owner=0x7beec06190 id=262 before_bytes=0 after_bytes=18648 used_bytes=1207044 live_reservations=17 attempts=262
fixture_lease event=installed owner=0x7beec06190 id=263 before_bytes=0 after_bytes=24848 used_bytes=1231892 live_reservations=18 attempts=263
fixture_lease event=drop owner=0x7beec06190 id=263 before_bytes=24848 after_bytes=0 used_bytes=1207044 live_reservations=17 attempts=263
fixture_lease event=drop owner=0x7beec06190 id=262 before_bytes=18648 after_bytes=0 used_bytes=1188396 live_reservations=16 attempts=263
fixture_lease event=installed owner=0x7beec06190 id=264 before_bytes=0 after_bytes=8466 used_bytes=1196862 live_reservations=17 attempts=264
fixture_lease event=drop owner=0x7beec06190 id=264 before_bytes=8466 after_bytes=0 used_bytes=1188396 live_reservations=16 attempts=264
fixture_lease event=installed owner=0x7beec06190 id=265 before_bytes=0 after_bytes=18648 used_bytes=1207044 live_reservations=17 attempts=265
fixture_lease event=installed owner=0x7beec06190 id=266 before_bytes=0 after_bytes=24848 used_bytes=1231892 live_reservations=18 attempts=266
fixture_lease event=drop owner=0x7beec06190 id=266 before_bytes=24848 after_bytes=0 used_bytes=1207044 live_reservations=17 attempts=266
fixture_lease event=drop owner=0x7beec06190 id=265 before_bytes=18648 after_bytes=0 used_bytes=1188396 live_reservations=16 attempts=266
fixture_lease event=installed owner=0x7beec06190 id=267 before_bytes=0 after_bytes=18648 used_bytes=1207044 live_reservations=17 attempts=267
fixture_lease event=installed owner=0x7beec06190 id=268 before_bytes=0 after_bytes=24848 used_bytes=1231892 live_reservations=18 attempts=268
fixture_lease event=drop owner=0x7beec06190 id=268 before_bytes=24848 after_bytes=0 used_bytes=1207044 live_reservations=17 attempts=268
fixture_lease event=drop owner=0x7beec06190 id=267 before_bytes=18648 after_bytes=0 used_bytes=1188396 live_reservations=16 attempts=268
fixture_lease event=installed owner=0x7beec06190 id=269 before_bytes=0 after_bytes=8614 used_bytes=1197010 live_reservations=17 attempts=269
fixture_lease event=drop owner=0x7beec06190 id=269 before_bytes=8614 after_bytes=0 used_bytes=1188396 live_reservations=16 attempts=269
fixture_lease event=drop owner=0x7beec06190 id=255 before_bytes=8608 after_bytes=0 used_bytes=1179788 live_reservations=15 attempts=269
fixture_lease event=drop owner=0x7beec06190 id=254 before_bytes=8488 after_bytes=0 used_bytes=1171300 live_reservations=14 attempts=269
fixture_lease event=installed owner=0x7beec06190 id=270 before_bytes=0 after_bytes=8488 used_bytes=1179788 live_reservations=15 attempts=270
fixture_lease event=installed owner=0x7beec06190 id=271 before_bytes=0 after_bytes=8608 used_bytes=1188396 live_reservations=16 attempts=271
fixture_lease event=installed owner=0x7beec06190 id=272 before_bytes=0 after_bytes=18648 used_bytes=1207044 live_reservations=17 attempts=272
fixture_lease event=installed owner=0x7beec06190 id=273 before_bytes=0 after_bytes=24848 used_bytes=1231892 live_reservations=18 attempts=273
fixture_lease event=drop owner=0x7beec06190 id=273 before_bytes=24848 after_bytes=0 used_bytes=1207044 live_reservations=17 attempts=273
fixture_lease event=drop owner=0x7beec06190 id=272 before_bytes=18648 after_bytes=0 used_bytes=1188396 live_reservations=16 attempts=273
fixture_lease event=installed owner=0x7beec06190 id=274 before_bytes=0 after_bytes=18648 used_bytes=1207044 live_reservations=17 attempts=274
fixture_lease event=installed owner=0x7beec06190 id=275 before_bytes=0 after_bytes=24848 used_bytes=1231892 live_reservations=18 attempts=275
fixture_lease event=drop owner=0x7beec06190 id=275 before_bytes=24848 after_bytes=0 used_bytes=1207044 live_reservations=17 attempts=275
fixture_lease event=drop owner=0x7beec06190 id=274 before_bytes=18648 after_bytes=0 used_bytes=1188396 live_reservations=16 attempts=275
fixture_lease event=installed owner=0x7beec06190 id=276 before_bytes=0 after_bytes=18648 used_bytes=1207044 live_reservations=17 attempts=276
fixture_lease event=installed owner=0x7beec06190 id=277 before_bytes=0 after_bytes=24848 used_bytes=1231892 live_reservations=18 attempts=277
fixture_lease event=drop owner=0x7beec06190 id=277 before_bytes=24848 after_bytes=0 used_bytes=1207044 live_reservations=17 attempts=277
fixture_lease event=drop owner=0x7beec06190 id=276 before_bytes=18648 after_bytes=0 used_bytes=1188396 live_reservations=16 attempts=277
fixture_lease event=installed owner=0x7beec06190 id=278 before_bytes=0 after_bytes=18648 used_bytes=1207044 live_reservations=17 attempts=278
fixture_lease event=installed owner=0x7beec06190 id=279 before_bytes=0 after_bytes=24848 used_bytes=1231892 live_reservations=18 attempts=279
fixture_lease event=drop owner=0x7beec06190 id=279 before_bytes=24848 after_bytes=0 used_bytes=1207044 live_reservations=17 attempts=279
fixture_lease event=drop owner=0x7beec06190 id=278 before_bytes=18648 after_bytes=0 used_bytes=1188396 live_reservations=16 attempts=279
fixture_lease event=installed owner=0x7beec06190 id=280 before_bytes=0 after_bytes=8466 used_bytes=1196862 live_reservations=17 attempts=280
fixture_lease event=drop owner=0x7beec06190 id=280 before_bytes=8466 after_bytes=0 used_bytes=1188396 live_reservations=16 attempts=280
fixture_lease event=installed owner=0x7beec06190 id=281 before_bytes=0 after_bytes=18648 used_bytes=1207044 live_reservations=17 attempts=281
fixture_lease event=installed owner=0x7beec06190 id=282 before_bytes=0 after_bytes=24848 used_bytes=1231892 live_reservations=18 attempts=282
fixture_lease event=drop owner=0x7beec06190 id=282 before_bytes=24848 after_bytes=0 used_bytes=1207044 live_reservations=17 attempts=282
fixture_lease event=drop owner=0x7beec06190 id=281 before_bytes=18648 after_bytes=0 used_bytes=1188396 live_reservations=16 attempts=282
fixture_lease event=installed owner=0x7beec06190 id=283 before_bytes=0 after_bytes=18648 used_bytes=1207044 live_reservations=17 attempts=283
fixture_lease event=installed owner=0x7beec06190 id=284 before_bytes=0 after_bytes=24848 used_bytes=1231892 live_reservations=18 attempts=284
fixture_lease event=drop owner=0x7beec06190 id=284 before_bytes=24848 after_bytes=0 used_bytes=1207044 live_reservations=17 attempts=284
fixture_lease event=drop owner=0x7beec06190 id=283 before_bytes=18648 after_bytes=0 used_bytes=1188396 live_reservations=16 attempts=284
fixture_lease event=installed owner=0x7beec06190 id=285 before_bytes=0 after_bytes=8614 used_bytes=1197010 live_reservations=17 attempts=285
fixture_lease event=drop owner=0x7beec06190 id=285 before_bytes=8614 after_bytes=0 used_bytes=1188396 live_reservations=16 attempts=285
fixture_lease event=drop owner=0x7beec06190 id=271 before_bytes=8608 after_bytes=0 used_bytes=1179788 live_reservations=15 attempts=285
fixture_lease event=drop owner=0x7beec06190 id=270 before_bytes=8488 after_bytes=0 used_bytes=1171300 live_reservations=14 attempts=285
fixture_lease event=installed owner=0x7beec06190 id=286 before_bytes=0 after_bytes=8488 used_bytes=1179788 live_reservations=15 attempts=286
fixture_lease event=installed owner=0x7beec06190 id=287 before_bytes=0 after_bytes=8608 used_bytes=1188396 live_reservations=16 attempts=287
fixture_lease event=installed owner=0x7beec06190 id=288 before_bytes=0 after_bytes=18648 used_bytes=1207044 live_reservations=17 attempts=288
fixture_lease event=installed owner=0x7beec06190 id=289 before_bytes=0 after_bytes=24848 used_bytes=1231892 live_reservations=18 attempts=289
fixture_lease event=drop owner=0x7beec06190 id=289 before_bytes=24848 after_bytes=0 used_bytes=1207044 live_reservations=17 attempts=289
fixture_lease event=drop owner=0x7beec06190 id=288 before_bytes=18648 after_bytes=0 used_bytes=1188396 live_reservations=16 attempts=289
fixture_lease event=installed owner=0x7beec06190 id=290 before_bytes=0 after_bytes=18648 used_bytes=1207044 live_reservations=17 attempts=290
fixture_lease event=installed owner=0x7beec06190 id=291 before_bytes=0 after_bytes=24848 used_bytes=1231892 live_reservations=18 attempts=291
fixture_lease event=drop owner=0x7beec06190 id=291 before_bytes=24848 after_bytes=0 used_bytes=1207044 live_reservations=17 attempts=291
fixture_lease event=drop owner=0x7beec06190 id=290 before_bytes=18648 after_bytes=0 used_bytes=1188396 live_reservations=16 attempts=291
fixture_lease event=installed owner=0x7beec06190 id=292 before_bytes=0 after_bytes=18648 used_bytes=1207044 live_reservations=17 attempts=292
fixture_lease event=installed owner=0x7beec06190 id=293 before_bytes=0 after_bytes=24848 used_bytes=1231892 live_reservations=18 attempts=293
fixture_lease event=drop owner=0x7beec06190 id=293 before_bytes=24848 after_bytes=0 used_bytes=1207044 live_reservations=17 attempts=293
fixture_lease event=drop owner=0x7beec06190 id=292 before_bytes=18648 after_bytes=0 used_bytes=1188396 live_reservations=16 attempts=293
fixture_lease event=installed owner=0x7beec06190 id=294 before_bytes=0 after_bytes=18648 used_bytes=1207044 live_reservations=17 attempts=294
fixture_lease event=installed owner=0x7beec06190 id=295 before_bytes=0 after_bytes=24848 used_bytes=1231892 live_reservations=18 attempts=295
fixture_lease event=drop owner=0x7beec06190 id=295 before_bytes=24848 after_bytes=0 used_bytes=1207044 live_reservations=17 attempts=295
fixture_lease event=drop owner=0x7beec06190 id=294 before_bytes=18648 after_bytes=0 used_bytes=1188396 live_reservations=16 attempts=295
fixture_lease event=installed owner=0x7beec06190 id=296 before_bytes=0 after_bytes=8466 used_bytes=1196862 live_reservations=17 attempts=296
fixture_lease event=drop owner=0x7beec06190 id=296 before_bytes=8466 after_bytes=0 used_bytes=1188396 live_reservations=16 attempts=296
fixture_lease event=installed owner=0x7beec06190 id=297 before_bytes=0 after_bytes=18648 used_bytes=1207044 live_reservations=17 attempts=297
fixture_lease event=installed owner=0x7beec06190 id=298 before_bytes=0 after_bytes=24848 used_bytes=1231892 live_reservations=18 attempts=298
fixture_lease event=drop owner=0x7beec06190 id=298 before_bytes=24848 after_bytes=0 used_bytes=1207044 live_reservations=17 attempts=298
fixture_lease event=drop owner=0x7beec06190 id=297 before_bytes=18648 after_bytes=0 used_bytes=1188396 live_reservations=16 attempts=298
fixture_lease event=installed owner=0x7beec06190 id=299 before_bytes=0 after_bytes=18648 used_bytes=1207044 live_reservations=17 attempts=299
fixture_lease event=installed owner=0x7beec06190 id=300 before_bytes=0 after_bytes=24848 used_bytes=1231892 live_reservations=18 attempts=300
fixture_lease event=drop owner=0x7beec06190 id=300 before_bytes=24848 after_bytes=0 used_bytes=1207044 live_reservations=17 attempts=300
fixture_lease event=drop owner=0x7beec06190 id=299 before_bytes=18648 after_bytes=0 used_bytes=1188396 live_reservations=16 attempts=300
fixture_lease event=installed owner=0x7beec06190 id=301 before_bytes=0 after_bytes=8614 used_bytes=1197010 live_reservations=17 attempts=301
fixture_lease event=drop owner=0x7beec06190 id=301 before_bytes=8614 after_bytes=0 used_bytes=1188396 live_reservations=16 attempts=301
fixture_lease event=drop owner=0x7beec06190 id=287 before_bytes=8608 after_bytes=0 used_bytes=1179788 live_reservations=15 attempts=301
fixture_lease event=drop owner=0x7beec06190 id=286 before_bytes=8488 after_bytes=0 used_bytes=1171300 live_reservations=14 attempts=301
fixture_lease event=installed owner=0x7beec06190 id=302 before_bytes=0 after_bytes=8488 used_bytes=1179788 live_reservations=15 attempts=302
fixture_lease event=installed owner=0x7beec06190 id=303 before_bytes=0 after_bytes=8608 used_bytes=1188396 live_reservations=16 attempts=303
fixture_lease event=installed owner=0x7beec06190 id=304 before_bytes=0 after_bytes=18648 used_bytes=1207044 live_reservations=17 attempts=304
fixture_lease event=installed owner=0x7beec06190 id=305 before_bytes=0 after_bytes=24848 used_bytes=1231892 live_reservations=18 attempts=305
fixture_lease event=drop owner=0x7beec06190 id=305 before_bytes=24848 after_bytes=0 used_bytes=1207044 live_reservations=17 attempts=305
fixture_lease event=drop owner=0x7beec06190 id=304 before_bytes=18648 after_bytes=0 used_bytes=1188396 live_reservations=16 attempts=305
fixture_lease event=installed owner=0x7beec06190 id=306 before_bytes=0 after_bytes=18648 used_bytes=1207044 live_reservations=17 attempts=306
fixture_lease event=installed owner=0x7beec06190 id=307 before_bytes=0 after_bytes=24848 used_bytes=1231892 live_reservations=18 attempts=307
fixture_lease event=drop owner=0x7beec06190 id=307 before_bytes=24848 after_bytes=0 used_bytes=1207044 live_reservations=17 attempts=307
fixture_lease event=drop owner=0x7beec06190 id=306 before_bytes=18648 after_bytes=0 used_bytes=1188396 live_reservations=16 attempts=307
fixture_lease event=installed owner=0x7beec06190 id=308 before_bytes=0 after_bytes=18648 used_bytes=1207044 live_reservations=17 attempts=308
fixture_lease event=installed owner=0x7beec06190 id=309 before_bytes=0 after_bytes=24848 used_bytes=1231892 live_reservations=18 attempts=309
fixture_lease event=drop owner=0x7beec06190 id=309 before_bytes=24848 after_bytes=0 used_bytes=1207044 live_reservations=17 attempts=309
fixture_lease event=drop owner=0x7beec06190 id=308 before_bytes=18648 after_bytes=0 used_bytes=1188396 live_reservations=16 attempts=309
fixture_lease event=installed owner=0x7beec06190 id=310 before_bytes=0 after_bytes=18648 used_bytes=1207044 live_reservations=17 attempts=310
fixture_lease event=installed owner=0x7beec06190 id=311 before_bytes=0 after_bytes=24848 used_bytes=1231892 live_reservations=18 attempts=311
fixture_lease event=drop owner=0x7beec06190 id=311 before_bytes=24848 after_bytes=0 used_bytes=1207044 live_reservations=17 attempts=311
fixture_lease event=drop owner=0x7beec06190 id=310 before_bytes=18648 after_bytes=0 used_bytes=1188396 live_reservations=16 attempts=311
fixture_lease event=installed owner=0x7beec06190 id=312 before_bytes=0 after_bytes=8466 used_bytes=1196862 live_reservations=17 attempts=312
fixture_lease event=drop owner=0x7beec06190 id=312 before_bytes=8466 after_bytes=0 used_bytes=1188396 live_reservations=16 attempts=312
fixture_lease event=installed owner=0x7beec06190 id=313 before_bytes=0 after_bytes=18648 used_bytes=1207044 live_reservations=17 attempts=313
fixture_lease event=installed owner=0x7beec06190 id=314 before_bytes=0 after_bytes=24848 used_bytes=1231892 live_reservations=18 attempts=314
fixture_lease event=drop owner=0x7beec06190 id=314 before_bytes=24848 after_bytes=0 used_bytes=1207044 live_reservations=17 attempts=314
fixture_lease event=drop owner=0x7beec06190 id=313 before_bytes=18648 after_bytes=0 used_bytes=1188396 live_reservations=16 attempts=314
fixture_lease event=installed owner=0x7beec06190 id=315 before_bytes=0 after_bytes=18648 used_bytes=1207044 live_reservations=17 attempts=315
fixture_lease event=installed owner=0x7beec06190 id=316 before_bytes=0 after_bytes=24848 used_bytes=1231892 live_reservations=18 attempts=316
fixture_lease event=drop owner=0x7beec06190 id=316 before_bytes=24848 after_bytes=0 used_bytes=1207044 live_reservations=17 attempts=316
fixture_lease event=drop owner=0x7beec06190 id=315 before_bytes=18648 after_bytes=0 used_bytes=1188396 live_reservations=16 attempts=316
fixture_lease event=installed owner=0x7beec06190 id=317 before_bytes=0 after_bytes=9116 used_bytes=1197512 live_reservations=17 attempts=317
fixture_lease event=drop owner=0x7beec06190 id=317 before_bytes=9116 after_bytes=0 used_bytes=1188396 live_reservations=16 attempts=317
fixture_lease event=drop owner=0x7beec06190 id=303 before_bytes=8608 after_bytes=0 used_bytes=1179788 live_reservations=15 attempts=317
fixture_lease event=drop owner=0x7beec06190 id=302 before_bytes=8488 after_bytes=0 used_bytes=1171300 live_reservations=14 attempts=317
fixture_lease event=installed owner=0x7beec06190 id=318 before_bytes=0 after_bytes=8488 used_bytes=1179788 live_reservations=15 attempts=318
fixture_lease event=installed owner=0x7beec06190 id=319 before_bytes=0 after_bytes=8608 used_bytes=1188396 live_reservations=16 attempts=319
fixture_lease event=installed owner=0x7beec06190 id=320 before_bytes=0 after_bytes=18648 used_bytes=1207044 live_reservations=17 attempts=320
fixture_lease event=installed owner=0x7beec06190 id=321 before_bytes=0 after_bytes=24848 used_bytes=1231892 live_reservations=18 attempts=321
fixture_lease event=drop owner=0x7beec06190 id=321 before_bytes=24848 after_bytes=0 used_bytes=1207044 live_reservations=17 attempts=321
fixture_lease event=drop owner=0x7beec06190 id=320 before_bytes=18648 after_bytes=0 used_bytes=1188396 live_reservations=16 attempts=321
fixture_lease event=installed owner=0x7beec06190 id=322 before_bytes=0 after_bytes=18648 used_bytes=1207044 live_reservations=17 attempts=322
fixture_lease event=installed owner=0x7beec06190 id=323 before_bytes=0 after_bytes=24848 used_bytes=1231892 live_reservations=18 attempts=323
fixture_lease event=drop owner=0x7beec06190 id=323 before_bytes=24848 after_bytes=0 used_bytes=1207044 live_reservations=17 attempts=323
fixture_lease event=drop owner=0x7beec06190 id=322 before_bytes=18648 after_bytes=0 used_bytes=1188396 live_reservations=16 attempts=323
fixture_lease event=installed owner=0x7beec06190 id=324 before_bytes=0 after_bytes=18648 used_bytes=1207044 live_reservations=17 attempts=324
fixture_lease event=installed owner=0x7beec06190 id=325 before_bytes=0 after_bytes=24848 used_bytes=1231892 live_reservations=18 attempts=325
fixture_lease event=drop owner=0x7beec06190 id=325 before_bytes=24848 after_bytes=0 used_bytes=1207044 live_reservations=17 attempts=325
fixture_lease event=drop owner=0x7beec06190 id=324 before_bytes=18648 after_bytes=0 used_bytes=1188396 live_reservations=16 attempts=325
fixture_lease event=installed owner=0x7beec06190 id=326 before_bytes=0 after_bytes=18648 used_bytes=1207044 live_reservations=17 attempts=326
fixture_lease event=installed owner=0x7beec06190 id=327 before_bytes=0 after_bytes=24848 used_bytes=1231892 live_reservations=18 attempts=327
fixture_lease event=drop owner=0x7beec06190 id=327 before_bytes=24848 after_bytes=0 used_bytes=1207044 live_reservations=17 attempts=327
fixture_lease event=drop owner=0x7beec06190 id=326 before_bytes=18648 after_bytes=0 used_bytes=1188396 live_reservations=16 attempts=327
fixture_lease event=installed owner=0x7beec06190 id=328 before_bytes=0 after_bytes=8466 used_bytes=1196862 live_reservations=17 attempts=328
fixture_lease event=drop owner=0x7beec06190 id=328 before_bytes=8466 after_bytes=0 used_bytes=1188396 live_reservations=16 attempts=328
fixture_lease event=installed owner=0x7beec06190 id=329 before_bytes=0 after_bytes=18648 used_bytes=1207044 live_reservations=17 attempts=329
fixture_lease event=installed owner=0x7beec06190 id=330 before_bytes=0 after_bytes=24848 used_bytes=1231892 live_reservations=18 attempts=330
fixture_lease event=drop owner=0x7beec06190 id=330 before_bytes=24848 after_bytes=0 used_bytes=1207044 live_reservations=17 attempts=330
fixture_lease event=drop owner=0x7beec06190 id=329 before_bytes=18648 after_bytes=0 used_bytes=1188396 live_reservations=16 attempts=330
fixture_lease event=installed owner=0x7beec06190 id=331 before_bytes=0 after_bytes=18648 used_bytes=1207044 live_reservations=17 attempts=331
fixture_lease event=installed owner=0x7beec06190 id=332 before_bytes=0 after_bytes=24848 used_bytes=1231892 live_reservations=18 attempts=332
fixture_lease event=drop owner=0x7beec06190 id=332 before_bytes=24848 after_bytes=0 used_bytes=1207044 live_reservations=17 attempts=332
fixture_lease event=drop owner=0x7beec06190 id=331 before_bytes=18648 after_bytes=0 used_bytes=1188396 live_reservations=16 attempts=332
fixture_lease event=installed owner=0x7beec06190 id=333 before_bytes=0 after_bytes=8614 used_bytes=1197010 live_reservations=17 attempts=333
fixture_lease event=drop owner=0x7beec06190 id=333 before_bytes=8614 after_bytes=0 used_bytes=1188396 live_reservations=16 attempts=333
fixture_lease event=drop owner=0x7beec06190 id=319 before_bytes=8608 after_bytes=0 used_bytes=1179788 live_reservations=15 attempts=333
fixture_lease event=drop owner=0x7beec06190 id=318 before_bytes=8488 after_bytes=0 used_bytes=1171300 live_reservations=14 attempts=333
fixture_lease event=installed owner=0x7beec06190 id=334 before_bytes=0 after_bytes=8488 used_bytes=1179788 live_reservations=15 attempts=334
fixture_lease event=installed owner=0x7beec06190 id=335 before_bytes=0 after_bytes=8608 used_bytes=1188396 live_reservations=16 attempts=335
fixture_lease event=installed owner=0x7beec06190 id=336 before_bytes=0 after_bytes=18648 used_bytes=1207044 live_reservations=17 attempts=336
fixture_lease event=installed owner=0x7beec06190 id=337 before_bytes=0 after_bytes=24848 used_bytes=1231892 live_reservations=18 attempts=337
fixture_lease event=drop owner=0x7beec06190 id=337 before_bytes=24848 after_bytes=0 used_bytes=1207044 live_reservations=17 attempts=337
fixture_lease event=drop owner=0x7beec06190 id=336 before_bytes=18648 after_bytes=0 used_bytes=1188396 live_reservations=16 attempts=337
fixture_lease event=installed owner=0x7beec06190 id=338 before_bytes=0 after_bytes=18648 used_bytes=1207044 live_reservations=17 attempts=338
fixture_lease event=installed owner=0x7beec06190 id=339 before_bytes=0 after_bytes=24848 used_bytes=1231892 live_reservations=18 attempts=339
fixture_lease event=drop owner=0x7beec06190 id=339 before_bytes=24848 after_bytes=0 used_bytes=1207044 live_reservations=17 attempts=339
fixture_lease event=drop owner=0x7beec06190 id=338 before_bytes=18648 after_bytes=0 used_bytes=1188396 live_reservations=16 attempts=339
fixture_lease event=installed owner=0x7beec06190 id=340 before_bytes=0 after_bytes=18648 used_bytes=1207044 live_reservations=17 attempts=340
fixture_lease event=installed owner=0x7beec06190 id=341 before_bytes=0 after_bytes=24848 used_bytes=1231892 live_reservations=18 attempts=341
fixture_lease event=drop owner=0x7beec06190 id=341 before_bytes=24848 after_bytes=0 used_bytes=1207044 live_reservations=17 attempts=341
fixture_lease event=drop owner=0x7beec06190 id=340 before_bytes=18648 after_bytes=0 used_bytes=1188396 live_reservations=16 attempts=341
fixture_lease event=installed owner=0x7beec06190 id=342 before_bytes=0 after_bytes=18648 used_bytes=1207044 live_reservations=17 attempts=342
fixture_lease event=installed owner=0x7beec06190 id=343 before_bytes=0 after_bytes=24848 used_bytes=1231892 live_reservations=18 attempts=343
fixture_lease event=drop owner=0x7beec06190 id=343 before_bytes=24848 after_bytes=0 used_bytes=1207044 live_reservations=17 attempts=343
fixture_lease event=drop owner=0x7beec06190 id=342 before_bytes=18648 after_bytes=0 used_bytes=1188396 live_reservations=16 attempts=343
fixture_lease event=installed owner=0x7beec06190 id=344 before_bytes=0 after_bytes=8466 used_bytes=1196862 live_reservations=17 attempts=344
fixture_lease event=drop owner=0x7beec06190 id=344 before_bytes=8466 after_bytes=0 used_bytes=1188396 live_reservations=16 attempts=344
fixture_lease event=installed owner=0x7beec06190 id=345 before_bytes=0 after_bytes=18648 used_bytes=1207044 live_reservations=17 attempts=345
fixture_lease event=installed owner=0x7beec06190 id=346 before_bytes=0 after_bytes=24848 used_bytes=1231892 live_reservations=18 attempts=346
fixture_lease event=drop owner=0x7beec06190 id=346 before_bytes=24848 after_bytes=0 used_bytes=1207044 live_reservations=17 attempts=346
fixture_lease event=drop owner=0x7beec06190 id=345 before_bytes=18648 after_bytes=0 used_bytes=1188396 live_reservations=16 attempts=346
fixture_lease event=installed owner=0x7beec06190 id=347 before_bytes=0 after_bytes=18648 used_bytes=1207044 live_reservations=17 attempts=347
fixture_lease event=installed owner=0x7beec06190 id=348 before_bytes=0 after_bytes=24848 used_bytes=1231892 live_reservations=18 attempts=348
fixture_lease event=drop owner=0x7beec06190 id=348 before_bytes=24848 after_bytes=0 used_bytes=1207044 live_reservations=17 attempts=348
fixture_lease event=drop owner=0x7beec06190 id=347 before_bytes=18648 after_bytes=0 used_bytes=1188396 live_reservations=16 attempts=348
fixture_lease event=installed owner=0x7beec06190 id=349 before_bytes=0 after_bytes=8614 used_bytes=1197010 live_reservations=17 attempts=349
fixture_lease event=drop owner=0x7beec06190 id=349 before_bytes=8614 after_bytes=0 used_bytes=1188396 live_reservations=16 attempts=349
fixture_lease event=drop owner=0x7beec06190 id=335 before_bytes=8608 after_bytes=0 used_bytes=1179788 live_reservations=15 attempts=349
fixture_lease event=drop owner=0x7beec06190 id=334 before_bytes=8488 after_bytes=0 used_bytes=1171300 live_reservations=14 attempts=349
receipt_staging phase=setup_entered ordinal=None succeeded=None
fixture_lease event=installed owner=0x7beec06190 id=350 before_bytes=0 after_bytes=267232 used_bytes=1438532 live_reservations=15 attempts=350
fixture_lease event=installed owner=0x7beec06190 id=351 before_bytes=0 after_bytes=147552 used_bytes=1586084 live_reservations=16 attempts=351
fixture_lease event=installed owner=0x7beec06190 id=352 before_bytes=0 after_bytes=57736 used_bytes=1643820 live_reservations=17 attempts=352
fixture_lease event=installed owner=0x7beec06190 id=353 before_bytes=0 after_bytes=157648 used_bytes=1801468 live_reservations=18 attempts=353
fixture_lease event=installed owner=0x7beec06190 id=354 before_bytes=0 after_bytes=13008 used_bytes=1814476 live_reservations=19 attempts=354
fixture_lease event=installed owner=0x7beec06190 id=355 before_bytes=0 after_bytes=16792 used_bytes=1831268 live_reservations=20 attempts=355
fixture_lease event=installed owner=0x7beec06190 id=356 before_bytes=0 after_bytes=43440 used_bytes=1874708 live_reservations=21 attempts=356
fixture_lease event=installed owner=0x7beec06190 id=357 before_bytes=0 after_bytes=8488 used_bytes=1883196 live_reservations=22 attempts=357
fixture_lease event=installed owner=0x7beec06190 id=358 before_bytes=0 after_bytes=8608 used_bytes=1891804 live_reservations=23 attempts=358
fixture_lease event=installed owner=0x7beec06190 id=359 before_bytes=0 after_bytes=73800 used_bytes=1965604 live_reservations=24 attempts=359
fixture_lease event=installed owner=0x7beec06190 id=360 before_bytes=0 after_bytes=8471 used_bytes=1974075 live_reservations=25 attempts=360
fixture_lease event=drop owner=0x7beec06190 id=358 before_bytes=8608 after_bytes=0 used_bytes=1965467 live_reservations=24 attempts=360
fixture_lease event=drop owner=0x7beec06190 id=357 before_bytes=8488 after_bytes=0 used_bytes=1956979 live_reservations=23 attempts=360
fixture_lease event=installed owner=0x7beec06190 id=361 before_bytes=0 after_bytes=8712 used_bytes=1965691 live_reservations=24 attempts=361
fixture_lease event=installed owner=0x7beec06190 id=362 before_bytes=0 after_bytes=2412520 used_bytes=4378211 live_reservations=25 attempts=362
fixture_lease event=installed owner=0x7beec06190 id=363 before_bytes=0 after_bytes=120224 used_bytes=4498435 live_reservations=26 attempts=363
fixture_lease event=installed owner=0x7beec06190 id=364 before_bytes=0 after_bytes=33056 used_bytes=4531491 live_reservations=27 attempts=364
fixture_lease event=installed owner=0x7beec06190 id=365 before_bytes=0 after_bytes=44016 used_bytes=4575507 live_reservations=28 attempts=365
fixture_lease event=installed owner=0x7beec06190 id=366 before_bytes=0 after_bytes=16664 used_bytes=4592171 live_reservations=29 attempts=366
fixture_lease event=drop owner=0x7beec06190 id=366 before_bytes=16664 after_bytes=0 used_bytes=4575507 live_reservations=28 attempts=366
fixture_lease event=installed owner=0x7beec06190 id=367 before_bytes=0 after_bytes=147552 used_bytes=4723059 live_reservations=29 attempts=367
fixture_lease event=installed owner=0x7beec06190 id=368 before_bytes=0 after_bytes=147552 used_bytes=4870611 live_reservations=30 attempts=368
fixture_lease event=drop owner=0x7beec06190 id=363 before_bytes=120224 after_bytes=0 used_bytes=4750387 live_reservations=29 attempts=368
fixture_lease event=drop owner=0x7beec06190 id=362 before_bytes=2412520 after_bytes=0 used_bytes=2337867 live_reservations=28 attempts=368
fixture_lease event=drop owner=0x7beec06190 id=364 before_bytes=33056 after_bytes=0 used_bytes=2304811 live_reservations=27 attempts=374
fixture_lease event=drop owner=0x7beec06190 id=365 before_bytes=44016 after_bytes=0 used_bytes=2260795 live_reservations=26 attempts=374
fixture_lease event=drop owner=0x7beec06190 id=361 before_bytes=8712 after_bytes=0 used_bytes=2252083 live_reservations=25 attempts=374
fixture_lease event=drop owner=0x7beec06190 id=360 before_bytes=8471 after_bytes=0 used_bytes=2243612 live_reservations=24 attempts=374
fixture_lease event=drop owner=0x7beec06190 id=359 before_bytes=73800 after_bytes=0 used_bytes=2169812 live_reservations=23 attempts=374
receipt_staging phase=setup_returned ordinal=None succeeded=Some(true)
receipt_staging phase=row_entered ordinal=Some(1) succeeded=None
fixture_lease event=installed owner=0x7beec06190 id=375 before_bytes=0 after_bytes=8488 used_bytes=2178300 live_reservations=24 attempts=375
fixture_lease event=installed owner=0x7beec06190 id=376 before_bytes=0 after_bytes=8608 used_bytes=2186908 live_reservations=25 attempts=376
fixture_lease event=installed owner=0x7beec06190 id=377 before_bytes=0 after_bytes=18648 used_bytes=2205556 live_reservations=26 attempts=377
fixture_lease event=installed owner=0x7beec06190 id=378 before_bytes=0 after_bytes=24848 used_bytes=2230404 live_reservations=27 attempts=378
fixture_lease event=drop owner=0x7beec06190 id=378 before_bytes=24848 after_bytes=0 used_bytes=2205556 live_reservations=26 attempts=380
fixture_lease event=drop owner=0x7beec06190 id=377 before_bytes=18648 after_bytes=0 used_bytes=2186908 live_reservations=25 attempts=380
fixture_lease event=installed owner=0x7beec06190 id=381 before_bytes=0 after_bytes=18648 used_bytes=2205556 live_reservations=26 attempts=381
fixture_lease event=installed owner=0x7beec06190 id=382 before_bytes=0 after_bytes=24848 used_bytes=2230404 live_reservations=27 attempts=382
fixture_lease event=drop owner=0x7beec06190 id=382 before_bytes=24848 after_bytes=0 used_bytes=2205556 live_reservations=26 attempts=384
fixture_lease event=drop owner=0x7beec06190 id=381 before_bytes=18648 after_bytes=0 used_bytes=2186908 live_reservations=25 attempts=384
fixture_lease event=installed owner=0x7beec06190 id=385 before_bytes=0 after_bytes=18648 used_bytes=2205556 live_reservations=26 attempts=385
fixture_lease event=installed owner=0x7beec06190 id=386 before_bytes=0 after_bytes=24848 used_bytes=2230404 live_reservations=27 attempts=386
fixture_lease event=drop owner=0x7beec06190 id=386 before_bytes=24848 after_bytes=0 used_bytes=2205556 live_reservations=26 attempts=388
fixture_lease event=drop owner=0x7beec06190 id=385 before_bytes=18648 after_bytes=0 used_bytes=2186908 live_reservations=25 attempts=388
fixture_lease event=installed owner=0x7beec06190 id=389 before_bytes=0 after_bytes=18648 used_bytes=2205556 live_reservations=26 attempts=389
fixture_lease event=installed owner=0x7beec06190 id=390 before_bytes=0 after_bytes=24848 used_bytes=2230404 live_reservations=27 attempts=390
fixture_lease event=drop owner=0x7beec06190 id=390 before_bytes=24848 after_bytes=0 used_bytes=2205556 live_reservations=26 attempts=392
fixture_lease event=drop owner=0x7beec06190 id=389 before_bytes=18648 after_bytes=0 used_bytes=2186908 live_reservations=25 attempts=392
fixture_lease event=installed owner=0x7beec06190 id=393 before_bytes=0 after_bytes=8466 used_bytes=2195374 live_reservations=26 attempts=393
fixture_lease event=drop owner=0x7beec06190 id=393 before_bytes=8466 after_bytes=0 used_bytes=2186908 live_reservations=25 attempts=395
fixture_lease event=installed owner=0x7beec06190 id=396 before_bytes=0 after_bytes=18648 used_bytes=2205556 live_reservations=26 attempts=396
fixture_lease event=installed owner=0x7beec06190 id=397 before_bytes=0 after_bytes=24848 used_bytes=2230404 live_reservations=27 attempts=397
fixture_lease event=drop owner=0x7beec06190 id=397 before_bytes=24848 after_bytes=0 used_bytes=2205556 live_reservations=26 attempts=399
fixture_lease event=drop owner=0x7beec06190 id=396 before_bytes=18648 after_bytes=0 used_bytes=2186908 live_reservations=25 attempts=399
fixture_lease event=installed owner=0x7beec06190 id=400 before_bytes=0 after_bytes=18648 used_bytes=2205556 live_reservations=26 attempts=400
fixture_lease event=installed owner=0x7beec06190 id=401 before_bytes=0 after_bytes=24848 used_bytes=2230404 live_reservations=27 attempts=401
fixture_lease event=drop owner=0x7beec06190 id=401 before_bytes=24848 after_bytes=0 used_bytes=2205556 live_reservations=26 attempts=403
fixture_lease event=drop owner=0x7beec06190 id=400 before_bytes=18648 after_bytes=0 used_bytes=2186908 live_reservations=25 attempts=403
fixture_lease event=drop owner=0x7beec06190 id=376 before_bytes=8608 after_bytes=0 used_bytes=2178300 live_reservations=24 attempts=403
fixture_lease event=drop owner=0x7beec06190 id=375 before_bytes=8488 after_bytes=0 used_bytes=2169812 live_reservations=23 attempts=403
receipt_staging phase=point_write_entered ordinal=Some(1) succeeded=None
fixture_lease event=installed owner=0x7beec06190 id=404 before_bytes=0 after_bytes=8488 used_bytes=2178300 live_reservations=24 attempts=404
fixture_lease event=installed owner=0x7beec06190 id=405 before_bytes=0 after_bytes=8608 used_bytes=2186908 live_reservations=25 attempts=405
fixture_lease event=installed owner=0x7beec06190 id=406 before_bytes=0 after_bytes=18648 used_bytes=2205556 live_reservations=26 attempts=406
fixture_lease event=installed owner=0x7beec06190 id=407 before_bytes=0 after_bytes=24848 used_bytes=2230404 live_reservations=27 attempts=407
fixture_lease event=drop owner=0x7beec06190 id=407 before_bytes=24848 after_bytes=0 used_bytes=2205556 live_reservations=26 attempts=409
fixture_lease event=drop owner=0x7beec06190 id=406 before_bytes=18648 after_bytes=0 used_bytes=2186908 live_reservations=25 attempts=409
fixture_lease event=installed owner=0x7beec06190 id=410 before_bytes=0 after_bytes=18648 used_bytes=2205556 live_reservations=26 attempts=410
fixture_lease event=installed owner=0x7beec06190 id=411 before_bytes=0 after_bytes=24848 used_bytes=2230404 live_reservations=27 attempts=411
fixture_lease event=drop owner=0x7beec06190 id=411 before_bytes=24848 after_bytes=0 used_bytes=2205556 live_reservations=26 attempts=413
fixture_lease event=drop owner=0x7beec06190 id=410 before_bytes=18648 after_bytes=0 used_bytes=2186908 live_reservations=25 attempts=413
fixture_lease event=installed owner=0x7beec06190 id=414 before_bytes=0 after_bytes=18648 used_bytes=2205556 live_reservations=26 attempts=414
fixture_lease event=installed owner=0x7beec06190 id=415 before_bytes=0 after_bytes=24848 used_bytes=2230404 live_reservations=27 attempts=415
fixture_lease event=drop owner=0x7beec06190 id=415 before_bytes=24848 after_bytes=0 used_bytes=2205556 live_reservations=26 attempts=417
fixture_lease event=drop owner=0x7beec06190 id=414 before_bytes=18648 after_bytes=0 used_bytes=2186908 live_reservations=25 attempts=417
fixture_lease event=installed owner=0x7beec06190 id=418 before_bytes=0 after_bytes=18648 used_bytes=2205556 live_reservations=26 attempts=418
fixture_lease event=installed owner=0x7beec06190 id=419 before_bytes=0 after_bytes=24848 used_bytes=2230404 live_reservations=27 attempts=419
fixture_lease event=drop owner=0x7beec06190 id=419 before_bytes=24848 after_bytes=0 used_bytes=2205556 live_reservations=26 attempts=421
fixture_lease event=drop owner=0x7beec06190 id=418 before_bytes=18648 after_bytes=0 used_bytes=2186908 live_reservations=25 attempts=421
fixture_lease event=installed owner=0x7beec06190 id=422 before_bytes=0 after_bytes=18648 used_bytes=2205556 live_reservations=26 attempts=422
fixture_lease event=installed owner=0x7beec06190 id=423 before_bytes=0 after_bytes=24848 used_bytes=2230404 live_reservations=27 attempts=423
fixture_lease event=drop owner=0x7beec06190 id=423 before_bytes=24848 after_bytes=0 used_bytes=2205556 live_reservations=26 attempts=425
fixture_lease event=drop owner=0x7beec06190 id=422 before_bytes=18648 after_bytes=0 used_bytes=2186908 live_reservations=25 attempts=425
fixture_lease event=installed owner=0x7beec06190 id=426 before_bytes=0 after_bytes=8466 used_bytes=2195374 live_reservations=26 attempts=426
fixture_lease event=drop owner=0x7beec06190 id=426 before_bytes=8466 after_bytes=0 used_bytes=2186908 live_reservations=25 attempts=428
fixture_lease event=installed owner=0x7beec06190 id=429 before_bytes=0 after_bytes=73800 used_bytes=2260708 live_reservations=26 attempts=429
fixture_lease event=installed owner=0x7beec06190 id=430 before_bytes=0 after_bytes=18648 used_bytes=2279356 live_reservations=27 attempts=430
fixture_lease event=installed owner=0x7beec06190 id=431 before_bytes=0 after_bytes=24848 used_bytes=2304204 live_reservations=28 attempts=431
fixture_lease event=drop owner=0x7beec06190 id=431 before_bytes=24848 after_bytes=0 used_bytes=2279356 live_reservations=27 attempts=433
fixture_lease event=drop owner=0x7beec06190 id=430 before_bytes=18648 after_bytes=0 used_bytes=2260708 live_reservations=26 attempts=433
fixture_lease event=installed owner=0x7beec06190 id=434 before_bytes=0 after_bytes=18648 used_bytes=2279356 live_reservations=27 attempts=434
fixture_lease event=installed owner=0x7beec06190 id=435 before_bytes=0 after_bytes=24848 used_bytes=2304204 live_reservations=28 attempts=435
fixture_lease event=drop owner=0x7beec06190 id=435 before_bytes=24848 after_bytes=0 used_bytes=2279356 live_reservations=27 attempts=437
fixture_lease event=drop owner=0x7beec06190 id=434 before_bytes=18648 after_bytes=0 used_bytes=2260708 live_reservations=26 attempts=437
fixture_lease event=installed owner=0x7beec06190 id=438 before_bytes=0 after_bytes=8296 used_bytes=2269004 live_reservations=27 attempts=438
fixture_lease event=drop owner=0x7beec06190 id=405 before_bytes=8608 after_bytes=0 used_bytes=2260396 live_reservations=26 attempts=438
fixture_lease event=drop owner=0x7beec06190 id=404 before_bytes=8488 after_bytes=0 used_bytes=2251908 live_reservations=25 attempts=438
fixture_lease event=installed owner=0x7beec06190 id=439 before_bytes=0 after_bytes=8648 used_bytes=2260556 live_reservations=26 attempts=439
fixture_lease event=installed owner=0x7beec06190 id=440 before_bytes=0 after_bytes=2412520 used_bytes=4673076 live_reservations=27 attempts=440
fixture_lease event=installed owner=0x7beec06190 id=441 before_bytes=0 after_bytes=120224 used_bytes=4793300 live_reservations=28 attempts=441
fixture_lease event=installed owner=0x7beec06190 id=442 before_bytes=0 after_bytes=33056 used_bytes=4826356 live_reservations=29 attempts=442
fixture_lease event=installed owner=0x7beec06190 id=443 before_bytes=0 after_bytes=44016 used_bytes=4870372 live_reservations=30 attempts=443
fixture_lease event=installed owner=0x7beec06190 id=444 before_bytes=0 after_bytes=16664 used_bytes=4887036 live_reservations=31 attempts=444
fixture_lease event=drop owner=0x7beec06190 id=444 before_bytes=16664 after_bytes=0 used_bytes=4870372 live_reservations=30 attempts=444
fixture_lease event=drop owner=0x7beec06190 id=441 before_bytes=120224 after_bytes=0 used_bytes=4750148 live_reservations=29 attempts=444
fixture_lease event=drop owner=0x7beec06190 id=440 before_bytes=2412520 after_bytes=0 used_bytes=2337628 live_reservations=28 attempts=444
fixture_lease event=drop owner=0x7beec06190 id=442 before_bytes=33056 after_bytes=0 used_bytes=2304572 live_reservations=27 attempts=450
fixture_lease event=drop owner=0x7beec06190 id=443 before_bytes=44016 after_bytes=0 used_bytes=2260556 live_reservations=26 attempts=450
fixture_lease event=drop owner=0x7beec06190 id=439 before_bytes=8648 after_bytes=0 used_bytes=2251908 live_reservations=25 attempts=450
fixture_lease event=drop owner=0x7beec06190 id=438 before_bytes=8296 after_bytes=0 used_bytes=2243612 live_reservations=24 attempts=450
fixture_lease event=drop owner=0x7beec06190 id=429 before_bytes=73800 after_bytes=0 used_bytes=2169812 live_reservations=23 attempts=450
receipt_staging phase=ordinal_write_entered ordinal=Some(1) succeeded=None
fixture_lease event=installed owner=0x7beec06190 id=451 before_bytes=0 after_bytes=8488 used_bytes=2178300 live_reservations=24 attempts=451
fixture_lease event=installed owner=0x7beec06190 id=452 before_bytes=0 after_bytes=8608 used_bytes=2186908 live_reservations=25 attempts=452
fixture_lease event=installed owner=0x7beec06190 id=453 before_bytes=0 after_bytes=18648 used_bytes=2205556 live_reservations=26 attempts=453
fixture_lease event=installed owner=0x7beec06190 id=454 before_bytes=0 after_bytes=24848 used_bytes=2230404 live_reservations=27 attempts=454
fixture_lease event=drop owner=0x7beec06190 id=454 before_bytes=24848 after_bytes=0 used_bytes=2205556 live_reservations=26 attempts=456
fixture_lease event=drop owner=0x7beec06190 id=453 before_bytes=18648 after_bytes=0 used_bytes=2186908 live_reservations=25 attempts=456
fixture_lease event=installed owner=0x7beec06190 id=457 before_bytes=0 after_bytes=18648 used_bytes=2205556 live_reservations=26 attempts=457
fixture_lease event=installed owner=0x7beec06190 id=458 before_bytes=0 after_bytes=24848 used_bytes=2230404 live_reservations=27 attempts=458
fixture_lease event=drop owner=0x7beec06190 id=458 before_bytes=24848 after_bytes=0 used_bytes=2205556 live_reservations=26 attempts=460
fixture_lease event=drop owner=0x7beec06190 id=457 before_bytes=18648 after_bytes=0 used_bytes=2186908 live_reservations=25 attempts=460
fixture_lease event=installed owner=0x7beec06190 id=461 before_bytes=0 after_bytes=18648 used_bytes=2205556 live_reservations=26 attempts=461
fixture_lease event=installed owner=0x7beec06190 id=462 before_bytes=0 after_bytes=24848 used_bytes=2230404 live_reservations=27 attempts=462
fixture_lease event=drop owner=0x7beec06190 id=462 before_bytes=24848 after_bytes=0 used_bytes=2205556 live_reservations=26 attempts=464
fixture_lease event=drop owner=0x7beec06190 id=461 before_bytes=18648 after_bytes=0 used_bytes=2186908 live_reservations=25 attempts=464
fixture_lease event=installed owner=0x7beec06190 id=465 before_bytes=0 after_bytes=18648 used_bytes=2205556 live_reservations=26 attempts=465
fixture_lease event=installed owner=0x7beec06190 id=466 before_bytes=0 after_bytes=24848 used_bytes=2230404 live_reservations=27 attempts=466
fixture_lease event=drop owner=0x7beec06190 id=466 before_bytes=24848 after_bytes=0 used_bytes=2205556 live_reservations=26 attempts=468
fixture_lease event=drop owner=0x7beec06190 id=465 before_bytes=18648 after_bytes=0 used_bytes=2186908 live_reservations=25 attempts=468
fixture_lease event=installed owner=0x7beec06190 id=469 before_bytes=0 after_bytes=18648 used_bytes=2205556 live_reservations=26 attempts=469
fixture_lease event=installed owner=0x7beec06190 id=470 before_bytes=0 after_bytes=24848 used_bytes=2230404 live_reservations=27 attempts=470
fixture_lease event=drop owner=0x7beec06190 id=470 before_bytes=24848 after_bytes=0 used_bytes=2205556 live_reservations=26 attempts=472
fixture_lease event=drop owner=0x7beec06190 id=469 before_bytes=18648 after_bytes=0 used_bytes=2186908 live_reservations=25 attempts=472
fixture_lease event=installed owner=0x7beec06190 id=473 before_bytes=0 after_bytes=8466 used_bytes=2195374 live_reservations=26 attempts=473
fixture_lease event=drop owner=0x7beec06190 id=473 before_bytes=8466 after_bytes=0 used_bytes=2186908 live_reservations=25 attempts=475
fixture_lease event=installed owner=0x7beec06190 id=476 before_bytes=0 after_bytes=73800 used_bytes=2260708 live_reservations=26 attempts=476
fixture_lease event=installed owner=0x7beec06190 id=477 before_bytes=0 after_bytes=18648 used_bytes=2279356 live_reservations=27 attempts=477
fixture_lease event=installed owner=0x7beec06190 id=478 before_bytes=0 after_bytes=24848 used_bytes=2304204 live_reservations=28 attempts=478
fixture_lease event=drop owner=0x7beec06190 id=478 before_bytes=24848 after_bytes=0 used_bytes=2279356 live_reservations=27 attempts=480
fixture_lease event=drop owner=0x7beec06190 id=477 before_bytes=18648 after_bytes=0 used_bytes=2260708 live_reservations=26 attempts=480
fixture_lease event=installed owner=0x7beec06190 id=481 before_bytes=0 after_bytes=18648 used_bytes=2279356 live_reservations=27 attempts=481
fixture_lease event=installed owner=0x7beec06190 id=482 before_bytes=0 after_bytes=24848 used_bytes=2304204 live_reservations=28 attempts=482
fixture_lease event=drop owner=0x7beec06190 id=482 before_bytes=24848 after_bytes=0 used_bytes=2279356 live_reservations=27 attempts=484
fixture_lease event=drop owner=0x7beec06190 id=481 before_bytes=18648 after_bytes=0 used_bytes=2260708 live_reservations=26 attempts=484
fixture_lease event=installed owner=0x7beec06190 id=485 before_bytes=0 after_bytes=8296 used_bytes=2269004 live_reservations=27 attempts=485
fixture_lease event=drop owner=0x7beec06190 id=452 before_bytes=8608 after_bytes=0 used_bytes=2260396 live_reservations=26 attempts=485
fixture_lease event=drop owner=0x7beec06190 id=451 before_bytes=8488 after_bytes=0 used_bytes=2251908 live_reservations=25 attempts=485
fixture_lease event=installed owner=0x7beec06190 id=486 before_bytes=0 after_bytes=8648 used_bytes=2260556 live_reservations=26 attempts=486
fixture_lease event=installed owner=0x7beec06190 id=487 before_bytes=0 after_bytes=2412520 used_bytes=4673076 live_reservations=27 attempts=487
fixture_lease event=installed owner=0x7beec06190 id=488 before_bytes=0 after_bytes=120224 used_bytes=4793300 live_reservations=28 attempts=488
fixture_lease event=installed owner=0x7beec06190 id=489 before_bytes=0 after_bytes=33056 used_bytes=4826356 live_reservations=29 attempts=489
fixture_lease event=installed owner=0x7beec06190 id=490 before_bytes=0 after_bytes=44016 used_bytes=4870372 live_reservations=30 attempts=490
fixture_lease event=installed owner=0x7beec06190 id=491 before_bytes=0 after_bytes=16664 used_bytes=4887036 live_reservations=31 attempts=491
fixture_lease event=drop owner=0x7beec06190 id=491 before_bytes=16664 after_bytes=0 used_bytes=4870372 live_reservations=30 attempts=491
fixture_lease event=drop owner=0x7beec06190 id=488 before_bytes=120224 after_bytes=0 used_bytes=4750148 live_reservations=29 attempts=491
fixture_lease event=drop owner=0x7beec06190 id=487 before_bytes=2412520 after_bytes=0 used_bytes=2337628 live_reservations=28 attempts=491
fixture_lease event=drop owner=0x7beec06190 id=489 before_bytes=33056 after_bytes=0 used_bytes=2304572 live_reservations=27 attempts=497
fixture_lease event=drop owner=0x7beec06190 id=490 before_bytes=44016 after_bytes=0 used_bytes=2260556 live_reservations=26 attempts=497
fixture_lease event=drop owner=0x7beec06190 id=486 before_bytes=8648 after_bytes=0 used_bytes=2251908 live_reservations=25 attempts=497
fixture_lease event=drop owner=0x7beec06190 id=485 before_bytes=8296 after_bytes=0 used_bytes=2243612 live_reservations=24 attempts=497
fixture_lease event=drop owner=0x7beec06190 id=476 before_bytes=73800 after_bytes=0 used_bytes=2169812 live_reservations=23 attempts=497
receipt_staging phase=row_returned ordinal=Some(1) succeeded=Some(true)
fixture_lease event=installed owner=0x7beec06190 id=498 before_bytes=0 after_bytes=8488 used_bytes=2178300 live_reservations=24 attempts=498
fixture_lease event=installed owner=0x7beec06190 id=499 before_bytes=0 after_bytes=8608 used_bytes=2186908 live_reservations=25 attempts=499
fixture_lease event=installed owner=0x7beec06190 id=500 before_bytes=0 after_bytes=18648 used_bytes=2205556 live_reservations=26 attempts=500
fixture_lease event=installed owner=0x7beec06190 id=501 before_bytes=0 after_bytes=24848 used_bytes=2230404 live_reservations=27 attempts=501
fixture_lease event=drop owner=0x7beec06190 id=501 before_bytes=24848 after_bytes=0 used_bytes=2205556 live_reservations=26 attempts=503
fixture_lease event=drop owner=0x7beec06190 id=500 before_bytes=18648 after_bytes=0 used_bytes=2186908 live_reservations=25 attempts=503
fixture_lease event=installed owner=0x7beec06190 id=504 before_bytes=0 after_bytes=18648 used_bytes=2205556 live_reservations=26 attempts=504
fixture_lease event=installed owner=0x7beec06190 id=505 before_bytes=0 after_bytes=24848 used_bytes=2230404 live_reservations=27 attempts=505
fixture_lease event=drop owner=0x7beec06190 id=505 before_bytes=24848 after_bytes=0 used_bytes=2205556 live_reservations=26 attempts=507
fixture_lease event=drop owner=0x7beec06190 id=504 before_bytes=18648 after_bytes=0 used_bytes=2186908 live_reservations=25 attempts=507
fixture_lease event=installed owner=0x7beec06190 id=508 before_bytes=0 after_bytes=18648 used_bytes=2205556 live_reservations=26 attempts=508
fixture_lease event=installed owner=0x7beec06190 id=509 before_bytes=0 after_bytes=24848 used_bytes=2230404 live_reservations=27 attempts=509
fixture_lease event=drop owner=0x7beec06190 id=509 before_bytes=24848 after_bytes=0 used_bytes=2205556 live_reservations=26 attempts=511
fixture_lease event=drop owner=0x7beec06190 id=508 before_bytes=18648 after_bytes=0 used_bytes=2186908 live_reservations=25 attempts=511
fixture_lease event=installed owner=0x7beec06190 id=512 before_bytes=0 after_bytes=18648 used_bytes=2205556 live_reservations=26 attempts=512
fixture_lease event=installed owner=0x7beec06190 id=513 before_bytes=0 after_bytes=24848 used_bytes=2230404 live_reservations=27 attempts=513
fixture_lease event=drop owner=0x7beec06190 id=513 before_bytes=24848 after_bytes=0 used_bytes=2205556 live_reservations=26 attempts=515
fixture_lease event=drop owner=0x7beec06190 id=512 before_bytes=18648 after_bytes=0 used_bytes=2186908 live_reservations=25 attempts=515
fixture_lease event=installed owner=0x7beec06190 id=516 before_bytes=0 after_bytes=8466 used_bytes=2195374 live_reservations=26 attempts=516
fixture_lease event=drop owner=0x7beec06190 id=516 before_bytes=8466 after_bytes=0 used_bytes=2186908 live_reservations=25 attempts=518
fixture_lease event=installed owner=0x7beec06190 id=519 before_bytes=0 after_bytes=18648 used_bytes=2205556 live_reservations=26 attempts=519
fixture_lease event=installed owner=0x7beec06190 id=520 before_bytes=0 after_bytes=24848 used_bytes=2230404 live_reservations=27 attempts=520
fixture_lease event=drop owner=0x7beec06190 id=520 before_bytes=24848 after_bytes=0 used_bytes=2205556 live_reservations=26 attempts=522
fixture_lease event=drop owner=0x7beec06190 id=519 before_bytes=18648 after_bytes=0 used_bytes=2186908 live_reservations=25 attempts=522
fixture_lease event=installed owner=0x7beec06190 id=523 before_bytes=0 after_bytes=18648 used_bytes=2205556 live_reservations=26 attempts=523
fixture_lease event=installed owner=0x7beec06190 id=524 before_bytes=0 after_bytes=24848 used_bytes=2230404 live_reservations=27 attempts=524
fixture_lease event=drop owner=0x7beec06190 id=524 before_bytes=24848 after_bytes=0 used_bytes=2205556 live_reservations=26 attempts=526
fixture_lease event=drop owner=0x7beec06190 id=523 before_bytes=18648 after_bytes=0 used_bytes=2186908 live_reservations=25 attempts=526
fixture_lease event=installed owner=0x7beec06190 id=527 before_bytes=0 after_bytes=8614 used_bytes=2195522 live_reservations=26 attempts=527
fixture_lease event=drop owner=0x7beec06190 id=527 before_bytes=8614 after_bytes=0 used_bytes=2186908 live_reservations=25 attempts=529
fixture_lease event=drop owner=0x7beec06190 id=499 before_bytes=8608 after_bytes=0 used_bytes=2178300 live_reservations=24 attempts=529
fixture_lease event=drop owner=0x7beec06190 id=498 before_bytes=8488 after_bytes=0 used_bytes=2169812 live_reservations=23 attempts=529
fixture_lease event=installed owner=0x7beec06190 id=530 before_bytes=0 after_bytes=8488 used_bytes=2178300 live_reservations=24 attempts=530
fixture_lease event=installed owner=0x7beec06190 id=531 before_bytes=0 after_bytes=8608 used_bytes=2186908 live_reservations=25 attempts=531
fixture_lease event=installed owner=0x7beec06190 id=532 before_bytes=0 after_bytes=18648 used_bytes=2205556 live_reservations=26 attempts=532
fixture_lease event=installed owner=0x7beec06190 id=533 before_bytes=0 after_bytes=24848 used_bytes=2230404 live_reservations=27 attempts=533
fixture_lease event=drop owner=0x7beec06190 id=533 before_bytes=24848 after_bytes=0 used_bytes=2205556 live_reservations=26 attempts=535
fixture_lease event=drop owner=0x7beec06190 id=532 before_bytes=18648 after_bytes=0 used_bytes=2186908 live_reservations=25 attempts=535
fixture_lease event=installed owner=0x7beec06190 id=536 before_bytes=0 after_bytes=18648 used_bytes=2205556 live_reservations=26 attempts=536
fixture_lease event=installed owner=0x7beec06190 id=537 before_bytes=0 after_bytes=24848 used_bytes=2230404 live_reservations=27 attempts=537
fixture_lease event=drop owner=0x7beec06190 id=537 before_bytes=24848 after_bytes=0 used_bytes=2205556 live_reservations=26 attempts=539
fixture_lease event=drop owner=0x7beec06190 id=536 before_bytes=18648 after_bytes=0 used_bytes=2186908 live_reservations=25 attempts=539
fixture_lease event=installed owner=0x7beec06190 id=540 before_bytes=0 after_bytes=18648 used_bytes=2205556 live_reservations=26 attempts=540
fixture_lease event=installed owner=0x7beec06190 id=541 before_bytes=0 after_bytes=24848 used_bytes=2230404 live_reservations=27 attempts=541
fixture_lease event=drop owner=0x7beec06190 id=541 before_bytes=24848 after_bytes=0 used_bytes=2205556 live_reservations=26 attempts=543
fixture_lease event=drop owner=0x7beec06190 id=540 before_bytes=18648 after_bytes=0 used_bytes=2186908 live_reservations=25 attempts=543
fixture_lease event=installed owner=0x7beec06190 id=544 before_bytes=0 after_bytes=18648 used_bytes=2205556 live_reservations=26 attempts=544
fixture_lease event=installed owner=0x7beec06190 id=545 before_bytes=0 after_bytes=24848 used_bytes=2230404 live_reservations=27 attempts=545
fixture_lease event=drop owner=0x7beec06190 id=545 before_bytes=24848 after_bytes=0 used_bytes=2205556 live_reservations=26 attempts=547
fixture_lease event=drop owner=0x7beec06190 id=544 before_bytes=18648 after_bytes=0 used_bytes=2186908 live_reservations=25 attempts=547
fixture_lease event=installed owner=0x7beec06190 id=548 before_bytes=0 after_bytes=8466 used_bytes=2195374 live_reservations=26 attempts=548
fixture_lease event=drop owner=0x7beec06190 id=548 before_bytes=8466 after_bytes=0 used_bytes=2186908 live_reservations=25 attempts=550
fixture_lease event=installed owner=0x7beec06190 id=551 before_bytes=0 after_bytes=18648 used_bytes=2205556 live_reservations=26 attempts=551
fixture_lease event=installed owner=0x7beec06190 id=552 before_bytes=0 after_bytes=24848 used_bytes=2230404 live_reservations=27 attempts=552
fixture_lease event=drop owner=0x7beec06190 id=552 before_bytes=24848 after_bytes=0 used_bytes=2205556 live_reservations=26 attempts=554
fixture_lease event=drop owner=0x7beec06190 id=551 before_bytes=18648 after_bytes=0 used_bytes=2186908 live_reservations=25 attempts=554
fixture_lease event=installed owner=0x7beec06190 id=555 before_bytes=0 after_bytes=18648 used_bytes=2205556 live_reservations=26 attempts=555
fixture_lease event=installed owner=0x7beec06190 id=556 before_bytes=0 after_bytes=24848 used_bytes=2230404 live_reservations=27 attempts=556
fixture_lease event=drop owner=0x7beec06190 id=556 before_bytes=24848 after_bytes=0 used_bytes=2205556 live_reservations=26 attempts=558
fixture_lease event=drop owner=0x7beec06190 id=555 before_bytes=18648 after_bytes=0 used_bytes=2186908 live_reservations=25 attempts=558
fixture_lease event=installed owner=0x7beec06190 id=559 before_bytes=0 after_bytes=8614 used_bytes=2195522 live_reservations=26 attempts=559
fixture_lease event=drop owner=0x7beec06190 id=559 before_bytes=8614 after_bytes=0 used_bytes=2186908 live_reservations=25 attempts=561
fixture_lease event=drop owner=0x7beec06190 id=531 before_bytes=8608 after_bytes=0 used_bytes=2178300 live_reservations=24 attempts=561
fixture_lease event=drop owner=0x7beec06190 id=530 before_bytes=8488 after_bytes=0 used_bytes=2169812 live_reservations=23 attempts=561
fixture_lease event=installed owner=0x7beec06190 id=562 before_bytes=0 after_bytes=8488 used_bytes=2178300 live_reservations=24 attempts=562
fixture_lease event=installed owner=0x7beec06190 id=563 before_bytes=0 after_bytes=8608 used_bytes=2186908 live_reservations=25 attempts=563
fixture_lease event=installed owner=0x7beec06190 id=564 before_bytes=0 after_bytes=18648 used_bytes=2205556 live_reservations=26 attempts=564
fixture_lease event=installed owner=0x7beec06190 id=565 before_bytes=0 after_bytes=24848 used_bytes=2230404 live_reservations=27 attempts=565
fixture_lease event=drop owner=0x7beec06190 id=565 before_bytes=24848 after_bytes=0 used_bytes=2205556 live_reservations=26 attempts=567
fixture_lease event=drop owner=0x7beec06190 id=564 before_bytes=18648 after_bytes=0 used_bytes=2186908 live_reservations=25 attempts=567
fixture_lease event=installed owner=0x7beec06190 id=568 before_bytes=0 after_bytes=18648 used_bytes=2205556 live_reservations=26 attempts=568
fixture_lease event=installed owner=0x7beec06190 id=569 before_bytes=0 after_bytes=24848 used_bytes=2230404 live_reservations=27 attempts=569
fixture_lease event=drop owner=0x7beec06190 id=569 before_bytes=24848 after_bytes=0 used_bytes=2205556 live_reservations=26 attempts=571
fixture_lease event=drop owner=0x7beec06190 id=568 before_bytes=18648 after_bytes=0 used_bytes=2186908 live_reservations=25 attempts=571
fixture_lease event=installed owner=0x7beec06190 id=572 before_bytes=0 after_bytes=18648 used_bytes=2205556 live_reservations=26 attempts=572
fixture_lease event=installed owner=0x7beec06190 id=573 before_bytes=0 after_bytes=24848 used_bytes=2230404 live_reservations=27 attempts=573
fixture_lease event=drop owner=0x7beec06190 id=573 before_bytes=24848 after_bytes=0 used_bytes=2205556 live_reservations=26 attempts=575
fixture_lease event=drop owner=0x7beec06190 id=572 before_bytes=18648 after_bytes=0 used_bytes=2186908 live_reservations=25 attempts=575
fixture_lease event=installed owner=0x7beec06190 id=576 before_bytes=0 after_bytes=18648 used_bytes=2205556 live_reservations=26 attempts=576
fixture_lease event=installed owner=0x7beec06190 id=577 before_bytes=0 after_bytes=24848 used_bytes=2230404 live_reservations=27 attempts=577
fixture_lease event=drop owner=0x7beec06190 id=577 before_bytes=24848 after_bytes=0 used_bytes=2205556 live_reservations=26 attempts=579
fixture_lease event=drop owner=0x7beec06190 id=576 before_bytes=18648 after_bytes=0 used_bytes=2186908 live_reservations=25 attempts=579
fixture_lease event=installed owner=0x7beec06190 id=580 before_bytes=0 after_bytes=8466 used_bytes=2195374 live_reservations=26 attempts=580
fixture_lease event=drop owner=0x7beec06190 id=580 before_bytes=8466 after_bytes=0 used_bytes=2186908 live_reservations=25 attempts=582
fixture_lease event=installed owner=0x7beec06190 id=583 before_bytes=0 after_bytes=18648 used_bytes=2205556 live_reservations=26 attempts=583
fixture_lease event=installed owner=0x7beec06190 id=584 before_bytes=0 after_bytes=24848 used_bytes=2230404 live_reservations=27 attempts=584
fixture_lease event=drop owner=0x7beec06190 id=584 before_bytes=24848 after_bytes=0 used_bytes=2205556 live_reservations=26 attempts=586
fixture_lease event=drop owner=0x7beec06190 id=583 before_bytes=18648 after_bytes=0 used_bytes=2186908 live_reservations=25 attempts=586
fixture_lease event=installed owner=0x7beec06190 id=587 before_bytes=0 after_bytes=18648 used_bytes=2205556 live_reservations=26 attempts=587
fixture_lease event=installed owner=0x7beec06190 id=588 before_bytes=0 after_bytes=24848 used_bytes=2230404 live_reservations=27 attempts=588
fixture_lease event=drop owner=0x7beec06190 id=588 before_bytes=24848 after_bytes=0 used_bytes=2205556 live_reservations=26 attempts=590
fixture_lease event=drop owner=0x7beec06190 id=587 before_bytes=18648 after_bytes=0 used_bytes=2186908 live_reservations=25 attempts=590
fixture_lease event=installed owner=0x7beec06190 id=591 before_bytes=0 after_bytes=9116 used_bytes=2196024 live_reservations=26 attempts=591
fixture_lease event=drop owner=0x7beec06190 id=591 before_bytes=9116 after_bytes=0 used_bytes=2186908 live_reservations=25 attempts=593
fixture_lease event=drop owner=0x7beec06190 id=563 before_bytes=8608 after_bytes=0 used_bytes=2178300 live_reservations=24 attempts=593
fixture_lease event=drop owner=0x7beec06190 id=562 before_bytes=8488 after_bytes=0 used_bytes=2169812 live_reservations=23 attempts=593
fixture_lease event=installed owner=0x7beec06190 id=594 before_bytes=0 after_bytes=8488 used_bytes=2178300 live_reservations=24 attempts=594
fixture_lease event=installed owner=0x7beec06190 id=595 before_bytes=0 after_bytes=8608 used_bytes=2186908 live_reservations=25 attempts=595
fixture_lease event=installed owner=0x7beec06190 id=596 before_bytes=0 after_bytes=18648 used_bytes=2205556 live_reservations=26 attempts=596
fixture_lease event=installed owner=0x7beec06190 id=597 before_bytes=0 after_bytes=24848 used_bytes=2230404 live_reservations=27 attempts=597
fixture_lease event=drop owner=0x7beec06190 id=597 before_bytes=24848 after_bytes=0 used_bytes=2205556 live_reservations=26 attempts=599
fixture_lease event=drop owner=0x7beec06190 id=596 before_bytes=18648 after_bytes=0 used_bytes=2186908 live_reservations=25 attempts=599
fixture_lease event=installed owner=0x7beec06190 id=600 before_bytes=0 after_bytes=18648 used_bytes=2205556 live_reservations=26 attempts=600
fixture_lease event=installed owner=0x7beec06190 id=601 before_bytes=0 after_bytes=24848 used_bytes=2230404 live_reservations=27 attempts=601
fixture_lease event=drop owner=0x7beec06190 id=601 before_bytes=24848 after_bytes=0 used_bytes=2205556 live_reservations=26 attempts=603
fixture_lease event=drop owner=0x7beec06190 id=600 before_bytes=18648 after_bytes=0 used_bytes=2186908 live_reservations=25 attempts=603
fixture_lease event=installed owner=0x7beec06190 id=604 before_bytes=0 after_bytes=18648 used_bytes=2205556 live_reservations=26 attempts=604
fixture_lease event=installed owner=0x7beec06190 id=605 before_bytes=0 after_bytes=24848 used_bytes=2230404 live_reservations=27 attempts=605
fixture_lease event=drop owner=0x7beec06190 id=605 before_bytes=24848 after_bytes=0 used_bytes=2205556 live_reservations=26 attempts=607
fixture_lease event=drop owner=0x7beec06190 id=604 before_bytes=18648 after_bytes=0 used_bytes=2186908 live_reservations=25 attempts=607
fixture_lease event=installed owner=0x7beec06190 id=608 before_bytes=0 after_bytes=18648 used_bytes=2205556 live_reservations=26 attempts=608
fixture_lease event=installed owner=0x7beec06190 id=609 before_bytes=0 after_bytes=24848 used_bytes=2230404 live_reservations=27 attempts=609
fixture_lease event=drop owner=0x7beec06190 id=609 before_bytes=24848 after_bytes=0 used_bytes=2205556 live_reservations=26 attempts=611
fixture_lease event=drop owner=0x7beec06190 id=608 before_bytes=18648 after_bytes=0 used_bytes=2186908 live_reservations=25 attempts=611
fixture_lease event=installed owner=0x7beec06190 id=612 before_bytes=0 after_bytes=8466 used_bytes=2195374 live_reservations=26 attempts=612
fixture_lease event=drop owner=0x7beec06190 id=612 before_bytes=8466 after_bytes=0 used_bytes=2186908 live_reservations=25 attempts=614
fixture_lease event=installed owner=0x7beec06190 id=615 before_bytes=0 after_bytes=18648 used_bytes=2205556 live_reservations=26 attempts=615
fixture_lease event=installed owner=0x7beec06190 id=616 before_bytes=0 after_bytes=24848 used_bytes=2230404 live_reservations=27 attempts=616
fixture_lease event=drop owner=0x7beec06190 id=616 before_bytes=24848 after_bytes=0 used_bytes=2205556 live_reservations=26 attempts=618
fixture_lease event=drop owner=0x7beec06190 id=615 before_bytes=18648 after_bytes=0 used_bytes=2186908 live_reservations=25 attempts=618
fixture_lease event=installed owner=0x7beec06190 id=619 before_bytes=0 after_bytes=18648 used_bytes=2205556 live_reservations=26 attempts=619
fixture_lease event=installed owner=0x7beec06190 id=620 before_bytes=0 after_bytes=24848 used_bytes=2230404 live_reservations=27 attempts=620
fixture_lease event=drop owner=0x7beec06190 id=620 before_bytes=24848 after_bytes=0 used_bytes=2205556 live_reservations=26 attempts=622
fixture_lease event=drop owner=0x7beec06190 id=619 before_bytes=18648 after_bytes=0 used_bytes=2186908 live_reservations=25 attempts=622
fixture_lease event=installed owner=0x7beec06190 id=623 before_bytes=0 after_bytes=8614 used_bytes=2195522 live_reservations=26 attempts=623
fixture_lease event=drop owner=0x7beec06190 id=623 before_bytes=8614 after_bytes=0 used_bytes=2186908 live_reservations=25 attempts=625
fixture_lease event=drop owner=0x7beec06190 id=595 before_bytes=8608 after_bytes=0 used_bytes=2178300 live_reservations=24 attempts=625
fixture_lease event=drop owner=0x7beec06190 id=594 before_bytes=8488 after_bytes=0 used_bytes=2169812 live_reservations=23 attempts=625
fixture_lease event=installed owner=0x7beec06190 id=626 before_bytes=0 after_bytes=8488 used_bytes=2178300 live_reservations=24 attempts=626
fixture_lease event=installed owner=0x7beec06190 id=627 before_bytes=0 after_bytes=8608 used_bytes=2186908 live_reservations=25 attempts=627
fixture_lease event=installed owner=0x7beec06190 id=628 before_bytes=0 after_bytes=18648 used_bytes=2205556 live_reservations=26 attempts=628
fixture_lease event=installed owner=0x7beec06190 id=629 before_bytes=0 after_bytes=24848 used_bytes=2230404 live_reservations=27 attempts=629
fixture_lease event=drop owner=0x7beec06190 id=629 before_bytes=24848 after_bytes=0 used_bytes=2205556 live_reservations=26 attempts=631
fixture_lease event=drop owner=0x7beec06190 id=628 before_bytes=18648 after_bytes=0 used_bytes=2186908 live_reservations=25 attempts=631
fixture_lease event=installed owner=0x7beec06190 id=632 before_bytes=0 after_bytes=18648 used_bytes=2205556 live_reservations=26 attempts=632
fixture_lease event=installed owner=0x7beec06190 id=633 before_bytes=0 after_bytes=24848 used_bytes=2230404 live_reservations=27 attempts=633
fixture_lease event=drop owner=0x7beec06190 id=633 before_bytes=24848 after_bytes=0 used_bytes=2205556 live_reservations=26 attempts=635
fixture_lease event=drop owner=0x7beec06190 id=632 before_bytes=18648 after_bytes=0 used_bytes=2186908 live_reservations=25 attempts=635
fixture_lease event=installed owner=0x7beec06190 id=636 before_bytes=0 after_bytes=18648 used_bytes=2205556 live_reservations=26 attempts=636
fixture_lease event=installed owner=0x7beec06190 id=637 before_bytes=0 after_bytes=24848 used_bytes=2230404 live_reservations=27 attempts=637
fixture_lease event=drop owner=0x7beec06190 id=637 before_bytes=24848 after_bytes=0 used_bytes=2205556 live_reservations=26 attempts=639
fixture_lease event=drop owner=0x7beec06190 id=636 before_bytes=18648 after_bytes=0 used_bytes=2186908 live_reservations=25 attempts=639
fixture_lease event=installed owner=0x7beec06190 id=640 before_bytes=0 after_bytes=18648 used_bytes=2205556 live_reservations=26 attempts=640
fixture_lease event=installed owner=0x7beec06190 id=641 before_bytes=0 after_bytes=24848 used_bytes=2230404 live_reservations=27 attempts=641
fixture_lease event=drop owner=0x7beec06190 id=641 before_bytes=24848 after_bytes=0 used_bytes=2205556 live_reservations=26 attempts=643
fixture_lease event=drop owner=0x7beec06190 id=640 before_bytes=18648 after_bytes=0 used_bytes=2186908 live_reservations=25 attempts=643
fixture_lease event=installed owner=0x7beec06190 id=644 before_bytes=0 after_bytes=8466 used_bytes=2195374 live_reservations=26 attempts=644
fixture_lease event=drop owner=0x7beec06190 id=644 before_bytes=8466 after_bytes=0 used_bytes=2186908 live_reservations=25 attempts=646
fixture_lease event=installed owner=0x7beec06190 id=647 before_bytes=0 after_bytes=18648 used_bytes=2205556 live_reservations=26 attempts=647
fixture_lease event=installed owner=0x7beec06190 id=648 before_bytes=0 after_bytes=24848 used_bytes=2230404 live_reservations=27 attempts=648
fixture_lease event=drop owner=0x7beec06190 id=648 before_bytes=24848 after_bytes=0 used_bytes=2205556 live_reservations=26 attempts=650
fixture_lease event=drop owner=0x7beec06190 id=647 before_bytes=18648 after_bytes=0 used_bytes=2186908 live_reservations=25 attempts=650
fixture_lease event=installed owner=0x7beec06190 id=651 before_bytes=0 after_bytes=18648 used_bytes=2205556 live_reservations=26 attempts=651
fixture_lease event=installed owner=0x7beec06190 id=652 before_bytes=0 after_bytes=24848 used_bytes=2230404 live_reservations=27 attempts=652
fixture_lease event=drop owner=0x7beec06190 id=652 before_bytes=24848 after_bytes=0 used_bytes=2205556 live_reservations=26 attempts=654
fixture_lease event=drop owner=0x7beec06190 id=651 before_bytes=18648 after_bytes=0 used_bytes=2186908 live_reservations=25 attempts=654
fixture_lease event=installed owner=0x7beec06190 id=655 before_bytes=0 after_bytes=8614 used_bytes=2195522 live_reservations=26 attempts=655
fixture_lease event=drop owner=0x7beec06190 id=655 before_bytes=8614 after_bytes=0 used_bytes=2186908 live_reservations=25 attempts=657
fixture_lease event=drop owner=0x7beec06190 id=627 before_bytes=8608 after_bytes=0 used_bytes=2178300 live_reservations=24 attempts=657
fixture_lease event=drop owner=0x7beec06190 id=626 before_bytes=8488 after_bytes=0 used_bytes=2169812 live_reservations=23 attempts=657
fixture_lease event=installed owner=0x7beec06190 id=658 before_bytes=0 after_bytes=8488 used_bytes=2178300 live_reservations=24 attempts=658
fixture_lease event=installed owner=0x7beec06190 id=659 before_bytes=0 after_bytes=8608 used_bytes=2186908 live_reservations=25 attempts=659
fixture_lease event=installed owner=0x7beec06190 id=660 before_bytes=0 after_bytes=18648 used_bytes=2205556 live_reservations=26 attempts=660
fixture_lease event=installed owner=0x7beec06190 id=661 before_bytes=0 after_bytes=24848 used_bytes=2230404 live_reservations=27 attempts=661
fixture_lease event=drop owner=0x7beec06190 id=661 before_bytes=24848 after_bytes=0 used_bytes=2205556 live_reservations=26 attempts=663
fixture_lease event=drop owner=0x7beec06190 id=660 before_bytes=18648 after_bytes=0 used_bytes=2186908 live_reservations=25 attempts=663
fixture_lease event=installed owner=0x7beec06190 id=664 before_bytes=0 after_bytes=18648 used_bytes=2205556 live_reservations=26 attempts=664
fixture_lease event=installed owner=0x7beec06190 id=665 before_bytes=0 after_bytes=24848 used_bytes=2230404 live_reservations=27 attempts=665
fixture_lease event=drop owner=0x7beec06190 id=665 before_bytes=24848 after_bytes=0 used_bytes=2205556 live_reservations=26 attempts=667
fixture_lease event=drop owner=0x7beec06190 id=664 before_bytes=18648 after_bytes=0 used_bytes=2186908 live_reservations=25 attempts=667
fixture_lease event=installed owner=0x7beec06190 id=668 before_bytes=0 after_bytes=18648 used_bytes=2205556 live_reservations=26 attempts=668
fixture_lease event=installed owner=0x7beec06190 id=669 before_bytes=0 after_bytes=24848 used_bytes=2230404 live_reservations=27 attempts=669
fixture_lease event=drop owner=0x7beec06190 id=669 before_bytes=24848 after_bytes=0 used_bytes=2205556 live_reservations=26 attempts=671
fixture_lease event=drop owner=0x7beec06190 id=668 before_bytes=18648 after_bytes=0 used_bytes=2186908 live_reservations=25 attempts=671
fixture_lease event=installed owner=0x7beec06190 id=672 before_bytes=0 after_bytes=18648 used_bytes=2205556 live_reservations=26 attempts=672
fixture_lease event=installed owner=0x7beec06190 id=673 before_bytes=0 after_bytes=24848 used_bytes=2230404 live_reservations=27 attempts=673
fixture_lease event=drop owner=0x7beec06190 id=673 before_bytes=24848 after_bytes=0 used_bytes=2205556 live_reservations=26 attempts=675
fixture_lease event=drop owner=0x7beec06190 id=672 before_bytes=18648 after_bytes=0 used_bytes=2186908 live_reservations=25 attempts=675
fixture_lease event=installed owner=0x7beec06190 id=676 before_bytes=0 after_bytes=8466 used_bytes=2195374 live_reservations=26 attempts=676
fixture_lease event=drop owner=0x7beec06190 id=676 before_bytes=8466 after_bytes=0 used_bytes=2186908 live_reservations=25 attempts=678
fixture_lease event=installed owner=0x7beec06190 id=679 before_bytes=0 after_bytes=18648 used_bytes=2205556 live_reservations=26 attempts=679
fixture_lease event=installed owner=0x7beec06190 id=680 before_bytes=0 after_bytes=24848 used_bytes=2230404 live_reservations=27 attempts=680
fixture_lease event=drop owner=0x7beec06190 id=680 before_bytes=24848 after_bytes=0 used_bytes=2205556 live_reservations=26 attempts=682
fixture_lease event=drop owner=0x7beec06190 id=679 before_bytes=18648 after_bytes=0 used_bytes=2186908 live_reservations=25 attempts=682
fixture_lease event=installed owner=0x7beec06190 id=683 before_bytes=0 after_bytes=18648 used_bytes=2205556 live_reservations=26 attempts=683
fixture_lease event=installed owner=0x7beec06190 id=684 before_bytes=0 after_bytes=24848 used_bytes=2230404 live_reservations=27 attempts=684
fixture_lease event=drop owner=0x7beec06190 id=684 before_bytes=24848 after_bytes=0 used_bytes=2205556 live_reservations=26 attempts=686
fixture_lease event=drop owner=0x7beec06190 id=683 before_bytes=18648 after_bytes=0 used_bytes=2186908 live_reservations=25 attempts=686
fixture_lease event=installed owner=0x7beec06190 id=687 before_bytes=0 after_bytes=8614 used_bytes=2195522 live_reservations=26 attempts=687
fixture_lease event=drop owner=0x7beec06190 id=687 before_bytes=8614 after_bytes=0 used_bytes=2186908 live_reservations=25 attempts=689
fixture_lease event=drop owner=0x7beec06190 id=659 before_bytes=8608 after_bytes=0 used_bytes=2178300 live_reservations=24 attempts=689
fixture_lease event=drop owner=0x7beec06190 id=658 before_bytes=8488 after_bytes=0 used_bytes=2169812 live_reservations=23 attempts=689
fixture_lease event=installed owner=0x7beec06190 id=690 before_bytes=0 after_bytes=8488 used_bytes=2178300 live_reservations=24 attempts=690
fixture_lease event=installed owner=0x7beec06190 id=691 before_bytes=0 after_bytes=8608 used_bytes=2186908 live_reservations=25 attempts=691
fixture_lease event=installed owner=0x7beec06190 id=692 before_bytes=0 after_bytes=18648 used_bytes=2205556 live_reservations=26 attempts=692
fixture_lease event=installed owner=0x7beec06190 id=693 before_bytes=0 after_bytes=24848 used_bytes=2230404 live_reservations=27 attempts=693
fixture_lease event=drop owner=0x7beec06190 id=693 before_bytes=24848 after_bytes=0 used_bytes=2205556 live_reservations=26 attempts=695
fixture_lease event=drop owner=0x7beec06190 id=692 before_bytes=18648 after_bytes=0 used_bytes=2186908 live_reservations=25 attempts=695
fixture_lease event=installed owner=0x7beec06190 id=696 before_bytes=0 after_bytes=18648 used_bytes=2205556 live_reservations=26 attempts=696
fixture_lease event=installed owner=0x7beec06190 id=697 before_bytes=0 after_bytes=24848 used_bytes=2230404 live_reservations=27 attempts=697
fixture_lease event=drop owner=0x7beec06190 id=697 before_bytes=24848 after_bytes=0 used_bytes=2205556 live_reservations=26 attempts=699
fixture_lease event=drop owner=0x7beec06190 id=696 before_bytes=18648 after_bytes=0 used_bytes=2186908 live_reservations=25 attempts=699
fixture_lease event=installed owner=0x7beec06190 id=700 before_bytes=0 after_bytes=18648 used_bytes=2205556 live_reservations=26 attempts=700
fixture_lease event=installed owner=0x7beec06190 id=701 before_bytes=0 after_bytes=24848 used_bytes=2230404 live_reservations=27 attempts=701
fixture_lease event=drop owner=0x7beec06190 id=701 before_bytes=24848 after_bytes=0 used_bytes=2205556 live_reservations=26 attempts=703
fixture_lease event=drop owner=0x7beec06190 id=700 before_bytes=18648 after_bytes=0 used_bytes=2186908 live_reservations=25 attempts=703
fixture_lease event=installed owner=0x7beec06190 id=704 before_bytes=0 after_bytes=18648 used_bytes=2205556 live_reservations=26 attempts=704
fixture_lease event=installed owner=0x7beec06190 id=705 before_bytes=0 after_bytes=24848 used_bytes=2230404 live_reservations=27 attempts=705
fixture_lease event=drop owner=0x7beec06190 id=705 before_bytes=24848 after_bytes=0 used_bytes=2205556 live_reservations=26 attempts=707
fixture_lease event=drop owner=0x7beec06190 id=704 before_bytes=18648 after_bytes=0 used_bytes=2186908 live_reservations=25 attempts=707
fixture_lease event=installed owner=0x7beec06190 id=708 before_bytes=0 after_bytes=8466 used_bytes=2195374 live_reservations=26 attempts=708
fixture_lease event=drop owner=0x7beec06190 id=708 before_bytes=8466 after_bytes=0 used_bytes=2186908 live_reservations=25 attempts=710
fixture_lease event=installed owner=0x7beec06190 id=711 before_bytes=0 after_bytes=18648 used_bytes=2205556 live_reservations=26 attempts=711
fixture_lease event=installed owner=0x7beec06190 id=712 before_bytes=0 after_bytes=24848 used_bytes=2230404 live_reservations=27 attempts=712
fixture_lease event=drop owner=0x7beec06190 id=712 before_bytes=24848 after_bytes=0 used_bytes=2205556 live_reservations=26 attempts=714
fixture_lease event=drop owner=0x7beec06190 id=711 before_bytes=18648 after_bytes=0 used_bytes=2186908 live_reservations=25 attempts=714
fixture_lease event=installed owner=0x7beec06190 id=715 before_bytes=0 after_bytes=18648 used_bytes=2205556 live_reservations=26 attempts=715
fixture_lease event=installed owner=0x7beec06190 id=716 before_bytes=0 after_bytes=24848 used_bytes=2230404 live_reservations=27 attempts=716
fixture_lease event=drop owner=0x7beec06190 id=716 before_bytes=24848 after_bytes=0 used_bytes=2205556 live_reservations=26 attempts=718
fixture_lease event=drop owner=0x7beec06190 id=715 before_bytes=18648 after_bytes=0 used_bytes=2186908 live_reservations=25 attempts=718
fixture_lease event=installed owner=0x7beec06190 id=719 before_bytes=0 after_bytes=9116 used_bytes=2196024 live_reservations=26 attempts=719
fixture_lease event=drop owner=0x7beec06190 id=719 before_bytes=9116 after_bytes=0 used_bytes=2186908 live_reservations=25 attempts=721
fixture_lease event=drop owner=0x7beec06190 id=691 before_bytes=8608 after_bytes=0 used_bytes=2178300 live_reservations=24 attempts=721
fixture_lease event=drop owner=0x7beec06190 id=690 before_bytes=8488 after_bytes=0 used_bytes=2169812 live_reservations=23 attempts=721
fixture_lease event=installed owner=0x7beec06190 id=722 before_bytes=0 after_bytes=8488 used_bytes=2178300 live_reservations=24 attempts=722
fixture_lease event=installed owner=0x7beec06190 id=723 before_bytes=0 after_bytes=8608 used_bytes=2186908 live_reservations=25 attempts=723
fixture_lease event=installed owner=0x7beec06190 id=724 before_bytes=0 after_bytes=18648 used_bytes=2205556 live_reservations=26 attempts=724
fixture_lease event=installed owner=0x7beec06190 id=725 before_bytes=0 after_bytes=24848 used_bytes=2230404 live_reservations=27 attempts=725
fixture_lease event=drop owner=0x7beec06190 id=725 before_bytes=24848 after_bytes=0 used_bytes=2205556 live_reservations=26 attempts=727
fixture_lease event=drop owner=0x7beec06190 id=724 before_bytes=18648 after_bytes=0 used_bytes=2186908 live_reservations=25 attempts=727
fixture_lease event=installed owner=0x7beec06190 id=728 before_bytes=0 after_bytes=18648 used_bytes=2205556 live_reservations=26 attempts=728
fixture_lease event=installed owner=0x7beec06190 id=729 before_bytes=0 after_bytes=24848 used_bytes=2230404 live_reservations=27 attempts=729
fixture_lease event=drop owner=0x7beec06190 id=729 before_bytes=24848 after_bytes=0 used_bytes=2205556 live_reservations=26 attempts=731
fixture_lease event=drop owner=0x7beec06190 id=728 before_bytes=18648 after_bytes=0 used_bytes=2186908 live_reservations=25 attempts=731
fixture_lease event=installed owner=0x7beec06190 id=732 before_bytes=0 after_bytes=18648 used_bytes=2205556 live_reservations=26 attempts=732
fixture_lease event=installed owner=0x7beec06190 id=733 before_bytes=0 after_bytes=24848 used_bytes=2230404 live_reservations=27 attempts=733
fixture_lease event=drop owner=0x7beec06190 id=733 before_bytes=24848 after_bytes=0 used_bytes=2205556 live_reservations=26 attempts=735
fixture_lease event=drop owner=0x7beec06190 id=732 before_bytes=18648 after_bytes=0 used_bytes=2186908 live_reservations=25 attempts=735
fixture_lease event=installed owner=0x7beec06190 id=736 before_bytes=0 after_bytes=18648 used_bytes=2205556 live_reservations=26 attempts=736
fixture_lease event=installed owner=0x7beec06190 id=737 before_bytes=0 after_bytes=24848 used_bytes=2230404 live_reservations=27 attempts=737
fixture_lease event=drop owner=0x7beec06190 id=737 before_bytes=24848 after_bytes=0 used_bytes=2205556 live_reservations=26 attempts=739
fixture_lease event=drop owner=0x7beec06190 id=736 before_bytes=18648 after_bytes=0 used_bytes=2186908 live_reservations=25 attempts=739
fixture_lease event=installed owner=0x7beec06190 id=740 before_bytes=0 after_bytes=8466 used_bytes=2195374 live_reservations=26 attempts=740
fixture_lease event=drop owner=0x7beec06190 id=740 before_bytes=8466 after_bytes=0 used_bytes=2186908 live_reservations=25 attempts=742
fixture_lease event=installed owner=0x7beec06190 id=743 before_bytes=0 after_bytes=18648 used_bytes=2205556 live_reservations=26 attempts=743
fixture_lease event=installed owner=0x7beec06190 id=744 before_bytes=0 after_bytes=24848 used_bytes=2230404 live_reservations=27 attempts=744
fixture_lease event=drop owner=0x7beec06190 id=744 before_bytes=24848 after_bytes=0 used_bytes=2205556 live_reservations=26 attempts=746
fixture_lease event=drop owner=0x7beec06190 id=743 before_bytes=18648 after_bytes=0 used_bytes=2186908 live_reservations=25 attempts=746
fixture_lease event=installed owner=0x7beec06190 id=747 before_bytes=0 after_bytes=18648 used_bytes=2205556 live_reservations=26 attempts=747
fixture_lease event=installed owner=0x7beec06190 id=748 before_bytes=0 after_bytes=24848 used_bytes=2230404 live_reservations=27 attempts=748
fixture_lease event=drop owner=0x7beec06190 id=748 before_bytes=24848 after_bytes=0 used_bytes=2205556 live_reservations=26 attempts=750
fixture_lease event=drop owner=0x7beec06190 id=747 before_bytes=18648 after_bytes=0 used_bytes=2186908 live_reservations=25 attempts=750
fixture_lease event=installed owner=0x7beec06190 id=751 before_bytes=0 after_bytes=8614 used_bytes=2195522 live_reservations=26 attempts=751
fixture_lease event=drop owner=0x7beec06190 id=751 before_bytes=8614 after_bytes=0 used_bytes=2186908 live_reservations=25 attempts=753
fixture_lease event=drop owner=0x7beec06190 id=723 before_bytes=8608 after_bytes=0 used_bytes=2178300 live_reservations=24 attempts=753
fixture_lease event=drop owner=0x7beec06190 id=722 before_bytes=8488 after_bytes=0 used_bytes=2169812 live_reservations=23 attempts=753
fixture_lease event=installed owner=0x7beec06190 id=754 before_bytes=0 after_bytes=8488 used_bytes=2178300 live_reservations=24 attempts=754
fixture_lease event=installed owner=0x7beec06190 id=755 before_bytes=0 after_bytes=8608 used_bytes=2186908 live_reservations=25 attempts=755
fixture_lease event=installed owner=0x7beec06190 id=756 before_bytes=0 after_bytes=18648 used_bytes=2205556 live_reservations=26 attempts=756
fixture_lease event=installed owner=0x7beec06190 id=757 before_bytes=0 after_bytes=24848 used_bytes=2230404 live_reservations=27 attempts=757
fixture_lease event=drop owner=0x7beec06190 id=757 before_bytes=24848 after_bytes=0 used_bytes=2205556 live_reservations=26 attempts=759
fixture_lease event=drop owner=0x7beec06190 id=756 before_bytes=18648 after_bytes=0 used_bytes=2186908 live_reservations=25 attempts=759
fixture_lease event=installed owner=0x7beec06190 id=760 before_bytes=0 after_bytes=18648 used_bytes=2205556 live_reservations=26 attempts=760
fixture_lease event=installed owner=0x7beec06190 id=761 before_bytes=0 after_bytes=24848 used_bytes=2230404 live_reservations=27 attempts=761
fixture_lease event=drop owner=0x7beec06190 id=761 before_bytes=24848 after_bytes=0 used_bytes=2205556 live_reservations=26 attempts=763
fixture_lease event=drop owner=0x7beec06190 id=760 before_bytes=18648 after_bytes=0 used_bytes=2186908 live_reservations=25 attempts=763
fixture_lease event=installed owner=0x7beec06190 id=764 before_bytes=0 after_bytes=18648 used_bytes=2205556 live_reservations=26 attempts=764
fixture_lease event=installed owner=0x7beec06190 id=765 before_bytes=0 after_bytes=24848 used_bytes=2230404 live_reservations=27 attempts=765
fixture_lease event=drop owner=0x7beec06190 id=765 before_bytes=24848 after_bytes=0 used_bytes=2205556 live_reservations=26 attempts=767
fixture_lease event=drop owner=0x7beec06190 id=764 before_bytes=18648 after_bytes=0 used_bytes=2186908 live_reservations=25 attempts=767
fixture_lease event=installed owner=0x7beec06190 id=768 before_bytes=0 after_bytes=18648 used_bytes=2205556 live_reservations=26 attempts=768
fixture_lease event=installed owner=0x7beec06190 id=769 before_bytes=0 after_bytes=24848 used_bytes=2230404 live_reservations=27 attempts=769
fixture_lease event=drop owner=0x7beec06190 id=769 before_bytes=24848 after_bytes=0 used_bytes=2205556 live_reservations=26 attempts=771
fixture_lease event=drop owner=0x7beec06190 id=768 before_bytes=18648 after_bytes=0 used_bytes=2186908 live_reservations=25 attempts=771
fixture_lease event=installed owner=0x7beec06190 id=772 before_bytes=0 after_bytes=8466 used_bytes=2195374 live_reservations=26 attempts=772
fixture_lease event=drop owner=0x7beec06190 id=772 before_bytes=8466 after_bytes=0 used_bytes=2186908 live_reservations=25 attempts=774
fixture_lease event=installed owner=0x7beec06190 id=775 before_bytes=0 after_bytes=18648 used_bytes=2205556 live_reservations=26 attempts=775
fixture_lease event=installed owner=0x7beec06190 id=776 before_bytes=0 after_bytes=24848 used_bytes=2230404 live_reservations=27 attempts=776
fixture_lease event=drop owner=0x7beec06190 id=776 before_bytes=24848 after_bytes=0 used_bytes=2205556 live_reservations=26 attempts=778
fixture_lease event=drop owner=0x7beec06190 id=775 before_bytes=18648 after_bytes=0 used_bytes=2186908 live_reservations=25 attempts=778
fixture_lease event=installed owner=0x7beec06190 id=779 before_bytes=0 after_bytes=18648 used_bytes=2205556 live_reservations=26 attempts=779
fixture_lease event=installed owner=0x7beec06190 id=780 before_bytes=0 after_bytes=24848 used_bytes=2230404 live_reservations=27 attempts=780
fixture_lease event=drop owner=0x7beec06190 id=780 before_bytes=24848 after_bytes=0 used_bytes=2205556 live_reservations=26 attempts=782
fixture_lease event=drop owner=0x7beec06190 id=779 before_bytes=18648 after_bytes=0 used_bytes=2186908 live_reservations=25 attempts=782
fixture_lease event=installed owner=0x7beec06190 id=783 before_bytes=0 after_bytes=8614 used_bytes=2195522 live_reservations=26 attempts=783
fixture_lease event=drop owner=0x7beec06190 id=783 before_bytes=8614 after_bytes=0 used_bytes=2186908 live_reservations=25 attempts=785
fixture_lease event=drop owner=0x7beec06190 id=755 before_bytes=8608 after_bytes=0 used_bytes=2178300 live_reservations=24 attempts=785
fixture_lease event=drop owner=0x7beec06190 id=754 before_bytes=8488 after_bytes=0 used_bytes=2169812 live_reservations=23 attempts=785
fixture_lease event=drop owner=0x7beec06190 id=6 before_bytes=147552 after_bytes=0 used_bytes=2022260 live_reservations=22 attempts=785
fixture_lease event=drop owner=0x7beec06190 id=22 before_bytes=147552 after_bytes=0 used_bytes=1874708 live_reservations=21 attempts=785
fixture_lease event=drop owner=0x7beec06190 id=23 before_bytes=147552 after_bytes=0 used_bytes=1727156 live_reservations=20 attempts=785
fixture_lease event=drop owner=0x7beec06190 id=9 before_bytes=13008 after_bytes=0 used_bytes=1714148 live_reservations=19 attempts=785
fixture_lease event=drop owner=0x7beec06190 id=10 before_bytes=16792 after_bytes=0 used_bytes=1697356 live_reservations=18 attempts=785
fixture_lease event=drop owner=0x7beec06190 id=24 before_bytes=69656 after_bytes=0 used_bytes=1627700 live_reservations=17 attempts=785
fixture_lease event=drop owner=0x7beec06190 id=11 before_bytes=43440 after_bytes=0 used_bytes=1584260 live_reservations=16 attempts=785
fixture_lease event=drop owner=0x7beec06190 id=8 before_bytes=157648 after_bytes=0 used_bytes=1426612 live_reservations=15 attempts=785
fixture_lease event=drop owner=0x7beec06190 id=7 before_bytes=57736 after_bytes=0 used_bytes=1368876 live_reservations=14 attempts=785
fixture_lease event=drop owner=0x7beec06190 id=5 before_bytes=267232 after_bytes=0 used_bytes=1101644 live_reservations=13 attempts=785
receipt_staging phase=setup_entered ordinal=None succeeded=None
fixture_lease event=installed owner=0x7beec06190 id=786 before_bytes=0 after_bytes=267232 used_bytes=1368876 live_reservations=14 attempts=786
fixture_lease event=installed owner=0x7beec06190 id=787 before_bytes=0 after_bytes=147552 used_bytes=1516428 live_reservations=15 attempts=787
fixture_lease event=installed owner=0x7beec06190 id=788 before_bytes=0 after_bytes=57736 used_bytes=1574164 live_reservations=16 attempts=788
fixture_lease event=installed owner=0x7beec06190 id=789 before_bytes=0 after_bytes=157648 used_bytes=1731812 live_reservations=17 attempts=789
fixture_lease event=installed owner=0x7beec06190 id=790 before_bytes=0 after_bytes=13008 used_bytes=1744820 live_reservations=18 attempts=790
fixture_lease event=installed owner=0x7beec06190 id=791 before_bytes=0 after_bytes=16792 used_bytes=1761612 live_reservations=19 attempts=791
fixture_lease event=installed owner=0x7beec06190 id=792 before_bytes=0 after_bytes=43440 used_bytes=1805052 live_reservations=20 attempts=792
fixture_lease event=installed owner=0x7beec06190 id=793 before_bytes=0 after_bytes=8488 used_bytes=1813540 live_reservations=21 attempts=793
fixture_lease event=installed owner=0x7beec06190 id=794 before_bytes=0 after_bytes=8608 used_bytes=1822148 live_reservations=22 attempts=794
fixture_lease event=installed owner=0x7beec06190 id=795 before_bytes=0 after_bytes=73800 used_bytes=1895948 live_reservations=23 attempts=795
fixture_lease event=installed owner=0x7beec06190 id=796 before_bytes=0 after_bytes=8471 used_bytes=1904419 live_reservations=24 attempts=796
fixture_lease event=drop owner=0x7beec06190 id=794 before_bytes=8608 after_bytes=0 used_bytes=1895811 live_reservations=23 attempts=796
fixture_lease event=drop owner=0x7beec06190 id=793 before_bytes=8488 after_bytes=0 used_bytes=1887323 live_reservations=22 attempts=796
fixture_lease event=installed owner=0x7beec06190 id=797 before_bytes=0 after_bytes=8712 used_bytes=1896035 live_reservations=23 attempts=797
fixture_lease event=installed owner=0x7beec06190 id=798 before_bytes=0 after_bytes=2412520 used_bytes=4308555 live_reservations=24 attempts=798
fixture_lease event=installed owner=0x7beec06190 id=799 before_bytes=0 after_bytes=120224 used_bytes=4428779 live_reservations=25 attempts=799
fixture_lease event=installed owner=0x7beec06190 id=800 before_bytes=0 after_bytes=33056 used_bytes=4461835 live_reservations=26 attempts=800
fixture_lease event=installed owner=0x7beec06190 id=801 before_bytes=0 after_bytes=44016 used_bytes=4505851 live_reservations=27 attempts=801
fixture_lease event=installed owner=0x7beec06190 id=802 before_bytes=0 after_bytes=16664 used_bytes=4522515 live_reservations=28 attempts=802
fixture_lease event=drop owner=0x7beec06190 id=802 before_bytes=16664 after_bytes=0 used_bytes=4505851 live_reservations=27 attempts=802
fixture_lease event=installed owner=0x7beec06190 id=803 before_bytes=0 after_bytes=147552 used_bytes=4653403 live_reservations=28 attempts=803
fixture_lease event=installed owner=0x7beec06190 id=804 before_bytes=0 after_bytes=147552 used_bytes=4800955 live_reservations=29 attempts=804
fixture_lease event=drop owner=0x7beec06190 id=799 before_bytes=120224 after_bytes=0 used_bytes=4680731 live_reservations=28 attempts=804
fixture_lease event=drop owner=0x7beec06190 id=798 before_bytes=2412520 after_bytes=0 used_bytes=2268211 live_reservations=27 attempts=804
fixture_lease event=drop owner=0x7beec06190 id=800 before_bytes=33056 after_bytes=0 used_bytes=2235155 live_reservations=26 attempts=810
fixture_lease event=drop owner=0x7beec06190 id=801 before_bytes=44016 after_bytes=0 used_bytes=2191139 live_reservations=25 attempts=810
fixture_lease event=drop owner=0x7beec06190 id=797 before_bytes=8712 after_bytes=0 used_bytes=2182427 live_reservations=24 attempts=810
fixture_lease event=drop owner=0x7beec06190 id=796 before_bytes=8471 after_bytes=0 used_bytes=2173956 live_reservations=23 attempts=810
fixture_lease event=drop owner=0x7beec06190 id=795 before_bytes=73800 after_bytes=0 used_bytes=2100156 live_reservations=22 attempts=810
receipt_staging phase=setup_returned ordinal=None succeeded=Some(true)
receipt_staging phase=row_entered ordinal=Some(1) succeeded=None
fixture_lease event=installed owner=0x7beec06190 id=811 before_bytes=0 after_bytes=8488 used_bytes=2108644 live_reservations=23 attempts=811
fixture_lease event=installed owner=0x7beec06190 id=812 before_bytes=0 after_bytes=8608 used_bytes=2117252 live_reservations=24 attempts=812
fixture_lease event=installed owner=0x7beec06190 id=813 before_bytes=0 after_bytes=18648 used_bytes=2135900 live_reservations=25 attempts=813
fixture_lease event=installed owner=0x7beec06190 id=814 before_bytes=0 after_bytes=24848 used_bytes=2160748 live_reservations=26 attempts=814
fixture_lease event=drop owner=0x7beec06190 id=814 before_bytes=24848 after_bytes=0 used_bytes=2135900 live_reservations=25 attempts=816
fixture_lease event=drop owner=0x7beec06190 id=813 before_bytes=18648 after_bytes=0 used_bytes=2117252 live_reservations=24 attempts=816
fixture_lease event=installed owner=0x7beec06190 id=817 before_bytes=0 after_bytes=18648 used_bytes=2135900 live_reservations=25 attempts=817
fixture_lease event=installed owner=0x7beec06190 id=818 before_bytes=0 after_bytes=24848 used_bytes=2160748 live_reservations=26 attempts=818
fixture_lease event=drop owner=0x7beec06190 id=818 before_bytes=24848 after_bytes=0 used_bytes=2135900 live_reservations=25 attempts=820
fixture_lease event=drop owner=0x7beec06190 id=817 before_bytes=18648 after_bytes=0 used_bytes=2117252 live_reservations=24 attempts=820
fixture_lease event=installed owner=0x7beec06190 id=821 before_bytes=0 after_bytes=18648 used_bytes=2135900 live_reservations=25 attempts=821
fixture_lease event=installed owner=0x7beec06190 id=822 before_bytes=0 after_bytes=24848 used_bytes=2160748 live_reservations=26 attempts=822
fixture_lease event=drop owner=0x7beec06190 id=822 before_bytes=24848 after_bytes=0 used_bytes=2135900 live_reservations=25 attempts=824
fixture_lease event=drop owner=0x7beec06190 id=821 before_bytes=18648 after_bytes=0 used_bytes=2117252 live_reservations=24 attempts=824
fixture_lease event=installed owner=0x7beec06190 id=825 before_bytes=0 after_bytes=18648 used_bytes=2135900 live_reservations=25 attempts=825
fixture_lease event=installed owner=0x7beec06190 id=826 before_bytes=0 after_bytes=24848 used_bytes=2160748 live_reservations=26 attempts=826
fixture_lease event=drop owner=0x7beec06190 id=826 before_bytes=24848 after_bytes=0 used_bytes=2135900 live_reservations=25 attempts=828
fixture_lease event=drop owner=0x7beec06190 id=825 before_bytes=18648 after_bytes=0 used_bytes=2117252 live_reservations=24 attempts=828
fixture_lease event=installed owner=0x7beec06190 id=829 before_bytes=0 after_bytes=8466 used_bytes=2125718 live_reservations=25 attempts=829
fixture_lease event=drop owner=0x7beec06190 id=829 before_bytes=8466 after_bytes=0 used_bytes=2117252 live_reservations=24 attempts=831
fixture_lease event=installed owner=0x7beec06190 id=832 before_bytes=0 after_bytes=18648 used_bytes=2135900 live_reservations=25 attempts=832
fixture_lease event=installed owner=0x7beec06190 id=833 before_bytes=0 after_bytes=24848 used_bytes=2160748 live_reservations=26 attempts=833
fixture_lease event=drop owner=0x7beec06190 id=833 before_bytes=24848 after_bytes=0 used_bytes=2135900 live_reservations=25 attempts=835
fixture_lease event=drop owner=0x7beec06190 id=832 before_bytes=18648 after_bytes=0 used_bytes=2117252 live_reservations=24 attempts=835
fixture_lease event=installed owner=0x7beec06190 id=836 before_bytes=0 after_bytes=18648 used_bytes=2135900 live_reservations=25 attempts=836
fixture_lease event=installed owner=0x7beec06190 id=837 before_bytes=0 after_bytes=24848 used_bytes=2160748 live_reservations=26 attempts=837
fixture_lease event=drop owner=0x7beec06190 id=837 before_bytes=24848 after_bytes=0 used_bytes=2135900 live_reservations=25 attempts=839
fixture_lease event=drop owner=0x7beec06190 id=836 before_bytes=18648 after_bytes=0 used_bytes=2117252 live_reservations=24 attempts=839
fixture_lease event=drop owner=0x7beec06190 id=812 before_bytes=8608 after_bytes=0 used_bytes=2108644 live_reservations=23 attempts=839
fixture_lease event=drop owner=0x7beec06190 id=811 before_bytes=8488 after_bytes=0 used_bytes=2100156 live_reservations=22 attempts=839
receipt_staging phase=point_write_entered ordinal=Some(1) succeeded=None
fixture_lease event=installed owner=0x7beec06190 id=840 before_bytes=0 after_bytes=8488 used_bytes=2108644 live_reservations=23 attempts=840
fixture_lease event=installed owner=0x7beec06190 id=841 before_bytes=0 after_bytes=8608 used_bytes=2117252 live_reservations=24 attempts=841
fixture_lease event=installed owner=0x7beec06190 id=842 before_bytes=0 after_bytes=18648 used_bytes=2135900 live_reservations=25 attempts=842
fixture_lease event=installed owner=0x7beec06190 id=843 before_bytes=0 after_bytes=24848 used_bytes=2160748 live_reservations=26 attempts=843
fixture_lease event=drop owner=0x7beec06190 id=843 before_bytes=24848 after_bytes=0 used_bytes=2135900 live_reservations=25 attempts=845
fixture_lease event=drop owner=0x7beec06190 id=842 before_bytes=18648 after_bytes=0 used_bytes=2117252 live_reservations=24 attempts=845
fixture_lease event=installed owner=0x7beec06190 id=846 before_bytes=0 after_bytes=18648 used_bytes=2135900 live_reservations=25 attempts=846
fixture_lease event=installed owner=0x7beec06190 id=847 before_bytes=0 after_bytes=24848 used_bytes=2160748 live_reservations=26 attempts=847
fixture_lease event=drop owner=0x7beec06190 id=847 before_bytes=24848 after_bytes=0 used_bytes=2135900 live_reservations=25 attempts=849
fixture_lease event=drop owner=0x7beec06190 id=846 before_bytes=18648 after_bytes=0 used_bytes=2117252 live_reservations=24 attempts=849
fixture_lease event=installed owner=0x7beec06190 id=850 before_bytes=0 after_bytes=18648 used_bytes=2135900 live_reservations=25 attempts=850
fixture_lease event=installed owner=0x7beec06190 id=851 before_bytes=0 after_bytes=24848 used_bytes=2160748 live_reservations=26 attempts=851
fixture_lease event=drop owner=0x7beec06190 id=851 before_bytes=24848 after_bytes=0 used_bytes=2135900 live_reservations=25 attempts=853
fixture_lease event=drop owner=0x7beec06190 id=850 before_bytes=18648 after_bytes=0 used_bytes=2117252 live_reservations=24 attempts=853
fixture_lease event=installed owner=0x7beec06190 id=854 before_bytes=0 after_bytes=18648 used_bytes=2135900 live_reservations=25 attempts=854
fixture_lease event=installed owner=0x7beec06190 id=855 before_bytes=0 after_bytes=24848 used_bytes=2160748 live_reservations=26 attempts=855
fixture_lease event=drop owner=0x7beec06190 id=855 before_bytes=24848 after_bytes=0 used_bytes=2135900 live_reservations=25 attempts=857
fixture_lease event=drop owner=0x7beec06190 id=854 before_bytes=18648 after_bytes=0 used_bytes=2117252 live_reservations=24 attempts=857
fixture_lease event=installed owner=0x7beec06190 id=858 before_bytes=0 after_bytes=18648 used_bytes=2135900 live_reservations=25 attempts=858
fixture_lease event=installed owner=0x7beec06190 id=859 before_bytes=0 after_bytes=24848 used_bytes=2160748 live_reservations=26 attempts=859
fixture_lease event=drop owner=0x7beec06190 id=859 before_bytes=24848 after_bytes=0 used_bytes=2135900 live_reservations=25 attempts=861
fixture_lease event=drop owner=0x7beec06190 id=858 before_bytes=18648 after_bytes=0 used_bytes=2117252 live_reservations=24 attempts=861
fixture_lease event=installed owner=0x7beec06190 id=862 before_bytes=0 after_bytes=8466 used_bytes=2125718 live_reservations=25 attempts=862
fixture_lease event=drop owner=0x7beec06190 id=862 before_bytes=8466 after_bytes=0 used_bytes=2117252 live_reservations=24 attempts=864
fixture_lease event=installed owner=0x7beec06190 id=865 before_bytes=0 after_bytes=73800 used_bytes=2191052 live_reservations=25 attempts=865
fixture_lease event=installed owner=0x7beec06190 id=866 before_bytes=0 after_bytes=18648 used_bytes=2209700 live_reservations=26 attempts=866
fixture_lease event=installed owner=0x7beec06190 id=867 before_bytes=0 after_bytes=24848 used_bytes=2234548 live_reservations=27 attempts=867
fixture_lease event=drop owner=0x7beec06190 id=867 before_bytes=24848 after_bytes=0 used_bytes=2209700 live_reservations=26 attempts=869
fixture_lease event=drop owner=0x7beec06190 id=866 before_bytes=18648 after_bytes=0 used_bytes=2191052 live_reservations=25 attempts=869
fixture_lease event=installed owner=0x7beec06190 id=870 before_bytes=0 after_bytes=18648 used_bytes=2209700 live_reservations=26 attempts=870
fixture_lease event=installed owner=0x7beec06190 id=871 before_bytes=0 after_bytes=24848 used_bytes=2234548 live_reservations=27 attempts=871
fixture_lease event=drop owner=0x7beec06190 id=871 before_bytes=24848 after_bytes=0 used_bytes=2209700 live_reservations=26 attempts=873
fixture_lease event=drop owner=0x7beec06190 id=870 before_bytes=18648 after_bytes=0 used_bytes=2191052 live_reservations=25 attempts=873
fixture_lease event=installed owner=0x7beec06190 id=874 before_bytes=0 after_bytes=8296 used_bytes=2199348 live_reservations=26 attempts=874
fixture_lease event=drop owner=0x7beec06190 id=841 before_bytes=8608 after_bytes=0 used_bytes=2190740 live_reservations=25 attempts=874
fixture_lease event=drop owner=0x7beec06190 id=840 before_bytes=8488 after_bytes=0 used_bytes=2182252 live_reservations=24 attempts=874
fixture_lease event=installed owner=0x7beec06190 id=875 before_bytes=0 after_bytes=8648 used_bytes=2190900 live_reservations=25 attempts=875
fixture_lease event=installed owner=0x7beec06190 id=876 before_bytes=0 after_bytes=2412520 used_bytes=4603420 live_reservations=26 attempts=876
fixture_lease event=installed owner=0x7beec06190 id=877 before_bytes=0 after_bytes=120224 used_bytes=4723644 live_reservations=27 attempts=877
fixture_lease event=installed owner=0x7beec06190 id=878 before_bytes=0 after_bytes=33056 used_bytes=4756700 live_reservations=28 attempts=878
fixture_lease event=installed owner=0x7beec06190 id=879 before_bytes=0 after_bytes=44016 used_bytes=4800716 live_reservations=29 attempts=879
fixture_lease event=installed owner=0x7beec06190 id=880 before_bytes=0 after_bytes=16664 used_bytes=4817380 live_reservations=30 attempts=880
fixture_lease event=drop owner=0x7beec06190 id=880 before_bytes=16664 after_bytes=0 used_bytes=4800716 live_reservations=29 attempts=880
fixture_lease event=drop owner=0x7beec06190 id=877 before_bytes=120224 after_bytes=0 used_bytes=4680492 live_reservations=28 attempts=880
fixture_lease event=drop owner=0x7beec06190 id=876 before_bytes=2412520 after_bytes=0 used_bytes=2267972 live_reservations=27 attempts=880
fixture_lease event=drop owner=0x7beec06190 id=878 before_bytes=33056 after_bytes=0 used_bytes=2234916 live_reservations=26 attempts=886
fixture_lease event=drop owner=0x7beec06190 id=879 before_bytes=44016 after_bytes=0 used_bytes=2190900 live_reservations=25 attempts=886
fixture_lease event=drop owner=0x7beec06190 id=875 before_bytes=8648 after_bytes=0 used_bytes=2182252 live_reservations=24 attempts=886
fixture_lease event=drop owner=0x7beec06190 id=874 before_bytes=8296 after_bytes=0 used_bytes=2173956 live_reservations=23 attempts=886
fixture_lease event=drop owner=0x7beec06190 id=865 before_bytes=73800 after_bytes=0 used_bytes=2100156 live_reservations=22 attempts=886
receipt_staging phase=ordinal_write_entered ordinal=Some(1) succeeded=None
fixture_lease event=installed owner=0x7beec06190 id=887 before_bytes=0 after_bytes=8488 used_bytes=2108644 live_reservations=23 attempts=887
fixture_lease event=installed owner=0x7beec06190 id=888 before_bytes=0 after_bytes=8608 used_bytes=2117252 live_reservations=24 attempts=888
fixture_lease event=installed owner=0x7beec06190 id=889 before_bytes=0 after_bytes=18648 used_bytes=2135900 live_reservations=25 attempts=889
fixture_lease event=installed owner=0x7beec06190 id=890 before_bytes=0 after_bytes=24848 used_bytes=2160748 live_reservations=26 attempts=890
fixture_lease event=drop owner=0x7beec06190 id=890 before_bytes=24848 after_bytes=0 used_bytes=2135900 live_reservations=25 attempts=892
fixture_lease event=drop owner=0x7beec06190 id=889 before_bytes=18648 after_bytes=0 used_bytes=2117252 live_reservations=24 attempts=892
fixture_lease event=installed owner=0x7beec06190 id=893 before_bytes=0 after_bytes=18648 used_bytes=2135900 live_reservations=25 attempts=893
fixture_lease event=installed owner=0x7beec06190 id=894 before_bytes=0 after_bytes=24848 used_bytes=2160748 live_reservations=26 attempts=894
fixture_lease event=drop owner=0x7beec06190 id=894 before_bytes=24848 after_bytes=0 used_bytes=2135900 live_reservations=25 attempts=896
fixture_lease event=drop owner=0x7beec06190 id=893 before_bytes=18648 after_bytes=0 used_bytes=2117252 live_reservations=24 attempts=896
fixture_lease event=installed owner=0x7beec06190 id=897 before_bytes=0 after_bytes=18648 used_bytes=2135900 live_reservations=25 attempts=897
fixture_lease event=installed owner=0x7beec06190 id=898 before_bytes=0 after_bytes=24848 used_bytes=2160748 live_reservations=26 attempts=898
fixture_lease event=drop owner=0x7beec06190 id=898 before_bytes=24848 after_bytes=0 used_bytes=2135900 live_reservations=25 attempts=900
fixture_lease event=drop owner=0x7beec06190 id=897 before_bytes=18648 after_bytes=0 used_bytes=2117252 live_reservations=24 attempts=900
fixture_lease event=installed owner=0x7beec06190 id=901 before_bytes=0 after_bytes=18648 used_bytes=2135900 live_reservations=25 attempts=901
fixture_lease event=installed owner=0x7beec06190 id=902 before_bytes=0 after_bytes=24848 used_bytes=2160748 live_reservations=26 attempts=902
fixture_lease event=drop owner=0x7beec06190 id=902 before_bytes=24848 after_bytes=0 used_bytes=2135900 live_reservations=25 attempts=904
fixture_lease event=drop owner=0x7beec06190 id=901 before_bytes=18648 after_bytes=0 used_bytes=2117252 live_reservations=24 attempts=904
fixture_lease event=installed owner=0x7beec06190 id=905 before_bytes=0 after_bytes=18648 used_bytes=2135900 live_reservations=25 attempts=905
fixture_lease event=installed owner=0x7beec06190 id=906 before_bytes=0 after_bytes=24848 used_bytes=2160748 live_reservations=26 attempts=906
fixture_lease event=drop owner=0x7beec06190 id=906 before_bytes=24848 after_bytes=0 used_bytes=2135900 live_reservations=25 attempts=908
fixture_lease event=drop owner=0x7beec06190 id=905 before_bytes=18648 after_bytes=0 used_bytes=2117252 live_reservations=24 attempts=908
fixture_lease event=installed owner=0x7beec06190 id=909 before_bytes=0 after_bytes=8466 used_bytes=2125718 live_reservations=25 attempts=909
fixture_lease event=drop owner=0x7beec06190 id=909 before_bytes=8466 after_bytes=0 used_bytes=2117252 live_reservations=24 attempts=911
fixture_lease event=installed owner=0x7beec06190 id=912 before_bytes=0 after_bytes=73800 used_bytes=2191052 live_reservations=25 attempts=912
fixture_lease event=installed owner=0x7beec06190 id=913 before_bytes=0 after_bytes=18648 used_bytes=2209700 live_reservations=26 attempts=913
fixture_lease event=installed owner=0x7beec06190 id=914 before_bytes=0 after_bytes=24848 used_bytes=2234548 live_reservations=27 attempts=914
fixture_lease event=drop owner=0x7beec06190 id=914 before_bytes=24848 after_bytes=0 used_bytes=2209700 live_reservations=26 attempts=916
fixture_lease event=drop owner=0x7beec06190 id=913 before_bytes=18648 after_bytes=0 used_bytes=2191052 live_reservations=25 attempts=916
fixture_lease event=installed owner=0x7beec06190 id=917 before_bytes=0 after_bytes=18648 used_bytes=2209700 live_reservations=26 attempts=917
fixture_lease event=installed owner=0x7beec06190 id=918 before_bytes=0 after_bytes=24848 used_bytes=2234548 live_reservations=27 attempts=918
fixture_lease event=drop owner=0x7beec06190 id=918 before_bytes=24848 after_bytes=0 used_bytes=2209700 live_reservations=26 attempts=920
fixture_lease event=drop owner=0x7beec06190 id=917 before_bytes=18648 after_bytes=0 used_bytes=2191052 live_reservations=25 attempts=920
fixture_lease event=installed owner=0x7beec06190 id=921 before_bytes=0 after_bytes=8296 used_bytes=2199348 live_reservations=26 attempts=921
fixture_lease event=drop owner=0x7beec06190 id=888 before_bytes=8608 after_bytes=0 used_bytes=2190740 live_reservations=25 attempts=921
fixture_lease event=drop owner=0x7beec06190 id=887 before_bytes=8488 after_bytes=0 used_bytes=2182252 live_reservations=24 attempts=921
fixture_lease event=installed owner=0x7beec06190 id=922 before_bytes=0 after_bytes=8648 used_bytes=2190900 live_reservations=25 attempts=922
fixture_lease event=installed owner=0x7beec06190 id=923 before_bytes=0 after_bytes=2412520 used_bytes=4603420 live_reservations=26 attempts=923
fixture_lease event=installed owner=0x7beec06190 id=924 before_bytes=0 after_bytes=120224 used_bytes=4723644 live_reservations=27 attempts=924
fixture_lease event=installed owner=0x7beec06190 id=925 before_bytes=0 after_bytes=33056 used_bytes=4756700 live_reservations=28 attempts=925
fixture_lease event=installed owner=0x7beec06190 id=926 before_bytes=0 after_bytes=44016 used_bytes=4800716 live_reservations=29 attempts=926
fixture_lease event=installed owner=0x7beec06190 id=927 before_bytes=0 after_bytes=16664 used_bytes=4817380 live_reservations=30 attempts=927
fixture_lease event=drop owner=0x7beec06190 id=927 before_bytes=16664 after_bytes=0 used_bytes=4800716 live_reservations=29 attempts=927
fixture_lease event=drop owner=0x7beec06190 id=924 before_bytes=120224 after_bytes=0 used_bytes=4680492 live_reservations=28 attempts=927
fixture_lease event=drop owner=0x7beec06190 id=923 before_bytes=2412520 after_bytes=0 used_bytes=2267972 live_reservations=27 attempts=927
fixture_lease event=drop owner=0x7beec06190 id=925 before_bytes=33056 after_bytes=0 used_bytes=2234916 live_reservations=26 attempts=933
fixture_lease event=drop owner=0x7beec06190 id=926 before_bytes=44016 after_bytes=0 used_bytes=2190900 live_reservations=25 attempts=933
fixture_lease event=drop owner=0x7beec06190 id=922 before_bytes=8648 after_bytes=0 used_bytes=2182252 live_reservations=24 attempts=933
fixture_lease event=drop owner=0x7beec06190 id=921 before_bytes=8296 after_bytes=0 used_bytes=2173956 live_reservations=23 attempts=933
fixture_lease event=drop owner=0x7beec06190 id=912 before_bytes=73800 after_bytes=0 used_bytes=2100156 live_reservations=22 attempts=933
receipt_staging phase=row_returned ordinal=Some(1) succeeded=Some(true)
receipt_staging phase=setup_entered ordinal=None succeeded=None
fixture_lease event=installed owner=0x7beec06190 id=934 before_bytes=0 after_bytes=267232 used_bytes=2367388 live_reservations=23 attempts=934
fixture_lease event=installed owner=0x7beec06190 id=935 before_bytes=0 after_bytes=147552 used_bytes=2514940 live_reservations=24 attempts=935
fixture_lease event=installed owner=0x7beec06190 id=936 before_bytes=0 after_bytes=57736 used_bytes=2572676 live_reservations=25 attempts=936
fixture_lease event=installed owner=0x7beec06190 id=937 before_bytes=0 after_bytes=157648 used_bytes=2730324 live_reservations=26 attempts=937
fixture_lease event=installed owner=0x7beec06190 id=938 before_bytes=0 after_bytes=13008 used_bytes=2743332 live_reservations=27 attempts=938
fixture_lease event=installed owner=0x7beec06190 id=939 before_bytes=0 after_bytes=16792 used_bytes=2760124 live_reservations=28 attempts=939
fixture_lease event=installed owner=0x7beec06190 id=940 before_bytes=0 after_bytes=43440 used_bytes=2803564 live_reservations=29 attempts=940
fixture_lease event=installed owner=0x7beec06190 id=941 before_bytes=0 after_bytes=8488 used_bytes=2812052 live_reservations=30 attempts=941
fixture_lease event=installed owner=0x7beec06190 id=942 before_bytes=0 after_bytes=8608 used_bytes=2820660 live_reservations=31 attempts=942
fixture_lease event=installed owner=0x7beec06190 id=943 before_bytes=0 after_bytes=73800 used_bytes=2894460 live_reservations=32 attempts=943
TestDiskMemory::reserve_installed denied: provider=0x7beec06190 requested_bytes=4351 charged_bytes=8471 bookkeeping_bytes=24184 used_bytes=2894460 next_used_bytes=2902931 max_bytes=67108864 live_reservations=32 max_reservations=32 attempts=944 error=Kind(OutOfMemory)
fixture_lease event=drop owner=0x7beec06190 id=943 before_bytes=73800 after_bytes=0 used_bytes=2820660 live_reservations=31 attempts=944
fixture_lease event=drop owner=0x7beec06190 id=942 before_bytes=8608 after_bytes=0 used_bytes=2812052 live_reservations=30 attempts=944
fixture_lease event=drop owner=0x7beec06190 id=941 before_bytes=8488 after_bytes=0 used_bytes=2803564 live_reservations=29 attempts=944
fixture_lease event=drop owner=0x7beec06190 id=935 before_bytes=147552 after_bytes=0 used_bytes=2656012 live_reservations=28 attempts=944
fixture_lease event=drop owner=0x7beec06190 id=938 before_bytes=13008 after_bytes=0 used_bytes=2643004 live_reservations=27 attempts=944
fixture_lease event=drop owner=0x7beec06190 id=939 before_bytes=16792 after_bytes=0 used_bytes=2626212 live_reservations=26 attempts=944
fixture_lease event=drop owner=0x7beec06190 id=940 before_bytes=43440 after_bytes=0 used_bytes=2582772 live_reservations=25 attempts=944
fixture_lease event=drop owner=0x7beec06190 id=937 before_bytes=157648 after_bytes=0 used_bytes=2425124 live_reservations=24 attempts=944
fixture_lease event=drop owner=0x7beec06190 id=936 before_bytes=57736 after_bytes=0 used_bytes=2367388 live_reservations=23 attempts=944
fixture_lease event=drop owner=0x7beec06190 id=934 before_bytes=267232 after_bytes=0 used_bytes=2100156 live_reservations=22 attempts=944
receipt_staging phase=setup_returned ordinal=None succeeded=Some(false)
fixture_lease event=drop owner=0x7beec06190 id=787 before_bytes=147552 after_bytes=0 used_bytes=1952604 live_reservations=21 attempts=944
fixture_lease event=drop owner=0x7beec06190 id=803 before_bytes=147552 after_bytes=0 used_bytes=1805052 live_reservations=20 attempts=944
fixture_lease event=drop owner=0x7beec06190 id=804 before_bytes=147552 after_bytes=0 used_bytes=1657500 live_reservations=19 attempts=944
fixture_lease event=drop owner=0x7beec06190 id=790 before_bytes=13008 after_bytes=0 used_bytes=1644492 live_reservations=18 attempts=944
fixture_lease event=drop owner=0x7beec06190 id=791 before_bytes=16792 after_bytes=0 used_bytes=1627700 live_reservations=17 attempts=944
fixture_lease event=drop owner=0x7beec06190 id=792 before_bytes=43440 after_bytes=0 used_bytes=1584260 live_reservations=16 attempts=944
fixture_lease event=drop owner=0x7beec06190 id=789 before_bytes=157648 after_bytes=0 used_bytes=1426612 live_reservations=15 attempts=944
fixture_lease event=drop owner=0x7beec06190 id=788 before_bytes=57736 after_bytes=0 used_bytes=1368876 live_reservations=14 attempts=944
fixture_lease event=drop owner=0x7beec06190 id=786 before_bytes=267232 after_bytes=0 used_bytes=1101644 live_reservations=13 attempts=944

thread 'state::restore_budget_tests::restored_identity_metadata_is_validated_before_bootstrap_persistence' (22560720) panicked at crates/kasumi-engine/src/state.rs:3414:9:
assertion `left == right` failed
  left: Corruption
 right: QuotaExceeded
note: run with `RUST_BACKTRACE=1` environment variable to display a backtrace
fixture_lease event=drop owner=0x7beec06190 id=351 before_bytes=147552 after_bytes=0 used_bytes=954092 live_reservations=12 attempts=944
fixture_lease event=drop owner=0x7beec06190 id=367 before_bytes=147552 after_bytes=0 used_bytes=806540 live_reservations=11 attempts=944
fixture_lease event=drop owner=0x7beec06190 id=368 before_bytes=147552 after_bytes=0 used_bytes=658988 live_reservations=10 attempts=944
fixture_lease event=drop owner=0x7beec06190 id=354 before_bytes=13008 after_bytes=0 used_bytes=645980 live_reservations=9 attempts=944
fixture_lease event=drop owner=0x7beec06190 id=355 before_bytes=16792 after_bytes=0 used_bytes=629188 live_reservations=8 attempts=944
fixture_lease event=drop owner=0x7beec06190 id=356 before_bytes=43440 after_bytes=0 used_bytes=585748 live_reservations=7 attempts=944
fixture_lease event=drop owner=0x7beec06190 id=353 before_bytes=157648 after_bytes=0 used_bytes=428100 live_reservations=6 attempts=944
fixture_lease event=drop owner=0x7beec06190 id=352 before_bytes=57736 after_bytes=0 used_bytes=370364 live_reservations=5 attempts=944
fixture_lease event=drop owner=0x7beec06190 id=350 before_bytes=267232 after_bytes=0 used_bytes=103132 live_reservations=4 attempts=944
test state::restore_budget_tests::restored_identity_metadata_is_validated_before_bootstrap_persistence ... FAILED

failures:

failures:
    state::restore_budget_tests::restored_identity_metadata_is_validated_before_bootstrap_persistence

test result: FAILED. 0 passed; 1 failed; 0 ignored; 0 measured; 629 filtered out; finished in 2.53s

error: test failed, to rerun pass `-p kasumi-engine --lib`
     Running unittests src/lib.rs (target/disk-backed-cache/debug/deps/kasumi_kv-221aa5373d25965b)

running 0 tests

test result: ok. 0 passed; 0 failed; 0 ignored; 0 measured; 550 filtered out; finished in 0.00s

     Running unittests src/lib.rs (target/disk-backed-cache/debug/deps/kasumi_raft-8af78bc0d2a8574c)

running 0 tests

test result: ok. 0 passed; 0 failed; 0 ignored; 0 measured; 173 filtered out; finished in 0.00s

     Running unittests src/lib.rs (target/disk-backed-cache/debug/deps/kasumi_store-4ef75ebdc018c368)

running 0 tests

test result: ok. 0 passed; 0 failed; 0 ignored; 0 measured; 708 filtered out; finished in 0.00s

error: 1 target failed:
    `-p kasumi-engine --lib`
Runner: 3.16s; exit=101; matching=1528/1528
