Command: cargo test --locked --offline --config profile.test.package.kasumi-kv.opt-level=3 --config profile.test.package.sha2.opt-level=3 -p kasumi-kv -p kasumi-store -p kasumi-raft -p kasumi-engine --all-features --lib --no-fail-fast -- restored_identity_metadata indexed_validation_matches_full_restore_and_canonical_closure indexing_never_returns_a_proof_after_cancellation_or_corrupt_footer authenticated_semantic_substitutions_fail_both_validation_paths existing_replicas_replay_committed_state_and_membership_after_full_close --nocapture
CARGO_TARGET_DIR=target/disk-backed-cache
   Compiling kasumi-engine v0.1.0 (/Users/takemiyamakoto/dev/kasumi/crates/kasumi-engine)
    Finished `test` profile [unoptimized + debuginfo] target(s) in 1m 40s
     Running unittests src/lib.rs (target/disk-backed-cache/debug/deps/kasumi_engine-44db468831cfc59f)

running 5 tests
test state::snapshot_validation::tests::indexing_never_returns_a_proof_after_cancellation_or_corrupt_footer ... ok
 INFO openraft::engine::engine_impl: startup begin: state: RaftState { vote: UTime { data: Vote { leader_id: LeaderId { term: 0, node_id: 0 }, committed: false }, utime: Some(Instant { tv_sec: 155540, tv_nsec: 808508541 }) }, committed: None, purged_next: 0, log_ids: LogIdList { key_log_ids: [] }, membership_state: MembershipState { committed: EffectiveMembership { log_id: None, membership: Membership { configs: [], nodes: {} }, voter_ids: {} }, effective: EffectiveMembership { log_id: None, membership: Membership { configs: [], nodes: {} }, voter_ids: {} }, observer: MembershipObserverSlot { observer: Mutex { data: None, poisoned: false, .. } } }, snapshot_meta: SnapshotMeta { last_log_id: None, last_membership: StoredMembership { log_id: None, membership: Membership { configs: [], nodes: {} } }, snapshot_id: "" }, server_state: Learner, accepted: Accepted { leader_id: LeaderId { term: 0, node_id: 0 }, log_id: None }, io_state: IOState { building_snapshot: false, vote: Vote { leader_id: LeaderId { term: 0, node_id: 0 }, committed: false }, flushed: LogIOId { committed_leader_id: LeaderId { term: 0, node_id: 0 }, log_id: None }, applied: None, snapshot: None, purged: None }, purge_upto: None }, is_leader: false, is_voter: false
 INFO openraft::engine::engine_impl: startup done: id=1 target_state: Learner
test state::snapshot_validation::tests::indexed_validation_matches_full_restore_and_canonical_closure ... ok
test state::restore_budget_tests::restored_identity_metadata_is_validated_before_bootstrap_persistence ... ok
 INFO openraft::engine::engine_impl: startup begin: state: RaftState { vote: UTime { data: Vote { leader_id: LeaderId { term: 0, node_id: 0 }, committed: false }, utime: Some(Instant { tv_sec: 155543, tv_nsec: 908369916 }) }, committed: None, purged_next: 0, log_ids: LogIdList { key_log_ids: [] }, membership_state: MembershipState { committed: EffectiveMembership { log_id: None, membership: Membership { configs: [], nodes: {} }, voter_ids: {} }, effective: EffectiveMembership { log_id: None, membership: Membership { configs: [], nodes: {} }, voter_ids: {} }, observer: MembershipObserverSlot { observer: Mutex { data: None, poisoned: false, .. } } }, snapshot_meta: SnapshotMeta { last_log_id: None, last_membership: StoredMembership { log_id: None, membership: Membership { configs: [], nodes: {} } }, snapshot_id: "" }, server_state: Learner, accepted: Accepted { leader_id: LeaderId { term: 0, node_id: 0 }, log_id: None }, io_state: IOState { building_snapshot: false, vote: Vote { leader_id: LeaderId { term: 0, node_id: 0 }, committed: false }, flushed: LogIOId { committed_leader_id: LeaderId { term: 0, node_id: 0 }, log_id: None }, applied: None, snapshot: None, purged: None }, purge_upto: None }, is_leader: false, is_voter: false
 INFO openraft::engine::engine_impl: startup done: id=2 target_state: Learner
 INFO openraft::engine::engine_impl: startup begin: state: RaftState { vote: UTime { data: Vote { leader_id: LeaderId { term: 0, node_id: 0 }, committed: false }, utime: Some(Instant { tv_sec: 155547, tv_nsec: 397933916 }) }, committed: None, purged_next: 0, log_ids: LogIdList { key_log_ids: [] }, membership_state: MembershipState { committed: EffectiveMembership { log_id: None, membership: Membership { configs: [], nodes: {} }, voter_ids: {} }, effective: EffectiveMembership { log_id: None, membership: Membership { configs: [], nodes: {} }, voter_ids: {} }, observer: MembershipObserverSlot { observer: Mutex { data: None, poisoned: false, .. } } }, snapshot_meta: SnapshotMeta { last_log_id: None, last_membership: StoredMembership { log_id: None, membership: Membership { configs: [], nodes: {} } }, snapshot_id: "" }, server_state: Learner, accepted: Accepted { leader_id: LeaderId { term: 0, node_id: 0 }, log_id: None }, io_state: IOState { building_snapshot: false, vote: Vote { leader_id: LeaderId { term: 0, node_id: 0 }, committed: false }, flushed: LogIOId { committed_leader_id: LeaderId { term: 0, node_id: 0 }, log_id: None }, applied: None, snapshot: None, purged: None }, purge_upto: None }, is_leader: false, is_voter: false
 INFO openraft::engine::engine_impl: startup done: id=3 target_state: Learner
 INFO openraft::engine::engine_impl: startup begin: state: RaftState { vote: UTime { data: Vote { leader_id: LeaderId { term: 0, node_id: 0 }, committed: false }, utime: Some(Instant { tv_sec: 155550, tv_nsec: 212678916 }) }, committed: None, purged_next: 0, log_ids: LogIdList { key_log_ids: [] }, membership_state: MembershipState { committed: EffectiveMembership { log_id: None, membership: Membership { configs: [], nodes: {} }, voter_ids: {} }, effective: EffectiveMembership { log_id: None, membership: Membership { configs: [], nodes: {} }, voter_ids: {} }, observer: MembershipObserverSlot { observer: Mutex { data: None, poisoned: false, .. } } }, snapshot_meta: SnapshotMeta { last_log_id: None, last_membership: StoredMembership { log_id: None, membership: Membership { configs: [], nodes: {} } }, snapshot_id: "" }, server_state: Learner, accepted: Accepted { leader_id: LeaderId { term: 0, node_id: 0 }, log_id: None }, io_state: IOState { building_snapshot: false, vote: Vote { leader_id: LeaderId { term: 0, node_id: 0 }, committed: false }, flushed: LogIOId { committed_leader_id: LeaderId { term: 0, node_id: 0 }, log_id: None }, applied: None, snapshot: None, purged: None }, purge_upto: None }, is_leader: false, is_voter: false
 INFO openraft::engine::engine_impl: startup done: id=4 target_state: Learner
DEBUG elect: openraft::engine::engine_impl: new
 INFO elect: openraft::engine::engine_impl: openraft::engine::engine_impl::Engine<_>::elect, new candidate: {T1-N1:uncommitted@13:01:47.051504, last_log_id:T0-N0-0 progress:{1: false, 2: false, 3: false}}
DEBUG elect: openraft::engine::engine_impl: close
raft_vote_save phase=submitted owner=505132762896 term=1 leader=1 elapsed_ms=0 succeeded=None
raft_vote_save phase=write_entered owner=505132762896 term=1 leader=1 elapsed_ms=0 succeeded=None
raft_vote_save phase=write_returned owner=505132762896 term=1 leader=1 elapsed_ms=153 succeeded=Some(true)
raft_vote_save phase=wait_returned owner=505132762896 term=1 leader=1 elapsed_ms=154 succeeded=Some(true)
TRACE spawn_parallel_vote_requests{vote="{vote:T1-N1:uncommitted, last_log:T0-N0-0}"}: openraft::core::raft_core: new
DEBUG spawn_parallel_vote_requests{vote="{vote:T1-N1:uncommitted, last_log:T0-N0-0}"}:send_vote_req{target=2}: openraft::core::raft_core: new
DEBUG spawn_parallel_vote_requests{vote="{vote:T1-N1:uncommitted, last_log:T0-N0-0}"}:send_vote_req{target=3}: openraft::core::raft_core: new
DEBUG spawn_parallel_vote_requests{vote="{vote:T1-N1:uncommitted, last_log:T0-N0-0}"}:vote_round_collector: openraft::core::raft_core: new
DEBUG elect: openraft::engine::engine_impl: new
 INFO elect: openraft::engine::engine_impl: openraft::engine::engine_impl::Engine<_>::elect, new candidate: {T2-N1:uncommitted@13:01:47.423969, last_log_id:T0-N0-0 progress:{1: false, 2: false, 3: false}}
DEBUG elect: openraft::engine::engine_impl: close
raft_vote_save phase=submitted owner=505132762896 term=2 leader=1 elapsed_ms=0 succeeded=None
raft_vote_save phase=write_entered owner=505132762896 term=2 leader=1 elapsed_ms=6 succeeded=None
DEBUG handle_vote_request: openraft::core::raft_core: new
DEBUG handle_vote_request:handle_vote_req: openraft::engine::engine_impl: new
 INFO handle_vote_request:handle_vote_req: openraft::engine::engine_impl: Engine::handle_vote_req req={vote:T1-N1:uncommitted, last_log:T0-N0-0}
 INFO handle_vote_request:handle_vote_req: openraft::engine::engine_impl: Engine::handle_vote_req my_vote=T0-N0:uncommitted my_last_log_id=None
 INFO handle_vote_request:handle_vote_req: openraft::engine::engine_impl: now; 13:01:47.430942, vote is updated at: 13:01:44.211248, vote is updated before 3.21969325s, leader lease(400ms) will expire after 0ns
 INFO handle_vote_request:handle_vote_req: openraft::engine::engine_impl: handle vote request result req={vote:T1-N1:uncommitted, last_log:T0-N0-0} result=Ok(())
DEBUG handle_vote_request:handle_vote_req: openraft::engine::engine_impl: close
DEBUG handle_vote_request: openraft::core::raft_core: new
DEBUG handle_vote_request: openraft::core::raft_core: close
DEBUG handle_vote_request:handle_vote_req: openraft::engine::engine_impl: new
 INFO handle_vote_request:handle_vote_req: openraft::engine::engine_impl: Engine::handle_vote_req req={vote:T1-N1:uncommitted, last_log:T0-N0-0}
raft_vote_save phase=submitted owner=505132771856 term=1 leader=1 elapsed_ms=0 succeeded=None
 INFO handle_vote_request:handle_vote_req: openraft::engine::engine_impl: Engine::handle_vote_req my_vote=T0-N0:uncommitted my_last_log_id=None
raft_vote_save phase=write_entered owner=505132771856 term=1 leader=1 elapsed_ms=0 succeeded=None
 INFO handle_vote_request:handle_vote_req: openraft::engine::engine_impl: now; 13:01:47.431118, vote is updated at: 13:01:40.721685, vote is updated before 6.709433959s, leader lease(400ms) will expire after 0ns
 INFO handle_vote_request:handle_vote_req: openraft::engine::engine_impl: handle vote request result req={vote:T1-N1:uncommitted, last_log:T0-N0-0} result=Ok(())
DEBUG handle_vote_request:handle_vote_req: openraft::engine::engine_impl: close
DEBUG handle_vote_request: openraft::core::raft_core: close
raft_vote_save phase=submitted owner=505132766480 term=1 leader=1 elapsed_ms=0 succeeded=None
raft_vote_save phase=write_entered owner=505132766480 term=1 leader=1 elapsed_ms=0 succeeded=None
ERROR spawn_parallel_vote_requests{vote="{vote:T1-N1:uncommitted, last_log:T0-N0-0}"}:send_vote_req{target=2}: openraft::core::raft_core: while requesting vote error=Unreachable node: std::io::error::Error: deadline has elapsed target=2
DEBUG spawn_parallel_vote_requests{vote="{vote:T1-N1:uncommitted, last_log:T0-N0-0}"}:send_vote_req{target=2}: openraft::core::raft_core: close
ERROR spawn_parallel_vote_requests{vote="{vote:T1-N1:uncommitted, last_log:T0-N0-0}"}:send_vote_req{target=3}: openraft::core::raft_core: while requesting vote error=Unreachable node: std::io::error::Error: deadline has elapsed target=3
DEBUG spawn_parallel_vote_requests{vote="{vote:T1-N1:uncommitted, last_log:T0-N0-0}"}:send_vote_req{target=3}: openraft::core::raft_core: close
DEBUG spawn_parallel_vote_requests{vote="{vote:T1-N1:uncommitted, last_log:T0-N0-0}"}:vote_round_collector: openraft::core::raft_core: close
TRACE spawn_parallel_vote_requests{vote="{vote:T1-N1:uncommitted, last_log:T0-N0-0}"}: openraft::core::raft_core: close
raft_vote_save phase=write_returned owner=505132766480 term=1 leader=1 elapsed_ms=210 succeeded=Some(true)
raft_vote_save phase=wait_returned owner=505132766480 term=1 leader=1 elapsed_ms=211 succeeded=Some(true)
 WARN openraft::core::raft_core: A message will be ignored because vote changed: msg sent by vote: T1-N1:uncommitted; current my vote: None; when (VoteResponse)
raft_vote_save phase=write_returned owner=505132762896 term=2 leader=1 elapsed_ms=230 succeeded=Some(true)
raft_vote_save phase=wait_returned owner=505132762896 term=2 leader=1 elapsed_ms=230 succeeded=Some(true)
TRACE spawn_parallel_vote_requests{vote="{vote:T2-N1:uncommitted, last_log:T0-N0-0}"}: openraft::core::raft_core: new
DEBUG spawn_parallel_vote_requests{vote="{vote:T2-N1:uncommitted, last_log:T0-N0-0}"}:send_vote_req{target=2}: openraft::core::raft_core: new
DEBUG spawn_parallel_vote_requests{vote="{vote:T2-N1:uncommitted, last_log:T0-N0-0}"}:send_vote_req{target=3}: openraft::core::raft_core: new
DEBUG spawn_parallel_vote_requests{vote="{vote:T2-N1:uncommitted, last_log:T0-N0-0}"}:vote_round_collector: openraft::core::raft_core: new
DEBUG elect: openraft::engine::engine_impl: new
 INFO elect: openraft::engine::engine_impl: openraft::engine::engine_impl::Engine<_>::elect, new candidate: {T3-N1:uncommitted@13:01:47.654520, last_log_id:T0-N0-0 progress:{1: false, 2: false, 3: false}}
DEBUG elect: openraft::engine::engine_impl: close
raft_vote_save phase=submitted owner=505132762896 term=3 leader=1 elapsed_ms=0 succeeded=None
raft_vote_save phase=write_entered owner=505132762896 term=3 leader=1 elapsed_ms=0 succeeded=None
DEBUG handle_vote_request: openraft::core::raft_core: new
DEBUG handle_vote_request:handle_vote_req: openraft::engine::engine_impl: new
 INFO handle_vote_request:handle_vote_req: openraft::engine::engine_impl: Engine::handle_vote_req req={vote:T2-N1:uncommitted, last_log:T0-N0-0}
 INFO handle_vote_request:handle_vote_req: openraft::engine::engine_impl: Engine::handle_vote_req my_vote=T1-N1:uncommitted my_last_log_id=None
 INFO handle_vote_request:handle_vote_req: openraft::engine::engine_impl: now; 13:01:47.654698, vote is updated at: 13:01:47.431272, vote is updated before 223.426667ms, leader lease(400ms) will expire after 176.573333ms
 INFO handle_vote_request:handle_vote_req: openraft::engine::engine_impl: handle vote request result req={vote:T2-N1:uncommitted, last_log:T0-N0-0} result=Ok(())
DEBUG handle_vote_request:handle_vote_req: openraft::engine::engine_impl: close
DEBUG handle_vote_request: openraft::core::raft_core: close
raft_vote_save phase=submitted owner=505132766480 term=2 leader=1 elapsed_ms=0 succeeded=None
raft_vote_save phase=write_entered owner=505132766480 term=2 leader=1 elapsed_ms=0 succeeded=None
raft_vote_save phase=write_returned owner=505132771856 term=1 leader=1 elapsed_ms=252 succeeded=Some(true)
raft_vote_save phase=wait_returned owner=505132771856 term=1 leader=1 elapsed_ms=252 succeeded=Some(true)
DEBUG handle_vote_request: openraft::core::raft_core: new
DEBUG handle_vote_request:handle_vote_req: openraft::engine::engine_impl: new
 INFO handle_vote_request:handle_vote_req: openraft::engine::engine_impl: Engine::handle_vote_req req={vote:T2-N1:uncommitted, last_log:T0-N0-0}
 INFO handle_vote_request:handle_vote_req: openraft::engine::engine_impl: Engine::handle_vote_req my_vote=T1-N1:uncommitted my_last_log_id=None
 INFO handle_vote_request:handle_vote_req: openraft::engine::engine_impl: now; 13:01:47.683400, vote is updated at: 13:01:47.431031, vote is updated before 252.369583ms, leader lease(400ms) will expire after 147.630417ms
 INFO handle_vote_request:handle_vote_req: openraft::engine::engine_impl: handle vote request result req={vote:T2-N1:uncommitted, last_log:T0-N0-0} result=Ok(())
DEBUG handle_vote_request:handle_vote_req: openraft::engine::engine_impl: close
DEBUG handle_vote_request: openraft::core::raft_core: close
raft_vote_save phase=submitted owner=505132771856 term=2 leader=1 elapsed_ms=0 succeeded=None
raft_vote_save phase=write_entered owner=505132771856 term=2 leader=1 elapsed_ms=0 succeeded=None
raft_vote_save phase=write_returned owner=505132766480 term=2 leader=1 elapsed_ms=193 succeeded=Some(true)
raft_vote_save phase=wait_returned owner=505132766480 term=2 leader=1 elapsed_ms=193 succeeded=Some(true)
 WARN openraft::core::raft_core: A message will be ignored because vote changed: msg sent by vote: T2-N1:uncommitted; current my vote: None; when (VoteResponse)
DEBUG spawn_parallel_vote_requests{vote="{vote:T2-N1:uncommitted, last_log:T0-N0-0}"}:send_vote_req{target=2}: openraft::core::raft_core: close
ERROR spawn_parallel_vote_requests{vote="{vote:T2-N1:uncommitted, last_log:T0-N0-0}"}:send_vote_req{target=3}: openraft::core::raft_core: while requesting vote error=Unreachable node: std::io::error::Error: deadline has elapsed target=3
DEBUG spawn_parallel_vote_requests{vote="{vote:T2-N1:uncommitted, last_log:T0-N0-0}"}:send_vote_req{target=3}: openraft::core::raft_core: close
DEBUG spawn_parallel_vote_requests{vote="{vote:T2-N1:uncommitted, last_log:T0-N0-0}"}:vote_round_collector: openraft::core::raft_core: close
TRACE spawn_parallel_vote_requests{vote="{vote:T2-N1:uncommitted, last_log:T0-N0-0}"}: openraft::core::raft_core: close
raft_vote_save phase=write_returned owner=505132762896 term=3 leader=1 elapsed_ms=217 succeeded=Some(true)
raft_vote_save phase=wait_returned owner=505132762896 term=3 leader=1 elapsed_ms=219 succeeded=Some(true)
TRACE spawn_parallel_vote_requests{vote="{vote:T3-N1:uncommitted, last_log:T0-N0-0}"}: openraft::core::raft_core: new
DEBUG spawn_parallel_vote_requests{vote="{vote:T3-N1:uncommitted, last_log:T0-N0-0}"}:send_vote_req{target=2}: openraft::core::raft_core: new
DEBUG spawn_parallel_vote_requests{vote="{vote:T3-N1:uncommitted, last_log:T0-N0-0}"}:send_vote_req{target=3}: openraft::core::raft_core: new
DEBUG spawn_parallel_vote_requests{vote="{vote:T3-N1:uncommitted, last_log:T0-N0-0}"}:vote_round_collector: openraft::core::raft_core: new
 WARN openraft::core::raft_core: A message will be ignored because vote changed: msg sent by vote: T1-N1:uncommitted; current my vote: T3-N1:uncommitted; when (VoteResponse)
 WARN openraft::core::raft_core: A message will be ignored because vote changed: msg sent by vote: T2-N1:uncommitted; current my vote: T3-N1:uncommitted; when (VoteResponse)
 WARN openraft::core::raft_core: A message will be ignored because vote changed: msg sent by vote: T2-N1:uncommitted; current my vote: T3-N1:uncommitted; when (VoteResponse)
DEBUG handle_vote_resp{target=1}: openraft::engine::engine_impl: new
 INFO handle_vote_resp{target=1}: openraft::engine::engine_impl: openraft::engine::engine_impl::Engine<_>::handle_vote_resp resp={T3-N1:uncommitted, last_log:None} target=1 my_vote=T3-N1:uncommitted my_last_log_id=Some(T0-N0-0)
DEBUG handle_vote_resp{target=1}: openraft::engine::engine_impl: close
DEBUG handle_vote_request: openraft::core::raft_core: new
DEBUG handle_vote_request:handle_vote_req: openraft::engine::engine_impl: new
 INFO handle_vote_request:handle_vote_req: openraft::engine::engine_impl: Engine::handle_vote_req req={vote:T3-N1:uncommitted, last_log:T0-N0-0}
 INFO handle_vote_request:handle_vote_req: openraft::engine::engine_impl: Engine::handle_vote_req my_vote=T2-N1:uncommitted my_last_log_id=None
 INFO handle_vote_request:handle_vote_req: openraft::engine::engine_impl: now; 13:01:47.874051, vote is updated at: 13:01:47.654735, vote is updated before 219.315042ms, leader lease(400ms) will expire after 180.684958ms
 INFO handle_vote_request:handle_vote_req: openraft::engine::engine_impl: handle vote request result req={vote:T3-N1:uncommitted, last_log:T0-N0-0} result=Ok(())
DEBUG handle_vote_request:handle_vote_req: openraft::engine::engine_impl: close
DEBUG handle_vote_request: openraft::core::raft_core: close
raft_vote_save phase=submitted owner=505132766480 term=3 leader=1 elapsed_ms=0 succeeded=None
raft_vote_save phase=write_entered owner=505132766480 term=3 leader=1 elapsed_ms=0 succeeded=None
raft_vote_save phase=write_returned owner=505132771856 term=2 leader=1 elapsed_ms=233 succeeded=Some(true)
raft_vote_save phase=wait_returned owner=505132771856 term=2 leader=1 elapsed_ms=233 succeeded=Some(true)
DEBUG handle_vote_request: openraft::core::raft_core: new
DEBUG handle_vote_request:handle_vote_req: openraft::engine::engine_impl: new
 INFO handle_vote_request:handle_vote_req: openraft::engine::engine_impl: Engine::handle_vote_req req={vote:T3-N1:uncommitted, last_log:T0-N0-0}
 INFO handle_vote_request:handle_vote_req: openraft::engine::engine_impl: Engine::handle_vote_req my_vote=T2-N1:uncommitted my_last_log_id=None
 INFO handle_vote_request:handle_vote_req: openraft::engine::engine_impl: now; 13:01:47.917344, vote is updated at: 13:01:47.683457, vote is updated before 233.8875ms, leader lease(400ms) will expire after 166.1125ms
 INFO handle_vote_request:handle_vote_req: openraft::engine::engine_impl: handle vote request result req={vote:T3-N1:uncommitted, last_log:T0-N0-0} result=Ok(())
DEBUG handle_vote_request:handle_vote_req: openraft::engine::engine_impl: close
DEBUG handle_vote_request: openraft::core::raft_core: close
raft_vote_save phase=submitted owner=505132771856 term=3 leader=1 elapsed_ms=0 succeeded=None
raft_vote_save phase=write_entered owner=505132771856 term=3 leader=1 elapsed_ms=0 succeeded=None
DEBUG elect: openraft::engine::engine_impl: new
 INFO elect: openraft::engine::engine_impl: openraft::engine::engine_impl::Engine<_>::elect, new candidate: {T4-N1:uncommitted@13:01:47.951166, last_log_id:T0-N0-0 progress:{1: false, 2: false, 3: false}}
DEBUG elect: openraft::engine::engine_impl: close
raft_vote_save phase=submitted owner=505132762896 term=4 leader=1 elapsed_ms=0 succeeded=None
raft_vote_save phase=write_entered owner=505132762896 term=4 leader=1 elapsed_ms=0 succeeded=None
raft_vote_save phase=write_returned owner=505132766480 term=3 leader=1 elapsed_ms=183 succeeded=Some(true)
raft_vote_save phase=wait_returned owner=505132766480 term=3 leader=1 elapsed_ms=183 succeeded=Some(true)
 WARN openraft::core::raft_core: A message will be ignored because vote changed: msg sent by vote: T3-N1:uncommitted; current my vote: None; when (VoteResponse)
DEBUG spawn_parallel_vote_requests{vote="{vote:T3-N1:uncommitted, last_log:T0-N0-0}"}:send_vote_req{target=2}: openraft::core::raft_core: close
ERROR spawn_parallel_vote_requests{vote="{vote:T3-N1:uncommitted, last_log:T0-N0-0}"}:send_vote_req{target=3}: openraft::core::raft_core: while requesting vote error=Unreachable node: std::io::error::Error: deadline has elapsed target=3
DEBUG spawn_parallel_vote_requests{vote="{vote:T3-N1:uncommitted, last_log:T0-N0-0}"}:send_vote_req{target=3}: openraft::core::raft_core: close
DEBUG spawn_parallel_vote_requests{vote="{vote:T3-N1:uncommitted, last_log:T0-N0-0}"}:vote_round_collector: openraft::core::raft_core: close
TRACE spawn_parallel_vote_requests{vote="{vote:T3-N1:uncommitted, last_log:T0-N0-0}"}: openraft::core::raft_core: close
raft_vote_save phase=write_returned owner=505132762896 term=4 leader=1 elapsed_ms=177 succeeded=Some(true)
raft_vote_save phase=wait_returned owner=505132762896 term=4 leader=1 elapsed_ms=177 succeeded=Some(true)
TRACE spawn_parallel_vote_requests{vote="{vote:T4-N1:uncommitted, last_log:T0-N0-0}"}: openraft::core::raft_core: new
DEBUG spawn_parallel_vote_requests{vote="{vote:T4-N1:uncommitted, last_log:T0-N0-0}"}:send_vote_req{target=2}: openraft::core::raft_core: new
DEBUG spawn_parallel_vote_requests{vote="{vote:T4-N1:uncommitted, last_log:T0-N0-0}"}:send_vote_req{target=3}: openraft::core::raft_core: new
DEBUG spawn_parallel_vote_requests{vote="{vote:T4-N1:uncommitted, last_log:T0-N0-0}"}:vote_round_collector: openraft::core::raft_core: new
 WARN openraft::core::raft_core: A message will be ignored because vote changed: msg sent by vote: T3-N1:uncommitted; current my vote: T4-N1:uncommitted; when (VoteResponse)
DEBUG handle_vote_resp{target=1}: openraft::engine::engine_impl: new
 INFO handle_vote_resp{target=1}: openraft::engine::engine_impl: openraft::engine::engine_impl::Engine<_>::handle_vote_resp resp={T4-N1:uncommitted, last_log:None} target=1 my_vote=T4-N1:uncommitted my_last_log_id=Some(T0-N0-0)
DEBUG handle_vote_resp{target=1}: openraft::engine::engine_impl: close
DEBUG handle_vote_request: openraft::core::raft_core: new
DEBUG handle_vote_request:handle_vote_req: openraft::engine::engine_impl: new
 INFO handle_vote_request:handle_vote_req: openraft::engine::engine_impl: Engine::handle_vote_req req={vote:T4-N1:uncommitted, last_log:T0-N0-0}
 INFO handle_vote_request:handle_vote_req: openraft::engine::engine_impl: Engine::handle_vote_req my_vote=T3-N1:uncommitted my_last_log_id=None
 INFO handle_vote_request:handle_vote_req: openraft::engine::engine_impl: now; 13:01:48.129305, vote is updated at: 13:01:47.874098, vote is updated before 255.206958ms, leader lease(400ms) will expire after 144.793042ms
 INFO handle_vote_request:handle_vote_req: openraft::engine::engine_impl: handle vote request result req={vote:T4-N1:uncommitted, last_log:T0-N0-0} result=Ok(())
DEBUG handle_vote_request:handle_vote_req: openraft::engine::engine_impl: close
DEBUG handle_vote_request: openraft::core::raft_core: close
raft_vote_save phase=submitted owner=505132766480 term=4 leader=1 elapsed_ms=0 succeeded=None
raft_vote_save phase=write_entered owner=505132766480 term=4 leader=1 elapsed_ms=0 succeeded=None
raft_vote_save phase=write_returned owner=505132771856 term=3 leader=1 elapsed_ms=240 succeeded=Some(true)
raft_vote_save phase=wait_returned owner=505132771856 term=3 leader=1 elapsed_ms=240 succeeded=Some(true)
DEBUG handle_vote_request: openraft::core::raft_core: new
DEBUG handle_vote_request:handle_vote_req: openraft::engine::engine_impl: new
 INFO handle_vote_request:handle_vote_req: openraft::engine::engine_impl: Engine::handle_vote_req req={vote:T4-N1:uncommitted, last_log:T0-N0-0}
 INFO handle_vote_request:handle_vote_req: openraft::engine::engine_impl: Engine::handle_vote_req my_vote=T3-N1:uncommitted my_last_log_id=None
 INFO handle_vote_request:handle_vote_req: openraft::engine::engine_impl: now; 13:01:48.158256, vote is updated at: 13:01:47.917400, vote is updated before 240.855625ms, leader lease(400ms) will expire after 159.144375ms
 INFO handle_vote_request:handle_vote_req: openraft::engine::engine_impl: handle vote request result req={vote:T4-N1:uncommitted, last_log:T0-N0-0} result=Ok(())
DEBUG handle_vote_request:handle_vote_req: openraft::engine::engine_impl: close
DEBUG handle_vote_request: openraft::core::raft_core: close
raft_vote_save phase=submitted owner=505132771856 term=4 leader=1 elapsed_ms=0 succeeded=None
raft_vote_save phase=write_entered owner=505132771856 term=4 leader=1 elapsed_ms=0 succeeded=None
DEBUG elect: openraft::engine::engine_impl: new
 INFO elect: openraft::engine::engine_impl: openraft::engine::engine_impl::Engine<_>::elect, new candidate: {T5-N1:uncommitted@13:01:48.180174, last_log_id:T0-N0-0 progress:{1: false, 2: false, 3: false}}
DEBUG elect: openraft::engine::engine_impl: close
raft_vote_save phase=submitted owner=505132762896 term=5 leader=1 elapsed_ms=0 succeeded=None
raft_vote_save phase=write_entered owner=505132762896 term=5 leader=1 elapsed_ms=0 succeeded=None
raft_vote_save phase=write_returned owner=505132766480 term=4 leader=1 elapsed_ms=126 succeeded=Some(true)
raft_vote_save phase=wait_returned owner=505132766480 term=4 leader=1 elapsed_ms=126 succeeded=Some(true)
 WARN openraft::core::raft_core: A message will be ignored because vote changed: msg sent by vote: T4-N1:uncommitted; current my vote: None; when (VoteResponse)
DEBUG spawn_parallel_vote_requests{vote="{vote:T4-N1:uncommitted, last_log:T0-N0-0}"}:send_vote_req{target=2}: openraft::core::raft_core: close
ERROR spawn_parallel_vote_requests{vote="{vote:T4-N1:uncommitted, last_log:T0-N0-0}"}:send_vote_req{target=3}: openraft::core::raft_core: while requesting vote error=Unreachable node: std::io::error::Error: deadline has elapsed target=3
DEBUG spawn_parallel_vote_requests{vote="{vote:T4-N1:uncommitted, last_log:T0-N0-0}"}:send_vote_req{target=3}: openraft::core::raft_core: close
DEBUG spawn_parallel_vote_requests{vote="{vote:T4-N1:uncommitted, last_log:T0-N0-0}"}:vote_round_collector: openraft::core::raft_core: close
TRACE spawn_parallel_vote_requests{vote="{vote:T4-N1:uncommitted, last_log:T0-N0-0}"}: openraft::core::raft_core: close
raft_vote_save phase=write_returned owner=505132771856 term=4 leader=1 elapsed_ms=187 succeeded=Some(true)
raft_vote_save phase=write_returned owner=505132762896 term=5 leader=1 elapsed_ms=165 succeeded=Some(true)
raft_vote_save phase=wait_returned owner=505132771856 term=4 leader=1 elapsed_ms=187 succeeded=Some(true)
raft_vote_save phase=wait_returned owner=505132762896 term=5 leader=1 elapsed_ms=165 succeeded=Some(true)
 WARN openraft::core::raft_core: A message will be ignored because vote changed: msg sent by vote: T1-N1:uncommitted; current my vote: None; when (VoteResponse)
TRACE spawn_parallel_vote_requests{vote="{vote:T5-N1:uncommitted, last_log:T0-N0-0}"}: openraft::core::raft_core: new
 WARN openraft::core::raft_core: A message will be ignored because vote changed: msg sent by vote: T2-N1:uncommitted; current my vote: None; when (VoteResponse)
 WARN openraft::core::raft_core: A message will be ignored because vote changed: msg sent by vote: T3-N1:uncommitted; current my vote: None; when (VoteResponse)
DEBUG spawn_parallel_vote_requests{vote="{vote:T5-N1:uncommitted, last_log:T0-N0-0}"}:send_vote_req{target=2}: openraft::core::raft_core: new
DEBUG spawn_parallel_vote_requests{vote="{vote:T5-N1:uncommitted, last_log:T0-N0-0}"}:send_vote_req{target=3}: openraft::core::raft_core: new
 WARN openraft::core::raft_core: A message will be ignored because vote changed: msg sent by vote: T4-N1:uncommitted; current my vote: None; when (VoteResponse)
DEBUG spawn_parallel_vote_requests{vote="{vote:T5-N1:uncommitted, last_log:T0-N0-0}"}:vote_round_collector: openraft::core::raft_core: new
 WARN openraft::core::raft_core: A message will be ignored because vote changed: msg sent by vote: T4-N1:uncommitted; current my vote: T5-N1:uncommitted; when (VoteResponse)
DEBUG handle_vote_resp{target=1}: openraft::engine::engine_impl: new
 INFO handle_vote_resp{target=1}: openraft::engine::engine_impl: openraft::engine::engine_impl::Engine<_>::handle_vote_resp resp={T5-N1:uncommitted, last_log:None} target=1 my_vote=T5-N1:uncommitted my_last_log_id=Some(T0-N0-0)
DEBUG handle_vote_resp{target=1}: openraft::engine::engine_impl: close
DEBUG handle_vote_request: openraft::core::raft_core: new
DEBUG handle_vote_request:handle_vote_req: openraft::engine::engine_impl: new
 INFO handle_vote_request:handle_vote_req: openraft::engine::engine_impl: Engine::handle_vote_req req={vote:T5-N1:uncommitted, last_log:T0-N0-0}
 INFO handle_vote_request:handle_vote_req: openraft::engine::engine_impl: Engine::handle_vote_req my_vote=T4-N1:uncommitted my_last_log_id=None
 INFO handle_vote_request:handle_vote_req: openraft::engine::engine_impl: now; 13:01:48.346147, vote is updated at: 13:01:48.158312, vote is updated before 187.835042ms, leader lease(400ms) will expire after 212.164958ms
 INFO handle_vote_request:handle_vote_req: openraft::engine::engine_impl: handle vote request result req={vote:T5-N1:uncommitted, last_log:T0-N0-0} result=Ok(())
DEBUG handle_vote_request:handle_vote_req: openraft::engine::engine_impl: close
DEBUG handle_vote_request: openraft::core::raft_core: close
raft_vote_save phase=submitted owner=505132771856 term=5 leader=1 elapsed_ms=0 succeeded=None
DEBUG handle_vote_request: openraft::core::raft_core: new
DEBUG handle_vote_request:handle_vote_req: openraft::engine::engine_impl: new
 INFO handle_vote_request:handle_vote_req: openraft::engine::engine_impl: Engine::handle_vote_req req={vote:T5-N1:uncommitted, last_log:T0-N0-0}
 INFO handle_vote_request:handle_vote_req: openraft::engine::engine_impl: Engine::handle_vote_req my_vote=T4-N1:uncommitted my_last_log_id=None
 INFO handle_vote_request:handle_vote_req: openraft::engine::engine_impl: now; 13:01:48.346389, vote is updated at: 13:01:48.129362, vote is updated before 217.026958ms, leader lease(400ms) will expire after 182.973042ms
 INFO handle_vote_request:handle_vote_req: openraft::engine::engine_impl: handle vote request result req={vote:T5-N1:uncommitted, last_log:T0-N0-0} result=Ok(())
DEBUG handle_vote_request:handle_vote_req: openraft::engine::engine_impl: close
DEBUG handle_vote_request: openraft::core::raft_core: close
raft_vote_save phase=submitted owner=505132766480 term=5 leader=1 elapsed_ms=0 succeeded=None
raft_vote_save phase=write_entered owner=505132766480 term=5 leader=1 elapsed_ms=0 succeeded=None
raft_vote_save phase=write_entered owner=505132771856 term=5 leader=1 elapsed_ms=0 succeeded=None
DEBUG elect: openraft::engine::engine_impl: new
 INFO elect: openraft::engine::engine_impl: openraft::engine::engine_impl::Engine<_>::elect, new candidate: {T6-N1:uncommitted@13:01:48.410592, last_log_id:T0-N0-0 progress:{1: false, 2: false, 3: false}}
DEBUG elect: openraft::engine::engine_impl: close
raft_vote_save phase=submitted owner=505132762896 term=6 leader=1 elapsed_ms=0 succeeded=None
raft_vote_save phase=write_entered owner=505132762896 term=6 leader=1 elapsed_ms=0 succeeded=None
ERROR spawn_parallel_vote_requests{vote="{vote:T5-N1:uncommitted, last_log:T0-N0-0}"}:send_vote_req{target=2}: openraft::core::raft_core: while requesting vote error=Unreachable node: std::io::error::Error: deadline has elapsed target=2
DEBUG spawn_parallel_vote_requests{vote="{vote:T5-N1:uncommitted, last_log:T0-N0-0}"}:send_vote_req{target=2}: openraft::core::raft_core: close
ERROR spawn_parallel_vote_requests{vote="{vote:T5-N1:uncommitted, last_log:T0-N0-0}"}:send_vote_req{target=3}: openraft::core::raft_core: while requesting vote error=Unreachable node: std::io::error::Error: deadline has elapsed target=3
DEBUG spawn_parallel_vote_requests{vote="{vote:T5-N1:uncommitted, last_log:T0-N0-0}"}:send_vote_req{target=3}: openraft::core::raft_core: close
DEBUG spawn_parallel_vote_requests{vote="{vote:T5-N1:uncommitted, last_log:T0-N0-0}"}:vote_round_collector: openraft::core::raft_core: close
TRACE spawn_parallel_vote_requests{vote="{vote:T5-N1:uncommitted, last_log:T0-N0-0}"}: openraft::core::raft_core: close
raft_vote_save phase=write_returned owner=505132766480 term=5 leader=1 elapsed_ms=205 succeeded=Some(true)
raft_vote_save phase=write_returned owner=505132771856 term=5 leader=1 elapsed_ms=205 succeeded=Some(true)
raft_vote_save phase=wait_returned owner=505132766480 term=5 leader=1 elapsed_ms=208 succeeded=Some(true)
 WARN openraft::core::raft_core: A message will be ignored because vote changed: msg sent by vote: T5-N1:uncommitted; current my vote: None; when (VoteResponse)
raft_vote_save phase=wait_returned owner=505132771856 term=5 leader=1 elapsed_ms=208 succeeded=Some(true)
 WARN openraft::core::raft_core: A message will be ignored because vote changed: msg sent by vote: T5-N1:uncommitted; current my vote: None; when (VoteResponse)
raft_vote_save phase=write_returned owner=505132762896 term=6 leader=1 elapsed_ms=182 succeeded=Some(true)
raft_vote_save phase=wait_returned owner=505132762896 term=6 leader=1 elapsed_ms=183 succeeded=Some(true)
TRACE spawn_parallel_vote_requests{vote="{vote:T6-N1:uncommitted, last_log:T0-N0-0}"}: openraft::core::raft_core: new
DEBUG spawn_parallel_vote_requests{vote="{vote:T6-N1:uncommitted, last_log:T0-N0-0}"}:send_vote_req{target=2}: openraft::core::raft_core: new
DEBUG spawn_parallel_vote_requests{vote="{vote:T6-N1:uncommitted, last_log:T0-N0-0}"}:send_vote_req{target=3}: openraft::core::raft_core: new
DEBUG spawn_parallel_vote_requests{vote="{vote:T6-N1:uncommitted, last_log:T0-N0-0}"}:vote_round_collector: openraft::core::raft_core: new
DEBUG handle_vote_resp{target=1}: openraft::engine::engine_impl: new
 INFO handle_vote_resp{target=1}: openraft::engine::engine_impl: openraft::engine::engine_impl::Engine<_>::handle_vote_resp resp={T6-N1:uncommitted, last_log:None} target=1 my_vote=T6-N1:uncommitted my_last_log_id=Some(T0-N0-0)
DEBUG handle_vote_resp{target=1}: openraft::engine::engine_impl: close
DEBUG handle_vote_request: openraft::core::raft_core: new
DEBUG handle_vote_request:handle_vote_req: openraft::engine::engine_impl: new
 INFO handle_vote_request:handle_vote_req: openraft::engine::engine_impl: Engine::handle_vote_req req={vote:T6-N1:uncommitted, last_log:T0-N0-0}
 INFO handle_vote_request:handle_vote_req: openraft::engine::engine_impl: Engine::handle_vote_req my_vote=T5-N1:uncommitted my_last_log_id=None
DEBUG handle_vote_request: openraft::core::raft_core: new
 INFO handle_vote_request:handle_vote_req: openraft::engine::engine_impl: now; 13:01:48.594350, vote is updated at: 13:01:48.346192, vote is updated before 248.157792ms, leader lease(400ms) will expire after 151.842208ms
DEBUG handle_vote_request:handle_vote_req: openraft::engine::engine_impl: new
 INFO handle_vote_request:handle_vote_req: openraft::engine::engine_impl: Engine::handle_vote_req req={vote:T6-N1:uncommitted, last_log:T0-N0-0}
 INFO handle_vote_request:handle_vote_req: openraft::engine::engine_impl: Engine::handle_vote_req my_vote=T5-N1:uncommitted my_last_log_id=None
 INFO handle_vote_request:handle_vote_req: openraft::engine::engine_impl: handle vote request result req={vote:T6-N1:uncommitted, last_log:T0-N0-0} result=Ok(())
DEBUG handle_vote_request:handle_vote_req: openraft::engine::engine_impl: close
DEBUG handle_vote_request: openraft::core::raft_core: close
 INFO handle_vote_request:handle_vote_req: openraft::engine::engine_impl: now; 13:01:48.594457, vote is updated at: 13:01:48.346434, vote is updated before 248.02275ms, leader lease(400ms) will expire after 151.97725ms
 INFO handle_vote_request:handle_vote_req: openraft::engine::engine_impl: handle vote request result req={vote:T6-N1:uncommitted, last_log:T0-N0-0} result=Ok(())
raft_vote_save phase=submitted owner=505132771856 term=6 leader=1 elapsed_ms=0 succeeded=None
DEBUG handle_vote_request:handle_vote_req: openraft::engine::engine_impl: close
DEBUG handle_vote_request: openraft::core::raft_core: close
raft_vote_save phase=write_entered owner=505132771856 term=6 leader=1 elapsed_ms=0 succeeded=None
raft_vote_save phase=submitted owner=505132766480 term=6 leader=1 elapsed_ms=0 succeeded=None
raft_vote_save phase=write_entered owner=505132766480 term=6 leader=1 elapsed_ms=0 succeeded=None
DEBUG elect: openraft::engine::engine_impl: new
 INFO elect: openraft::engine::engine_impl: openraft::engine::engine_impl::Engine<_>::elect, new candidate: {T7-N1:uncommitted@13:01:48.640249, last_log_id:T0-N0-0 progress:{1: false, 2: false, 3: false}}
DEBUG elect: openraft::engine::engine_impl: close
raft_vote_save phase=submitted owner=505132762896 term=7 leader=1 elapsed_ms=0 succeeded=None
raft_vote_save phase=write_entered owner=505132762896 term=7 leader=1 elapsed_ms=0 succeeded=None
raft_vote_save phase=write_returned owner=505132766480 term=6 leader=1 elapsed_ms=186 succeeded=Some(true)
raft_vote_save phase=wait_returned owner=505132766480 term=6 leader=1 elapsed_ms=186 succeeded=Some(true)
 WARN openraft::core::raft_core: A message will be ignored because vote changed: msg sent by vote: T6-N1:uncommitted; current my vote: None; when (VoteResponse)
DEBUG spawn_parallel_vote_requests{vote="{vote:T6-N1:uncommitted, last_log:T0-N0-0}"}:send_vote_req{target=2}: openraft::core::raft_core: close
ERROR spawn_parallel_vote_requests{vote="{vote:T6-N1:uncommitted, last_log:T0-N0-0}"}:send_vote_req{target=3}: openraft::core::raft_core: while requesting vote error=Unreachable node: std::io::error::Error: deadline has elapsed target=3
DEBUG spawn_parallel_vote_requests{vote="{vote:T6-N1:uncommitted, last_log:T0-N0-0}"}:send_vote_req{target=3}: openraft::core::raft_core: close
DEBUG spawn_parallel_vote_requests{vote="{vote:T6-N1:uncommitted, last_log:T0-N0-0}"}:vote_round_collector: openraft::core::raft_core: close
TRACE spawn_parallel_vote_requests{vote="{vote:T6-N1:uncommitted, last_log:T0-N0-0}"}: openraft::core::raft_core: close
raft_vote_save phase=write_returned owner=505132771856 term=6 leader=1 elapsed_ms=209 succeeded=Some(true)
raft_vote_save phase=wait_returned owner=505132771856 term=6 leader=1 elapsed_ms=210 succeeded=Some(true)
 WARN openraft::core::raft_core: A message will be ignored because vote changed: msg sent by vote: T6-N1:uncommitted; current my vote: None; when (VoteResponse)
raft_vote_save phase=write_returned owner=505132762896 term=7 leader=1 elapsed_ms=215 succeeded=Some(true)
raft_vote_save phase=wait_returned owner=505132762896 term=7 leader=1 elapsed_ms=216 succeeded=Some(true)
TRACE spawn_parallel_vote_requests{vote="{vote:T7-N1:uncommitted, last_log:T0-N0-0}"}: openraft::core::raft_core: new
DEBUG spawn_parallel_vote_requests{vote="{vote:T7-N1:uncommitted, last_log:T0-N0-0}"}:send_vote_req{target=2}: openraft::core::raft_core: new
DEBUG spawn_parallel_vote_requests{vote="{vote:T7-N1:uncommitted, last_log:T0-N0-0}"}:send_vote_req{target=3}: openraft::core::raft_core: new
DEBUG spawn_parallel_vote_requests{vote="{vote:T7-N1:uncommitted, last_log:T0-N0-0}"}:vote_round_collector: openraft::core::raft_core: new
 WARN openraft::core::raft_core: A message will be ignored because vote changed: msg sent by vote: T6-N1:uncommitted; current my vote: T7-N1:uncommitted; when (VoteResponse)
DEBUG handle_vote_resp{target=1}: openraft::engine::engine_impl: new
 INFO handle_vote_resp{target=1}: openraft::engine::engine_impl: openraft::engine::engine_impl::Engine<_>::handle_vote_resp resp={T7-N1:uncommitted, last_log:None} target=1 my_vote=T7-N1:uncommitted my_last_log_id=Some(T0-N0-0)
DEBUG handle_vote_resp{target=1}: openraft::engine::engine_impl: close
DEBUG handle_vote_request: openraft::core::raft_core: new
DEBUG handle_vote_request:handle_vote_req: openraft::engine::engine_impl: new
 INFO handle_vote_request:handle_vote_req: openraft::engine::engine_impl: Engine::handle_vote_req req={vote:T7-N1:uncommitted, last_log:T0-N0-0}
 INFO handle_vote_request:handle_vote_req: openraft::engine::engine_impl: Engine::handle_vote_req my_vote=T6-N1:uncommitted my_last_log_id=None
 INFO handle_vote_request:handle_vote_req: openraft::engine::engine_impl: now; 13:01:48.856938, vote is updated at: 13:01:48.594445, vote is updated before 262.493417ms, leader lease(400ms) will expire after 137.506583ms
 INFO handle_vote_request:handle_vote_req: openraft::engine::engine_impl: handle vote request result req={vote:T7-N1:uncommitted, last_log:T0-N0-0} result=Ok(())
DEBUG handle_vote_request:handle_vote_req: openraft::engine::engine_impl: close
DEBUG handle_vote_request: openraft::core::raft_core: close
raft_vote_save phase=submitted owner=505132771856 term=7 leader=1 elapsed_ms=0 succeeded=None
DEBUG handle_vote_request: openraft::core::raft_core: new
DEBUG handle_vote_request:handle_vote_req: openraft::engine::engine_impl: new
 INFO handle_vote_request:handle_vote_req: openraft::engine::engine_impl: Engine::handle_vote_req req={vote:T7-N1:uncommitted, last_log:T0-N0-0}
 INFO handle_vote_request:handle_vote_req: openraft::engine::engine_impl: Engine::handle_vote_req my_vote=T6-N1:uncommitted my_last_log_id=None
 INFO handle_vote_request:handle_vote_req: openraft::engine::engine_impl: now; 13:01:48.857086, vote is updated at: 13:01:48.594500, vote is updated before 262.586334ms, leader lease(400ms) will expire after 137.413666ms
 INFO handle_vote_request:handle_vote_req: openraft::engine::engine_impl: handle vote request result req={vote:T7-N1:uncommitted, last_log:T0-N0-0} result=Ok(())
DEBUG handle_vote_request:handle_vote_req: openraft::engine::engine_impl: close
DEBUG handle_vote_request: openraft::core::raft_core: close
raft_vote_save phase=submitted owner=505132766480 term=7 leader=1 elapsed_ms=0 succeeded=None
raft_vote_save phase=write_entered owner=505132771856 term=7 leader=1 elapsed_ms=2 succeeded=None
raft_vote_save phase=write_entered owner=505132766480 term=7 leader=1 elapsed_ms=4 succeeded=None
DEBUG elect: openraft::engine::engine_impl: new
 INFO elect: openraft::engine::engine_impl: openraft::engine::engine_impl::Engine<_>::elect, new candidate: {T8-N1:uncommitted@13:01:48.875438, last_log_id:T0-N0-0 progress:{1: false, 2: false, 3: false}}
DEBUG elect: openraft::engine::engine_impl: close
raft_vote_save phase=submitted owner=505132762896 term=8 leader=1 elapsed_ms=0 succeeded=None
raft_vote_save phase=write_entered owner=505132762896 term=8 leader=1 elapsed_ms=1 succeeded=None
ERROR spawn_parallel_vote_requests{vote="{vote:T7-N1:uncommitted, last_log:T0-N0-0}"}:send_vote_req{target=2}: openraft::core::raft_core: while requesting vote error=Unreachable node: std::io::error::Error: deadline has elapsed target=2
DEBUG spawn_parallel_vote_requests{vote="{vote:T7-N1:uncommitted, last_log:T0-N0-0}"}:send_vote_req{target=2}: openraft::core::raft_core: close
ERROR spawn_parallel_vote_requests{vote="{vote:T7-N1:uncommitted, last_log:T0-N0-0}"}:send_vote_req{target=3}: openraft::core::raft_core: while requesting vote error=Unreachable node: std::io::error::Error: deadline has elapsed target=3
DEBUG spawn_parallel_vote_requests{vote="{vote:T7-N1:uncommitted, last_log:T0-N0-0}"}:send_vote_req{target=3}: openraft::core::raft_core: close
DEBUG spawn_parallel_vote_requests{vote="{vote:T7-N1:uncommitted, last_log:T0-N0-0}"}:vote_round_collector: openraft::core::raft_core: close
TRACE spawn_parallel_vote_requests{vote="{vote:T7-N1:uncommitted, last_log:T0-N0-0}"}: openraft::core::raft_core: close
raft_vote_save phase=write_returned owner=505132762896 term=8 leader=1 elapsed_ms=241 succeeded=Some(true)
raft_vote_save phase=wait_returned owner=505132762896 term=8 leader=1 elapsed_ms=242 succeeded=Some(true)
TRACE spawn_parallel_vote_requests{vote="{vote:T8-N1:uncommitted, last_log:T0-N0-0}"}: openraft::core::raft_core: new
DEBUG spawn_parallel_vote_requests{vote="{vote:T8-N1:uncommitted, last_log:T0-N0-0}"}:send_vote_req{target=2}: openraft::core::raft_core: new
DEBUG spawn_parallel_vote_requests{vote="{vote:T8-N1:uncommitted, last_log:T0-N0-0}"}:send_vote_req{target=3}: openraft::core::raft_core: new
DEBUG spawn_parallel_vote_requests{vote="{vote:T8-N1:uncommitted, last_log:T0-N0-0}"}:vote_round_collector: openraft::core::raft_core: new
DEBUG elect: openraft::engine::engine_impl: new
 INFO elect: openraft::engine::engine_impl: openraft::engine::engine_impl::Engine<_>::elect, new candidate: {T9-N1:uncommitted@13:01:49.118368, last_log_id:T0-N0-0 progress:{1: false, 2: false, 3: false}}
DEBUG elect: openraft::engine::engine_impl: close
raft_vote_save phase=submitted owner=505132762896 term=9 leader=1 elapsed_ms=0 succeeded=None
raft_vote_save phase=write_entered owner=505132762896 term=9 leader=1 elapsed_ms=0 succeeded=None
raft_vote_save phase=write_returned owner=505132771856 term=7 leader=1 elapsed_ms=305 succeeded=Some(true)
raft_vote_save phase=wait_returned owner=505132771856 term=7 leader=1 elapsed_ms=306 succeeded=Some(true)
DEBUG handle_vote_request: openraft::core::raft_core: new
DEBUG handle_vote_request:handle_vote_req: openraft::engine::engine_impl: new
 INFO handle_vote_request:handle_vote_req: openraft::engine::engine_impl: Engine::handle_vote_req req={vote:T8-N1:uncommitted, last_log:T0-N0-0}
 INFO handle_vote_request:handle_vote_req: openraft::engine::engine_impl: Engine::handle_vote_req my_vote=T7-N1:uncommitted my_last_log_id=None
 INFO handle_vote_request:handle_vote_req: openraft::engine::engine_impl: now; 13:01:49.163260, vote is updated at: 13:01:48.856987, vote is updated before 306.272667ms, leader lease(400ms) will expire after 93.727333ms
 INFO handle_vote_request:handle_vote_req: openraft::engine::engine_impl: handle vote request result req={vote:T8-N1:uncommitted, last_log:T0-N0-0} result=Ok(())
DEBUG handle_vote_request:handle_vote_req: openraft::engine::engine_impl: close
DEBUG handle_vote_request: openraft::core::raft_core: close
raft_vote_save phase=submitted owner=505132771856 term=8 leader=1 elapsed_ms=0 succeeded=None
raft_vote_save phase=write_entered owner=505132771856 term=8 leader=1 elapsed_ms=0 succeeded=None
raft_vote_save phase=write_returned owner=505132766480 term=7 leader=1 elapsed_ms=327 succeeded=Some(true)
raft_vote_save phase=wait_returned owner=505132766480 term=7 leader=1 elapsed_ms=327 succeeded=Some(true)
DEBUG handle_vote_request: openraft::core::raft_core: new
DEBUG handle_vote_request:handle_vote_req: openraft::engine::engine_impl: new
 INFO handle_vote_request:handle_vote_req: openraft::engine::engine_impl: Engine::handle_vote_req req={vote:T8-N1:uncommitted, last_log:T0-N0-0}
 INFO handle_vote_request:handle_vote_req: openraft::engine::engine_impl: Engine::handle_vote_req my_vote=T7-N1:uncommitted my_last_log_id=None
 INFO handle_vote_request:handle_vote_req: openraft::engine::engine_impl: now; 13:01:49.185129, vote is updated at: 13:01:48.857118, vote is updated before 328.010417ms, leader lease(400ms) will expire after 71.989583ms
 INFO handle_vote_request:handle_vote_req: openraft::engine::engine_impl: handle vote request result req={vote:T8-N1:uncommitted, last_log:T0-N0-0} result=Ok(())
DEBUG handle_vote_request:handle_vote_req: openraft::engine::engine_impl: close
DEBUG handle_vote_request: openraft::core::raft_core: close
raft_vote_save phase=submitted owner=505132766480 term=8 leader=1 elapsed_ms=0 succeeded=None
raft_vote_save phase=write_entered owner=505132766480 term=8 leader=1 elapsed_ms=0 succeeded=None
ERROR spawn_parallel_vote_requests{vote="{vote:T8-N1:uncommitted, last_log:T0-N0-0}"}:send_vote_req{target=2}: openraft::core::raft_core: while requesting vote error=Unreachable node: std::io::error::Error: deadline has elapsed target=2
DEBUG spawn_parallel_vote_requests{vote="{vote:T8-N1:uncommitted, last_log:T0-N0-0}"}:send_vote_req{target=2}: openraft::core::raft_core: close
ERROR spawn_parallel_vote_requests{vote="{vote:T8-N1:uncommitted, last_log:T0-N0-0}"}:send_vote_req{target=3}: openraft::core::raft_core: while requesting vote error=Unreachable node: std::io::error::Error: deadline has elapsed target=3
DEBUG spawn_parallel_vote_requests{vote="{vote:T8-N1:uncommitted, last_log:T0-N0-0}"}:send_vote_req{target=3}: openraft::core::raft_core: close
DEBUG spawn_parallel_vote_requests{vote="{vote:T8-N1:uncommitted, last_log:T0-N0-0}"}:vote_round_collector: openraft::core::raft_core: close
TRACE spawn_parallel_vote_requests{vote="{vote:T8-N1:uncommitted, last_log:T0-N0-0}"}: openraft::core::raft_core: close
raft_vote_save phase=write_returned owner=505132771856 term=8 leader=1 elapsed_ms=207 succeeded=Some(true)
raft_vote_save phase=wait_returned owner=505132771856 term=8 leader=1 elapsed_ms=207 succeeded=Some(true)
 WARN openraft::core::raft_core: A message will be ignored because vote changed: msg sent by vote: T7-N1:uncommitted; current my vote: None; when (VoteResponse)
 WARN openraft::core::raft_core: A message will be ignored because vote changed: msg sent by vote: T8-N1:uncommitted; current my vote: None; when (VoteResponse)
raft_vote_save phase=write_returned owner=505132762896 term=9 leader=1 elapsed_ms=291 succeeded=Some(true)
raft_vote_save phase=wait_returned owner=505132762896 term=9 leader=1 elapsed_ms=291 succeeded=Some(true)
TRACE spawn_parallel_vote_requests{vote="{vote:T9-N1:uncommitted, last_log:T0-N0-0}"}: openraft::core::raft_core: new
DEBUG spawn_parallel_vote_requests{vote="{vote:T9-N1:uncommitted, last_log:T0-N0-0}"}:send_vote_req{target=2}: openraft::core::raft_core: new
DEBUG spawn_parallel_vote_requests{vote="{vote:T9-N1:uncommitted, last_log:T0-N0-0}"}:send_vote_req{target=3}: openraft::core::raft_core: new
DEBUG spawn_parallel_vote_requests{vote="{vote:T9-N1:uncommitted, last_log:T0-N0-0}"}:vote_round_collector: openraft::core::raft_core: new
DEBUG elect: openraft::engine::engine_impl: new
 INFO elect: openraft::engine::engine_impl: openraft::engine::engine_impl::Engine<_>::elect, new candidate: {T10-N1:uncommitted@13:01:49.410005, last_log_id:T0-N0-0 progress:{1: false, 2: false, 3: false}}
DEBUG elect: openraft::engine::engine_impl: close
raft_vote_save phase=submitted owner=505132762896 term=10 leader=1 elapsed_ms=0 succeeded=None
DEBUG handle_vote_request: openraft::core::raft_core: new
DEBUG handle_vote_request:handle_vote_req: openraft::engine::engine_impl: new
 INFO handle_vote_request:handle_vote_req: openraft::engine::engine_impl: Engine::handle_vote_req req={vote:T9-N1:uncommitted, last_log:T0-N0-0}
 INFO handle_vote_request:handle_vote_req: openraft::engine::engine_impl: Engine::handle_vote_req my_vote=T8-N1:uncommitted my_last_log_id=None
 INFO handle_vote_request:handle_vote_req: openraft::engine::engine_impl: now; 13:01:49.410205, vote is updated at: 13:01:49.163316, vote is updated before 246.889917ms, leader lease(400ms) will expire after 153.110083ms
 INFO handle_vote_request:handle_vote_req: openraft::engine::engine_impl: handle vote request result req={vote:T9-N1:uncommitted, last_log:T0-N0-0} result=Ok(())
raft_vote_save phase=write_entered owner=505132762896 term=10 leader=1 elapsed_ms=0 succeeded=None
DEBUG handle_vote_request:handle_vote_req: openraft::engine::engine_impl: close
DEBUG handle_vote_request: openraft::core::raft_core: close
raft_vote_save phase=submitted owner=505132771856 term=9 leader=1 elapsed_ms=0 succeeded=None
raft_vote_save phase=write_entered owner=505132771856 term=9 leader=1 elapsed_ms=0 succeeded=None
raft_vote_save phase=write_returned owner=505132766480 term=8 leader=1 elapsed_ms=255 succeeded=Some(true)
raft_vote_save phase=wait_returned owner=505132766480 term=8 leader=1 elapsed_ms=255 succeeded=Some(true)
DEBUG handle_vote_request: openraft::core::raft_core: new
DEBUG handle_vote_request:handle_vote_req: openraft::engine::engine_impl: new
 INFO handle_vote_request:handle_vote_req: openraft::engine::engine_impl: Engine::handle_vote_req req={vote:T9-N1:uncommitted, last_log:T0-N0-0}
 INFO handle_vote_request:handle_vote_req: openraft::engine::engine_impl: Engine::handle_vote_req my_vote=T8-N1:uncommitted my_last_log_id=None
 INFO handle_vote_request:handle_vote_req: openraft::engine::engine_impl: now; 13:01:49.440754, vote is updated at: 13:01:49.185193, vote is updated before 255.560084ms, leader lease(400ms) will expire after 144.439916ms
 INFO handle_vote_request:handle_vote_req: openraft::engine::engine_impl: handle vote request result req={vote:T9-N1:uncommitted, last_log:T0-N0-0} result=Ok(())
DEBUG handle_vote_request:handle_vote_req: openraft::engine::engine_impl: close
DEBUG handle_vote_request: openraft::core::raft_core: close
raft_vote_save phase=submitted owner=505132766480 term=9 leader=1 elapsed_ms=0 succeeded=None
raft_vote_save phase=write_entered owner=505132766480 term=9 leader=1 elapsed_ms=0 succeeded=None
ERROR spawn_parallel_vote_requests{vote="{vote:T9-N1:uncommitted, last_log:T0-N0-0}"}:send_vote_req{target=2}: openraft::core::raft_core: while requesting vote error=Unreachable node: std::io::error::Error: deadline has elapsed target=2
DEBUG spawn_parallel_vote_requests{vote="{vote:T9-N1:uncommitted, last_log:T0-N0-0}"}:send_vote_req{target=2}: openraft::core::raft_core: close
ERROR spawn_parallel_vote_requests{vote="{vote:T9-N1:uncommitted, last_log:T0-N0-0}"}:send_vote_req{target=3}: openraft::core::raft_core: while requesting vote error=Unreachable node: std::io::error::Error: deadline has elapsed target=3
DEBUG spawn_parallel_vote_requests{vote="{vote:T9-N1:uncommitted, last_log:T0-N0-0}"}:send_vote_req{target=3}: openraft::core::raft_core: close
DEBUG spawn_parallel_vote_requests{vote="{vote:T9-N1:uncommitted, last_log:T0-N0-0}"}:vote_round_collector: openraft::core::raft_core: close
TRACE spawn_parallel_vote_requests{vote="{vote:T9-N1:uncommitted, last_log:T0-N0-0}"}: openraft::core::raft_core: close
raft_vote_save phase=write_returned owner=505132762896 term=10 leader=1 elapsed_ms=229 succeeded=Some(true)
raft_vote_save phase=wait_returned owner=505132762896 term=10 leader=1 elapsed_ms=229 succeeded=Some(true)
TRACE spawn_parallel_vote_requests{vote="{vote:T10-N1:uncommitted, last_log:T0-N0-0}"}: openraft::core::raft_core: new
DEBUG spawn_parallel_vote_requests{vote="{vote:T10-N1:uncommitted, last_log:T0-N0-0}"}:send_vote_req{target=2}: openraft::core::raft_core: new
DEBUG spawn_parallel_vote_requests{vote="{vote:T10-N1:uncommitted, last_log:T0-N0-0}"}:send_vote_req{target=3}: openraft::core::raft_core: new
DEBUG spawn_parallel_vote_requests{vote="{vote:T10-N1:uncommitted, last_log:T0-N0-0}"}:vote_round_collector: openraft::core::raft_core: new
DEBUG elect: openraft::engine::engine_impl: new
 INFO elect: openraft::engine::engine_impl: openraft::engine::engine_impl::Engine<_>::elect, new candidate: {T11-N1:uncommitted@13:01:49.639706, last_log_id:T0-N0-0 progress:{1: false, 2: false, 3: false}}
DEBUG elect: openraft::engine::engine_impl: close
raft_vote_save phase=submitted owner=505132762896 term=11 leader=1 elapsed_ms=0 succeeded=None
raft_vote_save phase=write_entered owner=505132762896 term=11 leader=1 elapsed_ms=0 succeeded=None
raft_vote_save phase=write_returned owner=505132771856 term=9 leader=1 elapsed_ms=235 succeeded=Some(true)
raft_vote_save phase=wait_returned owner=505132771856 term=9 leader=1 elapsed_ms=235 succeeded=Some(true)
DEBUG handle_vote_request: openraft::core::raft_core: new
DEBUG handle_vote_request:handle_vote_req: openraft::engine::engine_impl: new
 INFO handle_vote_request:handle_vote_req: openraft::engine::engine_impl: Engine::handle_vote_req req={vote:T10-N1:uncommitted, last_log:T0-N0-0}
 INFO handle_vote_request:handle_vote_req: openraft::engine::engine_impl: Engine::handle_vote_req my_vote=T9-N1:uncommitted my_last_log_id=None
 INFO handle_vote_request:handle_vote_req: openraft::engine::engine_impl: now; 13:01:49.646284, vote is updated at: 13:01:49.410247, vote is updated before 236.036875ms, leader lease(400ms) will expire after 163.963125ms
 INFO handle_vote_request:handle_vote_req: openraft::engine::engine_impl: handle vote request result req={vote:T10-N1:uncommitted, last_log:T0-N0-0} result=Ok(())
DEBUG handle_vote_request:handle_vote_req: openraft::engine::engine_impl: close
DEBUG handle_vote_request: openraft::core::raft_core: close
raft_vote_save phase=submitted owner=505132771856 term=10 leader=1 elapsed_ms=0 succeeded=None
raft_vote_save phase=write_entered owner=505132771856 term=10 leader=1 elapsed_ms=0 succeeded=None
raft_vote_save phase=write_returned owner=505132766480 term=9 leader=1 elapsed_ms=264 succeeded=Some(true)
raft_vote_save phase=wait_returned owner=505132766480 term=9 leader=1 elapsed_ms=269 succeeded=Some(true)
DEBUG handle_vote_request: openraft::core::raft_core: new
DEBUG handle_vote_request:handle_vote_req: openraft::engine::engine_impl: new
 INFO handle_vote_request:handle_vote_req: openraft::engine::engine_impl: Engine::handle_vote_req req={vote:T10-N1:uncommitted, last_log:T0-N0-0}
 INFO handle_vote_request:handle_vote_req: openraft::engine::engine_impl: Engine::handle_vote_req my_vote=T9-N1:uncommitted my_last_log_id=None
 INFO handle_vote_request:handle_vote_req: openraft::engine::engine_impl: now; 13:01:49.710817, vote is updated at: 13:01:49.440817, vote is updated before 270ms, leader lease(400ms) will expire after 130ms
 INFO handle_vote_request:handle_vote_req: openraft::engine::engine_impl: handle vote request result req={vote:T10-N1:uncommitted, last_log:T0-N0-0} result=Ok(())
DEBUG handle_vote_request:handle_vote_req: openraft::engine::engine_impl: close
DEBUG handle_vote_request: openraft::core::raft_core: close
raft_vote_save phase=submitted owner=505132766480 term=10 leader=1 elapsed_ms=0 succeeded=None
raft_vote_save phase=write_entered owner=505132766480 term=10 leader=1 elapsed_ms=1 succeeded=None
ERROR spawn_parallel_vote_requests{vote="{vote:T10-N1:uncommitted, last_log:T0-N0-0}"}:send_vote_req{target=2}: openraft::core::raft_core: while requesting vote error=Unreachable node: std::io::error::Error: deadline has elapsed target=2
DEBUG spawn_parallel_vote_requests{vote="{vote:T10-N1:uncommitted, last_log:T0-N0-0}"}:send_vote_req{target=2}: openraft::core::raft_core: close
ERROR spawn_parallel_vote_requests{vote="{vote:T10-N1:uncommitted, last_log:T0-N0-0}"}:send_vote_req{target=3}: openraft::core::raft_core: while requesting vote error=Unreachable node: std::io::error::Error: deadline has elapsed target=3
DEBUG spawn_parallel_vote_requests{vote="{vote:T10-N1:uncommitted, last_log:T0-N0-0}"}:send_vote_req{target=3}: openraft::core::raft_core: close
DEBUG spawn_parallel_vote_requests{vote="{vote:T10-N1:uncommitted, last_log:T0-N0-0}"}:vote_round_collector: openraft::core::raft_core: close
TRACE spawn_parallel_vote_requests{vote="{vote:T10-N1:uncommitted, last_log:T0-N0-0}"}: openraft::core::raft_core: close
raft_vote_save phase=write_returned owner=505132771856 term=10 leader=1 elapsed_ms=198 succeeded=Some(true)
raft_vote_save phase=wait_returned owner=505132771856 term=10 leader=1 elapsed_ms=198 succeeded=Some(true)
 WARN openraft::core::raft_core: A message will be ignored because vote changed: msg sent by vote: T9-N1:uncommitted; current my vote: None; when (VoteResponse)
 WARN openraft::core::raft_core: A message will be ignored because vote changed: msg sent by vote: T10-N1:uncommitted; current my vote: None; when (VoteResponse)
raft_vote_save phase=write_returned owner=505132762896 term=11 leader=1 elapsed_ms=225 succeeded=Some(true)
raft_vote_save phase=wait_returned owner=505132762896 term=11 leader=1 elapsed_ms=226 succeeded=Some(true)
TRACE spawn_parallel_vote_requests{vote="{vote:T11-N1:uncommitted, last_log:T0-N0-0}"}: openraft::core::raft_core: new
DEBUG spawn_parallel_vote_requests{vote="{vote:T11-N1:uncommitted, last_log:T0-N0-0}"}:send_vote_req{target=2}: openraft::core::raft_core: new
DEBUG spawn_parallel_vote_requests{vote="{vote:T11-N1:uncommitted, last_log:T0-N0-0}"}:send_vote_req{target=3}: openraft::core::raft_core: new
DEBUG spawn_parallel_vote_requests{vote="{vote:T11-N1:uncommitted, last_log:T0-N0-0}"}:vote_round_collector: openraft::core::raft_core: new
 WARN openraft::core::raft_core: A message will be ignored because vote changed: msg sent by vote: T8-N1:uncommitted; current my vote: T11-N1:uncommitted; when (VoteResponse)
DEBUG elect: openraft::engine::engine_impl: new
 INFO elect: openraft::engine::engine_impl: openraft::engine::engine_impl::Engine<_>::elect, new candidate: {T12-N1:uncommitted@13:01:49.866674, last_log_id:T0-N0-0 progress:{1: false, 2: false, 3: false}}
DEBUG elect: openraft::engine::engine_impl: close
raft_vote_save phase=submitted owner=505132762896 term=12 leader=1 elapsed_ms=0 succeeded=None
raft_vote_save phase=write_entered owner=505132762896 term=12 leader=1 elapsed_ms=0 succeeded=None
DEBUG handle_vote_request: openraft::core::raft_core: new
DEBUG handle_vote_request:handle_vote_req: openraft::engine::engine_impl: new
 INFO handle_vote_request:handle_vote_req: openraft::engine::engine_impl: Engine::handle_vote_req req={vote:T11-N1:uncommitted, last_log:T0-N0-0}
 INFO handle_vote_request:handle_vote_req: openraft::engine::engine_impl: Engine::handle_vote_req my_vote=T10-N1:uncommitted my_last_log_id=None
 INFO handle_vote_request:handle_vote_req: openraft::engine::engine_impl: now; 13:01:49.866928, vote is updated at: 13:01:49.646349, vote is updated before 220.578584ms, leader lease(400ms) will expire after 179.421416ms
 INFO handle_vote_request:handle_vote_req: openraft::engine::engine_impl: handle vote request result req={vote:T11-N1:uncommitted, last_log:T0-N0-0} result=Ok(())
DEBUG handle_vote_request:handle_vote_req: openraft::engine::engine_impl: close
DEBUG handle_vote_request: openraft::core::raft_core: close
raft_vote_save phase=submitted owner=505132771856 term=11 leader=1 elapsed_ms=0 succeeded=None
raft_vote_save phase=write_entered owner=505132771856 term=11 leader=1 elapsed_ms=0 succeeded=None
raft_vote_save phase=write_returned owner=505132766480 term=10 leader=1 elapsed_ms=247 succeeded=Some(true)
raft_vote_save phase=wait_returned owner=505132766480 term=10 leader=1 elapsed_ms=247 succeeded=Some(true)
DEBUG handle_vote_request: openraft::core::raft_core: new
DEBUG handle_vote_request:handle_vote_req: openraft::engine::engine_impl: new
 INFO handle_vote_request:handle_vote_req: openraft::engine::engine_impl: Engine::handle_vote_req req={vote:T11-N1:uncommitted, last_log:T0-N0-0}
 INFO handle_vote_request:handle_vote_req: openraft::engine::engine_impl: Engine::handle_vote_req my_vote=T10-N1:uncommitted my_last_log_id=None
 INFO handle_vote_request:handle_vote_req: openraft::engine::engine_impl: now; 13:01:49.958332, vote is updated at: 13:01:49.711026, vote is updated before 247.306375ms, leader lease(400ms) will expire after 152.693625ms
 INFO handle_vote_request:handle_vote_req: openraft::engine::engine_impl: handle vote request result req={vote:T11-N1:uncommitted, last_log:T0-N0-0} result=Ok(())
DEBUG handle_vote_request:handle_vote_req: openraft::engine::engine_impl: close
DEBUG handle_vote_request: openraft::core::raft_core: close
raft_vote_save phase=submitted owner=505132766480 term=11 leader=1 elapsed_ms=0 succeeded=None
raft_vote_save phase=write_entered owner=505132766480 term=11 leader=1 elapsed_ms=0 succeeded=None
raft_vote_save phase=write_returned owner=505132771856 term=11 leader=1 elapsed_ms=195 succeeded=Some(true)
raft_vote_save phase=wait_returned owner=505132771856 term=11 leader=1 elapsed_ms=196 succeeded=Some(true)
 WARN openraft::core::raft_core: A message will be ignored because vote changed: msg sent by vote: T11-N1:uncommitted; current my vote: None; when (VoteResponse)
DEBUG spawn_parallel_vote_requests{vote="{vote:T11-N1:uncommitted, last_log:T0-N0-0}"}:send_vote_req{target=3}: openraft::core::raft_core: close
ERROR spawn_parallel_vote_requests{vote="{vote:T11-N1:uncommitted, last_log:T0-N0-0}"}:send_vote_req{target=2}: openraft::core::raft_core: while requesting vote error=Unreachable node: std::io::error::Error: deadline has elapsed target=2
DEBUG spawn_parallel_vote_requests{vote="{vote:T11-N1:uncommitted, last_log:T0-N0-0}"}:send_vote_req{target=2}: openraft::core::raft_core: close
DEBUG spawn_parallel_vote_requests{vote="{vote:T11-N1:uncommitted, last_log:T0-N0-0}"}:vote_round_collector: openraft::core::raft_core: close
TRACE spawn_parallel_vote_requests{vote="{vote:T11-N1:uncommitted, last_log:T0-N0-0}"}: openraft::core::raft_core: close
raft_vote_save phase=write_returned owner=505132762896 term=12 leader=1 elapsed_ms=227 succeeded=Some(true)
raft_vote_save phase=wait_returned owner=505132762896 term=12 leader=1 elapsed_ms=229 succeeded=Some(true)
TRACE spawn_parallel_vote_requests{vote="{vote:T12-N1:uncommitted, last_log:T0-N0-0}"}: openraft::core::raft_core: new
DEBUG spawn_parallel_vote_requests{vote="{vote:T12-N1:uncommitted, last_log:T0-N0-0}"}:send_vote_req{target=2}: openraft::core::raft_core: new
DEBUG spawn_parallel_vote_requests{vote="{vote:T12-N1:uncommitted, last_log:T0-N0-0}"}:send_vote_req{target=3}: openraft::core::raft_core: new
DEBUG spawn_parallel_vote_requests{vote="{vote:T12-N1:uncommitted, last_log:T0-N0-0}"}:vote_round_collector: openraft::core::raft_core: new
DEBUG elect: openraft::engine::engine_impl: new
 INFO elect: openraft::engine::engine_impl: openraft::engine::engine_impl::Engine<_>::elect, new candidate: {T13-N1:uncommitted@13:01:50.096290, last_log_id:T0-N0-0 progress:{1: false, 2: false, 3: false}}
DEBUG elect: openraft::engine::engine_impl: close
raft_vote_save phase=submitted owner=505132762896 term=13 leader=1 elapsed_ms=0 succeeded=None
DEBUG handle_vote_request: openraft::core::raft_core: new
DEBUG handle_vote_request:handle_vote_req: openraft::engine::engine_impl: new
 INFO handle_vote_request:handle_vote_req: openraft::engine::engine_impl: Engine::handle_vote_req req={vote:T12-N1:uncommitted, last_log:T0-N0-0}
 INFO handle_vote_request:handle_vote_req: openraft::engine::engine_impl: Engine::handle_vote_req my_vote=T11-N1:uncommitted my_last_log_id=None
 INFO handle_vote_request:handle_vote_req: openraft::engine::engine_impl: now; 13:01:50.096844, vote is updated at: 13:01:49.866995, vote is updated before 229.8495ms, leader lease(400ms) will expire after 170.1505ms
 INFO handle_vote_request:handle_vote_req: openraft::engine::engine_impl: handle vote request result req={vote:T12-N1:uncommitted, last_log:T0-N0-0} result=Ok(())
DEBUG handle_vote_request:handle_vote_req: openraft::engine::engine_impl: close
DEBUG handle_vote_request: openraft::core::raft_core: close
raft_vote_save phase=submitted owner=505132771856 term=12 leader=1 elapsed_ms=0 succeeded=None
raft_vote_save phase=write_entered owner=505132762896 term=13 leader=1 elapsed_ms=0 succeeded=None
raft_vote_save phase=write_entered owner=505132771856 term=12 leader=1 elapsed_ms=0 succeeded=None
raft_vote_save phase=write_returned owner=505132766480 term=11 leader=1 elapsed_ms=235 succeeded=Some(true)
raft_vote_save phase=wait_returned owner=505132766480 term=11 leader=1 elapsed_ms=235 succeeded=Some(true)
DEBUG handle_vote_request: openraft::core::raft_core: new
DEBUG handle_vote_request:handle_vote_req: openraft::engine::engine_impl: new
 INFO handle_vote_request:handle_vote_req: openraft::engine::engine_impl: Engine::handle_vote_req req={vote:T12-N1:uncommitted, last_log:T0-N0-0}
 INFO handle_vote_request:handle_vote_req: openraft::engine::engine_impl: Engine::handle_vote_req my_vote=T11-N1:uncommitted my_last_log_id=None
 INFO handle_vote_request:handle_vote_req: openraft::engine::engine_impl: now; 13:01:50.194085, vote is updated at: 13:01:49.958418, vote is updated before 235.667334ms, leader lease(400ms) will expire after 164.332666ms
 INFO handle_vote_request:handle_vote_req: openraft::engine::engine_impl: handle vote request result req={vote:T12-N1:uncommitted, last_log:T0-N0-0} result=Ok(())
DEBUG handle_vote_request:handle_vote_req: openraft::engine::engine_impl: close
DEBUG handle_vote_request: openraft::core::raft_core: close
raft_vote_save phase=submitted owner=505132766480 term=12 leader=1 elapsed_ms=0 succeeded=None
raft_vote_save phase=write_entered owner=505132766480 term=12 leader=1 elapsed_ms=0 succeeded=None
ERROR spawn_parallel_vote_requests{vote="{vote:T12-N1:uncommitted, last_log:T0-N0-0}"}:send_vote_req{target=2}: openraft::core::raft_core: while requesting vote error=Unreachable node: std::io::error::Error: deadline has elapsed target=2
DEBUG spawn_parallel_vote_requests{vote="{vote:T12-N1:uncommitted, last_log:T0-N0-0}"}:send_vote_req{target=2}: openraft::core::raft_core: close
ERROR spawn_parallel_vote_requests{vote="{vote:T12-N1:uncommitted, last_log:T0-N0-0}"}:send_vote_req{target=3}: openraft::core::raft_core: while requesting vote error=Unreachable node: std::io::error::Error: deadline has elapsed target=3
DEBUG spawn_parallel_vote_requests{vote="{vote:T12-N1:uncommitted, last_log:T0-N0-0}"}:send_vote_req{target=3}: openraft::core::raft_core: close
DEBUG spawn_parallel_vote_requests{vote="{vote:T12-N1:uncommitted, last_log:T0-N0-0}"}:vote_round_collector: openraft::core::raft_core: close
TRACE spawn_parallel_vote_requests{vote="{vote:T12-N1:uncommitted, last_log:T0-N0-0}"}: openraft::core::raft_core: close
raft_vote_save phase=write_returned owner=505132762896 term=13 leader=1 elapsed_ms=229 succeeded=Some(true)
raft_vote_save phase=wait_returned owner=505132762896 term=13 leader=1 elapsed_ms=230 succeeded=Some(true)
TRACE spawn_parallel_vote_requests{vote="{vote:T13-N1:uncommitted, last_log:T0-N0-0}"}: openraft::core::raft_core: new
DEBUG spawn_parallel_vote_requests{vote="{vote:T13-N1:uncommitted, last_log:T0-N0-0}"}:send_vote_req{target=2}: openraft::core::raft_core: new
DEBUG spawn_parallel_vote_requests{vote="{vote:T13-N1:uncommitted, last_log:T0-N0-0}"}:send_vote_req{target=3}: openraft::core::raft_core: new
DEBUG spawn_parallel_vote_requests{vote="{vote:T13-N1:uncommitted, last_log:T0-N0-0}"}:vote_round_collector: openraft::core::raft_core: new
DEBUG elect: openraft::engine::engine_impl: new
 INFO elect: openraft::engine::engine_impl: openraft::engine::engine_impl::Engine<_>::elect, new candidate: {T14-N1:uncommitted@13:01:50.327152, last_log_id:T0-N0-0 progress:{1: false, 2: false, 3: false}}
DEBUG elect: openraft::engine::engine_impl: close
raft_vote_save phase=submitted owner=505132762896 term=14 leader=1 elapsed_ms=0 succeeded=None
raft_vote_save phase=write_entered owner=505132762896 term=14 leader=1 elapsed_ms=0 succeeded=None
raft_vote_save phase=write_returned owner=505132771856 term=12 leader=1 elapsed_ms=236 succeeded=Some(true)
raft_vote_save phase=wait_returned owner=505132771856 term=12 leader=1 elapsed_ms=237 succeeded=Some(true)
DEBUG handle_vote_request: openraft::core::raft_core: new
DEBUG handle_vote_request:handle_vote_req: openraft::engine::engine_impl: new
 INFO handle_vote_request:handle_vote_req: openraft::engine::engine_impl: Engine::handle_vote_req req={vote:T13-N1:uncommitted, last_log:T0-N0-0}
 INFO handle_vote_request:handle_vote_req: openraft::engine::engine_impl: Engine::handle_vote_req my_vote=T12-N1:uncommitted my_last_log_id=None
 INFO handle_vote_request:handle_vote_req: openraft::engine::engine_impl: now; 13:01:50.334888, vote is updated at: 13:01:50.096886, vote is updated before 238.001584ms, leader lease(400ms) will expire after 161.998416ms
 INFO handle_vote_request:handle_vote_req: openraft::engine::engine_impl: handle vote request result req={vote:T13-N1:uncommitted, last_log:T0-N0-0} result=Ok(())
DEBUG handle_vote_request:handle_vote_req: openraft::engine::engine_impl: close
DEBUG handle_vote_request: openraft::core::raft_core: close
raft_vote_save phase=submitted owner=505132771856 term=13 leader=1 elapsed_ms=0 succeeded=None
raft_vote_save phase=write_entered owner=505132771856 term=13 leader=1 elapsed_ms=0 succeeded=None
raft_vote_save phase=write_returned owner=505132766480 term=12 leader=1 elapsed_ms=231 succeeded=Some(true)
raft_vote_save phase=wait_returned owner=505132766480 term=12 leader=1 elapsed_ms=232 succeeded=Some(true)
DEBUG handle_vote_request: openraft::core::raft_core: new
DEBUG handle_vote_request:handle_vote_req: openraft::engine::engine_impl: new
 INFO handle_vote_request:handle_vote_req: openraft::engine::engine_impl: Engine::handle_vote_req req={vote:T13-N1:uncommitted, last_log:T0-N0-0}
 INFO handle_vote_request:handle_vote_req: openraft::engine::engine_impl: Engine::handle_vote_req my_vote=T12-N1:uncommitted my_last_log_id=None
 INFO handle_vote_request:handle_vote_req: openraft::engine::engine_impl: now; 13:01:50.426312, vote is updated at: 13:01:50.194144, vote is updated before 232.168084ms, leader lease(400ms) will expire after 167.831916ms
 INFO handle_vote_request:handle_vote_req: openraft::engine::engine_impl: handle vote request result req={vote:T13-N1:uncommitted, last_log:T0-N0-0} result=Ok(())
DEBUG handle_vote_request:handle_vote_req: openraft::engine::engine_impl: close
DEBUG handle_vote_request: openraft::core::raft_core: close
raft_vote_save phase=submitted owner=505132766480 term=13 leader=1 elapsed_ms=0 succeeded=None
raft_vote_save phase=write_entered owner=505132766480 term=13 leader=1 elapsed_ms=0 succeeded=None
ERROR spawn_parallel_vote_requests{vote="{vote:T13-N1:uncommitted, last_log:T0-N0-0}"}:send_vote_req{target=2}: openraft::core::raft_core: while requesting vote error=Unreachable node: std::io::error::Error: deadline has elapsed target=2
DEBUG spawn_parallel_vote_requests{vote="{vote:T13-N1:uncommitted, last_log:T0-N0-0}"}:send_vote_req{target=2}: openraft::core::raft_core: close
ERROR spawn_parallel_vote_requests{vote="{vote:T13-N1:uncommitted, last_log:T0-N0-0}"}:send_vote_req{target=3}: openraft::core::raft_core: while requesting vote error=Unreachable node: std::io::error::Error: deadline has elapsed target=3
DEBUG spawn_parallel_vote_requests{vote="{vote:T13-N1:uncommitted, last_log:T0-N0-0}"}:send_vote_req{target=3}: openraft::core::raft_core: close
DEBUG spawn_parallel_vote_requests{vote="{vote:T13-N1:uncommitted, last_log:T0-N0-0}"}:vote_round_collector: openraft::core::raft_core: close
TRACE spawn_parallel_vote_requests{vote="{vote:T13-N1:uncommitted, last_log:T0-N0-0}"}: openraft::core::raft_core: close
raft_vote_save phase=write_returned owner=505132762896 term=14 leader=1 elapsed_ms=218 succeeded=Some(true)
raft_vote_save phase=wait_returned owner=505132762896 term=14 leader=1 elapsed_ms=219 succeeded=Some(true)
TRACE spawn_parallel_vote_requests{vote="{vote:T14-N1:uncommitted, last_log:T0-N0-0}"}: openraft::core::raft_core: new
DEBUG spawn_parallel_vote_requests{vote="{vote:T14-N1:uncommitted, last_log:T0-N0-0}"}:send_vote_req{target=2}: openraft::core::raft_core: new
DEBUG spawn_parallel_vote_requests{vote="{vote:T14-N1:uncommitted, last_log:T0-N0-0}"}:send_vote_req{target=3}: openraft::core::raft_core: new
DEBUG spawn_parallel_vote_requests{vote="{vote:T14-N1:uncommitted, last_log:T0-N0-0}"}:vote_round_collector: openraft::core::raft_core: new
 WARN openraft::core::raft_core: A message will be ignored because vote changed: msg sent by vote: T9-N1:uncommitted; current my vote: T14-N1:uncommitted; when (VoteResponse)
 WARN openraft::core::raft_core: A message will be ignored because vote changed: msg sent by vote: T10-N1:uncommitted; current my vote: T14-N1:uncommitted; when (VoteResponse)
 WARN openraft::core::raft_core: A message will be ignored because vote changed: msg sent by vote: T11-N1:uncommitted; current my vote: T14-N1:uncommitted; when (VoteResponse)
 WARN openraft::core::raft_core: A message will be ignored because vote changed: msg sent by vote: T11-N1:uncommitted; current my vote: T14-N1:uncommitted; when (VoteResponse)
 WARN openraft::core::raft_core: A message will be ignored because vote changed: msg sent by vote: T12-N1:uncommitted; current my vote: T14-N1:uncommitted; when (VoteResponse)
 WARN openraft::core::raft_core: A message will be ignored because vote changed: msg sent by vote: T13-N1:uncommitted; current my vote: T14-N1:uncommitted; when (VoteResponse)
DEBUG handle_vote_resp{target=1}: openraft::engine::engine_impl: new
 INFO handle_vote_resp{target=1}: openraft::engine::engine_impl: openraft::engine::engine_impl::Engine<_>::handle_vote_resp resp={T14-N1:uncommitted, last_log:None} target=1 my_vote=T14-N1:uncommitted my_last_log_id=Some(T0-N0-0)
DEBUG handle_vote_resp{target=1}: openraft::engine::engine_impl: close
DEBUG elect: openraft::engine::engine_impl: new
 INFO elect: openraft::engine::engine_impl: openraft::engine::engine_impl::Engine<_>::elect, new candidate: {T15-N1:uncommitted@13:01:50.575386, last_log_id:T0-N0-0 progress:{1: false, 2: false, 3: false}}
DEBUG elect: openraft::engine::engine_impl: close
raft_vote_save phase=submitted owner=505132762896 term=15 leader=1 elapsed_ms=0 succeeded=None
raft_vote_save phase=write_entered owner=505132762896 term=15 leader=1 elapsed_ms=0 succeeded=None
raft_vote_save phase=write_returned owner=505132771856 term=13 leader=1 elapsed_ms=255 succeeded=Some(true)
raft_vote_save phase=wait_returned owner=505132771856 term=13 leader=1 elapsed_ms=257 succeeded=Some(true)
DEBUG handle_vote_request: openraft::core::raft_core: new
DEBUG handle_vote_request:handle_vote_req: openraft::engine::engine_impl: new
 INFO handle_vote_request:handle_vote_req: openraft::engine::engine_impl: Engine::handle_vote_req req={vote:T14-N1:uncommitted, last_log:T0-N0-0}
 INFO handle_vote_request:handle_vote_req: openraft::engine::engine_impl: Engine::handle_vote_req my_vote=T13-N1:uncommitted my_last_log_id=None
 INFO handle_vote_request:handle_vote_req: openraft::engine::engine_impl: now; 13:01:50.592316, vote is updated at: 13:01:50.334963, vote is updated before 257.352917ms, leader lease(400ms) will expire after 142.647083ms
 INFO handle_vote_request:handle_vote_req: openraft::engine::engine_impl: handle vote request result req={vote:T14-N1:uncommitted, last_log:T0-N0-0} result=Ok(())
DEBUG handle_vote_request:handle_vote_req: openraft::engine::engine_impl: close
DEBUG handle_vote_request: openraft::core::raft_core: close
raft_vote_save phase=submitted owner=505132771856 term=14 leader=1 elapsed_ms=0 succeeded=None
raft_vote_save phase=write_entered owner=505132771856 term=14 leader=1 elapsed_ms=0 succeeded=None
raft_vote_save phase=write_returned owner=505132766480 term=13 leader=1 elapsed_ms=235 succeeded=Some(true)
raft_vote_save phase=wait_returned owner=505132766480 term=13 leader=1 elapsed_ms=235 succeeded=Some(true)
DEBUG handle_vote_request: openraft::core::raft_core: new
DEBUG handle_vote_request:handle_vote_req: openraft::engine::engine_impl: new
 INFO handle_vote_request:handle_vote_req: openraft::engine::engine_impl: Engine::handle_vote_req req={vote:T14-N1:uncommitted, last_log:T0-N0-0}
 INFO handle_vote_request:handle_vote_req: openraft::engine::engine_impl: Engine::handle_vote_req my_vote=T13-N1:uncommitted my_last_log_id=None
 INFO handle_vote_request:handle_vote_req: openraft::engine::engine_impl: now; 13:01:50.662317, vote is updated at: 13:01:50.426372, vote is updated before 235.946ms, leader lease(400ms) will expire after 164.054ms
 INFO handle_vote_request:handle_vote_req: openraft::engine::engine_impl: handle vote request result req={vote:T14-N1:uncommitted, last_log:T0-N0-0} result=Ok(())
DEBUG handle_vote_request:handle_vote_req: openraft::engine::engine_impl: close
DEBUG handle_vote_request: openraft::core::raft_core: close
raft_vote_save phase=submitted owner=505132766480 term=14 leader=1 elapsed_ms=0 succeeded=None
raft_vote_save phase=write_entered owner=505132766480 term=14 leader=1 elapsed_ms=1 succeeded=None
ERROR spawn_parallel_vote_requests{vote="{vote:T14-N1:uncommitted, last_log:T0-N0-0}"}:send_vote_req{target=2}: openraft::core::raft_core: while requesting vote error=Unreachable node: std::io::error::Error: deadline has elapsed target=2
DEBUG spawn_parallel_vote_requests{vote="{vote:T14-N1:uncommitted, last_log:T0-N0-0}"}:send_vote_req{target=2}: openraft::core::raft_core: close
ERROR spawn_parallel_vote_requests{vote="{vote:T14-N1:uncommitted, last_log:T0-N0-0}"}:send_vote_req{target=3}: openraft::core::raft_core: while requesting vote error=Unreachable node: std::io::error::Error: deadline has elapsed target=3
DEBUG spawn_parallel_vote_requests{vote="{vote:T14-N1:uncommitted, last_log:T0-N0-0}"}:send_vote_req{target=3}: openraft::core::raft_core: close
DEBUG spawn_parallel_vote_requests{vote="{vote:T14-N1:uncommitted, last_log:T0-N0-0}"}:vote_round_collector: openraft::core::raft_core: close
TRACE spawn_parallel_vote_requests{vote="{vote:T14-N1:uncommitted, last_log:T0-N0-0}"}: openraft::core::raft_core: close
raft_vote_save phase=write_returned owner=505132762896 term=15 leader=1 elapsed_ms=197 succeeded=Some(true)
raft_vote_save phase=wait_returned owner=505132762896 term=15 leader=1 elapsed_ms=197 succeeded=Some(true)
TRACE spawn_parallel_vote_requests{vote="{vote:T15-N1:uncommitted, last_log:T0-N0-0}"}: openraft::core::raft_core: new
DEBUG spawn_parallel_vote_requests{vote="{vote:T15-N1:uncommitted, last_log:T0-N0-0}"}:send_vote_req{target=2}: openraft::core::raft_core: new
DEBUG spawn_parallel_vote_requests{vote="{vote:T15-N1:uncommitted, last_log:T0-N0-0}"}:send_vote_req{target=3}: openraft::core::raft_core: new
DEBUG spawn_parallel_vote_requests{vote="{vote:T15-N1:uncommitted, last_log:T0-N0-0}"}:vote_round_collector: openraft::core::raft_core: new
DEBUG handle_vote_resp{target=1}: openraft::engine::engine_impl: new
 INFO handle_vote_resp{target=1}: openraft::engine::engine_impl: openraft::engine::engine_impl::Engine<_>::handle_vote_resp resp={T15-N1:uncommitted, last_log:None} target=1 my_vote=T15-N1:uncommitted my_last_log_id=Some(T0-N0-0)
DEBUG handle_vote_resp{target=1}: openraft::engine::engine_impl: close
DEBUG elect: openraft::engine::engine_impl: new
 INFO elect: openraft::engine::engine_impl: openraft::engine::engine_impl::Engine<_>::elect, new candidate: {T16-N1:uncommitted@13:01:50.809448, last_log_id:T0-N0-0 progress:{1: false, 2: false, 3: false}}
DEBUG elect: openraft::engine::engine_impl: close
raft_vote_save phase=submitted owner=505132762896 term=16 leader=1 elapsed_ms=0 succeeded=None
raft_vote_save phase=write_entered owner=505132762896 term=16 leader=1 elapsed_ms=0 succeeded=None
raft_vote_save phase=write_returned owner=505132771856 term=14 leader=1 elapsed_ms=275 succeeded=Some(true)
raft_vote_save phase=wait_returned owner=505132771856 term=14 leader=1 elapsed_ms=276 succeeded=Some(true)
DEBUG handle_vote_request: openraft::core::raft_core: new
DEBUG handle_vote_request:handle_vote_req: openraft::engine::engine_impl: new
 INFO handle_vote_request:handle_vote_req: openraft::engine::engine_impl: Engine::handle_vote_req req={vote:T15-N1:uncommitted, last_log:T0-N0-0}
 INFO handle_vote_request:handle_vote_req: openraft::engine::engine_impl: Engine::handle_vote_req my_vote=T14-N1:uncommitted my_last_log_id=None
 INFO handle_vote_request:handle_vote_req: openraft::engine::engine_impl: now; 13:01:50.869042, vote is updated at: 13:01:50.592375, vote is updated before 276.666583ms, leader lease(400ms) will expire after 123.333417ms
 INFO handle_vote_request:handle_vote_req: openraft::engine::engine_impl: handle vote request result req={vote:T15-N1:uncommitted, last_log:T0-N0-0} result=Ok(())
DEBUG handle_vote_request:handle_vote_req: openraft::engine::engine_impl: close
DEBUG handle_vote_request: openraft::core::raft_core: close
raft_vote_save phase=submitted owner=505132771856 term=15 leader=1 elapsed_ms=0 succeeded=None
raft_vote_save phase=write_entered owner=505132771856 term=15 leader=1 elapsed_ms=0 succeeded=None
raft_vote_save phase=write_returned owner=505132766480 term=14 leader=1 elapsed_ms=220 succeeded=Some(true)
raft_vote_save phase=wait_returned owner=505132766480 term=14 leader=1 elapsed_ms=220 succeeded=Some(true)
DEBUG handle_vote_request: openraft::core::raft_core: new
DEBUG handle_vote_request:handle_vote_req: openraft::engine::engine_impl: new
 INFO handle_vote_request:handle_vote_req: openraft::engine::engine_impl: Engine::handle_vote_req req={vote:T15-N1:uncommitted, last_log:T0-N0-0}
 INFO handle_vote_request:handle_vote_req: openraft::engine::engine_impl: Engine::handle_vote_req my_vote=T14-N1:uncommitted my_last_log_id=None
 INFO handle_vote_request:handle_vote_req: openraft::engine::engine_impl: now; 13:01:50.883286, vote is updated at: 13:01:50.662395, vote is updated before 220.891ms, leader lease(400ms) will expire after 179.109ms
 INFO handle_vote_request:handle_vote_req: openraft::engine::engine_impl: handle vote request result req={vote:T15-N1:uncommitted, last_log:T0-N0-0} result=Ok(())
DEBUG handle_vote_request:handle_vote_req: openraft::engine::engine_impl: close
DEBUG handle_vote_request: openraft::core::raft_core: close
raft_vote_save phase=submitted owner=505132766480 term=15 leader=1 elapsed_ms=0 succeeded=None
raft_vote_save phase=write_entered owner=505132766480 term=15 leader=1 elapsed_ms=1 succeeded=None
ERROR spawn_parallel_vote_requests{vote="{vote:T15-N1:uncommitted, last_log:T0-N0-0}"}:send_vote_req{target=2}: openraft::core::raft_core: while requesting vote error=Unreachable node: std::io::error::Error: deadline has elapsed target=2
DEBUG spawn_parallel_vote_requests{vote="{vote:T15-N1:uncommitted, last_log:T0-N0-0}"}:send_vote_req{target=2}: openraft::core::raft_core: close
ERROR spawn_parallel_vote_requests{vote="{vote:T15-N1:uncommitted, last_log:T0-N0-0}"}:send_vote_req{target=3}: openraft::core::raft_core: while requesting vote error=Unreachable node: std::io::error::Error: deadline has elapsed target=3
DEBUG spawn_parallel_vote_requests{vote="{vote:T15-N1:uncommitted, last_log:T0-N0-0}"}:send_vote_req{target=3}: openraft::core::raft_core: close
DEBUG spawn_parallel_vote_requests{vote="{vote:T15-N1:uncommitted, last_log:T0-N0-0}"}:vote_round_collector: openraft::core::raft_core: close
TRACE spawn_parallel_vote_requests{vote="{vote:T15-N1:uncommitted, last_log:T0-N0-0}"}: openraft::core::raft_core: close
raft_vote_save phase=write_returned owner=505132762896 term=16 leader=1 elapsed_ms=228 succeeded=Some(true)
raft_vote_save phase=wait_returned owner=505132762896 term=16 leader=1 elapsed_ms=229 succeeded=Some(true)
TRACE spawn_parallel_vote_requests{vote="{vote:T16-N1:uncommitted, last_log:T0-N0-0}"}: openraft::core::raft_core: new
DEBUG spawn_parallel_vote_requests{vote="{vote:T16-N1:uncommitted, last_log:T0-N0-0}"}:send_vote_req{target=2}: openraft::core::raft_core: new
DEBUG spawn_parallel_vote_requests{vote="{vote:T16-N1:uncommitted, last_log:T0-N0-0}"}:send_vote_req{target=3}: openraft::core::raft_core: new
DEBUG spawn_parallel_vote_requests{vote="{vote:T16-N1:uncommitted, last_log:T0-N0-0}"}:vote_round_collector: openraft::core::raft_core: new
DEBUG elect: openraft::engine::engine_impl: new
 INFO elect: openraft::engine::engine_impl: openraft::engine::engine_impl::Engine<_>::elect, new candidate: {T17-N1:uncommitted@13:01:51.038898, last_log_id:T0-N0-0 progress:{1: false, 2: false, 3: false}}
DEBUG elect: openraft::engine::engine_impl: close
raft_vote_save phase=submitted owner=505132762896 term=17 leader=1 elapsed_ms=0 succeeded=None
raft_vote_save phase=write_entered owner=505132762896 term=17 leader=1 elapsed_ms=0 succeeded=None
raft_vote_save phase=write_returned owner=505132766480 term=15 leader=1 elapsed_ms=218 succeeded=Some(true)
raft_vote_save phase=wait_returned owner=505132766480 term=15 leader=1 elapsed_ms=218 succeeded=Some(true)
DEBUG handle_vote_request: openraft::core::raft_core: new
DEBUG handle_vote_request:handle_vote_req: openraft::engine::engine_impl: new
 INFO handle_vote_request:handle_vote_req: openraft::engine::engine_impl: Engine::handle_vote_req req={vote:T16-N1:uncommitted, last_log:T0-N0-0}
 INFO handle_vote_request:handle_vote_req: openraft::engine::engine_impl: Engine::handle_vote_req my_vote=T15-N1:uncommitted my_last_log_id=None
 INFO handle_vote_request:handle_vote_req: openraft::engine::engine_impl: now; 13:01:51.102921, vote is updated at: 13:01:50.883897, vote is updated before 219.024958ms, leader lease(400ms) will expire after 180.975042ms
 INFO handle_vote_request:handle_vote_req: openraft::engine::engine_impl: handle vote request result req={vote:T16-N1:uncommitted, last_log:T0-N0-0} result=Ok(())
DEBUG handle_vote_request:handle_vote_req: openraft::engine::engine_impl: close
DEBUG handle_vote_request: openraft::core::raft_core: close
raft_vote_save phase=submitted owner=505132766480 term=16 leader=1 elapsed_ms=0 succeeded=None
raft_vote_save phase=write_entered owner=505132766480 term=16 leader=1 elapsed_ms=0 succeeded=None
raft_vote_save phase=write_returned owner=505132771856 term=15 leader=1 elapsed_ms=252 succeeded=Some(true)
raft_vote_save phase=wait_returned owner=505132771856 term=15 leader=1 elapsed_ms=253 succeeded=Some(true)
DEBUG handle_vote_request: openraft::core::raft_core: new
DEBUG handle_vote_request:handle_vote_req: openraft::engine::engine_impl: new
 INFO handle_vote_request:handle_vote_req: openraft::engine::engine_impl: Engine::handle_vote_req req={vote:T16-N1:uncommitted, last_log:T0-N0-0}
 INFO handle_vote_request:handle_vote_req: openraft::engine::engine_impl: Engine::handle_vote_req my_vote=T15-N1:uncommitted my_last_log_id=None
 INFO handle_vote_request:handle_vote_req: openraft::engine::engine_impl: now; 13:01:51.123062, vote is updated at: 13:01:50.869388, vote is updated before 253.674583ms, leader lease(400ms) will expire after 146.325417ms
 INFO handle_vote_request:handle_vote_req: openraft::engine::engine_impl: handle vote request result req={vote:T16-N1:uncommitted, last_log:T0-N0-0} result=Ok(())
DEBUG handle_vote_request:handle_vote_req: openraft::engine::engine_impl: close
DEBUG handle_vote_request: openraft::core::raft_core: close
raft_vote_save phase=submitted owner=505132771856 term=16 leader=1 elapsed_ms=0 succeeded=None
raft_vote_save phase=write_entered owner=505132771856 term=16 leader=1 elapsed_ms=0 succeeded=None
raft_vote_save phase=write_returned owner=505132762896 term=17 leader=1 elapsed_ms=165 succeeded=Some(true)
raft_vote_save phase=wait_returned owner=505132762896 term=17 leader=1 elapsed_ms=165 succeeded=Some(true)
TRACE spawn_parallel_vote_requests{vote="{vote:T17-N1:uncommitted, last_log:T0-N0-0}"}: openraft::core::raft_core: new
DEBUG spawn_parallel_vote_requests{vote="{vote:T17-N1:uncommitted, last_log:T0-N0-0}"}:send_vote_req{target=2}: openraft::core::raft_core: new
DEBUG spawn_parallel_vote_requests{vote="{vote:T17-N1:uncommitted, last_log:T0-N0-0}"}:send_vote_req{target=3}: openraft::core::raft_core: new
DEBUG spawn_parallel_vote_requests{vote="{vote:T17-N1:uncommitted, last_log:T0-N0-0}"}:vote_round_collector: openraft::core::raft_core: new
 WARN openraft::core::raft_core: A message will be ignored because vote changed: msg sent by vote: T16-N1:uncommitted; current my vote: T17-N1:uncommitted; when (VoteResponse)
DEBUG handle_vote_resp{target=1}: openraft::engine::engine_impl: new
 INFO handle_vote_resp{target=1}: openraft::engine::engine_impl: openraft::engine::engine_impl::Engine<_>::handle_vote_resp resp={T17-N1:uncommitted, last_log:None} target=1 my_vote=T17-N1:uncommitted my_last_log_id=Some(T0-N0-0)
DEBUG handle_vote_resp{target=1}: openraft::engine::engine_impl: close
ERROR spawn_parallel_vote_requests{vote="{vote:T16-N1:uncommitted, last_log:T0-N0-0}"}:send_vote_req{target=2}: openraft::core::raft_core: while requesting vote error=Unreachable node: std::io::error::Error: deadline has elapsed target=2
DEBUG spawn_parallel_vote_requests{vote="{vote:T16-N1:uncommitted, last_log:T0-N0-0}"}:send_vote_req{target=2}: openraft::core::raft_core: close
ERROR spawn_parallel_vote_requests{vote="{vote:T16-N1:uncommitted, last_log:T0-N0-0}"}:send_vote_req{target=3}: openraft::core::raft_core: while requesting vote error=Unreachable node: std::io::error::Error: deadline has elapsed target=3
DEBUG spawn_parallel_vote_requests{vote="{vote:T16-N1:uncommitted, last_log:T0-N0-0}"}:send_vote_req{target=3}: openraft::core::raft_core: close
DEBUG spawn_parallel_vote_requests{vote="{vote:T16-N1:uncommitted, last_log:T0-N0-0}"}:vote_round_collector: openraft::core::raft_core: close
TRACE spawn_parallel_vote_requests{vote="{vote:T16-N1:uncommitted, last_log:T0-N0-0}"}: openraft::core::raft_core: close
DEBUG elect: openraft::engine::engine_impl: new
 INFO elect: openraft::engine::engine_impl: openraft::engine::engine_impl::Engine<_>::elect, new candidate: {T18-N1:uncommitted@13:01:51.270735, last_log_id:T0-N0-0 progress:{1: false, 2: false, 3: false}}
DEBUG elect: openraft::engine::engine_impl: close
raft_vote_save phase=submitted owner=505132762896 term=18 leader=1 elapsed_ms=0 succeeded=None
raft_vote_save phase=write_entered owner=505132762896 term=18 leader=1 elapsed_ms=0 succeeded=None
raft_vote_save phase=write_returned owner=505132766480 term=16 leader=1 elapsed_ms=199 succeeded=Some(true)
raft_vote_save phase=wait_returned owner=505132766480 term=16 leader=1 elapsed_ms=199 succeeded=Some(true)
DEBUG handle_vote_request: openraft::core::raft_core: new
DEBUG handle_vote_request:handle_vote_req: openraft::engine::engine_impl: new
 INFO handle_vote_request:handle_vote_req: openraft::engine::engine_impl: Engine::handle_vote_req req={vote:T17-N1:uncommitted, last_log:T0-N0-0}
 INFO handle_vote_request:handle_vote_req: openraft::engine::engine_impl: Engine::handle_vote_req my_vote=T16-N1:uncommitted my_last_log_id=None
 INFO handle_vote_request:handle_vote_req: openraft::engine::engine_impl: now; 13:01:51.302424, vote is updated at: 13:01:51.102983, vote is updated before 199.440208ms, leader lease(400ms) will expire after 200.559792ms
 INFO handle_vote_request:handle_vote_req: openraft::engine::engine_impl: handle vote request result req={vote:T17-N1:uncommitted, last_log:T0-N0-0} result=Ok(())
DEBUG handle_vote_request:handle_vote_req: openraft::engine::engine_impl: close
DEBUG handle_vote_request: openraft::core::raft_core: close
raft_vote_save phase=submitted owner=505132766480 term=17 leader=1 elapsed_ms=0 succeeded=None
raft_vote_save phase=write_entered owner=505132766480 term=17 leader=1 elapsed_ms=0 succeeded=None
raft_vote_save phase=write_returned owner=505132771856 term=16 leader=1 elapsed_ms=190 succeeded=Some(true)
raft_vote_save phase=wait_returned owner=505132771856 term=16 leader=1 elapsed_ms=190 succeeded=Some(true)
DEBUG handle_vote_request: openraft::core::raft_core: new
DEBUG handle_vote_request:handle_vote_req: openraft::engine::engine_impl: new
 INFO handle_vote_request:handle_vote_req: openraft::engine::engine_impl: Engine::handle_vote_req req={vote:T17-N1:uncommitted, last_log:T0-N0-0}
 INFO handle_vote_request:handle_vote_req: openraft::engine::engine_impl: Engine::handle_vote_req my_vote=T16-N1:uncommitted my_last_log_id=None
 INFO handle_vote_request:handle_vote_req: openraft::engine::engine_impl: now; 13:01:51.314141, vote is updated at: 13:01:51.123123, vote is updated before 191.01875ms, leader lease(400ms) will expire after 208.98125ms
 INFO handle_vote_request:handle_vote_req: openraft::engine::engine_impl: handle vote request result req={vote:T17-N1:uncommitted, last_log:T0-N0-0} result=Ok(())
DEBUG handle_vote_request:handle_vote_req: openraft::engine::engine_impl: close
DEBUG handle_vote_request: openraft::core::raft_core: close
raft_vote_save phase=submitted owner=505132771856 term=17 leader=1 elapsed_ms=0 succeeded=None
raft_vote_save phase=write_entered owner=505132771856 term=17 leader=1 elapsed_ms=0 succeeded=None
ERROR spawn_parallel_vote_requests{vote="{vote:T17-N1:uncommitted, last_log:T0-N0-0}"}:send_vote_req{target=2}: openraft::core::raft_core: while requesting vote error=Unreachable node: std::io::error::Error: deadline has elapsed target=2
DEBUG spawn_parallel_vote_requests{vote="{vote:T17-N1:uncommitted, last_log:T0-N0-0}"}:send_vote_req{target=2}: openraft::core::raft_core: close
ERROR spawn_parallel_vote_requests{vote="{vote:T17-N1:uncommitted, last_log:T0-N0-0}"}:send_vote_req{target=3}: openraft::core::raft_core: while requesting vote error=Unreachable node: std::io::error::Error: deadline has elapsed target=3
DEBUG spawn_parallel_vote_requests{vote="{vote:T17-N1:uncommitted, last_log:T0-N0-0}"}:send_vote_req{target=3}: openraft::core::raft_core: close
DEBUG spawn_parallel_vote_requests{vote="{vote:T17-N1:uncommitted, last_log:T0-N0-0}"}:vote_round_collector: openraft::core::raft_core: close
TRACE spawn_parallel_vote_requests{vote="{vote:T17-N1:uncommitted, last_log:T0-N0-0}"}: openraft::core::raft_core: close
raft_vote_save phase=write_returned owner=505132762896 term=18 leader=1 elapsed_ms=199 succeeded=Some(true)
raft_vote_save phase=wait_returned owner=505132762896 term=18 leader=1 elapsed_ms=199 succeeded=Some(true)
TRACE spawn_parallel_vote_requests{vote="{vote:T18-N1:uncommitted, last_log:T0-N0-0}"}: openraft::core::raft_core: new
DEBUG spawn_parallel_vote_requests{vote="{vote:T18-N1:uncommitted, last_log:T0-N0-0}"}:send_vote_req{target=2}: openraft::core::raft_core: new
DEBUG spawn_parallel_vote_requests{vote="{vote:T18-N1:uncommitted, last_log:T0-N0-0}"}:send_vote_req{target=3}: openraft::core::raft_core: new
DEBUG spawn_parallel_vote_requests{vote="{vote:T18-N1:uncommitted, last_log:T0-N0-0}"}:vote_round_collector: openraft::core::raft_core: new
DEBUG handle_vote_resp{target=1}: openraft::engine::engine_impl: new
 INFO handle_vote_resp{target=1}: openraft::engine::engine_impl: openraft::engine::engine_impl::Engine<_>::handle_vote_resp resp={T18-N1:uncommitted, last_log:None} target=1 my_vote=T18-N1:uncommitted my_last_log_id=Some(T0-N0-0)
DEBUG handle_vote_resp{target=1}: openraft::engine::engine_impl: close
raft_vote_save phase=write_returned owner=505132766480 term=17 leader=1 elapsed_ms=173 succeeded=Some(true)
raft_vote_save phase=wait_returned owner=505132766480 term=17 leader=1 elapsed_ms=173 succeeded=Some(true)
DEBUG handle_vote_request: openraft::core::raft_core: new
DEBUG handle_vote_request:handle_vote_req: openraft::engine::engine_impl: new
 INFO handle_vote_request:handle_vote_req: openraft::engine::engine_impl: Engine::handle_vote_req req={vote:T18-N1:uncommitted, last_log:T0-N0-0}
 INFO handle_vote_request:handle_vote_req: openraft::engine::engine_impl: Engine::handle_vote_req my_vote=T17-N1:uncommitted my_last_log_id=None
 INFO handle_vote_request:handle_vote_req: openraft::engine::engine_impl: now; 13:01:51.476434, vote is updated at: 13:01:51.302526, vote is updated before 173.908792ms, leader lease(400ms) will expire after 226.091208ms
 INFO handle_vote_request:handle_vote_req: openraft::engine::engine_impl: handle vote request result req={vote:T18-N1:uncommitted, last_log:T0-N0-0} result=Ok(())
DEBUG handle_vote_request:handle_vote_req: openraft::engine::engine_impl: close
DEBUG handle_vote_request: openraft::core::raft_core: close
raft_vote_save phase=submitted owner=505132766480 term=18 leader=1 elapsed_ms=0 succeeded=None
raft_vote_save phase=write_entered owner=505132766480 term=18 leader=1 elapsed_ms=0 succeeded=None
DEBUG elect: openraft::engine::engine_impl: new
 INFO elect: openraft::engine::engine_impl: openraft::engine::engine_impl::Engine<_>::elect, new candidate: {T19-N1:uncommitted@13:01:51.500874, last_log_id:T0-N0-0 progress:{1: false, 2: false, 3: false}}
DEBUG elect: openraft::engine::engine_impl: close
raft_vote_save phase=submitted owner=505132762896 term=19 leader=1 elapsed_ms=0 succeeded=None
raft_vote_save phase=write_entered owner=505132762896 term=19 leader=1 elapsed_ms=0 succeeded=None
raft_vote_save phase=write_returned owner=505132771856 term=17 leader=1 elapsed_ms=226 succeeded=Some(true)
raft_vote_save phase=wait_returned owner=505132771856 term=17 leader=1 elapsed_ms=226 succeeded=Some(true)
DEBUG handle_vote_request: openraft::core::raft_core: new
DEBUG handle_vote_request:handle_vote_req: openraft::engine::engine_impl: new
 INFO handle_vote_request:handle_vote_req: openraft::engine::engine_impl: Engine::handle_vote_req req={vote:T18-N1:uncommitted, last_log:T0-N0-0}
 INFO handle_vote_request:handle_vote_req: openraft::engine::engine_impl: Engine::handle_vote_req my_vote=T17-N1:uncommitted my_last_log_id=None
 INFO handle_vote_request:handle_vote_req: openraft::engine::engine_impl: now; 13:01:51.541252, vote is updated at: 13:01:51.314196, vote is updated before 227.055666ms, leader lease(400ms) will expire after 172.944334ms
 INFO handle_vote_request:handle_vote_req: openraft::engine::engine_impl: handle vote request result req={vote:T18-N1:uncommitted, last_log:T0-N0-0} result=Ok(())
DEBUG handle_vote_request:handle_vote_req: openraft::engine::engine_impl: close
DEBUG handle_vote_request: openraft::core::raft_core: close
raft_vote_save phase=submitted owner=505132771856 term=18 leader=1 elapsed_ms=0 succeeded=None
raft_vote_save phase=write_entered owner=505132771856 term=18 leader=1 elapsed_ms=0 succeeded=None
raft_vote_save phase=write_returned owner=505132766480 term=18 leader=1 elapsed_ms=183 succeeded=Some(true)
raft_vote_save phase=wait_returned owner=505132766480 term=18 leader=1 elapsed_ms=183 succeeded=Some(true)
 WARN openraft::core::raft_core: A message will be ignored because vote changed: msg sent by vote: T7-N1:uncommitted; current my vote: None; when (VoteResponse)
 WARN openraft::core::raft_core: A message will be ignored because vote changed: msg sent by vote: T8-N1:uncommitted; current my vote: None; when (VoteResponse)
 WARN openraft::core::raft_core: A message will be ignored because vote changed: msg sent by vote: T9-N1:uncommitted; current my vote: None; when (VoteResponse)
 WARN openraft::core::raft_core: A message will be ignored because vote changed: msg sent by vote: T10-N1:uncommitted; current my vote: None; when (VoteResponse)
 WARN openraft::core::raft_core: A message will be ignored because vote changed: msg sent by vote: T11-N1:uncommitted; current my vote: None; when (VoteResponse)
 WARN openraft::core::raft_core: A message will be ignored because vote changed: msg sent by vote: T12-N1:uncommitted; current my vote: None; when (VoteResponse)
 WARN openraft::core::raft_core: A message will be ignored because vote changed: msg sent by vote: T13-N1:uncommitted; current my vote: None; when (VoteResponse)
 WARN openraft::core::raft_core: A message will be ignored because vote changed: msg sent by vote: T14-N1:uncommitted; current my vote: None; when (VoteResponse)
 WARN openraft::core::raft_core: A message will be ignored because vote changed: msg sent by vote: T15-N1:uncommitted; current my vote: None; when (VoteResponse)
 WARN openraft::core::raft_core: A message will be ignored because vote changed: msg sent by vote: T16-N1:uncommitted; current my vote: None; when (VoteResponse)
 WARN openraft::core::raft_core: A message will be ignored because vote changed: msg sent by vote: T17-N1:uncommitted; current my vote: None; when (VoteResponse)
 WARN openraft::core::raft_core: A message will be ignored because vote changed: msg sent by vote: T18-N1:uncommitted; current my vote: None; when (VoteResponse)
DEBUG spawn_parallel_vote_requests{vote="{vote:T18-N1:uncommitted, last_log:T0-N0-0}"}:send_vote_req{target=2}: openraft::core::raft_core: close
raft_vote_save phase=write_returned owner=505132762896 term=19 leader=1 elapsed_ms=165 succeeded=Some(true)
raft_vote_save phase=wait_returned owner=505132762896 term=19 leader=1 elapsed_ms=165 succeeded=Some(true)
TRACE spawn_parallel_vote_requests{vote="{vote:T19-N1:uncommitted, last_log:T0-N0-0}"}: openraft::core::raft_core: new
DEBUG spawn_parallel_vote_requests{vote="{vote:T19-N1:uncommitted, last_log:T0-N0-0}"}:send_vote_req{target=2}: openraft::core::raft_core: new
DEBUG spawn_parallel_vote_requests{vote="{vote:T19-N1:uncommitted, last_log:T0-N0-0}"}:send_vote_req{target=3}: openraft::core::raft_core: new
DEBUG spawn_parallel_vote_requests{vote="{vote:T19-N1:uncommitted, last_log:T0-N0-0}"}:vote_round_collector: openraft::core::raft_core: new
 WARN openraft::core::raft_core: A message will be ignored because vote changed: msg sent by vote: T18-N1:uncommitted; current my vote: T19-N1:uncommitted; when (VoteResponse)
DEBUG handle_vote_resp{target=1}: openraft::engine::engine_impl: new
 INFO handle_vote_resp{target=1}: openraft::engine::engine_impl: openraft::engine::engine_impl::Engine<_>::handle_vote_resp resp={T19-N1:uncommitted, last_log:None} target=1 my_vote=T19-N1:uncommitted my_last_log_id=Some(T0-N0-0)
DEBUG handle_vote_resp{target=1}: openraft::engine::engine_impl: close
DEBUG handle_vote_request: openraft::core::raft_core: new
DEBUG handle_vote_request:handle_vote_req: openraft::engine::engine_impl: new
 INFO handle_vote_request:handle_vote_req: openraft::engine::engine_impl: Engine::handle_vote_req req={vote:T19-N1:uncommitted, last_log:T0-N0-0}
 INFO handle_vote_request:handle_vote_req: openraft::engine::engine_impl: Engine::handle_vote_req my_vote=T18-N1:uncommitted my_last_log_id=None
 INFO handle_vote_request:handle_vote_req: openraft::engine::engine_impl: now; 13:01:51.667058, vote is updated at: 13:01:51.476493, vote is updated before 190.56475ms, leader lease(400ms) will expire after 209.43525ms
 INFO handle_vote_request:handle_vote_req: openraft::engine::engine_impl: handle vote request result req={vote:T19-N1:uncommitted, last_log:T0-N0-0} result=Ok(())
DEBUG handle_vote_request:handle_vote_req: openraft::engine::engine_impl: close
DEBUG handle_vote_request: openraft::core::raft_core: close
raft_vote_save phase=submitted owner=505132766480 term=19 leader=1 elapsed_ms=0 succeeded=None
raft_vote_save phase=write_entered owner=505132766480 term=19 leader=1 elapsed_ms=0 succeeded=None
ERROR spawn_parallel_vote_requests{vote="{vote:T18-N1:uncommitted, last_log:T0-N0-0}"}:send_vote_req{target=3}: openraft::core::raft_core: while requesting vote error=Unreachable node: std::io::error::Error: deadline has elapsed target=3
DEBUG spawn_parallel_vote_requests{vote="{vote:T18-N1:uncommitted, last_log:T0-N0-0}"}:send_vote_req{target=3}: openraft::core::raft_core: close
DEBUG spawn_parallel_vote_requests{vote="{vote:T18-N1:uncommitted, last_log:T0-N0-0}"}:vote_round_collector: openraft::core::raft_core: close
TRACE spawn_parallel_vote_requests{vote="{vote:T18-N1:uncommitted, last_log:T0-N0-0}"}: openraft::core::raft_core: close
raft_vote_save phase=write_returned owner=505132771856 term=18 leader=1 elapsed_ms=163 succeeded=Some(true)
raft_vote_save phase=wait_returned owner=505132771856 term=18 leader=1 elapsed_ms=163 succeeded=Some(true)
DEBUG handle_vote_request: openraft::core::raft_core: new
DEBUG handle_vote_request:handle_vote_req: openraft::engine::engine_impl: new
 INFO handle_vote_request:handle_vote_req: openraft::engine::engine_impl: Engine::handle_vote_req req={vote:T19-N1:uncommitted, last_log:T0-N0-0}
 INFO handle_vote_request:handle_vote_req: openraft::engine::engine_impl: Engine::handle_vote_req my_vote=T18-N1:uncommitted my_last_log_id=None
 INFO handle_vote_request:handle_vote_req: openraft::engine::engine_impl: now; 13:01:51.704822, vote is updated at: 13:01:51.541359, vote is updated before 163.463417ms, leader lease(400ms) will expire after 236.536583ms
 INFO handle_vote_request:handle_vote_req: openraft::engine::engine_impl: handle vote request result req={vote:T19-N1:uncommitted, last_log:T0-N0-0} result=Ok(())
DEBUG handle_vote_request:handle_vote_req: openraft::engine::engine_impl: close
DEBUG handle_vote_request: openraft::core::raft_core: close
raft_vote_save phase=submitted owner=505132771856 term=19 leader=1 elapsed_ms=0 succeeded=None
raft_vote_save phase=write_entered owner=505132771856 term=19 leader=1 elapsed_ms=0 succeeded=None
DEBUG elect: openraft::engine::engine_impl: new
 INFO elect: openraft::engine::engine_impl: openraft::engine::engine_impl::Engine<_>::elect, new candidate: {T20-N1:uncommitted@13:01:51.732088, last_log_id:T0-N0-0 progress:{1: false, 2: false, 3: false}}
DEBUG elect: openraft::engine::engine_impl: close
raft_vote_save phase=submitted owner=505132762896 term=20 leader=1 elapsed_ms=0 succeeded=None
raft_vote_save phase=write_entered owner=505132762896 term=20 leader=1 elapsed_ms=0 succeeded=None
raft_vote_save phase=write_returned owner=505132766480 term=19 leader=1 elapsed_ms=146 succeeded=Some(true)
raft_vote_save phase=wait_returned owner=505132766480 term=19 leader=1 elapsed_ms=146 succeeded=Some(true)
 WARN openraft::core::raft_core: A message will be ignored because vote changed: msg sent by vote: T19-N1:uncommitted; current my vote: None; when (VoteResponse)
DEBUG spawn_parallel_vote_requests{vote="{vote:T19-N1:uncommitted, last_log:T0-N0-0}"}:send_vote_req{target=2}: openraft::core::raft_core: close
raft_vote_save phase=write_returned owner=505132771856 term=19 leader=1 elapsed_ms=161 succeeded=Some(true)
raft_vote_save phase=wait_returned owner=505132771856 term=19 leader=1 elapsed_ms=161 succeeded=Some(true)
 WARN openraft::core::raft_core: A message will be ignored because vote changed: msg sent by vote: T12-N1:uncommitted; current my vote: None; when (VoteResponse)
 WARN openraft::core::raft_core: A message will be ignored because vote changed: msg sent by vote: T13-N1:uncommitted; current my vote: None; when (VoteResponse)
 WARN openraft::core::raft_core: A message will be ignored because vote changed: msg sent by vote: T14-N1:uncommitted; current my vote: None; when (VoteResponse)
 WARN openraft::core::raft_core: A message will be ignored because vote changed: msg sent by vote: T15-N1:uncommitted; current my vote: None; when (VoteResponse)
 WARN openraft::core::raft_core: A message will be ignored because vote changed: msg sent by vote: T16-N1:uncommitted; current my vote: None; when (VoteResponse)
 WARN openraft::core::raft_core: A message will be ignored because vote changed: msg sent by vote: T17-N1:uncommitted; current my vote: None; when (VoteResponse)
 WARN openraft::core::raft_core: A message will be ignored because vote changed: msg sent by vote: T18-N1:uncommitted; current my vote: None; when (VoteResponse)
 WARN openraft::core::raft_core: A message will be ignored because vote changed: msg sent by vote: T19-N1:uncommitted; current my vote: None; when (VoteResponse)
DEBUG spawn_parallel_vote_requests{vote="{vote:T19-N1:uncommitted, last_log:T0-N0-0}"}:send_vote_req{target=3}: openraft::core::raft_core: close
DEBUG spawn_parallel_vote_requests{vote="{vote:T19-N1:uncommitted, last_log:T0-N0-0}"}:vote_round_collector: openraft::core::raft_core: close
TRACE spawn_parallel_vote_requests{vote="{vote:T19-N1:uncommitted, last_log:T0-N0-0}"}: openraft::core::raft_core: close
raft_vote_save phase=write_returned owner=505132762896 term=20 leader=1 elapsed_ms=173 succeeded=Some(true)
raft_vote_save phase=wait_returned owner=505132762896 term=20 leader=1 elapsed_ms=173 succeeded=Some(true)
TRACE spawn_parallel_vote_requests{vote="{vote:T20-N1:uncommitted, last_log:T0-N0-0}"}: openraft::core::raft_core: new
DEBUG spawn_parallel_vote_requests{vote="{vote:T20-N1:uncommitted, last_log:T0-N0-0}"}:send_vote_req{target=2}: openraft::core::raft_core: new
DEBUG spawn_parallel_vote_requests{vote="{vote:T20-N1:uncommitted, last_log:T0-N0-0}"}:send_vote_req{target=3}: openraft::core::raft_core: new
DEBUG spawn_parallel_vote_requests{vote="{vote:T20-N1:uncommitted, last_log:T0-N0-0}"}:vote_round_collector: openraft::core::raft_core: new
 WARN openraft::core::raft_core: A message will be ignored because vote changed: msg sent by vote: T19-N1:uncommitted; current my vote: T20-N1:uncommitted; when (VoteResponse)
 WARN openraft::core::raft_core: A message will be ignored because vote changed: msg sent by vote: T19-N1:uncommitted; current my vote: T20-N1:uncommitted; when (VoteResponse)
DEBUG handle_vote_resp{target=1}: openraft::engine::engine_impl: new
 INFO handle_vote_resp{target=1}: openraft::engine::engine_impl: openraft::engine::engine_impl::Engine<_>::handle_vote_resp resp={T20-N1:uncommitted, last_log:None} target=1 my_vote=T20-N1:uncommitted my_last_log_id=Some(T0-N0-0)
DEBUG handle_vote_resp{target=1}: openraft::engine::engine_impl: close
DEBUG handle_vote_request: openraft::core::raft_core: new
DEBUG handle_vote_request:handle_vote_req: openraft::engine::engine_impl: new
 INFO handle_vote_request:handle_vote_req: openraft::engine::engine_impl: Engine::handle_vote_req req={vote:T20-N1:uncommitted, last_log:T0-N0-0}
 INFO handle_vote_request:handle_vote_req: openraft::engine::engine_impl: Engine::handle_vote_req my_vote=T19-N1:uncommitted my_last_log_id=None
 INFO handle_vote_request:handle_vote_req: openraft::engine::engine_impl: now; 13:01:51.906309, vote is updated at: 13:01:51.704876, vote is updated before 201.4335ms, leader lease(400ms) will expire after 198.5665ms
 INFO handle_vote_request:handle_vote_req: openraft::engine::engine_impl: handle vote request result req={vote:T20-N1:uncommitted, last_log:T0-N0-0} result=Ok(())
DEBUG handle_vote_request:handle_vote_req: openraft::engine::engine_impl: close
DEBUG handle_vote_request: openraft::core::raft_core: close
raft_vote_save phase=submitted owner=505132771856 term=20 leader=1 elapsed_ms=0 succeeded=None
DEBUG handle_vote_request: openraft::core::raft_core: new
DEBUG handle_vote_request:handle_vote_req: openraft::engine::engine_impl: new
 INFO handle_vote_request:handle_vote_req: openraft::engine::engine_impl: Engine::handle_vote_req req={vote:T20-N1:uncommitted, last_log:T0-N0-0}
 INFO handle_vote_request:handle_vote_req: openraft::engine::engine_impl: Engine::handle_vote_req my_vote=T19-N1:uncommitted my_last_log_id=None
 INFO handle_vote_request:handle_vote_req: openraft::engine::engine_impl: now; 13:01:51.906425, vote is updated at: 13:01:51.667121, vote is updated before 239.303792ms, leader lease(400ms) will expire after 160.696208ms
raft_vote_save phase=write_entered owner=505132771856 term=20 leader=1 elapsed_ms=0 succeeded=None
 INFO handle_vote_request:handle_vote_req: openraft::engine::engine_impl: handle vote request result req={vote:T20-N1:uncommitted, last_log:T0-N0-0} result=Ok(())
DEBUG handle_vote_request:handle_vote_req: openraft::engine::engine_impl: close
DEBUG handle_vote_request: openraft::core::raft_core: close
raft_vote_save phase=submitted owner=505132766480 term=20 leader=1 elapsed_ms=0 succeeded=None
raft_vote_save phase=write_entered owner=505132766480 term=20 leader=1 elapsed_ms=0 succeeded=None
DEBUG elect: openraft::engine::engine_impl: new
 INFO elect: openraft::engine::engine_impl: openraft::engine::engine_impl::Engine<_>::elect, new candidate: {T21-N1:uncommitted@13:01:51.963217, last_log_id:T0-N0-0 progress:{1: false, 2: false, 3: false}}
DEBUG elect: openraft::engine::engine_impl: close
raft_vote_save phase=submitted owner=505132762896 term=21 leader=1 elapsed_ms=0 succeeded=None
raft_vote_save phase=write_entered owner=505132762896 term=21 leader=1 elapsed_ms=0 succeeded=None
raft_vote_save phase=write_returned owner=505132766480 term=20 leader=1 elapsed_ms=164 succeeded=Some(true)
raft_vote_save phase=wait_returned owner=505132766480 term=20 leader=1 elapsed_ms=164 succeeded=Some(true)
 WARN openraft::core::raft_core: A message will be ignored because vote changed: msg sent by vote: T20-N1:uncommitted; current my vote: None; when (VoteResponse)
DEBUG spawn_parallel_vote_requests{vote="{vote:T20-N1:uncommitted, last_log:T0-N0-0}"}:send_vote_req{target=2}: openraft::core::raft_core: close
raft_vote_save phase=write_returned owner=505132771856 term=20 leader=1 elapsed_ms=172 succeeded=Some(true)
raft_vote_save phase=wait_returned owner=505132771856 term=20 leader=1 elapsed_ms=172 succeeded=Some(true)
 WARN openraft::core::raft_core: A message will be ignored because vote changed: msg sent by vote: T20-N1:uncommitted; current my vote: None; when (VoteResponse)
DEBUG spawn_parallel_vote_requests{vote="{vote:T20-N1:uncommitted, last_log:T0-N0-0}"}:send_vote_req{target=3}: openraft::core::raft_core: close
DEBUG spawn_parallel_vote_requests{vote="{vote:T20-N1:uncommitted, last_log:T0-N0-0}"}:vote_round_collector: openraft::core::raft_core: close
TRACE spawn_parallel_vote_requests{vote="{vote:T20-N1:uncommitted, last_log:T0-N0-0}"}: openraft::core::raft_core: close
raft_vote_save phase=write_returned owner=505132762896 term=21 leader=1 elapsed_ms=178 succeeded=Some(true)
raft_vote_save phase=wait_returned owner=505132762896 term=21 leader=1 elapsed_ms=178 succeeded=Some(true)
TRACE spawn_parallel_vote_requests{vote="{vote:T21-N1:uncommitted, last_log:T0-N0-0}"}: openraft::core::raft_core: new
DEBUG spawn_parallel_vote_requests{vote="{vote:T21-N1:uncommitted, last_log:T0-N0-0}"}:send_vote_req{target=2}: openraft::core::raft_core: new
DEBUG spawn_parallel_vote_requests{vote="{vote:T21-N1:uncommitted, last_log:T0-N0-0}"}:send_vote_req{target=3}: openraft::core::raft_core: new
DEBUG spawn_parallel_vote_requests{vote="{vote:T21-N1:uncommitted, last_log:T0-N0-0}"}:vote_round_collector: openraft::core::raft_core: new
 WARN openraft::core::raft_core: A message will be ignored because vote changed: msg sent by vote: T20-N1:uncommitted; current my vote: T21-N1:uncommitted; when (VoteResponse)
 WARN openraft::core::raft_core: A message will be ignored because vote changed: msg sent by vote: T20-N1:uncommitted; current my vote: T21-N1:uncommitted; when (VoteResponse)
DEBUG handle_vote_resp{target=1}: openraft::engine::engine_impl: new
 INFO handle_vote_resp{target=1}: openraft::engine::engine_impl: openraft::engine::engine_impl::Engine<_>::handle_vote_resp resp={T21-N1:uncommitted, last_log:None} target=1 my_vote=T21-N1:uncommitted my_last_log_id=Some(T0-N0-0)
DEBUG handle_vote_resp{target=1}: openraft::engine::engine_impl: close
DEBUG handle_vote_request: openraft::core::raft_core: new
DEBUG handle_vote_request:handle_vote_req: openraft::engine::engine_impl: new
 INFO handle_vote_request:handle_vote_req: openraft::engine::engine_impl: Engine::handle_vote_req req={vote:T21-N1:uncommitted, last_log:T0-N0-0}
 INFO handle_vote_request:handle_vote_req: openraft::engine::engine_impl: Engine::handle_vote_req my_vote=T20-N1:uncommitted my_last_log_id=None
 INFO handle_vote_request:handle_vote_req: openraft::engine::engine_impl: now; 13:01:52.142364, vote is updated at: 13:01:51.906357, vote is updated before 236.005959ms, leader lease(400ms) will expire after 163.994041ms
 INFO handle_vote_request:handle_vote_req: openraft::engine::engine_impl: handle vote request result req={vote:T21-N1:uncommitted, last_log:T0-N0-0} result=Ok(())
DEBUG handle_vote_request:handle_vote_req: openraft::engine::engine_impl: close
DEBUG handle_vote_request: openraft::core::raft_core: close
raft_vote_save phase=submitted owner=505132771856 term=21 leader=1 elapsed_ms=0 succeeded=None
DEBUG handle_vote_request: openraft::core::raft_core: new
DEBUG handle_vote_request:handle_vote_req: openraft::engine::engine_impl: new
 INFO handle_vote_request:handle_vote_req: openraft::engine::engine_impl: Engine::handle_vote_req req={vote:T21-N1:uncommitted, last_log:T0-N0-0}
raft_vote_save phase=write_entered owner=505132771856 term=21 leader=1 elapsed_ms=0 succeeded=None
 INFO handle_vote_request:handle_vote_req: openraft::engine::engine_impl: Engine::handle_vote_req my_vote=T20-N1:uncommitted my_last_log_id=None
 INFO handle_vote_request:handle_vote_req: openraft::engine::engine_impl: now; 13:01:52.142791, vote is updated at: 13:01:51.906460, vote is updated before 236.330667ms, leader lease(400ms) will expire after 163.669333ms
 INFO handle_vote_request:handle_vote_req: openraft::engine::engine_impl: handle vote request result req={vote:T21-N1:uncommitted, last_log:T0-N0-0} result=Ok(())
DEBUG handle_vote_request:handle_vote_req: openraft::engine::engine_impl: close
DEBUG handle_vote_request: openraft::core::raft_core: close
raft_vote_save phase=submitted owner=505132766480 term=21 leader=1 elapsed_ms=0 succeeded=None
raft_vote_save phase=write_entered owner=505132766480 term=21 leader=1 elapsed_ms=0 succeeded=None
DEBUG elect: openraft::engine::engine_impl: new
 INFO elect: openraft::engine::engine_impl: openraft::engine::engine_impl::Engine<_>::elect, new candidate: {T22-N1:uncommitted@13:01:52.191972, last_log_id:T0-N0-0 progress:{1: false, 2: false, 3: false}}
DEBUG elect: openraft::engine::engine_impl: close
raft_vote_save phase=submitted owner=505132762896 term=22 leader=1 elapsed_ms=0 succeeded=None
raft_vote_save phase=write_entered owner=505132762896 term=22 leader=1 elapsed_ms=0 succeeded=None
raft_vote_save phase=write_returned owner=505132771856 term=21 leader=1 elapsed_ms=152 succeeded=Some(true)
raft_vote_save phase=wait_returned owner=505132771856 term=21 leader=1 elapsed_ms=152 succeeded=Some(true)
 WARN openraft::core::raft_core: A message will be ignored because vote changed: msg sent by vote: T21-N1:uncommitted; current my vote: None; when (VoteResponse)
DEBUG spawn_parallel_vote_requests{vote="{vote:T21-N1:uncommitted, last_log:T0-N0-0}"}:send_vote_req{target=3}: openraft::core::raft_core: close
raft_vote_save phase=write_returned owner=505132766480 term=21 leader=1 elapsed_ms=157 succeeded=Some(true)
raft_vote_save phase=wait_returned owner=505132766480 term=21 leader=1 elapsed_ms=157 succeeded=Some(true)
 WARN openraft::core::raft_core: A message will be ignored because vote changed: msg sent by vote: T21-N1:uncommitted; current my vote: None; when (VoteResponse)
DEBUG spawn_parallel_vote_requests{vote="{vote:T21-N1:uncommitted, last_log:T0-N0-0}"}:send_vote_req{target=2}: openraft::core::raft_core: close
DEBUG spawn_parallel_vote_requests{vote="{vote:T21-N1:uncommitted, last_log:T0-N0-0}"}:vote_round_collector: openraft::core::raft_core: close
TRACE spawn_parallel_vote_requests{vote="{vote:T21-N1:uncommitted, last_log:T0-N0-0}"}: openraft::core::raft_core: close
raft_vote_save phase=write_returned owner=505132762896 term=22 leader=1 elapsed_ms=165 succeeded=Some(true)
raft_vote_save phase=wait_returned owner=505132762896 term=22 leader=1 elapsed_ms=165 succeeded=Some(true)
TRACE spawn_parallel_vote_requests{vote="{vote:T22-N1:uncommitted, last_log:T0-N0-0}"}: openraft::core::raft_core: new
DEBUG spawn_parallel_vote_requests{vote="{vote:T22-N1:uncommitted, last_log:T0-N0-0}"}:send_vote_req{target=2}: openraft::core::raft_core: new
DEBUG spawn_parallel_vote_requests{vote="{vote:T22-N1:uncommitted, last_log:T0-N0-0}"}:send_vote_req{target=3}: openraft::core::raft_core: new
DEBUG spawn_parallel_vote_requests{vote="{vote:T22-N1:uncommitted, last_log:T0-N0-0}"}:vote_round_collector: openraft::core::raft_core: new
 WARN openraft::core::raft_core: A message will be ignored because vote changed: msg sent by vote: T21-N1:uncommitted; current my vote: T22-N1:uncommitted; when (VoteResponse)
 WARN openraft::core::raft_core: A message will be ignored because vote changed: msg sent by vote: T21-N1:uncommitted; current my vote: T22-N1:uncommitted; when (VoteResponse)
DEBUG handle_vote_resp{target=1}: openraft::engine::engine_impl: new
 INFO handle_vote_resp{target=1}: openraft::engine::engine_impl: openraft::engine::engine_impl::Engine<_>::handle_vote_resp resp={T22-N1:uncommitted, last_log:None} target=1 my_vote=T22-N1:uncommitted my_last_log_id=Some(T0-N0-0)
DEBUG handle_vote_resp{target=1}: openraft::engine::engine_impl: close
DEBUG handle_vote_request: openraft::core::raft_core: new
DEBUG handle_vote_request:handle_vote_req: openraft::engine::engine_impl: new
 INFO handle_vote_request:handle_vote_req: openraft::engine::engine_impl: Engine::handle_vote_req req={vote:T22-N1:uncommitted, last_log:T0-N0-0}
 INFO handle_vote_request:handle_vote_req: openraft::engine::engine_impl: Engine::handle_vote_req my_vote=T21-N1:uncommitted my_last_log_id=None
 INFO handle_vote_request:handle_vote_req: openraft::engine::engine_impl: now; 13:01:52.357977, vote is updated at: 13:01:52.142421, vote is updated before 215.556375ms, leader lease(400ms) will expire after 184.443625ms
 INFO handle_vote_request:handle_vote_req: openraft::engine::engine_impl: handle vote request result req={vote:T22-N1:uncommitted, last_log:T0-N0-0} result=Ok(())
DEBUG handle_vote_request:handle_vote_req: openraft::engine::engine_impl: close
DEBUG handle_vote_request: openraft::core::raft_core: close
DEBUG handle_vote_request: openraft::core::raft_core: new
raft_vote_save phase=submitted owner=505132771856 term=22 leader=1 elapsed_ms=0 succeeded=None
raft_vote_save phase=write_entered owner=505132771856 term=22 leader=1 elapsed_ms=0 succeeded=None
DEBUG handle_vote_request:handle_vote_req: openraft::engine::engine_impl: new
 INFO handle_vote_request:handle_vote_req: openraft::engine::engine_impl: Engine::handle_vote_req req={vote:T22-N1:uncommitted, last_log:T0-N0-0}
 INFO handle_vote_request:handle_vote_req: openraft::engine::engine_impl: Engine::handle_vote_req my_vote=T21-N1:uncommitted my_last_log_id=None
 INFO handle_vote_request:handle_vote_req: openraft::engine::engine_impl: now; 13:01:52.358184, vote is updated at: 13:01:52.142966, vote is updated before 215.21775ms, leader lease(400ms) will expire after 184.78225ms
 INFO handle_vote_request:handle_vote_req: openraft::engine::engine_impl: handle vote request result req={vote:T22-N1:uncommitted, last_log:T0-N0-0} result=Ok(())
DEBUG handle_vote_request:handle_vote_req: openraft::engine::engine_impl: close
DEBUG handle_vote_request: openraft::core::raft_core: close
raft_vote_save phase=submitted owner=505132766480 term=22 leader=1 elapsed_ms=0 succeeded=None
raft_vote_save phase=write_entered owner=505132766480 term=22 leader=1 elapsed_ms=0 succeeded=None
DEBUG elect: openraft::engine::engine_impl: new
 INFO elect: openraft::engine::engine_impl: openraft::engine::engine_impl::Engine<_>::elect, new candidate: {T23-N1:uncommitted@13:01:52.420522, last_log_id:T0-N0-0 progress:{1: false, 2: false, 3: false}}
DEBUG elect: openraft::engine::engine_impl: close
raft_vote_save phase=submitted owner=505132762896 term=23 leader=1 elapsed_ms=0 succeeded=None
raft_vote_save phase=write_entered owner=505132762896 term=23 leader=1 elapsed_ms=0 succeeded=None
raft_vote_save phase=write_returned owner=505132771856 term=22 leader=1 elapsed_ms=149 succeeded=Some(true)
raft_vote_save phase=wait_returned owner=505132771856 term=22 leader=1 elapsed_ms=149 succeeded=Some(true)
 WARN openraft::core::raft_core: A message will be ignored because vote changed: msg sent by vote: T22-N1:uncommitted; current my vote: None; when (VoteResponse)
DEBUG spawn_parallel_vote_requests{vote="{vote:T22-N1:uncommitted, last_log:T0-N0-0}"}:send_vote_req{target=3}: openraft::core::raft_core: close
raft_vote_save phase=write_returned owner=505132766480 term=22 leader=1 elapsed_ms=155 succeeded=Some(true)
raft_vote_save phase=wait_returned owner=505132766480 term=22 leader=1 elapsed_ms=155 succeeded=Some(true)
 WARN openraft::core::raft_core: A message will be ignored because vote changed: msg sent by vote: T22-N1:uncommitted; current my vote: None; when (VoteResponse)
DEBUG spawn_parallel_vote_requests{vote="{vote:T22-N1:uncommitted, last_log:T0-N0-0}"}:send_vote_req{target=2}: openraft::core::raft_core: close
DEBUG spawn_parallel_vote_requests{vote="{vote:T22-N1:uncommitted, last_log:T0-N0-0}"}:vote_round_collector: openraft::core::raft_core: close
TRACE spawn_parallel_vote_requests{vote="{vote:T22-N1:uncommitted, last_log:T0-N0-0}"}: openraft::core::raft_core: close
raft_vote_save phase=write_returned owner=505132762896 term=23 leader=1 elapsed_ms=133 succeeded=Some(true)
raft_vote_save phase=wait_returned owner=505132762896 term=23 leader=1 elapsed_ms=133 succeeded=Some(true)
TRACE spawn_parallel_vote_requests{vote="{vote:T23-N1:uncommitted, last_log:T0-N0-0}"}: openraft::core::raft_core: new
DEBUG spawn_parallel_vote_requests{vote="{vote:T23-N1:uncommitted, last_log:T0-N0-0}"}:send_vote_req{target=2}: openraft::core::raft_core: new
DEBUG spawn_parallel_vote_requests{vote="{vote:T23-N1:uncommitted, last_log:T0-N0-0}"}:send_vote_req{target=3}: openraft::core::raft_core: new
DEBUG spawn_parallel_vote_requests{vote="{vote:T23-N1:uncommitted, last_log:T0-N0-0}"}:vote_round_collector: openraft::core::raft_core: new
 WARN openraft::core::raft_core: A message will be ignored because vote changed: msg sent by vote: T22-N1:uncommitted; current my vote: T23-N1:uncommitted; when (VoteResponse)
 WARN openraft::core::raft_core: A message will be ignored because vote changed: msg sent by vote: T22-N1:uncommitted; current my vote: T23-N1:uncommitted; when (VoteResponse)
DEBUG handle_vote_resp{target=1}: openraft::engine::engine_impl: new
 INFO handle_vote_resp{target=1}: openraft::engine::engine_impl: openraft::engine::engine_impl::Engine<_>::handle_vote_resp resp={T23-N1:uncommitted, last_log:None} target=1 my_vote=T23-N1:uncommitted my_last_log_id=Some(T0-N0-0)
DEBUG handle_vote_resp{target=1}: openraft::engine::engine_impl: close
DEBUG handle_vote_request: openraft::core::raft_core: new
DEBUG handle_vote_request: openraft::core::raft_core: new
DEBUG handle_vote_request:handle_vote_req: openraft::engine::engine_impl: new
DEBUG handle_vote_request:handle_vote_req: openraft::engine::engine_impl: new
 INFO handle_vote_request:handle_vote_req: openraft::engine::engine_impl: Engine::handle_vote_req req={vote:T23-N1:uncommitted, last_log:T0-N0-0}
 INFO handle_vote_request:handle_vote_req: openraft::engine::engine_impl: Engine::handle_vote_req req={vote:T23-N1:uncommitted, last_log:T0-N0-0}
 INFO handle_vote_request:handle_vote_req: openraft::engine::engine_impl: Engine::handle_vote_req my_vote=T22-N1:uncommitted my_last_log_id=None
 INFO handle_vote_request:handle_vote_req: openraft::engine::engine_impl: Engine::handle_vote_req my_vote=T22-N1:uncommitted my_last_log_id=None
 INFO handle_vote_request:handle_vote_req: openraft::engine::engine_impl: now; 13:01:52.554175, vote is updated at: 13:01:52.358023, vote is updated before 196.15125ms, leader lease(400ms) will expire after 203.84875ms
 INFO handle_vote_request:handle_vote_req: openraft::engine::engine_impl: now; 13:01:52.554174, vote is updated at: 13:01:52.358259, vote is updated before 195.914333ms, leader lease(400ms) will expire after 204.085667ms
 INFO handle_vote_request:handle_vote_req: openraft::engine::engine_impl: handle vote request result req={vote:T23-N1:uncommitted, last_log:T0-N0-0} result=Ok(())
 INFO handle_vote_request:handle_vote_req: openraft::engine::engine_impl: handle vote request result req={vote:T23-N1:uncommitted, last_log:T0-N0-0} result=Ok(())
DEBUG handle_vote_request:handle_vote_req: openraft::engine::engine_impl: close
DEBUG handle_vote_request:handle_vote_req: openraft::engine::engine_impl: close
DEBUG handle_vote_request: openraft::core::raft_core: close
DEBUG handle_vote_request: openraft::core::raft_core: close
raft_vote_save phase=submitted owner=505132766480 term=23 leader=1 elapsed_ms=0 succeeded=None
raft_vote_save phase=submitted owner=505132771856 term=23 leader=1 elapsed_ms=0 succeeded=None
raft_vote_save phase=write_entered owner=505132766480 term=23 leader=1 elapsed_ms=0 succeeded=None
raft_vote_save phase=write_entered owner=505132771856 term=23 leader=1 elapsed_ms=0 succeeded=None
DEBUG elect: openraft::engine::engine_impl: new
 INFO elect: openraft::engine::engine_impl: openraft::engine::engine_impl::Engine<_>::elect, new candidate: {T24-N1:uncommitted@13:01:52.650400, last_log_id:T0-N0-0 progress:{1: false, 2: false, 3: false}}
DEBUG elect: openraft::engine::engine_impl: close
raft_vote_save phase=submitted owner=505132762896 term=24 leader=1 elapsed_ms=0 succeeded=None
raft_vote_save phase=write_entered owner=505132762896 term=24 leader=1 elapsed_ms=0 succeeded=None
raft_vote_save phase=write_returned owner=505132771856 term=23 leader=1 elapsed_ms=181 succeeded=Some(true)
raft_vote_save phase=write_returned owner=505132766480 term=23 leader=1 elapsed_ms=181 succeeded=Some(true)
raft_vote_save phase=wait_returned owner=505132771856 term=23 leader=1 elapsed_ms=181 succeeded=Some(true)
raft_vote_save phase=wait_returned owner=505132766480 term=23 leader=1 elapsed_ms=181 succeeded=Some(true)
 WARN openraft::core::raft_core: A message will be ignored because vote changed: msg sent by vote: T23-N1:uncommitted; current my vote: None; when (VoteResponse)
 WARN openraft::core::raft_core: A message will be ignored because vote changed: msg sent by vote: T23-N1:uncommitted; current my vote: None; when (VoteResponse)
DEBUG spawn_parallel_vote_requests{vote="{vote:T23-N1:uncommitted, last_log:T0-N0-0}"}:send_vote_req{target=3}: openraft::core::raft_core: close
DEBUG spawn_parallel_vote_requests{vote="{vote:T23-N1:uncommitted, last_log:T0-N0-0}"}:send_vote_req{target=2}: openraft::core::raft_core: close
DEBUG spawn_parallel_vote_requests{vote="{vote:T23-N1:uncommitted, last_log:T0-N0-0}"}:vote_round_collector: openraft::core::raft_core: close
TRACE spawn_parallel_vote_requests{vote="{vote:T23-N1:uncommitted, last_log:T0-N0-0}"}: openraft::core::raft_core: close
raft_vote_save phase=write_returned owner=505132762896 term=24 leader=1 elapsed_ms=154 succeeded=Some(true)
raft_vote_save phase=wait_returned owner=505132762896 term=24 leader=1 elapsed_ms=154 succeeded=Some(true)
TRACE spawn_parallel_vote_requests{vote="{vote:T24-N1:uncommitted, last_log:T0-N0-0}"}: openraft::core::raft_core: new
DEBUG spawn_parallel_vote_requests{vote="{vote:T24-N1:uncommitted, last_log:T0-N0-0}"}:send_vote_req{target=2}: openraft::core::raft_core: new
DEBUG spawn_parallel_vote_requests{vote="{vote:T24-N1:uncommitted, last_log:T0-N0-0}"}:send_vote_req{target=3}: openraft::core::raft_core: new
DEBUG spawn_parallel_vote_requests{vote="{vote:T24-N1:uncommitted, last_log:T0-N0-0}"}:vote_round_collector: openraft::core::raft_core: new
 WARN openraft::core::raft_core: A message will be ignored because vote changed: msg sent by vote: T23-N1:uncommitted; current my vote: T24-N1:uncommitted; when (VoteResponse)
 WARN openraft::core::raft_core: A message will be ignored because vote changed: msg sent by vote: T23-N1:uncommitted; current my vote: T24-N1:uncommitted; when (VoteResponse)
DEBUG handle_vote_resp{target=1}: openraft::engine::engine_impl: new
 INFO handle_vote_resp{target=1}: openraft::engine::engine_impl: openraft::engine::engine_impl::Engine<_>::handle_vote_resp resp={T24-N1:uncommitted, last_log:None} target=1 my_vote=T24-N1:uncommitted my_last_log_id=Some(T0-N0-0)
DEBUG handle_vote_resp{target=1}: openraft::engine::engine_impl: close
DEBUG handle_vote_request: openraft::core::raft_core: new
DEBUG handle_vote_request:handle_vote_req: openraft::engine::engine_impl: new
 INFO handle_vote_request:handle_vote_req: openraft::engine::engine_impl: Engine::handle_vote_req req={vote:T24-N1:uncommitted, last_log:T0-N0-0}
 INFO handle_vote_request:handle_vote_req: openraft::engine::engine_impl: Engine::handle_vote_req my_vote=T23-N1:uncommitted my_last_log_id=None
DEBUG handle_vote_request: openraft::core::raft_core: new
DEBUG handle_vote_request:handle_vote_req: openraft::engine::engine_impl: new
 INFO handle_vote_request:handle_vote_req: openraft::engine::engine_impl: now; 13:01:52.805645, vote is updated at: 13:01:52.554221, vote is updated before 251.423875ms, leader lease(400ms) will expire after 148.576125ms
 INFO handle_vote_request:handle_vote_req: openraft::engine::engine_impl: Engine::handle_vote_req req={vote:T24-N1:uncommitted, last_log:T0-N0-0}
 INFO handle_vote_request:handle_vote_req: openraft::engine::engine_impl: Engine::handle_vote_req my_vote=T23-N1:uncommitted my_last_log_id=None
 INFO handle_vote_request:handle_vote_req: openraft::engine::engine_impl: handle vote request result req={vote:T24-N1:uncommitted, last_log:T0-N0-0} result=Ok(())
DEBUG handle_vote_request:handle_vote_req: openraft::engine::engine_impl: close
DEBUG handle_vote_request: openraft::core::raft_core: close
raft_vote_save phase=submitted owner=505132771856 term=24 leader=1 elapsed_ms=0 succeeded=None
 INFO handle_vote_request:handle_vote_req: openraft::engine::engine_impl: now; 13:01:52.805700, vote is updated at: 13:01:52.554222, vote is updated before 251.47775ms, leader lease(400ms) will expire after 148.52225ms
 INFO handle_vote_request:handle_vote_req: openraft::engine::engine_impl: handle vote request result req={vote:T24-N1:uncommitted, last_log:T0-N0-0} result=Ok(())
raft_vote_save phase=write_entered owner=505132771856 term=24 leader=1 elapsed_ms=0 succeeded=None
DEBUG handle_vote_request:handle_vote_req: openraft::engine::engine_impl: close
DEBUG handle_vote_request: openraft::core::raft_core: close
raft_vote_save phase=submitted owner=505132766480 term=24 leader=1 elapsed_ms=0 succeeded=None
raft_vote_save phase=write_entered owner=505132766480 term=24 leader=1 elapsed_ms=0 succeeded=None
DEBUG elect: openraft::engine::engine_impl: new
 INFO elect: openraft::engine::engine_impl: openraft::engine::engine_impl::Engine<_>::elect, new candidate: {T25-N1:uncommitted@13:01:52.881132, last_log_id:T0-N0-0 progress:{1: false, 2: false, 3: false}}
DEBUG elect: openraft::engine::engine_impl: close
raft_vote_save phase=submitted owner=505132762896 term=25 leader=1 elapsed_ms=0 succeeded=None
raft_vote_save phase=write_entered owner=505132762896 term=25 leader=1 elapsed_ms=0 succeeded=None
raft_vote_save phase=write_returned owner=505132771856 term=24 leader=1 elapsed_ms=151 succeeded=Some(true)
raft_vote_save phase=wait_returned owner=505132771856 term=24 leader=1 elapsed_ms=151 succeeded=Some(true)
 WARN openraft::core::raft_core: A message will be ignored because vote changed: msg sent by vote: T24-N1:uncommitted; current my vote: None; when (VoteResponse)
DEBUG spawn_parallel_vote_requests{vote="{vote:T24-N1:uncommitted, last_log:T0-N0-0}"}:send_vote_req{target=3}: openraft::core::raft_core: close
raft_vote_save phase=write_returned owner=505132766480 term=24 leader=1 elapsed_ms=163 succeeded=Some(true)
raft_vote_save phase=wait_returned owner=505132766480 term=24 leader=1 elapsed_ms=163 succeeded=Some(true)
 WARN openraft::core::raft_core: A message will be ignored because vote changed: msg sent by vote: T24-N1:uncommitted; current my vote: None; when (VoteResponse)
DEBUG spawn_parallel_vote_requests{vote="{vote:T24-N1:uncommitted, last_log:T0-N0-0}"}:send_vote_req{target=2}: openraft::core::raft_core: close
DEBUG spawn_parallel_vote_requests{vote="{vote:T24-N1:uncommitted, last_log:T0-N0-0}"}:vote_round_collector: openraft::core::raft_core: close
TRACE spawn_parallel_vote_requests{vote="{vote:T24-N1:uncommitted, last_log:T0-N0-0}"}: openraft::core::raft_core: close
raft_vote_save phase=write_returned owner=505132762896 term=25 leader=1 elapsed_ms=141 succeeded=Some(true)
raft_vote_save phase=wait_returned owner=505132762896 term=25 leader=1 elapsed_ms=141 succeeded=Some(true)
TRACE spawn_parallel_vote_requests{vote="{vote:T25-N1:uncommitted, last_log:T0-N0-0}"}: openraft::core::raft_core: new
DEBUG spawn_parallel_vote_requests{vote="{vote:T25-N1:uncommitted, last_log:T0-N0-0}"}:send_vote_req{target=2}: openraft::core::raft_core: new
DEBUG spawn_parallel_vote_requests{vote="{vote:T25-N1:uncommitted, last_log:T0-N0-0}"}:send_vote_req{target=3}: openraft::core::raft_core: new
DEBUG spawn_parallel_vote_requests{vote="{vote:T25-N1:uncommitted, last_log:T0-N0-0}"}:vote_round_collector: openraft::core::raft_core: new
 WARN openraft::core::raft_core: A message will be ignored because vote changed: msg sent by vote: T24-N1:uncommitted; current my vote: T25-N1:uncommitted; when (VoteResponse)
 WARN openraft::core::raft_core: A message will be ignored because vote changed: msg sent by vote: T24-N1:uncommitted; current my vote: T25-N1:uncommitted; when (VoteResponse)
DEBUG handle_vote_resp{target=1}: openraft::engine::engine_impl: new
 INFO handle_vote_resp{target=1}: openraft::engine::engine_impl: openraft::engine::engine_impl::Engine<_>::handle_vote_resp resp={T25-N1:uncommitted, last_log:None} target=1 my_vote=T25-N1:uncommitted my_last_log_id=Some(T0-N0-0)
DEBUG handle_vote_resp{target=1}: openraft::engine::engine_impl: close
DEBUG handle_vote_request: openraft::core::raft_core: new
DEBUG handle_vote_request:handle_vote_req: openraft::engine::engine_impl: new
DEBUG handle_vote_request: openraft::core::raft_core: new
DEBUG handle_vote_request:handle_vote_req: openraft::engine::engine_impl: new
 INFO handle_vote_request:handle_vote_req: openraft::engine::engine_impl: Engine::handle_vote_req req={vote:T25-N1:uncommitted, last_log:T0-N0-0}
 INFO handle_vote_request:handle_vote_req: openraft::engine::engine_impl: Engine::handle_vote_req my_vote=T24-N1:uncommitted my_last_log_id=None
 INFO handle_vote_request:handle_vote_req: openraft::engine::engine_impl: Engine::handle_vote_req req={vote:T25-N1:uncommitted, last_log:T0-N0-0}
 INFO handle_vote_request:handle_vote_req: openraft::engine::engine_impl: now; 13:01:53.023290, vote is updated at: 13:01:52.805774, vote is updated before 217.51625ms, leader lease(400ms) will expire after 182.48375ms
 INFO handle_vote_request:handle_vote_req: openraft::engine::engine_impl: Engine::handle_vote_req my_vote=T24-N1:uncommitted my_last_log_id=None
 INFO handle_vote_request:handle_vote_req: openraft::engine::engine_impl: handle vote request result req={vote:T25-N1:uncommitted, last_log:T0-N0-0} result=Ok(())
DEBUG handle_vote_request:handle_vote_req: openraft::engine::engine_impl: close
 INFO handle_vote_request:handle_vote_req: openraft::engine::engine_impl: now; 13:01:53.023277, vote is updated at: 13:01:52.805709, vote is updated before 217.568916ms, leader lease(400ms) will expire after 182.431084ms
DEBUG handle_vote_request: openraft::core::raft_core: close
 INFO handle_vote_request:handle_vote_req: openraft::engine::engine_impl: handle vote request result req={vote:T25-N1:uncommitted, last_log:T0-N0-0} result=Ok(())
DEBUG handle_vote_request:handle_vote_req: openraft::engine::engine_impl: close
raft_vote_save phase=submitted owner=505132766480 term=25 leader=1 elapsed_ms=0 succeeded=None
DEBUG handle_vote_request: openraft::core::raft_core: close
raft_vote_save phase=submitted owner=505132771856 term=25 leader=1 elapsed_ms=0 succeeded=None
raft_vote_save phase=write_entered owner=505132766480 term=25 leader=1 elapsed_ms=0 succeeded=None
raft_vote_save phase=write_entered owner=505132771856 term=25 leader=1 elapsed_ms=2 succeeded=None
DEBUG elect: openraft::engine::engine_impl: new
 INFO elect: openraft::engine::engine_impl: openraft::engine::engine_impl::Engine<_>::elect, new candidate: {T26-N1:uncommitted@13:01:53.110926, last_log_id:T0-N0-0 progress:{1: false, 2: false, 3: false}}
DEBUG elect: openraft::engine::engine_impl: close
raft_vote_save phase=submitted owner=505132762896 term=26 leader=1 elapsed_ms=0 succeeded=None
raft_vote_save phase=write_entered owner=505132762896 term=26 leader=1 elapsed_ms=0 succeeded=None
raft_vote_save phase=write_returned owner=505132766480 term=25 leader=1 elapsed_ms=142 succeeded=Some(true)
raft_vote_save phase=wait_returned owner=505132766480 term=25 leader=1 elapsed_ms=142 succeeded=Some(true)
 WARN openraft::core::raft_core: A message will be ignored because vote changed: msg sent by vote: T25-N1:uncommitted; current my vote: None; when (VoteResponse)
DEBUG spawn_parallel_vote_requests{vote="{vote:T25-N1:uncommitted, last_log:T0-N0-0}"}:send_vote_req{target=2}: openraft::core::raft_core: close
raft_vote_save phase=write_returned owner=505132771856 term=25 leader=1 elapsed_ms=142 succeeded=Some(true)
raft_vote_save phase=wait_returned owner=505132771856 term=25 leader=1 elapsed_ms=142 succeeded=Some(true)
 WARN openraft::core::raft_core: A message will be ignored because vote changed: msg sent by vote: T25-N1:uncommitted; current my vote: None; when (VoteResponse)
DEBUG spawn_parallel_vote_requests{vote="{vote:T25-N1:uncommitted, last_log:T0-N0-0}"}:send_vote_req{target=3}: openraft::core::raft_core: close
DEBUG spawn_parallel_vote_requests{vote="{vote:T25-N1:uncommitted, last_log:T0-N0-0}"}:vote_round_collector: openraft::core::raft_core: close
TRACE spawn_parallel_vote_requests{vote="{vote:T25-N1:uncommitted, last_log:T0-N0-0}"}: openraft::core::raft_core: close
raft_vote_save phase=write_returned owner=505132762896 term=26 leader=1 elapsed_ms=144 succeeded=Some(true)
raft_vote_save phase=wait_returned owner=505132762896 term=26 leader=1 elapsed_ms=144 succeeded=Some(true)
TRACE spawn_parallel_vote_requests{vote="{vote:T26-N1:uncommitted, last_log:T0-N0-0}"}: openraft::core::raft_core: new
DEBUG spawn_parallel_vote_requests{vote="{vote:T26-N1:uncommitted, last_log:T0-N0-0}"}:send_vote_req{target=2}: openraft::core::raft_core: new
DEBUG spawn_parallel_vote_requests{vote="{vote:T26-N1:uncommitted, last_log:T0-N0-0}"}:send_vote_req{target=3}: openraft::core::raft_core: new
DEBUG spawn_parallel_vote_requests{vote="{vote:T26-N1:uncommitted, last_log:T0-N0-0}"}:vote_round_collector: openraft::core::raft_core: new
 WARN openraft::core::raft_core: A message will be ignored because vote changed: msg sent by vote: T25-N1:uncommitted; current my vote: T26-N1:uncommitted; when (VoteResponse)
 WARN openraft::core::raft_core: A message will be ignored because vote changed: msg sent by vote: T25-N1:uncommitted; current my vote: T26-N1:uncommitted; when (VoteResponse)
DEBUG handle_vote_resp{target=1}: openraft::engine::engine_impl: new
 INFO handle_vote_resp{target=1}: openraft::engine::engine_impl: openraft::engine::engine_impl::Engine<_>::handle_vote_resp resp={T26-N1:uncommitted, last_log:None} target=1 my_vote=T26-N1:uncommitted my_last_log_id=Some(T0-N0-0)
DEBUG handle_vote_resp{target=1}: openraft::engine::engine_impl: close
DEBUG handle_vote_request: openraft::core::raft_core: new
DEBUG handle_vote_request:handle_vote_req: openraft::engine::engine_impl: new
 INFO handle_vote_request:handle_vote_req: openraft::engine::engine_impl: Engine::handle_vote_req req={vote:T26-N1:uncommitted, last_log:T0-N0-0}
 INFO handle_vote_request:handle_vote_req: openraft::engine::engine_impl: Engine::handle_vote_req my_vote=T25-N1:uncommitted my_last_log_id=None
 INFO handle_vote_request:handle_vote_req: openraft::engine::engine_impl: now; 13:01:53.255577, vote is updated at: 13:01:53.023381, vote is updated before 232.1955ms, leader lease(400ms) will expire after 167.8045ms
 INFO handle_vote_request:handle_vote_req: openraft::engine::engine_impl: handle vote request result req={vote:T26-N1:uncommitted, last_log:T0-N0-0} result=Ok(())
DEBUG handle_vote_request:handle_vote_req: openraft::engine::engine_impl: close
DEBUG handle_vote_request: openraft::core::raft_core: close
raft_vote_save phase=submitted owner=505132771856 term=26 leader=1 elapsed_ms=0 succeeded=None
DEBUG handle_vote_request: openraft::core::raft_core: new
DEBUG handle_vote_request:handle_vote_req: openraft::engine::engine_impl: new
 INFO handle_vote_request:handle_vote_req: openraft::engine::engine_impl: Engine::handle_vote_req req={vote:T26-N1:uncommitted, last_log:T0-N0-0}
 INFO handle_vote_request:handle_vote_req: openraft::engine::engine_impl: Engine::handle_vote_req my_vote=T25-N1:uncommitted my_last_log_id=None
 INFO handle_vote_request:handle_vote_req: openraft::engine::engine_impl: now; 13:01:53.255684, vote is updated at: 13:01:53.023355, vote is updated before 232.32975ms, leader lease(400ms) will expire after 167.67025ms
 INFO handle_vote_request:handle_vote_req: openraft::engine::engine_impl: handle vote request result req={vote:T26-N1:uncommitted, last_log:T0-N0-0} result=Ok(())
DEBUG handle_vote_request:handle_vote_req: openraft::engine::engine_impl: close
DEBUG handle_vote_request: openraft::core::raft_core: close
raft_vote_save phase=submitted owner=505132766480 term=26 leader=1 elapsed_ms=0 succeeded=None
raft_vote_save phase=write_entered owner=505132771856 term=26 leader=1 elapsed_ms=0 succeeded=None
raft_vote_save phase=write_entered owner=505132766480 term=26 leader=1 elapsed_ms=0 succeeded=None
DEBUG elect: openraft::engine::engine_impl: new
 INFO elect: openraft::engine::engine_impl: openraft::engine::engine_impl::Engine<_>::elect, new candidate: {T27-N1:uncommitted@13:01:53.339743, last_log_id:T0-N0-0 progress:{1: false, 2: false, 3: false}}
DEBUG elect: openraft::engine::engine_impl: close
raft_vote_save phase=submitted owner=505132762896 term=27 leader=1 elapsed_ms=0 succeeded=None
raft_vote_save phase=write_entered owner=505132762896 term=27 leader=1 elapsed_ms=0 succeeded=None
raft_vote_save phase=write_returned owner=505132766480 term=26 leader=1 elapsed_ms=164 succeeded=Some(true)
raft_vote_save phase=wait_returned owner=505132766480 term=26 leader=1 elapsed_ms=164 succeeded=Some(true)
 WARN openraft::core::raft_core: A message will be ignored because vote changed: msg sent by vote: T26-N1:uncommitted; current my vote: None; when (VoteResponse)
DEBUG spawn_parallel_vote_requests{vote="{vote:T26-N1:uncommitted, last_log:T0-N0-0}"}:send_vote_req{target=2}: openraft::core::raft_core: close
raft_vote_save phase=write_returned owner=505132771856 term=26 leader=1 elapsed_ms=180 succeeded=Some(true)
raft_vote_save phase=wait_returned owner=505132771856 term=26 leader=1 elapsed_ms=180 succeeded=Some(true)
 WARN openraft::core::raft_core: A message will be ignored because vote changed: msg sent by vote: T26-N1:uncommitted; current my vote: None; when (VoteResponse)
DEBUG spawn_parallel_vote_requests{vote="{vote:T26-N1:uncommitted, last_log:T0-N0-0}"}:send_vote_req{target=3}: openraft::core::raft_core: close
DEBUG spawn_parallel_vote_requests{vote="{vote:T26-N1:uncommitted, last_log:T0-N0-0}"}:vote_round_collector: openraft::core::raft_core: close
TRACE spawn_parallel_vote_requests{vote="{vote:T26-N1:uncommitted, last_log:T0-N0-0}"}: openraft::core::raft_core: close
raft_vote_save phase=write_returned owner=505132762896 term=27 leader=1 elapsed_ms=149 succeeded=Some(true)
raft_vote_save phase=wait_returned owner=505132762896 term=27 leader=1 elapsed_ms=149 succeeded=Some(true)
TRACE spawn_parallel_vote_requests{vote="{vote:T27-N1:uncommitted, last_log:T0-N0-0}"}: openraft::core::raft_core: new
DEBUG spawn_parallel_vote_requests{vote="{vote:T27-N1:uncommitted, last_log:T0-N0-0}"}:send_vote_req{target=2}: openraft::core::raft_core: new
DEBUG spawn_parallel_vote_requests{vote="{vote:T27-N1:uncommitted, last_log:T0-N0-0}"}:send_vote_req{target=3}: openraft::core::raft_core: new
DEBUG spawn_parallel_vote_requests{vote="{vote:T27-N1:uncommitted, last_log:T0-N0-0}"}:vote_round_collector: openraft::core::raft_core: new
 WARN openraft::core::raft_core: A message will be ignored because vote changed: msg sent by vote: T26-N1:uncommitted; current my vote: T27-N1:uncommitted; when (VoteResponse)
 WARN openraft::core::raft_core: A message will be ignored because vote changed: msg sent by vote: T26-N1:uncommitted; current my vote: T27-N1:uncommitted; when (VoteResponse)
DEBUG handle_vote_resp{target=1}: openraft::engine::engine_impl: new
 INFO handle_vote_resp{target=1}: openraft::engine::engine_impl: openraft::engine::engine_impl::Engine<_>::handle_vote_resp resp={T27-N1:uncommitted, last_log:None} target=1 my_vote=T27-N1:uncommitted my_last_log_id=Some(T0-N0-0)
DEBUG handle_vote_resp{target=1}: openraft::engine::engine_impl: close
DEBUG handle_vote_request: openraft::core::raft_core: new
DEBUG handle_vote_request:handle_vote_req: openraft::engine::engine_impl: new
 INFO handle_vote_request:handle_vote_req: openraft::engine::engine_impl: Engine::handle_vote_req req={vote:T27-N1:uncommitted, last_log:T0-N0-0}
 INFO handle_vote_request:handle_vote_req: openraft::engine::engine_impl: Engine::handle_vote_req my_vote=T26-N1:uncommitted my_last_log_id=None
 INFO handle_vote_request:handle_vote_req: openraft::engine::engine_impl: now; 13:01:53.489983, vote is updated at: 13:01:53.255629, vote is updated before 234.354208ms, leader lease(400ms) will expire after 165.645792ms
 INFO handle_vote_request:handle_vote_req: openraft::engine::engine_impl: handle vote request result req={vote:T27-N1:uncommitted, last_log:T0-N0-0} result=Ok(())
DEBUG handle_vote_request:handle_vote_req: openraft::engine::engine_impl: close
DEBUG handle_vote_request: openraft::core::raft_core: close
DEBUG handle_vote_request: openraft::core::raft_core: new
raft_vote_save phase=submitted owner=505132771856 term=27 leader=1 elapsed_ms=0 succeeded=None
DEBUG handle_vote_request:handle_vote_req: openraft::engine::engine_impl: new
 INFO handle_vote_request:handle_vote_req: openraft::engine::engine_impl: Engine::handle_vote_req req={vote:T27-N1:uncommitted, last_log:T0-N0-0}
 INFO handle_vote_request:handle_vote_req: openraft::engine::engine_impl: Engine::handle_vote_req my_vote=T26-N1:uncommitted my_last_log_id=None
raft_vote_save phase=write_entered owner=505132771856 term=27 leader=1 elapsed_ms=0 succeeded=None
 INFO handle_vote_request:handle_vote_req: openraft::engine::engine_impl: now; 13:01:53.490171, vote is updated at: 13:01:53.255725, vote is updated before 234.4455ms, leader lease(400ms) will expire after 165.5545ms
 INFO handle_vote_request:handle_vote_req: openraft::engine::engine_impl: handle vote request result req={vote:T27-N1:uncommitted, last_log:T0-N0-0} result=Ok(())
DEBUG handle_vote_request:handle_vote_req: openraft::engine::engine_impl: close
DEBUG handle_vote_request: openraft::core::raft_core: close
raft_vote_save phase=submitted owner=505132766480 term=27 leader=1 elapsed_ms=0 succeeded=None
raft_vote_save phase=write_entered owner=505132766480 term=27 leader=1 elapsed_ms=0 succeeded=None
DEBUG elect: openraft::engine::engine_impl: new
 INFO elect: openraft::engine::engine_impl: openraft::engine::engine_impl::Engine<_>::elect, new candidate: {T28-N1:uncommitted@13:01:53.568087, last_log_id:T0-N0-0 progress:{1: false, 2: false, 3: false}}
DEBUG elect: openraft::engine::engine_impl: close
raft_vote_save phase=submitted owner=505132762896 term=28 leader=1 elapsed_ms=0 succeeded=None
raft_vote_save phase=write_entered owner=505132762896 term=28 leader=1 elapsed_ms=0 succeeded=None
raft_vote_save phase=write_returned owner=505132771856 term=27 leader=1 elapsed_ms=144 succeeded=Some(true)
raft_vote_save phase=wait_returned owner=505132771856 term=27 leader=1 elapsed_ms=144 succeeded=Some(true)
 WARN openraft::core::raft_core: A message will be ignored because vote changed: msg sent by vote: T27-N1:uncommitted; current my vote: None; when (VoteResponse)
DEBUG spawn_parallel_vote_requests{vote="{vote:T27-N1:uncommitted, last_log:T0-N0-0}"}:send_vote_req{target=3}: openraft::core::raft_core: close
raft_vote_save phase=write_returned owner=505132766480 term=27 leader=1 elapsed_ms=155 succeeded=Some(true)
raft_vote_save phase=wait_returned owner=505132766480 term=27 leader=1 elapsed_ms=155 succeeded=Some(true)
 WARN openraft::core::raft_core: A message will be ignored because vote changed: msg sent by vote: T27-N1:uncommitted; current my vote: None; when (VoteResponse)
DEBUG spawn_parallel_vote_requests{vote="{vote:T27-N1:uncommitted, last_log:T0-N0-0}"}:send_vote_req{target=2}: openraft::core::raft_core: close
DEBUG spawn_parallel_vote_requests{vote="{vote:T27-N1:uncommitted, last_log:T0-N0-0}"}:vote_round_collector: openraft::core::raft_core: close
TRACE spawn_parallel_vote_requests{vote="{vote:T27-N1:uncommitted, last_log:T0-N0-0}"}: openraft::core::raft_core: close
raft_vote_save phase=write_returned owner=505132762896 term=28 leader=1 elapsed_ms=153 succeeded=Some(true)
raft_vote_save phase=wait_returned owner=505132762896 term=28 leader=1 elapsed_ms=153 succeeded=Some(true)
TRACE spawn_parallel_vote_requests{vote="{vote:T28-N1:uncommitted, last_log:T0-N0-0}"}: openraft::core::raft_core: new
DEBUG spawn_parallel_vote_requests{vote="{vote:T28-N1:uncommitted, last_log:T0-N0-0}"}:send_vote_req{target=2}: openraft::core::raft_core: new
DEBUG spawn_parallel_vote_requests{vote="{vote:T28-N1:uncommitted, last_log:T0-N0-0}"}:send_vote_req{target=3}: openraft::core::raft_core: new
DEBUG spawn_parallel_vote_requests{vote="{vote:T28-N1:uncommitted, last_log:T0-N0-0}"}:vote_round_collector: openraft::core::raft_core: new
 WARN openraft::core::raft_core: A message will be ignored because vote changed: msg sent by vote: T27-N1:uncommitted; current my vote: T28-N1:uncommitted; when (VoteResponse)
 WARN openraft::core::raft_core: A message will be ignored because vote changed: msg sent by vote: T27-N1:uncommitted; current my vote: T28-N1:uncommitted; when (VoteResponse)
DEBUG handle_vote_resp{target=1}: openraft::engine::engine_impl: new
 INFO handle_vote_resp{target=1}: openraft::engine::engine_impl: openraft::engine::engine_impl::Engine<_>::handle_vote_resp resp={T28-N1:uncommitted, last_log:None} target=1 my_vote=T28-N1:uncommitted my_last_log_id=Some(T0-N0-0)
DEBUG handle_vote_resp{target=1}: openraft::engine::engine_impl: close
DEBUG handle_vote_request: openraft::core::raft_core: new
DEBUG handle_vote_request:handle_vote_req: openraft::engine::engine_impl: new
 INFO handle_vote_request:handle_vote_req: openraft::engine::engine_impl: Engine::handle_vote_req req={vote:T28-N1:uncommitted, last_log:T0-N0-0}
 INFO handle_vote_request:handle_vote_req: openraft::engine::engine_impl: Engine::handle_vote_req my_vote=T27-N1:uncommitted my_last_log_id=None
 INFO handle_vote_request:handle_vote_req: openraft::engine::engine_impl: now; 13:01:53.722133, vote is updated at: 13:01:53.490030, vote is updated before 232.102875ms, leader lease(400ms) will expire after 167.897125ms
DEBUG handle_vote_request: openraft::core::raft_core: new
DEBUG handle_vote_request:handle_vote_req: openraft::engine::engine_impl: new
 INFO handle_vote_request:handle_vote_req: openraft::engine::engine_impl: Engine::handle_vote_req req={vote:T28-N1:uncommitted, last_log:T0-N0-0}
 INFO handle_vote_request:handle_vote_req: openraft::engine::engine_impl: Engine::handle_vote_req my_vote=T27-N1:uncommitted my_last_log_id=None
 INFO handle_vote_request:handle_vote_req: openraft::engine::engine_impl: now; 13:01:53.722258, vote is updated at: 13:01:53.490251, vote is updated before 232.006375ms, leader lease(400ms) will expire after 167.993625ms
 INFO handle_vote_request:handle_vote_req: openraft::engine::engine_impl: handle vote request result req={vote:T28-N1:uncommitted, last_log:T0-N0-0} result=Ok(())
DEBUG handle_vote_request:handle_vote_req: openraft::engine::engine_impl: close
DEBUG handle_vote_request: openraft::core::raft_core: close
raft_vote_save phase=submitted owner=505132766480 term=28 leader=1 elapsed_ms=0 succeeded=None
 INFO handle_vote_request:handle_vote_req: openraft::engine::engine_impl: handle vote request result req={vote:T28-N1:uncommitted, last_log:T0-N0-0} result=Ok(())
DEBUG handle_vote_request:handle_vote_req: openraft::engine::engine_impl: close
DEBUG handle_vote_request: openraft::core::raft_core: close
raft_vote_save phase=submitted owner=505132771856 term=28 leader=1 elapsed_ms=0 succeeded=None
raft_vote_save phase=write_entered owner=505132766480 term=28 leader=1 elapsed_ms=0 succeeded=None
raft_vote_save phase=write_entered owner=505132771856 term=28 leader=1 elapsed_ms=0 succeeded=None
DEBUG elect: openraft::engine::engine_impl: new
 INFO elect: openraft::engine::engine_impl: openraft::engine::engine_impl::Engine<_>::elect, new candidate: {T29-N1:uncommitted@13:01:53.797838, last_log_id:T0-N0-0 progress:{1: false, 2: false, 3: false}}
DEBUG elect: openraft::engine::engine_impl: close
raft_vote_save phase=submitted owner=505132762896 term=29 leader=1 elapsed_ms=0 succeeded=None
raft_vote_save phase=write_entered owner=505132762896 term=29 leader=1 elapsed_ms=0 succeeded=None
raft_vote_save phase=write_returned owner=505132766480 term=28 leader=1 elapsed_ms=184 succeeded=Some(true)
raft_vote_save phase=wait_returned owner=505132766480 term=28 leader=1 elapsed_ms=184 succeeded=Some(true)
 WARN openraft::core::raft_core: A message will be ignored because vote changed: msg sent by vote: T28-N1:uncommitted; current my vote: None; when (VoteResponse)
DEBUG spawn_parallel_vote_requests{vote="{vote:T28-N1:uncommitted, last_log:T0-N0-0}"}:send_vote_req{target=2}: openraft::core::raft_core: close
ERROR spawn_parallel_vote_requests{vote="{vote:T28-N1:uncommitted, last_log:T0-N0-0}"}:send_vote_req{target=3}: openraft::core::raft_core: while requesting vote error=Unreachable node: std::io::error::Error: deadline has elapsed target=3
DEBUG spawn_parallel_vote_requests{vote="{vote:T28-N1:uncommitted, last_log:T0-N0-0}"}:send_vote_req{target=3}: openraft::core::raft_core: close
DEBUG spawn_parallel_vote_requests{vote="{vote:T28-N1:uncommitted, last_log:T0-N0-0}"}:vote_round_collector: openraft::core::raft_core: close
TRACE spawn_parallel_vote_requests{vote="{vote:T28-N1:uncommitted, last_log:T0-N0-0}"}: openraft::core::raft_core: close
raft_vote_save phase=write_returned owner=505132771856 term=28 leader=1 elapsed_ms=217 succeeded=Some(true)
raft_vote_save phase=wait_returned owner=505132771856 term=28 leader=1 elapsed_ms=217 succeeded=Some(true)
 WARN openraft::core::raft_core: A message will be ignored because vote changed: msg sent by vote: T28-N1:uncommitted; current my vote: None; when (VoteResponse)
raft_vote_save phase=write_returned owner=505132762896 term=29 leader=1 elapsed_ms=204 succeeded=Some(true)
raft_vote_save phase=wait_returned owner=505132762896 term=29 leader=1 elapsed_ms=204 succeeded=Some(true)
TRACE spawn_parallel_vote_requests{vote="{vote:T29-N1:uncommitted, last_log:T0-N0-0}"}: openraft::core::raft_core: new
DEBUG spawn_parallel_vote_requests{vote="{vote:T29-N1:uncommitted, last_log:T0-N0-0}"}:send_vote_req{target=2}: openraft::core::raft_core: new
DEBUG spawn_parallel_vote_requests{vote="{vote:T29-N1:uncommitted, last_log:T0-N0-0}"}:send_vote_req{target=3}: openraft::core::raft_core: new
DEBUG spawn_parallel_vote_requests{vote="{vote:T29-N1:uncommitted, last_log:T0-N0-0}"}:vote_round_collector: openraft::core::raft_core: new
 WARN openraft::core::raft_core: A message will be ignored because vote changed: msg sent by vote: T28-N1:uncommitted; current my vote: T29-N1:uncommitted; when (VoteResponse)
DEBUG handle_vote_resp{target=1}: openraft::engine::engine_impl: new
 INFO handle_vote_resp{target=1}: openraft::engine::engine_impl: openraft::engine::engine_impl::Engine<_>::handle_vote_resp resp={T29-N1:uncommitted, last_log:None} target=1 my_vote=T29-N1:uncommitted my_last_log_id=Some(T0-N0-0)
DEBUG handle_vote_resp{target=1}: openraft::engine::engine_impl: close
DEBUG handle_vote_request: openraft::core::raft_core: new
DEBUG handle_vote_request:handle_vote_req: openraft::engine::engine_impl: new
 INFO handle_vote_request:handle_vote_req: openraft::engine::engine_impl: Engine::handle_vote_req req={vote:T29-N1:uncommitted, last_log:T0-N0-0}
 INFO handle_vote_request:handle_vote_req: openraft::engine::engine_impl: Engine::handle_vote_req my_vote=T28-N1:uncommitted my_last_log_id=None
 INFO handle_vote_request:handle_vote_req: openraft::engine::engine_impl: now; 13:01:54.003404, vote is updated at: 13:01:53.722228, vote is updated before 281.176292ms, leader lease(400ms) will expire after 118.823708ms
 INFO handle_vote_request:handle_vote_req: openraft::engine::engine_impl: handle vote request result req={vote:T29-N1:uncommitted, last_log:T0-N0-0} result=Ok(())
DEBUG handle_vote_request:handle_vote_req: openraft::engine::engine_impl: close
DEBUG handle_vote_request: openraft::core::raft_core: close
raft_vote_save phase=submitted owner=505132771856 term=29 leader=1 elapsed_ms=0 succeeded=None
DEBUG handle_vote_request: openraft::core::raft_core: new
DEBUG handle_vote_request:handle_vote_req: openraft::engine::engine_impl: new
 INFO handle_vote_request:handle_vote_req: openraft::engine::engine_impl: Engine::handle_vote_req req={vote:T29-N1:uncommitted, last_log:T0-N0-0}
 INFO handle_vote_request:handle_vote_req: openraft::engine::engine_impl: Engine::handle_vote_req my_vote=T28-N1:uncommitted my_last_log_id=None
 INFO handle_vote_request:handle_vote_req: openraft::engine::engine_impl: now; 13:01:54.003539, vote is updated at: 13:01:53.722309, vote is updated before 281.229208ms, leader lease(400ms) will expire after 118.770792ms
 INFO handle_vote_request:handle_vote_req: openraft::engine::engine_impl: handle vote request result req={vote:T29-N1:uncommitted, last_log:T0-N0-0} result=Ok(())
DEBUG handle_vote_request:handle_vote_req: openraft::engine::engine_impl: close
DEBUG handle_vote_request: openraft::core::raft_core: close
raft_vote_save phase=submitted owner=505132766480 term=29 leader=1 elapsed_ms=0 succeeded=None
raft_vote_save phase=write_entered owner=505132771856 term=29 leader=1 elapsed_ms=0 succeeded=None
raft_vote_save phase=write_entered owner=505132766480 term=29 leader=1 elapsed_ms=0 succeeded=None
DEBUG elect: openraft::engine::engine_impl: new
 INFO elect: openraft::engine::engine_impl: openraft::engine::engine_impl::Engine<_>::elect, new candidate: {T30-N1:uncommitted@13:01:54.027158, last_log_id:T0-N0-0 progress:{1: false, 2: false, 3: false}}
DEBUG elect: openraft::engine::engine_impl: close
raft_vote_save phase=submitted owner=505132762896 term=30 leader=1 elapsed_ms=0 succeeded=None
raft_vote_save phase=write_entered owner=505132762896 term=30 leader=1 elapsed_ms=0 succeeded=None
ERROR spawn_parallel_vote_requests{vote="{vote:T29-N1:uncommitted, last_log:T0-N0-0}"}:send_vote_req{target=2}: openraft::core::raft_core: while requesting vote error=Unreachable node: std::io::error::Error: deadline has elapsed target=2
DEBUG spawn_parallel_vote_requests{vote="{vote:T29-N1:uncommitted, last_log:T0-N0-0}"}:send_vote_req{target=2}: openraft::core::raft_core: close
ERROR spawn_parallel_vote_requests{vote="{vote:T29-N1:uncommitted, last_log:T0-N0-0}"}:send_vote_req{target=3}: openraft::core::raft_core: while requesting vote error=Unreachable node: std::io::error::Error: deadline has elapsed target=3
DEBUG spawn_parallel_vote_requests{vote="{vote:T29-N1:uncommitted, last_log:T0-N0-0}"}:send_vote_req{target=3}: openraft::core::raft_core: close
DEBUG spawn_parallel_vote_requests{vote="{vote:T29-N1:uncommitted, last_log:T0-N0-0}"}:vote_round_collector: openraft::core::raft_core: close
TRACE spawn_parallel_vote_requests{vote="{vote:T29-N1:uncommitted, last_log:T0-N0-0}"}: openraft::core::raft_core: close
raft_vote_save phase=write_returned owner=505132771856 term=29 leader=1 elapsed_ms=210 succeeded=Some(true)
raft_vote_save phase=wait_returned owner=505132771856 term=29 leader=1 elapsed_ms=210 succeeded=Some(true)
 WARN openraft::core::raft_core: A message will be ignored because vote changed: msg sent by vote: T29-N1:uncommitted; current my vote: None; when (VoteResponse)
raft_vote_save phase=write_returned owner=505132762896 term=30 leader=1 elapsed_ms=194 succeeded=Some(true)
raft_vote_save phase=wait_returned owner=505132762896 term=30 leader=1 elapsed_ms=194 succeeded=Some(true)
TRACE spawn_parallel_vote_requests{vote="{vote:T30-N1:uncommitted, last_log:T0-N0-0}"}: openraft::core::raft_core: new
DEBUG spawn_parallel_vote_requests{vote="{vote:T30-N1:uncommitted, last_log:T0-N0-0}"}:send_vote_req{target=2}: openraft::core::raft_core: new
DEBUG spawn_parallel_vote_requests{vote="{vote:T30-N1:uncommitted, last_log:T0-N0-0}"}:send_vote_req{target=3}: openraft::core::raft_core: new
DEBUG spawn_parallel_vote_requests{vote="{vote:T30-N1:uncommitted, last_log:T0-N0-0}"}:vote_round_collector: openraft::core::raft_core: new
DEBUG handle_vote_resp{target=1}: openraft::engine::engine_impl: new
 INFO handle_vote_resp{target=1}: openraft::engine::engine_impl: openraft::engine::engine_impl::Engine<_>::handle_vote_resp resp={T30-N1:uncommitted, last_log:None} target=1 my_vote=T30-N1:uncommitted my_last_log_id=Some(T0-N0-0)
DEBUG handle_vote_resp{target=1}: openraft::engine::engine_impl: close
DEBUG handle_vote_request: openraft::core::raft_core: new
DEBUG handle_vote_request:handle_vote_req: openraft::engine::engine_impl: new
 INFO handle_vote_request:handle_vote_req: openraft::engine::engine_impl: Engine::handle_vote_req req={vote:T30-N1:uncommitted, last_log:T0-N0-0}
 INFO handle_vote_request:handle_vote_req: openraft::engine::engine_impl: Engine::handle_vote_req my_vote=T29-N1:uncommitted my_last_log_id=None
 INFO handle_vote_request:handle_vote_req: openraft::engine::engine_impl: now; 13:01:54.222380, vote is updated at: 13:01:54.003464, vote is updated before 218.917ms, leader lease(400ms) will expire after 181.083ms
 INFO handle_vote_request:handle_vote_req: openraft::engine::engine_impl: handle vote request result req={vote:T30-N1:uncommitted, last_log:T0-N0-0} result=Ok(())
DEBUG handle_vote_request:handle_vote_req: openraft::engine::engine_impl: close
DEBUG handle_vote_request: openraft::core::raft_core: close
raft_vote_save phase=submitted owner=505132771856 term=30 leader=1 elapsed_ms=0 succeeded=None
raft_vote_save phase=write_entered owner=505132771856 term=30 leader=1 elapsed_ms=0 succeeded=None
raft_vote_save phase=write_returned owner=505132766480 term=29 leader=1 elapsed_ms=232 succeeded=Some(true)
raft_vote_save phase=wait_returned owner=505132766480 term=29 leader=1 elapsed_ms=232 succeeded=Some(true)
DEBUG handle_vote_request: openraft::core::raft_core: new
DEBUG handle_vote_request:handle_vote_req: openraft::engine::engine_impl: new
 INFO handle_vote_request:handle_vote_req: openraft::engine::engine_impl: Engine::handle_vote_req req={vote:T30-N1:uncommitted, last_log:T0-N0-0}
 INFO handle_vote_request:handle_vote_req: openraft::engine::engine_impl: Engine::handle_vote_req my_vote=T29-N1:uncommitted my_last_log_id=None
 INFO handle_vote_request:handle_vote_req: openraft::engine::engine_impl: now; 13:01:54.236368, vote is updated at: 13:01:54.003570, vote is updated before 232.798625ms, leader lease(400ms) will expire after 167.201375ms
 INFO handle_vote_request:handle_vote_req: openraft::engine::engine_impl: handle vote request result req={vote:T30-N1:uncommitted, last_log:T0-N0-0} result=Ok(())
DEBUG handle_vote_request:handle_vote_req: openraft::engine::engine_impl: close
DEBUG handle_vote_request: openraft::core::raft_core: close
raft_vote_save phase=submitted owner=505132766480 term=30 leader=1 elapsed_ms=0 succeeded=None
raft_vote_save phase=write_entered owner=505132766480 term=30 leader=1 elapsed_ms=0 succeeded=None
DEBUG elect: openraft::engine::engine_impl: new
 INFO elect: openraft::engine::engine_impl: openraft::engine::engine_impl::Engine<_>::elect, new candidate: {T31-N1:uncommitted@13:01:54.257736, last_log_id:T0-N0-0 progress:{1: false, 2: false, 3: false}}
DEBUG elect: openraft::engine::engine_impl: close
raft_vote_save phase=submitted owner=505132762896 term=31 leader=1 elapsed_ms=0 succeeded=None
raft_vote_save phase=write_entered owner=505132762896 term=31 leader=1 elapsed_ms=0 succeeded=None
ERROR spawn_parallel_vote_requests{vote="{vote:T30-N1:uncommitted, last_log:T0-N0-0}"}:send_vote_req{target=2}: openraft::core::raft_core: while requesting vote error=Unreachable node: std::io::error::Error: deadline has elapsed target=2
DEBUG spawn_parallel_vote_requests{vote="{vote:T30-N1:uncommitted, last_log:T0-N0-0}"}:send_vote_req{target=2}: openraft::core::raft_core: close
ERROR spawn_parallel_vote_requests{vote="{vote:T30-N1:uncommitted, last_log:T0-N0-0}"}:send_vote_req{target=3}: openraft::core::raft_core: while requesting vote error=Unreachable node: std::io::error::Error: deadline has elapsed target=3
DEBUG spawn_parallel_vote_requests{vote="{vote:T30-N1:uncommitted, last_log:T0-N0-0}"}:send_vote_req{target=3}: openraft::core::raft_core: close
DEBUG spawn_parallel_vote_requests{vote="{vote:T30-N1:uncommitted, last_log:T0-N0-0}"}:vote_round_collector: openraft::core::raft_core: close
TRACE spawn_parallel_vote_requests{vote="{vote:T30-N1:uncommitted, last_log:T0-N0-0}"}: openraft::core::raft_core: close
raft_vote_save phase=write_returned owner=505132771856 term=30 leader=1 elapsed_ms=210 succeeded=Some(true)
raft_vote_save phase=wait_returned owner=505132771856 term=30 leader=1 elapsed_ms=210 succeeded=Some(true)
 WARN openraft::core::raft_core: A message will be ignored because vote changed: msg sent by vote: T30-N1:uncommitted; current my vote: None; when (VoteResponse)
raft_vote_save phase=write_returned owner=505132766480 term=30 leader=1 elapsed_ms=221 succeeded=Some(true)
raft_vote_save phase=wait_returned owner=505132766480 term=30 leader=1 elapsed_ms=221 succeeded=Some(true)
 WARN openraft::core::raft_core: A message will be ignored because vote changed: msg sent by vote: T29-N1:uncommitted; current my vote: None; when (VoteResponse)
 WARN openraft::core::raft_core: A message will be ignored because vote changed: msg sent by vote: T30-N1:uncommitted; current my vote: None; when (VoteResponse)
raft_vote_save phase=write_returned owner=505132762896 term=31 leader=1 elapsed_ms=207 succeeded=Some(true)
raft_vote_save phase=wait_returned owner=505132762896 term=31 leader=1 elapsed_ms=207 succeeded=Some(true)
TRACE spawn_parallel_vote_requests{vote="{vote:T31-N1:uncommitted, last_log:T0-N0-0}"}: openraft::core::raft_core: new
DEBUG spawn_parallel_vote_requests{vote="{vote:T31-N1:uncommitted, last_log:T0-N0-0}"}:send_vote_req{target=2}: openraft::core::raft_core: new
DEBUG spawn_parallel_vote_requests{vote="{vote:T31-N1:uncommitted, last_log:T0-N0-0}"}:send_vote_req{target=3}: openraft::core::raft_core: new
DEBUG spawn_parallel_vote_requests{vote="{vote:T31-N1:uncommitted, last_log:T0-N0-0}"}:vote_round_collector: openraft::core::raft_core: new
DEBUG handle_vote_resp{target=1}: openraft::engine::engine_impl: new
 INFO handle_vote_resp{target=1}: openraft::engine::engine_impl: openraft::engine::engine_impl::Engine<_>::handle_vote_resp resp={T31-N1:uncommitted, last_log:None} target=1 my_vote=T31-N1:uncommitted my_last_log_id=Some(T0-N0-0)
DEBUG handle_vote_resp{target=1}: openraft::engine::engine_impl: close
DEBUG handle_vote_request: openraft::core::raft_core: new
DEBUG handle_vote_request:handle_vote_req: openraft::engine::engine_impl: new
 INFO handle_vote_request:handle_vote_req: openraft::engine::engine_impl: Engine::handle_vote_req req={vote:T31-N1:uncommitted, last_log:T0-N0-0}
 INFO handle_vote_request:handle_vote_req: openraft::engine::engine_impl: Engine::handle_vote_req my_vote=T30-N1:uncommitted my_last_log_id=None
 INFO handle_vote_request:handle_vote_req: openraft::engine::engine_impl: now; 13:01:54.465399, vote is updated at: 13:01:54.222465, vote is updated before 242.934542ms, leader lease(400ms) will expire after 157.065458ms
 INFO handle_vote_request:handle_vote_req: openraft::engine::engine_impl: handle vote request result req={vote:T31-N1:uncommitted, last_log:T0-N0-0} result=Ok(())
DEBUG handle_vote_request:handle_vote_req: openraft::engine::engine_impl: close
DEBUG handle_vote_request: openraft::core::raft_core: close
raft_vote_save phase=submitted owner=505132771856 term=31 leader=1 elapsed_ms=0 succeeded=None
DEBUG handle_vote_request: openraft::core::raft_core: new
DEBUG handle_vote_request:handle_vote_req: openraft::engine::engine_impl: new
 INFO handle_vote_request:handle_vote_req: openraft::engine::engine_impl: Engine::handle_vote_req req={vote:T31-N1:uncommitted, last_log:T0-N0-0}
raft_vote_save phase=write_entered owner=505132771856 term=31 leader=1 elapsed_ms=0 succeeded=None
 INFO handle_vote_request:handle_vote_req: openraft::engine::engine_impl: Engine::handle_vote_req my_vote=T30-N1:uncommitted my_last_log_id=None
 INFO handle_vote_request:handle_vote_req: openraft::engine::engine_impl: now; 13:01:54.465524, vote is updated at: 13:01:54.236620, vote is updated before 228.904625ms, leader lease(400ms) will expire after 171.095375ms
 INFO handle_vote_request:handle_vote_req: openraft::engine::engine_impl: handle vote request result req={vote:T31-N1:uncommitted, last_log:T0-N0-0} result=Ok(())
DEBUG handle_vote_request:handle_vote_req: openraft::engine::engine_impl: close
DEBUG handle_vote_request: openraft::core::raft_core: close
raft_vote_save phase=submitted owner=505132766480 term=31 leader=1 elapsed_ms=0 succeeded=None
raft_vote_save phase=write_entered owner=505132766480 term=31 leader=1 elapsed_ms=0 succeeded=None
DEBUG elect: openraft::engine::engine_impl: new
 INFO elect: openraft::engine::engine_impl: openraft::engine::engine_impl::Engine<_>::elect, new candidate: {T32-N1:uncommitted@13:01:54.487469, last_log_id:T0-N0-0 progress:{1: false, 2: false, 3: false}}
DEBUG elect: openraft::engine::engine_impl: close
raft_vote_save phase=submitted owner=505132762896 term=32 leader=1 elapsed_ms=0 succeeded=None
raft_vote_save phase=write_entered owner=505132762896 term=32 leader=1 elapsed_ms=0 succeeded=None
raft_vote_save phase=write_returned owner=505132766480 term=31 leader=1 elapsed_ms=195 succeeded=Some(true)
raft_vote_save phase=wait_returned owner=505132766480 term=31 leader=1 elapsed_ms=196 succeeded=Some(true)
 WARN openraft::core::raft_core: A message will be ignored because vote changed: msg sent by vote: T31-N1:uncommitted; current my vote: None; when (VoteResponse)
DEBUG spawn_parallel_vote_requests{vote="{vote:T31-N1:uncommitted, last_log:T0-N0-0}"}:send_vote_req{target=2}: openraft::core::raft_core: close
ERROR spawn_parallel_vote_requests{vote="{vote:T31-N1:uncommitted, last_log:T0-N0-0}"}:send_vote_req{target=3}: openraft::core::raft_core: while requesting vote error=Unreachable node: std::io::error::Error: deadline has elapsed target=3
DEBUG spawn_parallel_vote_requests{vote="{vote:T31-N1:uncommitted, last_log:T0-N0-0}"}:send_vote_req{target=3}: openraft::core::raft_core: close
DEBUG spawn_parallel_vote_requests{vote="{vote:T31-N1:uncommitted, last_log:T0-N0-0}"}:vote_round_collector: openraft::core::raft_core: close
TRACE spawn_parallel_vote_requests{vote="{vote:T31-N1:uncommitted, last_log:T0-N0-0}"}: openraft::core::raft_core: close
raft_vote_save phase=write_returned owner=505132771856 term=31 leader=1 elapsed_ms=224 succeeded=Some(true)
raft_vote_save phase=write_returned owner=505132762896 term=32 leader=1 elapsed_ms=202 succeeded=Some(true)
raft_vote_save phase=wait_returned owner=505132771856 term=31 leader=1 elapsed_ms=225 succeeded=Some(true)
 WARN openraft::core::raft_core: A message will be ignored because vote changed: msg sent by vote: T31-N1:uncommitted; current my vote: None; when (VoteResponse)
raft_vote_save phase=wait_returned owner=505132762896 term=32 leader=1 elapsed_ms=203 succeeded=Some(true)
TRACE spawn_parallel_vote_requests{vote="{vote:T32-N1:uncommitted, last_log:T0-N0-0}"}: openraft::core::raft_core: new
DEBUG spawn_parallel_vote_requests{vote="{vote:T32-N1:uncommitted, last_log:T0-N0-0}"}:send_vote_req{target=2}: openraft::core::raft_core: new
DEBUG spawn_parallel_vote_requests{vote="{vote:T32-N1:uncommitted, last_log:T0-N0-0}"}:send_vote_req{target=3}: openraft::core::raft_core: new
DEBUG spawn_parallel_vote_requests{vote="{vote:T32-N1:uncommitted, last_log:T0-N0-0}"}:vote_round_collector: openraft::core::raft_core: new
 WARN openraft::core::raft_core: A message will be ignored because vote changed: msg sent by vote: T31-N1:uncommitted; current my vote: T32-N1:uncommitted; when (VoteResponse)
DEBUG handle_vote_resp{target=1}: openraft::engine::engine_impl: new
 INFO handle_vote_resp{target=1}: openraft::engine::engine_impl: openraft::engine::engine_impl::Engine<_>::handle_vote_resp resp={T32-N1:uncommitted, last_log:None} target=1 my_vote=T32-N1:uncommitted my_last_log_id=Some(T0-N0-0)
DEBUG handle_vote_resp{target=1}: openraft::engine::engine_impl: close
DEBUG handle_vote_request: openraft::core::raft_core: new
DEBUG handle_vote_request:handle_vote_req: openraft::engine::engine_impl: new
 INFO handle_vote_request:handle_vote_req: openraft::engine::engine_impl: Engine::handle_vote_req req={vote:T32-N1:uncommitted, last_log:T0-N0-0}
 INFO handle_vote_request:handle_vote_req: openraft::engine::engine_impl: Engine::handle_vote_req my_vote=T31-N1:uncommitted my_last_log_id=None
 INFO handle_vote_request:handle_vote_req: openraft::engine::engine_impl: now; 13:01:54.691453, vote is updated at: 13:01:54.465450, vote is updated before 226.003625ms, leader lease(400ms) will expire after 173.996375ms
 INFO handle_vote_request:handle_vote_req: openraft::engine::engine_impl: handle vote request result req={vote:T32-N1:uncommitted, last_log:T0-N0-0} result=Ok(())
DEBUG handle_vote_request:handle_vote_req: openraft::engine::engine_impl: close
DEBUG handle_vote_request: openraft::core::raft_core: close
raft_vote_save phase=submitted owner=505132771856 term=32 leader=1 elapsed_ms=0 succeeded=None
DEBUG handle_vote_request: openraft::core::raft_core: new
DEBUG handle_vote_request:handle_vote_req: openraft::engine::engine_impl: new
 INFO handle_vote_request:handle_vote_req: openraft::engine::engine_impl: Engine::handle_vote_req req={vote:T32-N1:uncommitted, last_log:T0-N0-0}
 INFO handle_vote_request:handle_vote_req: openraft::engine::engine_impl: Engine::handle_vote_req my_vote=T31-N1:uncommitted my_last_log_id=None
 INFO handle_vote_request:handle_vote_req: openraft::engine::engine_impl: now; 13:01:54.691597, vote is updated at: 13:01:54.466591, vote is updated before 225.005209ms, leader lease(400ms) will expire after 174.994791ms
 INFO handle_vote_request:handle_vote_req: openraft::engine::engine_impl: handle vote request result req={vote:T32-N1:uncommitted, last_log:T0-N0-0} result=Ok(())
DEBUG handle_vote_request:handle_vote_req: openraft::engine::engine_impl: close
DEBUG handle_vote_request: openraft::core::raft_core: close
raft_vote_save phase=submitted owner=505132766480 term=32 leader=1 elapsed_ms=0 succeeded=None
raft_vote_save phase=write_entered owner=505132771856 term=32 leader=1 elapsed_ms=0 succeeded=None
raft_vote_save phase=write_entered owner=505132766480 term=32 leader=1 elapsed_ms=0 succeeded=None
DEBUG elect: openraft::engine::engine_impl: new
 INFO elect: openraft::engine::engine_impl: openraft::engine::engine_impl::Engine<_>::elect, new candidate: {T33-N1:uncommitted@13:01:54.718301, last_log_id:T0-N0-0 progress:{1: false, 2: false, 3: false}}
DEBUG elect: openraft::engine::engine_impl: close
raft_vote_save phase=submitted owner=505132762896 term=33 leader=1 elapsed_ms=0 succeeded=None
raft_vote_save phase=write_entered owner=505132762896 term=33 leader=1 elapsed_ms=0 succeeded=None
raft_vote_save phase=write_returned owner=505132766480 term=32 leader=1 elapsed_ms=176 succeeded=Some(true)
raft_vote_save phase=wait_returned owner=505132766480 term=32 leader=1 elapsed_ms=176 succeeded=Some(true)
 WARN openraft::core::raft_core: A message will be ignored because vote changed: msg sent by vote: T32-N1:uncommitted; current my vote: None; when (VoteResponse)
DEBUG spawn_parallel_vote_requests{vote="{vote:T32-N1:uncommitted, last_log:T0-N0-0}"}:send_vote_req{target=2}: openraft::core::raft_core: close
ERROR spawn_parallel_vote_requests{vote="{vote:T32-N1:uncommitted, last_log:T0-N0-0}"}:send_vote_req{target=3}: openraft::core::raft_core: while requesting vote error=Unreachable node: std::io::error::Error: deadline has elapsed target=3
DEBUG spawn_parallel_vote_requests{vote="{vote:T32-N1:uncommitted, last_log:T0-N0-0}"}:send_vote_req{target=3}: openraft::core::raft_core: close
DEBUG spawn_parallel_vote_requests{vote="{vote:T32-N1:uncommitted, last_log:T0-N0-0}"}:vote_round_collector: openraft::core::raft_core: close
TRACE spawn_parallel_vote_requests{vote="{vote:T32-N1:uncommitted, last_log:T0-N0-0}"}: openraft::core::raft_core: close
raft_vote_save phase=write_returned owner=505132762896 term=33 leader=1 elapsed_ms=202 succeeded=Some(true)
raft_vote_save phase=wait_returned owner=505132762896 term=33 leader=1 elapsed_ms=202 succeeded=Some(true)
TRACE spawn_parallel_vote_requests{vote="{vote:T33-N1:uncommitted, last_log:T0-N0-0}"}: openraft::core::raft_core: new
DEBUG spawn_parallel_vote_requests{vote="{vote:T33-N1:uncommitted, last_log:T0-N0-0}"}:send_vote_req{target=2}: openraft::core::raft_core: new
DEBUG spawn_parallel_vote_requests{vote="{vote:T33-N1:uncommitted, last_log:T0-N0-0}"}:send_vote_req{target=3}: openraft::core::raft_core: new
DEBUG spawn_parallel_vote_requests{vote="{vote:T33-N1:uncommitted, last_log:T0-N0-0}"}:vote_round_collector: openraft::core::raft_core: new
 WARN openraft::core::raft_core: A message will be ignored because vote changed: msg sent by vote: T32-N1:uncommitted; current my vote: T33-N1:uncommitted; when (VoteResponse)
DEBUG handle_vote_resp{target=1}: openraft::engine::engine_impl: new
 INFO handle_vote_resp{target=1}: openraft::engine::engine_impl: openraft::engine::engine_impl::Engine<_>::handle_vote_resp resp={T33-N1:uncommitted, last_log:None} target=1 my_vote=T33-N1:uncommitted my_last_log_id=Some(T0-N0-0)
DEBUG handle_vote_resp{target=1}: openraft::engine::engine_impl: close
DEBUG handle_vote_request: openraft::core::raft_core: new
DEBUG handle_vote_request:handle_vote_req: openraft::engine::engine_impl: new
 INFO handle_vote_request:handle_vote_req: openraft::engine::engine_impl: Engine::handle_vote_req req={vote:T33-N1:uncommitted, last_log:T0-N0-0}
 INFO handle_vote_request:handle_vote_req: openraft::engine::engine_impl: Engine::handle_vote_req my_vote=T32-N1:uncommitted my_last_log_id=None
 INFO handle_vote_request:handle_vote_req: openraft::engine::engine_impl: now; 13:01:54.920966, vote is updated at: 13:01:54.691629, vote is updated before 229.33675ms, leader lease(400ms) will expire after 170.66325ms
 INFO handle_vote_request:handle_vote_req: openraft::engine::engine_impl: handle vote request result req={vote:T33-N1:uncommitted, last_log:T0-N0-0} result=Ok(())
DEBUG handle_vote_request:handle_vote_req: openraft::engine::engine_impl: close
DEBUG handle_vote_request: openraft::core::raft_core: close
raft_vote_save phase=submitted owner=505132766480 term=33 leader=1 elapsed_ms=0 succeeded=None
raft_vote_save phase=write_entered owner=505132766480 term=33 leader=1 elapsed_ms=0 succeeded=None
raft_vote_save phase=write_returned owner=505132771856 term=32 leader=1 elapsed_ms=234 succeeded=Some(true)
raft_vote_save phase=wait_returned owner=505132771856 term=32 leader=1 elapsed_ms=234 succeeded=Some(true)
DEBUG handle_vote_request: openraft::core::raft_core: new
DEBUG handle_vote_request:handle_vote_req: openraft::engine::engine_impl: new
 INFO handle_vote_request:handle_vote_req: openraft::engine::engine_impl: Engine::handle_vote_req req={vote:T33-N1:uncommitted, last_log:T0-N0-0}
 INFO handle_vote_request:handle_vote_req: openraft::engine::engine_impl: Engine::handle_vote_req my_vote=T32-N1:uncommitted my_last_log_id=None
 INFO handle_vote_request:handle_vote_req: openraft::engine::engine_impl: now; 13:01:54.926095, vote is updated at: 13:01:54.691509, vote is updated before 234.586625ms, leader lease(400ms) will expire after 165.413375ms
 INFO handle_vote_request:handle_vote_req: openraft::engine::engine_impl: handle vote request result req={vote:T33-N1:uncommitted, last_log:T0-N0-0} result=Ok(())
DEBUG handle_vote_request:handle_vote_req: openraft::engine::engine_impl: close
DEBUG handle_vote_request: openraft::core::raft_core: close
raft_vote_save phase=submitted owner=505132771856 term=33 leader=1 elapsed_ms=0 succeeded=None
raft_vote_save phase=write_entered owner=505132771856 term=33 leader=1 elapsed_ms=0 succeeded=None
DEBUG elect: openraft::engine::engine_impl: new
 INFO elect: openraft::engine::engine_impl: openraft::engine::engine_impl::Engine<_>::elect, new candidate: {T34-N1:uncommitted@13:01:54.949220, last_log_id:T0-N0-0 progress:{1: false, 2: false, 3: false}}
DEBUG elect: openraft::engine::engine_impl: close
raft_vote_save phase=submitted owner=505132762896 term=34 leader=1 elapsed_ms=0 succeeded=None
raft_vote_save phase=write_entered owner=505132762896 term=34 leader=1 elapsed_ms=0 succeeded=None
raft_vote_save phase=write_returned owner=505132766480 term=33 leader=1 elapsed_ms=190 succeeded=Some(true)
raft_vote_save phase=wait_returned owner=505132766480 term=33 leader=1 elapsed_ms=190 succeeded=Some(true)
 WARN openraft::core::raft_core: A message will be ignored because vote changed: msg sent by vote: T33-N1:uncommitted; current my vote: None; when (VoteResponse)
DEBUG spawn_parallel_vote_requests{vote="{vote:T33-N1:uncommitted, last_log:T0-N0-0}"}:send_vote_req{target=2}: openraft::core::raft_core: close
ERROR spawn_parallel_vote_requests{vote="{vote:T33-N1:uncommitted, last_log:T0-N0-0}"}:send_vote_req{target=3}: openraft::core::raft_core: while requesting vote error=Unreachable node: std::io::error::Error: deadline has elapsed target=3
DEBUG spawn_parallel_vote_requests{vote="{vote:T33-N1:uncommitted, last_log:T0-N0-0}"}:send_vote_req{target=3}: openraft::core::raft_core: close
DEBUG spawn_parallel_vote_requests{vote="{vote:T33-N1:uncommitted, last_log:T0-N0-0}"}:vote_round_collector: openraft::core::raft_core: close
TRACE spawn_parallel_vote_requests{vote="{vote:T33-N1:uncommitted, last_log:T0-N0-0}"}: openraft::core::raft_core: close
raft_vote_save phase=write_returned owner=505132771856 term=33 leader=1 elapsed_ms=201 succeeded=Some(true)
raft_vote_save phase=wait_returned owner=505132771856 term=33 leader=1 elapsed_ms=202 succeeded=Some(true)
 WARN openraft::core::raft_core: A message will be ignored because vote changed: msg sent by vote: T32-N1:uncommitted; current my vote: None; when (VoteResponse)
 WARN openraft::core::raft_core: A message will be ignored because vote changed: msg sent by vote: T33-N1:uncommitted; current my vote: None; when (VoteResponse)
raft_vote_save phase=write_returned owner=505132762896 term=34 leader=1 elapsed_ms=201 succeeded=Some(true)
raft_vote_save phase=wait_returned owner=505132762896 term=34 leader=1 elapsed_ms=202 succeeded=Some(true)
TRACE spawn_parallel_vote_requests{vote="{vote:T34-N1:uncommitted, last_log:T0-N0-0}"}: openraft::core::raft_core: new
DEBUG spawn_parallel_vote_requests{vote="{vote:T34-N1:uncommitted, last_log:T0-N0-0}"}:send_vote_req{target=2}: openraft::core::raft_core: new
DEBUG spawn_parallel_vote_requests{vote="{vote:T34-N1:uncommitted, last_log:T0-N0-0}"}:send_vote_req{target=3}: openraft::core::raft_core: new
DEBUG spawn_parallel_vote_requests{vote="{vote:T34-N1:uncommitted, last_log:T0-N0-0}"}:vote_round_collector: openraft::core::raft_core: new
 WARN openraft::core::raft_core: A message will be ignored because vote changed: msg sent by vote: T33-N1:uncommitted; current my vote: T34-N1:uncommitted; when (VoteResponse)
DEBUG handle_vote_resp{target=1}: openraft::engine::engine_impl: new
 INFO handle_vote_resp{target=1}: openraft::engine::engine_impl: openraft::engine::engine_impl::Engine<_>::handle_vote_resp resp={T34-N1:uncommitted, last_log:None} target=1 my_vote=T34-N1:uncommitted my_last_log_id=Some(T0-N0-0)
DEBUG handle_vote_resp{target=1}: openraft::engine::engine_impl: close
DEBUG handle_vote_request: openraft::core::raft_core: new
DEBUG handle_vote_request:handle_vote_req: openraft::engine::engine_impl: new
 INFO handle_vote_request:handle_vote_req: openraft::engine::engine_impl: Engine::handle_vote_req req={vote:T34-N1:uncommitted, last_log:T0-N0-0}
 INFO handle_vote_request:handle_vote_req: openraft::engine::engine_impl: Engine::handle_vote_req my_vote=T33-N1:uncommitted my_last_log_id=None
 INFO handle_vote_request:handle_vote_req: openraft::engine::engine_impl: now; 13:01:55.152557, vote is updated at: 13:01:54.926155, vote is updated before 226.402583ms, leader lease(400ms) will expire after 173.597417ms
 INFO handle_vote_request:handle_vote_req: openraft::engine::engine_impl: handle vote request result req={vote:T34-N1:uncommitted, last_log:T0-N0-0} result=Ok(())
DEBUG handle_vote_request: openraft::core::raft_core: new
DEBUG handle_vote_request:handle_vote_req: openraft::engine::engine_impl: close
DEBUG handle_vote_request:handle_vote_req: openraft::engine::engine_impl: new
DEBUG handle_vote_request: openraft::core::raft_core: close
 INFO handle_vote_request:handle_vote_req: openraft::engine::engine_impl: Engine::handle_vote_req req={vote:T34-N1:uncommitted, last_log:T0-N0-0}
 INFO handle_vote_request:handle_vote_req: openraft::engine::engine_impl: Engine::handle_vote_req my_vote=T33-N1:uncommitted my_last_log_id=None
raft_vote_save phase=submitted owner=505132771856 term=34 leader=1 elapsed_ms=0 succeeded=None
 INFO handle_vote_request:handle_vote_req: openraft::engine::engine_impl: now; 13:01:55.152658, vote is updated at: 13:01:54.921018, vote is updated before 231.639833ms, leader lease(400ms) will expire after 168.360167ms
 INFO handle_vote_request:handle_vote_req: openraft::engine::engine_impl: handle vote request result req={vote:T34-N1:uncommitted, last_log:T0-N0-0} result=Ok(())
DEBUG handle_vote_request:handle_vote_req: openraft::engine::engine_impl: close
DEBUG handle_vote_request: openraft::core::raft_core: close
raft_vote_save phase=submitted owner=505132766480 term=34 leader=1 elapsed_ms=0 succeeded=None
raft_vote_save phase=write_entered owner=505132771856 term=34 leader=1 elapsed_ms=0 succeeded=None
raft_vote_save phase=write_entered owner=505132766480 term=34 leader=1 elapsed_ms=1 succeeded=None
DEBUG elect: openraft::engine::engine_impl: new
 INFO elect: openraft::engine::engine_impl: openraft::engine::engine_impl::Engine<_>::elect, new candidate: {T35-N1:uncommitted@13:01:55.181487, last_log_id:T0-N0-0 progress:{1: false, 2: false, 3: false}}
DEBUG elect: openraft::engine::engine_impl: close
raft_vote_save phase=submitted owner=505132762896 term=35 leader=1 elapsed_ms=0 succeeded=None
raft_vote_save phase=write_entered owner=505132762896 term=35 leader=1 elapsed_ms=0 succeeded=None
ERROR spawn_parallel_vote_requests{vote="{vote:T34-N1:uncommitted, last_log:T0-N0-0}"}:send_vote_req{target=2}: openraft::core::raft_core: while requesting vote error=Unreachable node: std::io::error::Error: deadline has elapsed target=2
DEBUG spawn_parallel_vote_requests{vote="{vote:T34-N1:uncommitted, last_log:T0-N0-0}"}:send_vote_req{target=2}: openraft::core::raft_core: close
ERROR spawn_parallel_vote_requests{vote="{vote:T34-N1:uncommitted, last_log:T0-N0-0}"}:send_vote_req{target=3}: openraft::core::raft_core: while requesting vote error=Unreachable node: std::io::error::Error: deadline has elapsed target=3
DEBUG spawn_parallel_vote_requests{vote="{vote:T34-N1:uncommitted, last_log:T0-N0-0}"}:send_vote_req{target=3}: openraft::core::raft_core: close
DEBUG spawn_parallel_vote_requests{vote="{vote:T34-N1:uncommitted, last_log:T0-N0-0}"}:vote_round_collector: openraft::core::raft_core: close
TRACE spawn_parallel_vote_requests{vote="{vote:T34-N1:uncommitted, last_log:T0-N0-0}"}: openraft::core::raft_core: close
raft_vote_save phase=write_returned owner=505132766480 term=34 leader=1 elapsed_ms=214 succeeded=Some(true)
raft_vote_save phase=wait_returned owner=505132766480 term=34 leader=1 elapsed_ms=214 succeeded=Some(true)
 WARN openraft::core::raft_core: A message will be ignored because vote changed: msg sent by vote: T34-N1:uncommitted; current my vote: None; when (VoteResponse)
raft_vote_save phase=write_returned owner=505132771856 term=34 leader=1 elapsed_ms=227 succeeded=Some(true)
raft_vote_save phase=wait_returned owner=505132771856 term=34 leader=1 elapsed_ms=227 succeeded=Some(true)
 WARN openraft::core::raft_core: A message will be ignored because vote changed: msg sent by vote: T34-N1:uncommitted; current my vote: None; when (VoteResponse)
raft_vote_save phase=write_returned owner=505132762896 term=35 leader=1 elapsed_ms=266 succeeded=Some(true)
raft_vote_save phase=wait_returned owner=505132762896 term=35 leader=1 elapsed_ms=266 succeeded=Some(true)
TRACE spawn_parallel_vote_requests{vote="{vote:T35-N1:uncommitted, last_log:T0-N0-0}"}: openraft::core::raft_core: new
DEBUG spawn_parallel_vote_requests{vote="{vote:T35-N1:uncommitted, last_log:T0-N0-0}"}:send_vote_req{target=2}: openraft::core::raft_core: new
DEBUG spawn_parallel_vote_requests{vote="{vote:T35-N1:uncommitted, last_log:T0-N0-0}"}:send_vote_req{target=3}: openraft::core::raft_core: new
DEBUG spawn_parallel_vote_requests{vote="{vote:T35-N1:uncommitted, last_log:T0-N0-0}"}:vote_round_collector: openraft::core::raft_core: new
DEBUG elect: openraft::engine::engine_impl: new
 INFO elect: openraft::engine::engine_impl: openraft::engine::engine_impl::Engine<_>::elect, new candidate: {T36-N1:uncommitted@13:01:55.448071, last_log_id:T0-N0-0 progress:{1: false, 2: false, 3: false}}
DEBUG elect: openraft::engine::engine_impl: close
raft_vote_save phase=submitted owner=505132762896 term=36 leader=1 elapsed_ms=0 succeeded=None
DEBUG handle_vote_request: openraft::core::raft_core: new
DEBUG handle_vote_request:handle_vote_req: openraft::engine::engine_impl: new
 INFO handle_vote_request:handle_vote_req: openraft::engine::engine_impl: Engine::handle_vote_req req={vote:T35-N1:uncommitted, last_log:T0-N0-0}
 INFO handle_vote_request:handle_vote_req: openraft::engine::engine_impl: Engine::handle_vote_req my_vote=T34-N1:uncommitted my_last_log_id=None
 INFO handle_vote_request:handle_vote_req: openraft::engine::engine_impl: now; 13:01:55.448342, vote is updated at: 13:01:55.152621, vote is updated before 295.720959ms, leader lease(400ms) will expire after 104.279041ms
 INFO handle_vote_request:handle_vote_req: openraft::engine::engine_impl: handle vote request result req={vote:T35-N1:uncommitted, last_log:T0-N0-0} result=Ok(())
DEBUG handle_vote_request:handle_vote_req: openraft::engine::engine_impl: close
DEBUG handle_vote_request: openraft::core::raft_core: close
raft_vote_save phase=write_entered owner=505132762896 term=36 leader=1 elapsed_ms=0 succeeded=None
raft_vote_save phase=submitted owner=505132771856 term=35 leader=1 elapsed_ms=0 succeeded=None
DEBUG handle_vote_request: openraft::core::raft_core: new
DEBUG handle_vote_request:handle_vote_req: openraft::engine::engine_impl: new
 INFO handle_vote_request:handle_vote_req: openraft::engine::engine_impl: Engine::handle_vote_req req={vote:T35-N1:uncommitted, last_log:T0-N0-0}
 INFO handle_vote_request:handle_vote_req: openraft::engine::engine_impl: Engine::handle_vote_req my_vote=T34-N1:uncommitted my_last_log_id=None
raft_vote_save phase=write_entered owner=505132771856 term=35 leader=1 elapsed_ms=0 succeeded=None
 INFO handle_vote_request:handle_vote_req: openraft::engine::engine_impl: now; 13:01:55.448505, vote is updated at: 13:01:55.152751, vote is updated before 295.753375ms, leader lease(400ms) will expire after 104.246625ms
 INFO handle_vote_request:handle_vote_req: openraft::engine::engine_impl: handle vote request result req={vote:T35-N1:uncommitted, last_log:T0-N0-0} result=Ok(())
DEBUG handle_vote_request:handle_vote_req: openraft::engine::engine_impl: close
DEBUG handle_vote_request: openraft::core::raft_core: close
raft_vote_save phase=submitted owner=505132766480 term=35 leader=1 elapsed_ms=0 succeeded=None
raft_vote_save phase=write_entered owner=505132766480 term=35 leader=1 elapsed_ms=0 succeeded=None
raft_vote_save phase=write_returned owner=505132771856 term=35 leader=1 elapsed_ms=198 succeeded=Some(true)
raft_vote_save phase=wait_returned owner=505132771856 term=35 leader=1 elapsed_ms=198 succeeded=Some(true)
 WARN openraft::core::raft_core: A message will be ignored because vote changed: msg sent by vote: T35-N1:uncommitted; current my vote: None; when (VoteResponse)
DEBUG spawn_parallel_vote_requests{vote="{vote:T35-N1:uncommitted, last_log:T0-N0-0}"}:send_vote_req{target=3}: openraft::core::raft_core: close
ERROR spawn_parallel_vote_requests{vote="{vote:T35-N1:uncommitted, last_log:T0-N0-0}"}:send_vote_req{target=2}: openraft::core::raft_core: while requesting vote error=Unreachable node: std::io::error::Error: deadline has elapsed target=2
DEBUG spawn_parallel_vote_requests{vote="{vote:T35-N1:uncommitted, last_log:T0-N0-0}"}:send_vote_req{target=2}: openraft::core::raft_core: close
DEBUG spawn_parallel_vote_requests{vote="{vote:T35-N1:uncommitted, last_log:T0-N0-0}"}:vote_round_collector: openraft::core::raft_core: close
TRACE spawn_parallel_vote_requests{vote="{vote:T35-N1:uncommitted, last_log:T0-N0-0}"}: openraft::core::raft_core: close
raft_vote_save phase=write_returned owner=505132766480 term=35 leader=1 elapsed_ms=221 succeeded=Some(true)
raft_vote_save phase=wait_returned owner=505132766480 term=35 leader=1 elapsed_ms=221 succeeded=Some(true)
 WARN openraft::core::raft_core: A message will be ignored because vote changed: msg sent by vote: T35-N1:uncommitted; current my vote: None; when (VoteResponse)
raft_vote_save phase=write_returned owner=505132762896 term=36 leader=1 elapsed_ms=231 succeeded=Some(true)
raft_vote_save phase=wait_returned owner=505132762896 term=36 leader=1 elapsed_ms=232 succeeded=Some(true)
TRACE spawn_parallel_vote_requests{vote="{vote:T36-N1:uncommitted, last_log:T0-N0-0}"}: openraft::core::raft_core: new
DEBUG spawn_parallel_vote_requests{vote="{vote:T36-N1:uncommitted, last_log:T0-N0-0}"}:send_vote_req{target=2}: openraft::core::raft_core: new
DEBUG spawn_parallel_vote_requests{vote="{vote:T36-N1:uncommitted, last_log:T0-N0-0}"}:send_vote_req{target=3}: openraft::core::raft_core: new
DEBUG spawn_parallel_vote_requests{vote="{vote:T36-N1:uncommitted, last_log:T0-N0-0}"}:vote_round_collector: openraft::core::raft_core: new
DEBUG elect: openraft::engine::engine_impl: new
 INFO elect: openraft::engine::engine_impl: openraft::engine::engine_impl::Engine<_>::elect, new candidate: {T37-N1:uncommitted@13:01:55.680772, last_log_id:T0-N0-0 progress:{1: false, 2: false, 3: false}}
DEBUG elect: openraft::engine::engine_impl: close
raft_vote_save phase=submitted owner=505132762896 term=37 leader=1 elapsed_ms=0 succeeded=None
DEBUG handle_vote_request: openraft::core::raft_core: new
raft_vote_save phase=write_entered owner=505132762896 term=37 leader=1 elapsed_ms=0 succeeded=None
DEBUG handle_vote_request:handle_vote_req: openraft::engine::engine_impl: new
DEBUG handle_vote_request: openraft::core::raft_core: new
DEBUG handle_vote_request:handle_vote_req: openraft::engine::engine_impl: new
 INFO handle_vote_request:handle_vote_req: openraft::engine::engine_impl: Engine::handle_vote_req req={vote:T36-N1:uncommitted, last_log:T0-N0-0}
 INFO handle_vote_request:handle_vote_req: openraft::engine::engine_impl: Engine::handle_vote_req my_vote=T35-N1:uncommitted my_last_log_id=None
 INFO handle_vote_request:handle_vote_req: openraft::engine::engine_impl: now; 13:01:55.681013, vote is updated at: 13:01:55.448543, vote is updated before 232.46975ms, leader lease(400ms) will expire after 167.53025ms
 INFO handle_vote_request:handle_vote_req: openraft::engine::engine_impl: handle vote request result req={vote:T36-N1:uncommitted, last_log:T0-N0-0} result=Ok(())
DEBUG handle_vote_request:handle_vote_req: openraft::engine::engine_impl: close
DEBUG handle_vote_request: openraft::core::raft_core: close
raft_vote_save phase=submitted owner=505132766480 term=36 leader=1 elapsed_ms=0 succeeded=None
 INFO handle_vote_request:handle_vote_req: openraft::engine::engine_impl: Engine::handle_vote_req req={vote:T36-N1:uncommitted, last_log:T0-N0-0}
 INFO handle_vote_request:handle_vote_req: openraft::engine::engine_impl: Engine::handle_vote_req my_vote=T35-N1:uncommitted my_last_log_id=None
raft_vote_save phase=write_entered owner=505132766480 term=36 leader=1 elapsed_ms=0 succeeded=None
 INFO handle_vote_request:handle_vote_req: openraft::engine::engine_impl: now; 13:01:55.681013, vote is updated at: 13:01:55.448397, vote is updated before 232.616208ms, leader lease(400ms) will expire after 167.383792ms
 INFO handle_vote_request:handle_vote_req: openraft::engine::engine_impl: handle vote request result req={vote:T36-N1:uncommitted, last_log:T0-N0-0} result=Ok(())
DEBUG handle_vote_request:handle_vote_req: openraft::engine::engine_impl: close
DEBUG handle_vote_request: openraft::core::raft_core: close
raft_vote_save phase=submitted owner=505132771856 term=36 leader=1 elapsed_ms=0 succeeded=None
raft_vote_save phase=write_entered owner=505132771856 term=36 leader=1 elapsed_ms=0 succeeded=None
raft_vote_save phase=write_returned owner=505132766480 term=36 leader=1 elapsed_ms=179 succeeded=Some(true)
raft_vote_save phase=write_returned owner=505132771856 term=36 leader=1 elapsed_ms=179 succeeded=Some(true)
raft_vote_save phase=wait_returned owner=505132766480 term=36 leader=1 elapsed_ms=179 succeeded=Some(true)
raft_vote_save phase=wait_returned owner=505132771856 term=36 leader=1 elapsed_ms=179 succeeded=Some(true)
 WARN openraft::core::raft_core: A message will be ignored because vote changed: msg sent by vote: T36-N1:uncommitted; current my vote: None; when (VoteResponse)
 WARN openraft::core::raft_core: A message will be ignored because vote changed: msg sent by vote: T36-N1:uncommitted; current my vote: None; when (VoteResponse)
DEBUG spawn_parallel_vote_requests{vote="{vote:T36-N1:uncommitted, last_log:T0-N0-0}"}:send_vote_req{target=2}: openraft::core::raft_core: close
DEBUG spawn_parallel_vote_requests{vote="{vote:T36-N1:uncommitted, last_log:T0-N0-0}"}:send_vote_req{target=3}: openraft::core::raft_core: close
DEBUG spawn_parallel_vote_requests{vote="{vote:T36-N1:uncommitted, last_log:T0-N0-0}"}:vote_round_collector: openraft::core::raft_core: close
TRACE spawn_parallel_vote_requests{vote="{vote:T36-N1:uncommitted, last_log:T0-N0-0}"}: openraft::core::raft_core: close
raft_vote_save phase=write_returned owner=505132762896 term=37 leader=1 elapsed_ms=188 succeeded=Some(true)
raft_vote_save phase=wait_returned owner=505132762896 term=37 leader=1 elapsed_ms=188 succeeded=Some(true)
TRACE spawn_parallel_vote_requests{vote="{vote:T37-N1:uncommitted, last_log:T0-N0-0}"}: openraft::core::raft_core: new
DEBUG spawn_parallel_vote_requests{vote="{vote:T37-N1:uncommitted, last_log:T0-N0-0}"}:send_vote_req{target=2}: openraft::core::raft_core: new
DEBUG spawn_parallel_vote_requests{vote="{vote:T37-N1:uncommitted, last_log:T0-N0-0}"}:send_vote_req{target=3}: openraft::core::raft_core: new
DEBUG spawn_parallel_vote_requests{vote="{vote:T37-N1:uncommitted, last_log:T0-N0-0}"}:vote_round_collector: openraft::core::raft_core: new
 WARN openraft::core::raft_core: A message will be ignored because vote changed: msg sent by vote: T35-N1:uncommitted; current my vote: T37-N1:uncommitted; when (VoteResponse)
 WARN openraft::core::raft_core: A message will be ignored because vote changed: msg sent by vote: T35-N1:uncommitted; current my vote: T37-N1:uncommitted; when (VoteResponse)
 WARN openraft::core::raft_core: A message will be ignored because vote changed: msg sent by vote: T36-N1:uncommitted; current my vote: T37-N1:uncommitted; when (VoteResponse)
 WARN openraft::core::raft_core: A message will be ignored because vote changed: msg sent by vote: T36-N1:uncommitted; current my vote: T37-N1:uncommitted; when (VoteResponse)
 WARN openraft::core::raft_core: A message will be ignored because vote changed: msg sent by vote: T36-N1:uncommitted; current my vote: T37-N1:uncommitted; when (VoteResponse)
DEBUG handle_vote_resp{target=1}: openraft::engine::engine_impl: new
 INFO handle_vote_resp{target=1}: openraft::engine::engine_impl: openraft::engine::engine_impl::Engine<_>::handle_vote_resp resp={T37-N1:uncommitted, last_log:None} target=1 my_vote=T37-N1:uncommitted my_last_log_id=Some(T0-N0-0)
DEBUG handle_vote_resp{target=1}: openraft::engine::engine_impl: close
DEBUG handle_vote_request: openraft::core::raft_core: new
DEBUG handle_vote_request:handle_vote_req: openraft::engine::engine_impl: new
 INFO handle_vote_request:handle_vote_req: openraft::engine::engine_impl: Engine::handle_vote_req req={vote:T37-N1:uncommitted, last_log:T0-N0-0}
 INFO handle_vote_request:handle_vote_req: openraft::engine::engine_impl: Engine::handle_vote_req my_vote=T36-N1:uncommitted my_last_log_id=None
 INFO handle_vote_request:handle_vote_req: openraft::engine::engine_impl: now; 13:01:55.870837, vote is updated at: 13:01:55.681154, vote is updated before 189.682875ms, leader lease(400ms) will expire after 210.317125ms
 INFO handle_vote_request:handle_vote_req: openraft::engine::engine_impl: handle vote request result req={vote:T37-N1:uncommitted, last_log:T0-N0-0} result=Ok(())
DEBUG handle_vote_request:handle_vote_req: openraft::engine::engine_impl: close
DEBUG handle_vote_request: openraft::core::raft_core: close
raft_vote_save phase=submitted owner=505132771856 term=37 leader=1 elapsed_ms=0 succeeded=None
DEBUG handle_vote_request: openraft::core::raft_core: new
DEBUG handle_vote_request:handle_vote_req: openraft::engine::engine_impl: new
 INFO handle_vote_request:handle_vote_req: openraft::engine::engine_impl: Engine::handle_vote_req req={vote:T37-N1:uncommitted, last_log:T0-N0-0}
 INFO handle_vote_request:handle_vote_req: openraft::engine::engine_impl: Engine::handle_vote_req my_vote=T36-N1:uncommitted my_last_log_id=None
 INFO handle_vote_request:handle_vote_req: openraft::engine::engine_impl: now; 13:01:55.871005, vote is updated at: 13:01:55.681067, vote is updated before 189.938208ms, leader lease(400ms) will expire after 210.061792ms
 INFO handle_vote_request:handle_vote_req: openraft::engine::engine_impl: handle vote request result req={vote:T37-N1:uncommitted, last_log:T0-N0-0} result=Ok(())
DEBUG handle_vote_request:handle_vote_req: openraft::engine::engine_impl: close
DEBUG handle_vote_request: openraft::core::raft_core: close
raft_vote_save phase=submitted owner=505132766480 term=37 leader=1 elapsed_ms=0 succeeded=None
raft_vote_save phase=write_entered owner=505132771856 term=37 leader=1 elapsed_ms=0 succeeded=None
raft_vote_save phase=write_entered owner=505132766480 term=37 leader=1 elapsed_ms=0 succeeded=None
DEBUG elect: openraft::engine::engine_impl: new
 INFO elect: openraft::engine::engine_impl: openraft::engine::engine_impl::Engine<_>::elect, new candidate: {T38-N1:uncommitted@13:01:55.910133, last_log_id:T0-N0-0 progress:{1: false, 2: false, 3: false}}
DEBUG elect: openraft::engine::engine_impl: close
raft_vote_save phase=submitted owner=505132762896 term=38 leader=1 elapsed_ms=0 succeeded=None
raft_vote_save phase=write_entered owner=505132762896 term=38 leader=1 elapsed_ms=0 succeeded=None
raft_vote_save phase=write_returned owner=505132766480 term=37 leader=1 elapsed_ms=185 succeeded=Some(true)
raft_vote_save phase=wait_returned owner=505132766480 term=37 leader=1 elapsed_ms=186 succeeded=Some(true)
 WARN openraft::core::raft_core: A message will be ignored because vote changed: msg sent by vote: T37-N1:uncommitted; current my vote: None; when (VoteResponse)
DEBUG spawn_parallel_vote_requests{vote="{vote:T37-N1:uncommitted, last_log:T0-N0-0}"}:send_vote_req{target=2}: openraft::core::raft_core: close
ERROR spawn_parallel_vote_requests{vote="{vote:T37-N1:uncommitted, last_log:T0-N0-0}"}:send_vote_req{target=3}: openraft::core::raft_core: while requesting vote error=Unreachable node: std::io::error::Error: deadline has elapsed target=3
DEBUG spawn_parallel_vote_requests{vote="{vote:T37-N1:uncommitted, last_log:T0-N0-0}"}:send_vote_req{target=3}: openraft::core::raft_core: close
DEBUG spawn_parallel_vote_requests{vote="{vote:T37-N1:uncommitted, last_log:T0-N0-0}"}:vote_round_collector: openraft::core::raft_core: close
TRACE spawn_parallel_vote_requests{vote="{vote:T37-N1:uncommitted, last_log:T0-N0-0}"}: openraft::core::raft_core: close
raft_vote_save phase=write_returned owner=505132771856 term=37 leader=1 elapsed_ms=207 succeeded=Some(true)
raft_vote_save phase=wait_returned owner=505132771856 term=37 leader=1 elapsed_ms=207 succeeded=Some(true)
 WARN openraft::core::raft_core: A message will be ignored because vote changed: msg sent by vote: T37-N1:uncommitted; current my vote: None; when (VoteResponse)
raft_vote_save phase=write_returned owner=505132762896 term=38 leader=1 elapsed_ms=200 succeeded=Some(true)
raft_vote_save phase=wait_returned owner=505132762896 term=38 leader=1 elapsed_ms=201 succeeded=Some(true)
TRACE spawn_parallel_vote_requests{vote="{vote:T38-N1:uncommitted, last_log:T0-N0-0}"}: openraft::core::raft_core: new
DEBUG spawn_parallel_vote_requests{vote="{vote:T38-N1:uncommitted, last_log:T0-N0-0}"}:send_vote_req{target=2}: openraft::core::raft_core: new
DEBUG spawn_parallel_vote_requests{vote="{vote:T38-N1:uncommitted, last_log:T0-N0-0}"}:send_vote_req{target=3}: openraft::core::raft_core: new
DEBUG spawn_parallel_vote_requests{vote="{vote:T38-N1:uncommitted, last_log:T0-N0-0}"}:vote_round_collector: openraft::core::raft_core: new
 WARN openraft::core::raft_core: A message will be ignored because vote changed: msg sent by vote: T37-N1:uncommitted; current my vote: T38-N1:uncommitted; when (VoteResponse)
DEBUG handle_vote_resp{target=1}: openraft::engine::engine_impl: new
 INFO handle_vote_resp{target=1}: openraft::engine::engine_impl: openraft::engine::engine_impl::Engine<_>::handle_vote_resp resp={T38-N1:uncommitted, last_log:None} target=1 my_vote=T38-N1:uncommitted my_last_log_id=Some(T0-N0-0)
DEBUG handle_vote_resp{target=1}: openraft::engine::engine_impl: close
DEBUG handle_vote_request: openraft::core::raft_core: new
DEBUG handle_vote_request:handle_vote_req: openraft::engine::engine_impl: new
 INFO handle_vote_request:handle_vote_req: openraft::engine::engine_impl: Engine::handle_vote_req req={vote:T38-N1:uncommitted, last_log:T0-N0-0}
 INFO handle_vote_request:handle_vote_req: openraft::engine::engine_impl: Engine::handle_vote_req my_vote=T37-N1:uncommitted my_last_log_id=None
 INFO handle_vote_request:handle_vote_req: openraft::engine::engine_impl: now; 13:01:56.111684, vote is updated at: 13:01:55.870906, vote is updated before 240.779125ms, leader lease(400ms) will expire after 159.220875ms
 INFO handle_vote_request:handle_vote_req: openraft::engine::engine_impl: handle vote request result req={vote:T38-N1:uncommitted, last_log:T0-N0-0} result=Ok(())
DEBUG handle_vote_request:handle_vote_req: openraft::engine::engine_impl: close
DEBUG handle_vote_request: openraft::core::raft_core: close
raft_vote_save phase=submitted owner=505132771856 term=38 leader=1 elapsed_ms=0 succeeded=None
DEBUG handle_vote_request: openraft::core::raft_core: new
DEBUG handle_vote_request:handle_vote_req: openraft::engine::engine_impl: new
 INFO handle_vote_request:handle_vote_req: openraft::engine::engine_impl: Engine::handle_vote_req req={vote:T38-N1:uncommitted, last_log:T0-N0-0}
 INFO handle_vote_request:handle_vote_req: openraft::engine::engine_impl: Engine::handle_vote_req my_vote=T37-N1:uncommitted my_last_log_id=None
 INFO handle_vote_request:handle_vote_req: openraft::engine::engine_impl: now; 13:01:56.112138, vote is updated at: 13:01:55.871035, vote is updated before 241.102584ms, leader lease(400ms) will expire after 158.897416ms
 INFO handle_vote_request:handle_vote_req: openraft::engine::engine_impl: handle vote request result req={vote:T38-N1:uncommitted, last_log:T0-N0-0} result=Ok(())
DEBUG handle_vote_request:handle_vote_req: openraft::engine::engine_impl: close
DEBUG handle_vote_request: openraft::core::raft_core: close
raft_vote_save phase=submitted owner=505132766480 term=38 leader=1 elapsed_ms=0 succeeded=None
raft_vote_save phase=write_entered owner=505132771856 term=38 leader=1 elapsed_ms=0 succeeded=None
raft_vote_save phase=write_entered owner=505132766480 term=38 leader=1 elapsed_ms=0 succeeded=None
DEBUG elect: openraft::engine::engine_impl: new
 INFO elect: openraft::engine::engine_impl: openraft::engine::engine_impl::Engine<_>::elect, new candidate: {T39-N1:uncommitted@13:01:56.139441, last_log_id:T0-N0-0 progress:{1: false, 2: false, 3: false}}
DEBUG elect: openraft::engine::engine_impl: close
raft_vote_save phase=submitted owner=505132762896 term=39 leader=1 elapsed_ms=0 succeeded=None
raft_vote_save phase=write_entered owner=505132762896 term=39 leader=1 elapsed_ms=0 succeeded=None
raft_vote_save phase=write_returned owner=505132771856 term=38 leader=1 elapsed_ms=193 succeeded=Some(true)
raft_vote_save phase=wait_returned owner=505132771856 term=38 leader=1 elapsed_ms=193 succeeded=Some(true)
 WARN openraft::core::raft_core: A message will be ignored because vote changed: msg sent by vote: T38-N1:uncommitted; current my vote: None; when (VoteResponse)
DEBUG spawn_parallel_vote_requests{vote="{vote:T38-N1:uncommitted, last_log:T0-N0-0}"}:send_vote_req{target=3}: openraft::core::raft_core: close
ERROR spawn_parallel_vote_requests{vote="{vote:T38-N1:uncommitted, last_log:T0-N0-0}"}:send_vote_req{target=2}: openraft::core::raft_core: while requesting vote error=Unreachable node: std::io::error::Error: deadline has elapsed target=2
DEBUG spawn_parallel_vote_requests{vote="{vote:T38-N1:uncommitted, last_log:T0-N0-0}"}:send_vote_req{target=2}: openraft::core::raft_core: close
DEBUG spawn_parallel_vote_requests{vote="{vote:T38-N1:uncommitted, last_log:T0-N0-0}"}:vote_round_collector: openraft::core::raft_core: close
TRACE spawn_parallel_vote_requests{vote="{vote:T38-N1:uncommitted, last_log:T0-N0-0}"}: openraft::core::raft_core: close
raft_vote_save phase=write_returned owner=505132766480 term=38 leader=1 elapsed_ms=208 succeeded=Some(true)
raft_vote_save phase=wait_returned owner=505132766480 term=38 leader=1 elapsed_ms=208 succeeded=Some(true)
 WARN openraft::core::raft_core: A message will be ignored because vote changed: msg sent by vote: T38-N1:uncommitted; current my vote: None; when (VoteResponse)
raft_vote_save phase=write_returned owner=505132762896 term=39 leader=1 elapsed_ms=249 succeeded=Some(true)
raft_vote_save phase=wait_returned owner=505132762896 term=39 leader=1 elapsed_ms=249 succeeded=Some(true)
TRACE spawn_parallel_vote_requests{vote="{vote:T39-N1:uncommitted, last_log:T0-N0-0}"}: openraft::core::raft_core: new
DEBUG spawn_parallel_vote_requests{vote="{vote:T39-N1:uncommitted, last_log:T0-N0-0}"}:send_vote_req{target=2}: openraft::core::raft_core: new
DEBUG spawn_parallel_vote_requests{vote="{vote:T39-N1:uncommitted, last_log:T0-N0-0}"}:send_vote_req{target=3}: openraft::core::raft_core: new
DEBUG spawn_parallel_vote_requests{vote="{vote:T39-N1:uncommitted, last_log:T0-N0-0}"}:vote_round_collector: openraft::core::raft_core: new
DEBUG elect: openraft::engine::engine_impl: new
 INFO elect: openraft::engine::engine_impl: openraft::engine::engine_impl::Engine<_>::elect, new candidate: {T40-N1:uncommitted@13:01:56.389699, last_log_id:T0-N0-0 progress:{1: false, 2: false, 3: false}}
DEBUG elect: openraft::engine::engine_impl: close
raft_vote_save phase=submitted owner=505132762896 term=40 leader=1 elapsed_ms=0 succeeded=None
DEBUG handle_vote_request: openraft::core::raft_core: new
DEBUG handle_vote_request:handle_vote_req: openraft::engine::engine_impl: new
 INFO handle_vote_request:handle_vote_req: openraft::engine::engine_impl: Engine::handle_vote_req req={vote:T39-N1:uncommitted, last_log:T0-N0-0}
 INFO handle_vote_request:handle_vote_req: openraft::engine::engine_impl: Engine::handle_vote_req my_vote=T38-N1:uncommitted my_last_log_id=None
 INFO handle_vote_request:handle_vote_req: openraft::engine::engine_impl: now; 13:01:56.389891, vote is updated at: 13:01:56.111951, vote is updated before 277.939208ms, leader lease(400ms) will expire after 122.060792ms
 INFO handle_vote_request:handle_vote_req: openraft::engine::engine_impl: handle vote request result req={vote:T39-N1:uncommitted, last_log:T0-N0-0} result=Ok(())
DEBUG handle_vote_request:handle_vote_req: openraft::engine::engine_impl: close
DEBUG handle_vote_request: openraft::core::raft_core: close
raft_vote_save phase=submitted owner=505132771856 term=39 leader=1 elapsed_ms=0 succeeded=None
DEBUG handle_vote_request: openraft::core::raft_core: new
DEBUG handle_vote_request:handle_vote_req: openraft::engine::engine_impl: new
 INFO handle_vote_request:handle_vote_req: openraft::engine::engine_impl: Engine::handle_vote_req req={vote:T39-N1:uncommitted, last_log:T0-N0-0}
 INFO handle_vote_request:handle_vote_req: openraft::engine::engine_impl: Engine::handle_vote_req my_vote=T38-N1:uncommitted my_last_log_id=None
raft_vote_save phase=write_entered owner=505132762896 term=40 leader=1 elapsed_ms=2 succeeded=None
 INFO handle_vote_request:handle_vote_req: openraft::engine::engine_impl: now; 13:01:56.391698, vote is updated at: 13:01:56.112183, vote is updated before 279.515459ms, leader lease(400ms) will expire after 120.484541ms
raft_vote_save phase=write_entered owner=505132771856 term=39 leader=1 elapsed_ms=1 succeeded=None
 INFO handle_vote_request:handle_vote_req: openraft::engine::engine_impl: handle vote request result req={vote:T39-N1:uncommitted, last_log:T0-N0-0} result=Ok(())
DEBUG handle_vote_request:handle_vote_req: openraft::engine::engine_impl: close
DEBUG handle_vote_request: openraft::core::raft_core: close
raft_vote_save phase=submitted owner=505132766480 term=39 leader=1 elapsed_ms=0 succeeded=None
raft_vote_save phase=write_entered owner=505132766480 term=39 leader=1 elapsed_ms=0 succeeded=None
raft_vote_save phase=write_returned owner=505132762896 term=40 leader=1 elapsed_ms=168 succeeded=Some(true)
raft_vote_save phase=wait_returned owner=505132762896 term=40 leader=1 elapsed_ms=168 succeeded=Some(true)
TRACE spawn_parallel_vote_requests{vote="{vote:T40-N1:uncommitted, last_log:T0-N0-0}"}: openraft::core::raft_core: new
DEBUG spawn_parallel_vote_requests{vote="{vote:T40-N1:uncommitted, last_log:T0-N0-0}"}:send_vote_req{target=2}: openraft::core::raft_core: new
DEBUG spawn_parallel_vote_requests{vote="{vote:T40-N1:uncommitted, last_log:T0-N0-0}"}:send_vote_req{target=3}: openraft::core::raft_core: new
DEBUG spawn_parallel_vote_requests{vote="{vote:T40-N1:uncommitted, last_log:T0-N0-0}"}:vote_round_collector: openraft::core::raft_core: new
 WARN openraft::core::raft_core: A message will be ignored because vote changed: msg sent by vote: T38-N1:uncommitted; current my vote: T40-N1:uncommitted; when (VoteResponse)
 WARN openraft::core::raft_core: A message will be ignored because vote changed: msg sent by vote: T39-N1:uncommitted; current my vote: T40-N1:uncommitted; when (VoteResponse)
DEBUG handle_vote_resp{target=1}: openraft::engine::engine_impl: new
 INFO handle_vote_resp{target=1}: openraft::engine::engine_impl: openraft::engine::engine_impl::Engine<_>::handle_vote_resp resp={T40-N1:uncommitted, last_log:None} target=1 my_vote=T40-N1:uncommitted my_last_log_id=Some(T0-N0-0)
DEBUG handle_vote_resp{target=1}: openraft::engine::engine_impl: close
ERROR spawn_parallel_vote_requests{vote="{vote:T39-N1:uncommitted, last_log:T0-N0-0}"}:send_vote_req{target=2}: openraft::core::raft_core: while requesting vote error=Unreachable node: std::io::error::Error: deadline has elapsed target=2
DEBUG spawn_parallel_vote_requests{vote="{vote:T39-N1:uncommitted, last_log:T0-N0-0}"}:send_vote_req{target=2}: openraft::core::raft_core: close
ERROR spawn_parallel_vote_requests{vote="{vote:T39-N1:uncommitted, last_log:T0-N0-0}"}:send_vote_req{target=3}: openraft::core::raft_core: while requesting vote error=Unreachable node: std::io::error::Error: deadline has elapsed target=3
DEBUG spawn_parallel_vote_requests{vote="{vote:T39-N1:uncommitted, last_log:T0-N0-0}"}:send_vote_req{target=3}: openraft::core::raft_core: close
DEBUG spawn_parallel_vote_requests{vote="{vote:T39-N1:uncommitted, last_log:T0-N0-0}"}:vote_round_collector: openraft::core::raft_core: close
TRACE spawn_parallel_vote_requests{vote="{vote:T39-N1:uncommitted, last_log:T0-N0-0}"}: openraft::core::raft_core: close
raft_vote_save phase=write_returned owner=505132771856 term=39 leader=1 elapsed_ms=214 succeeded=Some(true)
raft_vote_save phase=wait_returned owner=505132771856 term=39 leader=1 elapsed_ms=214 succeeded=Some(true)
DEBUG handle_vote_request: openraft::core::raft_core: new
DEBUG handle_vote_request:handle_vote_req: openraft::engine::engine_impl: new
 INFO handle_vote_request:handle_vote_req: openraft::engine::engine_impl: Engine::handle_vote_req req={vote:T40-N1:uncommitted, last_log:T0-N0-0}
 INFO handle_vote_request:handle_vote_req: openraft::engine::engine_impl: Engine::handle_vote_req my_vote=T39-N1:uncommitted my_last_log_id=None
 INFO handle_vote_request:handle_vote_req: openraft::engine::engine_impl: now; 13:01:56.604738, vote is updated at: 13:01:56.389929, vote is updated before 214.809084ms, leader lease(400ms) will expire after 185.190916ms
 INFO handle_vote_request:handle_vote_req: openraft::engine::engine_impl: handle vote request result req={vote:T40-N1:uncommitted, last_log:T0-N0-0} result=Ok(())
DEBUG handle_vote_request:handle_vote_req: openraft::engine::engine_impl: close
DEBUG handle_vote_request: openraft::core::raft_core: close
raft_vote_save phase=submitted owner=505132771856 term=40 leader=1 elapsed_ms=0 succeeded=None
raft_vote_save phase=write_entered owner=505132771856 term=40 leader=1 elapsed_ms=0 succeeded=None
raft_vote_save phase=write_returned owner=505132766480 term=39 leader=1 elapsed_ms=237 succeeded=Some(true)
raft_vote_save phase=wait_returned owner=505132766480 term=39 leader=1 elapsed_ms=238 succeeded=Some(true)
DEBUG handle_vote_request: openraft::core::raft_core: new
DEBUG handle_vote_request:handle_vote_req: openraft::engine::engine_impl: new
 INFO handle_vote_request:handle_vote_req: openraft::engine::engine_impl: Engine::handle_vote_req req={vote:T40-N1:uncommitted, last_log:T0-N0-0}
 INFO handle_vote_request:handle_vote_req: openraft::engine::engine_impl: Engine::handle_vote_req my_vote=T39-N1:uncommitted my_last_log_id=None
 INFO handle_vote_request:handle_vote_req: openraft::engine::engine_impl: now; 13:01:56.630280, vote is updated at: 13:01:56.391857, vote is updated before 238.422708ms, leader lease(400ms) will expire after 161.577292ms
 INFO handle_vote_request:handle_vote_req: openraft::engine::engine_impl: handle vote request result req={vote:T40-N1:uncommitted, last_log:T0-N0-0} result=Ok(())
DEBUG handle_vote_request:handle_vote_req: openraft::engine::engine_impl: close
DEBUG handle_vote_request: openraft::core::raft_core: close
raft_vote_save phase=submitted owner=505132766480 term=40 leader=1 elapsed_ms=0 succeeded=None
raft_vote_save phase=write_entered owner=505132766480 term=40 leader=1 elapsed_ms=0 succeeded=None
DEBUG elect: openraft::engine::engine_impl: new
 INFO elect: openraft::engine::engine_impl: openraft::engine::engine_impl::Engine<_>::elect, new candidate: {T41-N1:uncommitted@13:01:56.675492, last_log_id:T0-N0-0 progress:{1: false, 2: false, 3: false}}
DEBUG elect: openraft::engine::engine_impl: close
raft_vote_save phase=submitted owner=505132762896 term=41 leader=1 elapsed_ms=0 succeeded=None
raft_vote_save phase=write_entered owner=505132762896 term=41 leader=1 elapsed_ms=0 succeeded=None
raft_vote_save phase=write_returned owner=505132771856 term=40 leader=1 elapsed_ms=152 succeeded=Some(true)
raft_vote_save phase=wait_returned owner=505132771856 term=40 leader=1 elapsed_ms=152 succeeded=Some(true)
 WARN openraft::core::raft_core: A message will be ignored because vote changed: msg sent by vote: T39-N1:uncommitted; current my vote: None; when (VoteResponse)
 WARN openraft::core::raft_core: A message will be ignored because vote changed: msg sent by vote: T40-N1:uncommitted; current my vote: None; when (VoteResponse)
DEBUG spawn_parallel_vote_requests{vote="{vote:T40-N1:uncommitted, last_log:T0-N0-0}"}:send_vote_req{target=3}: openraft::core::raft_core: close
ERROR spawn_parallel_vote_requests{vote="{vote:T40-N1:uncommitted, last_log:T0-N0-0}"}:send_vote_req{target=2}: openraft::core::raft_core: while requesting vote error=Unreachable node: std::io::error::Error: deadline has elapsed target=2
DEBUG spawn_parallel_vote_requests{vote="{vote:T40-N1:uncommitted, last_log:T0-N0-0}"}:send_vote_req{target=2}: openraft::core::raft_core: close
DEBUG spawn_parallel_vote_requests{vote="{vote:T40-N1:uncommitted, last_log:T0-N0-0}"}:vote_round_collector: openraft::core::raft_core: close
TRACE spawn_parallel_vote_requests{vote="{vote:T40-N1:uncommitted, last_log:T0-N0-0}"}: openraft::core::raft_core: close
raft_vote_save phase=write_returned owner=505132766480 term=40 leader=1 elapsed_ms=220 succeeded=Some(true)
raft_vote_save phase=wait_returned owner=505132766480 term=40 leader=1 elapsed_ms=220 succeeded=Some(true)
 WARN openraft::core::raft_core: A message will be ignored because vote changed: msg sent by vote: T39-N1:uncommitted; current my vote: None; when (VoteResponse)
 WARN openraft::core::raft_core: A message will be ignored because vote changed: msg sent by vote: T40-N1:uncommitted; current my vote: None; when (VoteResponse)
raft_vote_save phase=write_returned owner=505132762896 term=41 leader=1 elapsed_ms=198 succeeded=Some(true)
raft_vote_save phase=wait_returned owner=505132762896 term=41 leader=1 elapsed_ms=199 succeeded=Some(true)
TRACE spawn_parallel_vote_requests{vote="{vote:T41-N1:uncommitted, last_log:T0-N0-0}"}: openraft::core::raft_core: new
DEBUG spawn_parallel_vote_requests{vote="{vote:T41-N1:uncommitted, last_log:T0-N0-0}"}:send_vote_req{target=2}: openraft::core::raft_core: new
DEBUG spawn_parallel_vote_requests{vote="{vote:T41-N1:uncommitted, last_log:T0-N0-0}"}:send_vote_req{target=3}: openraft::core::raft_core: new
DEBUG spawn_parallel_vote_requests{vote="{vote:T41-N1:uncommitted, last_log:T0-N0-0}"}:vote_round_collector: openraft::core::raft_core: new
 WARN openraft::core::raft_core: A message will be ignored because vote changed: msg sent by vote: T40-N1:uncommitted; current my vote: T41-N1:uncommitted; when (VoteResponse)
DEBUG handle_vote_resp{target=1}: openraft::engine::engine_impl: new
 INFO handle_vote_resp{target=1}: openraft::engine::engine_impl: openraft::engine::engine_impl::Engine<_>::handle_vote_resp resp={T41-N1:uncommitted, last_log:None} target=1 my_vote=T41-N1:uncommitted my_last_log_id=Some(T0-N0-0)
DEBUG handle_vote_resp{target=1}: openraft::engine::engine_impl: close
DEBUG handle_vote_request: openraft::core::raft_core: new
DEBUG handle_vote_request:handle_vote_req: openraft::engine::engine_impl: new
 INFO handle_vote_request:handle_vote_req: openraft::engine::engine_impl: Engine::handle_vote_req req={vote:T41-N1:uncommitted, last_log:T0-N0-0}
 INFO handle_vote_request:handle_vote_req: openraft::engine::engine_impl: Engine::handle_vote_req my_vote=T40-N1:uncommitted my_last_log_id=None
 INFO handle_vote_request:handle_vote_req: openraft::engine::engine_impl: now; 13:01:56.876346, vote is updated at: 13:01:56.605428, vote is updated before 270.916958ms, leader lease(400ms) will expire after 129.083042ms
 INFO handle_vote_request:handle_vote_req: openraft::engine::engine_impl: handle vote request result req={vote:T41-N1:uncommitted, last_log:T0-N0-0} result=Ok(())
DEBUG handle_vote_request:handle_vote_req: openraft::engine::engine_impl: close
DEBUG handle_vote_request: openraft::core::raft_core: close
raft_vote_save phase=submitted owner=505132771856 term=41 leader=1 elapsed_ms=0 succeeded=None
DEBUG handle_vote_request: openraft::core::raft_core: new
DEBUG handle_vote_request:handle_vote_req: openraft::engine::engine_impl: new
 INFO handle_vote_request:handle_vote_req: openraft::engine::engine_impl: Engine::handle_vote_req req={vote:T41-N1:uncommitted, last_log:T0-N0-0}
 INFO handle_vote_request:handle_vote_req: openraft::engine::engine_impl: Engine::handle_vote_req my_vote=T40-N1:uncommitted my_last_log_id=None
 INFO handle_vote_request:handle_vote_req: openraft::engine::engine_impl: now; 13:01:56.878185, vote is updated at: 13:01:56.630335, vote is updated before 247.850083ms, leader lease(400ms) will expire after 152.149917ms
 INFO handle_vote_request:handle_vote_req: openraft::engine::engine_impl: handle vote request result req={vote:T41-N1:uncommitted, last_log:T0-N0-0} result=Ok(())
DEBUG handle_vote_request:handle_vote_req: openraft::engine::engine_impl: close
DEBUG handle_vote_request: openraft::core::raft_core: close
raft_vote_save phase=submitted owner=505132766480 term=41 leader=1 elapsed_ms=0 succeeded=None
raft_vote_save phase=write_entered owner=505132771856 term=41 leader=1 elapsed_ms=3 succeeded=None
raft_vote_save phase=write_entered owner=505132766480 term=41 leader=1 elapsed_ms=2 succeeded=None
DEBUG elect: openraft::engine::engine_impl: new
 INFO elect: openraft::engine::engine_impl: openraft::engine::engine_impl::Engine<_>::elect, new candidate: {T42-N1:uncommitted@13:01:56.905529, last_log_id:T0-N0-0 progress:{1: false, 2: false, 3: false}}
DEBUG elect: openraft::engine::engine_impl: close
raft_vote_save phase=submitted owner=505132762896 term=42 leader=1 elapsed_ms=0 succeeded=None
raft_vote_save phase=write_entered owner=505132762896 term=42 leader=1 elapsed_ms=0 succeeded=None
raft_vote_save phase=write_returned owner=505132766480 term=41 leader=1 elapsed_ms=159 succeeded=Some(true)
raft_vote_save phase=wait_returned owner=505132766480 term=41 leader=1 elapsed_ms=160 succeeded=Some(true)
 WARN openraft::core::raft_core: A message will be ignored because vote changed: msg sent by vote: T41-N1:uncommitted; current my vote: None; when (VoteResponse)
DEBUG spawn_parallel_vote_requests{vote="{vote:T41-N1:uncommitted, last_log:T0-N0-0}"}:send_vote_req{target=2}: openraft::core::raft_core: close
raft_vote_save phase=write_returned owner=505132771856 term=41 leader=1 elapsed_ms=174 succeeded=Some(true)
raft_vote_save phase=wait_returned owner=505132771856 term=41 leader=1 elapsed_ms=174 succeeded=Some(true)
 WARN openraft::core::raft_core: A message will be ignored because vote changed: msg sent by vote: T41-N1:uncommitted; current my vote: None; when (VoteResponse)
DEBUG spawn_parallel_vote_requests{vote="{vote:T41-N1:uncommitted, last_log:T0-N0-0}"}:send_vote_req{target=3}: openraft::core::raft_core: close
DEBUG spawn_parallel_vote_requests{vote="{vote:T41-N1:uncommitted, last_log:T0-N0-0}"}:vote_round_collector: openraft::core::raft_core: close
TRACE spawn_parallel_vote_requests{vote="{vote:T41-N1:uncommitted, last_log:T0-N0-0}"}: openraft::core::raft_core: close
raft_vote_save phase=write_returned owner=505132762896 term=42 leader=1 elapsed_ms=185 succeeded=Some(true)
raft_vote_save phase=wait_returned owner=505132762896 term=42 leader=1 elapsed_ms=185 succeeded=Some(true)
TRACE spawn_parallel_vote_requests{vote="{vote:T42-N1:uncommitted, last_log:T0-N0-0}"}: openraft::core::raft_core: new
DEBUG spawn_parallel_vote_requests{vote="{vote:T42-N1:uncommitted, last_log:T0-N0-0}"}:send_vote_req{target=2}: openraft::core::raft_core: new
DEBUG spawn_parallel_vote_requests{vote="{vote:T42-N1:uncommitted, last_log:T0-N0-0}"}:send_vote_req{target=3}: openraft::core::raft_core: new
DEBUG spawn_parallel_vote_requests{vote="{vote:T42-N1:uncommitted, last_log:T0-N0-0}"}:vote_round_collector: openraft::core::raft_core: new
 WARN openraft::core::raft_core: A message will be ignored because vote changed: msg sent by vote: T41-N1:uncommitted; current my vote: T42-N1:uncommitted; when (VoteResponse)
 WARN openraft::core::raft_core: A message will be ignored because vote changed: msg sent by vote: T41-N1:uncommitted; current my vote: T42-N1:uncommitted; when (VoteResponse)
DEBUG handle_vote_resp{target=1}: openraft::engine::engine_impl: new
 INFO handle_vote_resp{target=1}: openraft::engine::engine_impl: openraft::engine::engine_impl::Engine<_>::handle_vote_resp resp={T42-N1:uncommitted, last_log:None} target=1 my_vote=T42-N1:uncommitted my_last_log_id=Some(T0-N0-0)
DEBUG handle_vote_resp{target=1}: openraft::engine::engine_impl: close
DEBUG handle_vote_request: openraft::core::raft_core: new
DEBUG handle_vote_request: openraft::core::raft_core: new
DEBUG handle_vote_request:handle_vote_req: openraft::engine::engine_impl: new
DEBUG handle_vote_request:handle_vote_req: openraft::engine::engine_impl: new
 INFO handle_vote_request:handle_vote_req: openraft::engine::engine_impl: Engine::handle_vote_req req={vote:T42-N1:uncommitted, last_log:T0-N0-0}
 INFO handle_vote_request:handle_vote_req: openraft::engine::engine_impl: Engine::handle_vote_req my_vote=T41-N1:uncommitted my_last_log_id=None
 INFO handle_vote_request:handle_vote_req: openraft::engine::engine_impl: Engine::handle_vote_req req={vote:T42-N1:uncommitted, last_log:T0-N0-0}
 INFO handle_vote_request:handle_vote_req: openraft::engine::engine_impl: Engine::handle_vote_req my_vote=T41-N1:uncommitted my_last_log_id=None
 INFO handle_vote_request:handle_vote_req: openraft::engine::engine_impl: now; 13:01:57.091915, vote is updated at: 13:01:56.876406, vote is updated before 215.508083ms, leader lease(400ms) will expire after 184.491917ms
 INFO handle_vote_request:handle_vote_req: openraft::engine::engine_impl: handle vote request result req={vote:T42-N1:uncommitted, last_log:T0-N0-0} result=Ok(())
 INFO handle_vote_request:handle_vote_req: openraft::engine::engine_impl: now; 13:01:57.091925, vote is updated at: 13:01:56.878358, vote is updated before 213.567709ms, leader lease(400ms) will expire after 186.432291ms
DEBUG handle_vote_request:handle_vote_req: openraft::engine::engine_impl: close
DEBUG handle_vote_request: openraft::core::raft_core: close
 INFO handle_vote_request:handle_vote_req: openraft::engine::engine_impl: handle vote request result req={vote:T42-N1:uncommitted, last_log:T0-N0-0} result=Ok(())
DEBUG handle_vote_request:handle_vote_req: openraft::engine::engine_impl: close
raft_vote_save phase=submitted owner=505132771856 term=42 leader=1 elapsed_ms=0 succeeded=None
DEBUG handle_vote_request: openraft::core::raft_core: close
raft_vote_save phase=write_entered owner=505132771856 term=42 leader=1 elapsed_ms=0 succeeded=None
raft_vote_save phase=submitted owner=505132766480 term=42 leader=1 elapsed_ms=0 succeeded=None
raft_vote_save phase=write_entered owner=505132766480 term=42 leader=1 elapsed_ms=0 succeeded=None
DEBUG elect: openraft::engine::engine_impl: new
 INFO elect: openraft::engine::engine_impl: openraft::engine::engine_impl::Engine<_>::elect, new candidate: {T43-N1:uncommitted@13:01:57.135439, last_log_id:T0-N0-0 progress:{1: false, 2: false, 3: false}}
DEBUG elect: openraft::engine::engine_impl: close
raft_vote_save phase=submitted owner=505132762896 term=43 leader=1 elapsed_ms=0 succeeded=None
raft_vote_save phase=write_entered owner=505132762896 term=43 leader=1 elapsed_ms=0 succeeded=None
raft_vote_save phase=write_returned owner=505132766480 term=42 leader=1 elapsed_ms=173 succeeded=Some(true)
raft_vote_save phase=wait_returned owner=505132766480 term=42 leader=1 elapsed_ms=173 succeeded=Some(true)
 WARN openraft::core::raft_core: A message will be ignored because vote changed: msg sent by vote: T42-N1:uncommitted; current my vote: None; when (VoteResponse)
DEBUG spawn_parallel_vote_requests{vote="{vote:T42-N1:uncommitted, last_log:T0-N0-0}"}:send_vote_req{target=2}: openraft::core::raft_core: close
raft_vote_save phase=write_returned owner=505132771856 term=42 leader=1 elapsed_ms=195 succeeded=Some(true)
raft_vote_save phase=wait_returned owner=505132771856 term=42 leader=1 elapsed_ms=195 succeeded=Some(true)
 WARN openraft::core::raft_core: A message will be ignored because vote changed: msg sent by vote: T42-N1:uncommitted; current my vote: None; when (VoteResponse)
DEBUG spawn_parallel_vote_requests{vote="{vote:T42-N1:uncommitted, last_log:T0-N0-0}"}:send_vote_req{target=3}: openraft::core::raft_core: close
DEBUG spawn_parallel_vote_requests{vote="{vote:T42-N1:uncommitted, last_log:T0-N0-0}"}:vote_round_collector: openraft::core::raft_core: close
TRACE spawn_parallel_vote_requests{vote="{vote:T42-N1:uncommitted, last_log:T0-N0-0}"}: openraft::core::raft_core: close
raft_vote_save phase=write_returned owner=505132762896 term=43 leader=1 elapsed_ms=203 succeeded=Some(true)
raft_vote_save phase=wait_returned owner=505132762896 term=43 leader=1 elapsed_ms=204 succeeded=Some(true)
TRACE spawn_parallel_vote_requests{vote="{vote:T43-N1:uncommitted, last_log:T0-N0-0}"}: openraft::core::raft_core: new
DEBUG spawn_parallel_vote_requests{vote="{vote:T43-N1:uncommitted, last_log:T0-N0-0}"}:send_vote_req{target=2}: openraft::core::raft_core: new
DEBUG spawn_parallel_vote_requests{vote="{vote:T43-N1:uncommitted, last_log:T0-N0-0}"}:send_vote_req{target=3}: openraft::core::raft_core: new
DEBUG spawn_parallel_vote_requests{vote="{vote:T43-N1:uncommitted, last_log:T0-N0-0}"}:vote_round_collector: openraft::core::raft_core: new
 WARN openraft::core::raft_core: A message will be ignored because vote changed: msg sent by vote: T42-N1:uncommitted; current my vote: T43-N1:uncommitted; when (VoteResponse)
 WARN openraft::core::raft_core: A message will be ignored because vote changed: msg sent by vote: T42-N1:uncommitted; current my vote: T43-N1:uncommitted; when (VoteResponse)
DEBUG handle_vote_resp{target=1}: openraft::engine::engine_impl: new
 INFO handle_vote_resp{target=1}: openraft::engine::engine_impl: openraft::engine::engine_impl::Engine<_>::handle_vote_resp resp={T43-N1:uncommitted, last_log:None} target=1 my_vote=T43-N1:uncommitted my_last_log_id=Some(T0-N0-0)
DEBUG handle_vote_resp{target=1}: openraft::engine::engine_impl: close
DEBUG handle_vote_request: openraft::core::raft_core: new
DEBUG handle_vote_request:handle_vote_req: openraft::engine::engine_impl: new
 INFO handle_vote_request:handle_vote_req: openraft::engine::engine_impl: Engine::handle_vote_req req={vote:T43-N1:uncommitted, last_log:T0-N0-0}
 INFO handle_vote_request:handle_vote_req: openraft::engine::engine_impl: Engine::handle_vote_req my_vote=T42-N1:uncommitted my_last_log_id=None
 INFO handle_vote_request:handle_vote_req: openraft::engine::engine_impl: now; 13:01:57.340545, vote is updated at: 13:01:57.091991, vote is updated before 248.553666ms, leader lease(400ms) will expire after 151.446334ms
 INFO handle_vote_request:handle_vote_req: openraft::engine::engine_impl: handle vote request result req={vote:T43-N1:uncommitted, last_log:T0-N0-0} result=Ok(())
DEBUG handle_vote_request:handle_vote_req: openraft::engine::engine_impl: close
DEBUG handle_vote_request: openraft::core::raft_core: close
raft_vote_save phase=submitted owner=505132771856 term=43 leader=1 elapsed_ms=0 succeeded=None
DEBUG handle_vote_request: openraft::core::raft_core: new
DEBUG handle_vote_request:handle_vote_req: openraft::engine::engine_impl: new
 INFO handle_vote_request:handle_vote_req: openraft::engine::engine_impl: Engine::handle_vote_req req={vote:T43-N1:uncommitted, last_log:T0-N0-0}
 INFO handle_vote_request:handle_vote_req: openraft::engine::engine_impl: Engine::handle_vote_req my_vote=T42-N1:uncommitted my_last_log_id=None
 INFO handle_vote_request:handle_vote_req: openraft::engine::engine_impl: now; 13:01:57.340679, vote is updated at: 13:01:57.092020, vote is updated before 248.659667ms, leader lease(400ms) will expire after 151.340333ms
 INFO handle_vote_request:handle_vote_req: openraft::engine::engine_impl: handle vote request result req={vote:T43-N1:uncommitted, last_log:T0-N0-0} result=Ok(())
DEBUG handle_vote_request:handle_vote_req: openraft::engine::engine_impl: close
DEBUG handle_vote_request: openraft::core::raft_core: close
raft_vote_save phase=submitted owner=505132766480 term=43 leader=1 elapsed_ms=0 succeeded=None
raft_vote_save phase=write_entered owner=505132771856 term=43 leader=1 elapsed_ms=3 succeeded=None
raft_vote_save phase=write_entered owner=505132766480 term=43 leader=1 elapsed_ms=4 succeeded=None
DEBUG elect: openraft::engine::engine_impl: new
 INFO elect: openraft::engine::engine_impl: openraft::engine::engine_impl::Engine<_>::elect, new candidate: {T44-N1:uncommitted@13:01:57.366320, last_log_id:T0-N0-0 progress:{1: false, 2: false, 3: false}}
DEBUG elect: openraft::engine::engine_impl: close
raft_vote_save phase=submitted owner=505132762896 term=44 leader=1 elapsed_ms=0 succeeded=None
raft_vote_save phase=write_entered owner=505132762896 term=44 leader=1 elapsed_ms=0 succeeded=None
ERROR spawn_parallel_vote_requests{vote="{vote:T43-N1:uncommitted, last_log:T0-N0-0}"}:send_vote_req{target=2}: openraft::core::raft_core: while requesting vote error=Unreachable node: std::io::error::Error: deadline has elapsed target=2
DEBUG spawn_parallel_vote_requests{vote="{vote:T43-N1:uncommitted, last_log:T0-N0-0}"}:send_vote_req{target=2}: openraft::core::raft_core: close
ERROR spawn_parallel_vote_requests{vote="{vote:T43-N1:uncommitted, last_log:T0-N0-0}"}:send_vote_req{target=3}: openraft::core::raft_core: while requesting vote error=Unreachable node: std::io::error::Error: deadline has elapsed target=3
DEBUG spawn_parallel_vote_requests{vote="{vote:T43-N1:uncommitted, last_log:T0-N0-0}"}:send_vote_req{target=3}: openraft::core::raft_core: close
DEBUG spawn_parallel_vote_requests{vote="{vote:T43-N1:uncommitted, last_log:T0-N0-0}"}:vote_round_collector: openraft::core::raft_core: close
TRACE spawn_parallel_vote_requests{vote="{vote:T43-N1:uncommitted, last_log:T0-N0-0}"}: openraft::core::raft_core: close
raft_vote_save phase=write_returned owner=505132762896 term=44 leader=1 elapsed_ms=497 succeeded=Some(false)
raft_vote_save phase=wait_returned owner=505132762896 term=44 leader=1 elapsed_ms=497 succeeded=Some(false)
ERROR openraft::core::raft_core: quit RaftCore::main on error error=when Write Store: std::io::error::Error: durable encrypted batch commit failed; outcome may be unknown
raft_vote_save phase=write_returned owner=505132766480 term=43 leader=1 elapsed_ms=556 succeeded=Some(false)
raft_vote_save phase=wait_returned owner=505132766480 term=43 leader=1 elapsed_ms=556 succeeded=Some(false)
ERROR openraft::core::raft_core: quit RaftCore::main on error error=when Write Store: std::io::error::Error: durable encrypted batch commit failed; outcome may be unknown
raft_vote_save phase=write_returned owner=505132771856 term=43 leader=1 elapsed_ms=614 succeeded=Some(false)
raft_vote_save phase=wait_returned owner=505132771856 term=43 leader=1 elapsed_ms=615 succeeded=Some(false)
ERROR openraft::core::raft_core: quit RaftCore::main on error error=when Write Store: std::io::error::Error: durable encrypted batch commit failed; outcome may be unknown
Error: elect initial leader with a successful linearizable barrier

Caused by:
    0: linearizable leader barrier did not complete; ["node 1: running=Ok(()); Metrics{id:1, Candidate, term:43, vote:T43-N1:uncommitted, last_log:0, last_applied:None, leader:None(since_last_ack:None ms), membership:{log_id:T0-N0-0, {voters:[{1:BasicNode { addr: \"replica-1\" },2:BasicNode { addr: \"replica-2\" },3:BasicNode { addr: \"replica-3\" }}], learners:[]}}, snapshot:None, purged:None, replication:{}}; retained_apply=Ok(None)", "node 2: running=Ok(()); Metrics{id:2, Learner, term:42, vote:T42-N1:uncommitted, last_log:None, last_applied:None, leader:None(since_last_ack:None ms), membership:{log_id:None, {voters:[], learners:[]}}, snapshot:None, purged:None, replication:{}}; retained_apply=Ok(None)", "node 3: running=Ok(()); Metrics{id:3, Learner, term:42, vote:T42-N1:uncommitted, last_log:None, last_applied:None, leader:None(since_last_ack:None ms), membership:{log_id:None, {voters:[], learners:[]}}, snapshot:None, purged:None, replication:{}}; retained_apply=Ok(None)", "node 4: running=Ok(()); Metrics{id:4, Learner, term:0, vote:T0-N0:uncommitted, last_log:None, last_applied:None, leader:None(since_last_ack:None ms), membership:{log_id:None, {voters:[], learners:[]}}, snapshot:None, purged:None, replication:{}}; retained_apply=Ok(None)"]
    1: deadline has elapsed
test bootstrap::existing_replicated_tests::existing_replicas_replay_committed_state_and_membership_after_full_close ... FAILED
test state::snapshot_validation::tests::authenticated_semantic_substitutions_fail_both_validation_paths ... ok

failures:

failures:
    bootstrap::existing_replicated_tests::existing_replicas_replay_committed_state_and_membership_after_full_close

test result: FAILED. 4 passed; 1 failed; 0 ignored; 0 measured; 625 filtered out; finished in 58.44s

error: test failed, to rerun pass `-p kasumi-engine --lib`
     Running unittests src/lib.rs (target/disk-backed-cache/debug/deps/kasumi_kv-221aa5373d25965b)

running 0 tests

test result: ok. 0 passed; 0 failed; 0 ignored; 0 measured; 550 filtered out; finished in 0.00s

     Running unittests src/lib.rs (target/disk-backed-cache/debug/deps/kasumi_raft-8af78bc0d2a8574c)

running 0 tests

test result: ok. 0 passed; 0 failed; 0 ignored; 0 measured; 173 filtered out; finished in 0.00s

     Running unittests src/lib.rs (target/disk-backed-cache/debug/deps/kasumi_store-4ef75ebdc018c368)

running 0 tests

test result: ok. 0 passed; 0 failed; 0 ignored; 0 measured; 708 filtered out; finished in 0.00s

error: 1 target failed:
    `-p kasumi-engine --lib`
Runner: 158.73s; exit=101; matching=1528/1528
