Command: cargo test --locked --offline --config profile.test.package.kasumi-kv.opt-level=3 --config profile.test.package.sha2.opt-level=3 -p kasumi-store -p kasumi-raft -p kasumi-engine --all-features --lib --no-fail-fast -- state::restore_budget_tests::restored_identity_metadata_is_validated_before_bootstrap_persistence --exact --nocapture
CARGO_TARGET_DIR=target/disk-backed-cache
    Finished `test` profile [unoptimized + debuginfo] target(s) in 0.82s
     Running unittests src/lib.rs (target/disk-backed-cache/debug/deps/kasumi_engine-44db468831cfc59f)

running 1 test
fixture_lease event=installed owner=0x7bf9006110 id=1 before_bytes=0 after_bytes=74164 used_bytes=74164 live_reservations=1 attempts=1
fixture_lease event=installed owner=0x7bf9006110 id=2 before_bytes=0 after_bytes=8264 used_bytes=82428 live_reservations=2 attempts=2
fixture_lease event=installed owner=0x7bf9006110 id=3 before_bytes=0 after_bytes=12424 used_bytes=94852 live_reservations=3 attempts=3
fixture_lease event=installed owner=0x7bf9006110 id=4 before_bytes=0 after_bytes=8280 used_bytes=103132 live_reservations=4 attempts=4
fixture_lease event=installed owner=0x7bf9006110 id=5 before_bytes=0 after_bytes=267232 used_bytes=370364 live_reservations=5 attempts=5
fixture_lease event=installed owner=0x7bf9006110 id=6 before_bytes=0 after_bytes=147552 used_bytes=517916 live_reservations=6 attempts=6
fixture_lease event=installed owner=0x7bf9006110 id=7 before_bytes=0 after_bytes=57736 used_bytes=575652 live_reservations=7 attempts=7
fixture_lease event=installed owner=0x7bf9006110 id=8 before_bytes=0 after_bytes=157680 used_bytes=733332 live_reservations=8 attempts=8
fixture_lease event=installed owner=0x7bf9006110 id=9 before_bytes=0 after_bytes=13008 used_bytes=746340 live_reservations=9 attempts=9
fixture_lease event=installed owner=0x7bf9006110 id=10 before_bytes=0 after_bytes=16792 used_bytes=763132 live_reservations=10 attempts=10
fixture_lease event=installed owner=0x7bf9006110 id=11 before_bytes=0 after_bytes=43440 used_bytes=806572 live_reservations=11 attempts=11
fixture_lease event=installed owner=0x7bf9006110 id=12 before_bytes=0 after_bytes=8488 used_bytes=815060 live_reservations=12 attempts=12
fixture_lease event=installed owner=0x7bf9006110 id=13 before_bytes=0 after_bytes=8608 used_bytes=823668 live_reservations=13 attempts=13
fixture_lease event=installed owner=0x7bf9006110 id=14 before_bytes=0 after_bytes=73800 used_bytes=897468 live_reservations=14 attempts=14
fixture_lease event=installed owner=0x7bf9006110 id=15 before_bytes=0 after_bytes=8471 used_bytes=905939 live_reservations=15 attempts=15
fixture_lease event=drop owner=0x7bf9006110 id=13 before_bytes=8608 after_bytes=0 used_bytes=897331 live_reservations=14 attempts=15
fixture_lease event=drop owner=0x7bf9006110 id=12 before_bytes=8488 after_bytes=0 used_bytes=888843 live_reservations=13 attempts=15
fixture_lease event=installed owner=0x7bf9006110 id=16 before_bytes=0 after_bytes=8712 used_bytes=897555 live_reservations=14 attempts=16
fixture_lease event=installed owner=0x7bf9006110 id=17 before_bytes=0 after_bytes=2412520 used_bytes=3310075 live_reservations=15 attempts=17
fixture_lease event=installed owner=0x7bf9006110 id=18 before_bytes=0 after_bytes=120224 used_bytes=3430299 live_reservations=16 attempts=18
fixture_lease event=installed owner=0x7bf9006110 id=19 before_bytes=0 after_bytes=33056 used_bytes=3463355 live_reservations=17 attempts=19
fixture_lease event=installed owner=0x7bf9006110 id=20 before_bytes=0 after_bytes=13648 used_bytes=3477003 live_reservations=18 attempts=20
fixture_lease event=installed owner=0x7bf9006110 id=21 before_bytes=0 after_bytes=22384 used_bytes=3499387 live_reservations=19 attempts=21
fixture_lease event=installed owner=0x7bf9006110 id=22 before_bytes=0 after_bytes=24848 used_bytes=3524235 live_reservations=20 attempts=22
fixture_lease event=installed owner=0x7bf9006110 id=23 before_bytes=0 after_bytes=16664 used_bytes=3540899 live_reservations=21 attempts=23
fixture_lease event=installed owner=0x7bf9006110 id=24 before_bytes=0 after_bytes=147552 used_bytes=3688451 live_reservations=22 attempts=24
fixture_lease event=installed owner=0x7bf9006110 id=25 before_bytes=0 after_bytes=147552 used_bytes=3836003 live_reservations=23 attempts=25
fixture_lease event=drop owner=0x7bf9006110 id=23 before_bytes=16664 after_bytes=0 used_bytes=3819339 live_reservations=22 attempts=25
fixture_lease event=drop owner=0x7bf9006110 id=18 before_bytes=120224 after_bytes=0 used_bytes=3699115 live_reservations=21 attempts=25
fixture_lease event=drop owner=0x7bf9006110 id=17 before_bytes=2412520 after_bytes=0 used_bytes=1286595 live_reservations=20 attempts=25
fixture_lease event=cache owner=0x7bf9006110 id=26 before_bytes=0 after_bytes=69656 used_bytes=1356251 live_reservations=21 attempts=26
fixture_lease event=drop owner=0x7bf9006110 id=19 before_bytes=33056 after_bytes=0 used_bytes=1323195 live_reservations=20 attempts=26
fixture_lease event=drop owner=0x7bf9006110 id=22 before_bytes=24848 after_bytes=0 used_bytes=1298347 live_reservations=19 attempts=26
fixture_lease event=drop owner=0x7bf9006110 id=21 before_bytes=22384 after_bytes=0 used_bytes=1275963 live_reservations=18 attempts=26
fixture_lease event=drop owner=0x7bf9006110 id=20 before_bytes=13648 after_bytes=0 used_bytes=1262315 live_reservations=17 attempts=26
fixture_lease event=drop owner=0x7bf9006110 id=16 before_bytes=8712 after_bytes=0 used_bytes=1253603 live_reservations=16 attempts=26
fixture_lease event=drop owner=0x7bf9006110 id=15 before_bytes=8471 after_bytes=0 used_bytes=1245132 live_reservations=15 attempts=26
fixture_lease event=drop owner=0x7bf9006110 id=14 before_bytes=73800 after_bytes=0 used_bytes=1171332 live_reservations=14 attempts=26
fixture_lease event=installed owner=0x7bf9006110 id=27 before_bytes=0 after_bytes=8488 used_bytes=1179820 live_reservations=15 attempts=27
fixture_lease event=installed owner=0x7bf9006110 id=28 before_bytes=0 after_bytes=8608 used_bytes=1188428 live_reservations=16 attempts=28
fixture_lease event=installed owner=0x7bf9006110 id=29 before_bytes=0 after_bytes=18648 used_bytes=1207076 live_reservations=17 attempts=29
fixture_lease event=installed owner=0x7bf9006110 id=30 before_bytes=0 after_bytes=24848 used_bytes=1231924 live_reservations=18 attempts=30
fixture_lease event=drop owner=0x7bf9006110 id=30 before_bytes=24848 after_bytes=0 used_bytes=1207076 live_reservations=17 attempts=30
fixture_lease event=drop owner=0x7bf9006110 id=29 before_bytes=18648 after_bytes=0 used_bytes=1188428 live_reservations=16 attempts=30
fixture_lease event=installed owner=0x7bf9006110 id=31 before_bytes=0 after_bytes=18648 used_bytes=1207076 live_reservations=17 attempts=31
fixture_lease event=installed owner=0x7bf9006110 id=32 before_bytes=0 after_bytes=24848 used_bytes=1231924 live_reservations=18 attempts=32
fixture_lease event=drop owner=0x7bf9006110 id=32 before_bytes=24848 after_bytes=0 used_bytes=1207076 live_reservations=17 attempts=32
fixture_lease event=drop owner=0x7bf9006110 id=31 before_bytes=18648 after_bytes=0 used_bytes=1188428 live_reservations=16 attempts=32
fixture_lease event=installed owner=0x7bf9006110 id=33 before_bytes=0 after_bytes=18648 used_bytes=1207076 live_reservations=17 attempts=33
fixture_lease event=installed owner=0x7bf9006110 id=34 before_bytes=0 after_bytes=24848 used_bytes=1231924 live_reservations=18 attempts=34
fixture_lease event=drop owner=0x7bf9006110 id=34 before_bytes=24848 after_bytes=0 used_bytes=1207076 live_reservations=17 attempts=34
fixture_lease event=drop owner=0x7bf9006110 id=33 before_bytes=18648 after_bytes=0 used_bytes=1188428 live_reservations=16 attempts=34
fixture_lease event=installed owner=0x7bf9006110 id=35 before_bytes=0 after_bytes=18648 used_bytes=1207076 live_reservations=17 attempts=35
fixture_lease event=installed owner=0x7bf9006110 id=36 before_bytes=0 after_bytes=24848 used_bytes=1231924 live_reservations=18 attempts=36
fixture_lease event=drop owner=0x7bf9006110 id=36 before_bytes=24848 after_bytes=0 used_bytes=1207076 live_reservations=17 attempts=36
fixture_lease event=drop owner=0x7bf9006110 id=35 before_bytes=18648 after_bytes=0 used_bytes=1188428 live_reservations=16 attempts=36
fixture_lease event=installed owner=0x7bf9006110 id=37 before_bytes=0 after_bytes=8466 used_bytes=1196894 live_reservations=17 attempts=37
fixture_lease event=drop owner=0x7bf9006110 id=37 before_bytes=8466 after_bytes=0 used_bytes=1188428 live_reservations=16 attempts=37
fixture_lease event=installed owner=0x7bf9006110 id=38 before_bytes=0 after_bytes=18648 used_bytes=1207076 live_reservations=17 attempts=38
fixture_lease event=installed owner=0x7bf9006110 id=39 before_bytes=0 after_bytes=24848 used_bytes=1231924 live_reservations=18 attempts=39
fixture_lease event=drop owner=0x7bf9006110 id=39 before_bytes=24848 after_bytes=0 used_bytes=1207076 live_reservations=17 attempts=39
fixture_lease event=drop owner=0x7bf9006110 id=38 before_bytes=18648 after_bytes=0 used_bytes=1188428 live_reservations=16 attempts=39
fixture_lease event=installed owner=0x7bf9006110 id=40 before_bytes=0 after_bytes=18648 used_bytes=1207076 live_reservations=17 attempts=40
fixture_lease event=installed owner=0x7bf9006110 id=41 before_bytes=0 after_bytes=24848 used_bytes=1231924 live_reservations=18 attempts=41
fixture_lease event=drop owner=0x7bf9006110 id=41 before_bytes=24848 after_bytes=0 used_bytes=1207076 live_reservations=17 attempts=41
fixture_lease event=drop owner=0x7bf9006110 id=40 before_bytes=18648 after_bytes=0 used_bytes=1188428 live_reservations=16 attempts=41
fixture_lease event=drop owner=0x7bf9006110 id=28 before_bytes=8608 after_bytes=0 used_bytes=1179820 live_reservations=15 attempts=41
fixture_lease event=drop owner=0x7bf9006110 id=27 before_bytes=8488 after_bytes=0 used_bytes=1171332 live_reservations=14 attempts=41
fixture_lease event=installed owner=0x7bf9006110 id=42 before_bytes=0 after_bytes=8488 used_bytes=1179820 live_reservations=15 attempts=42
fixture_lease event=installed owner=0x7bf9006110 id=43 before_bytes=0 after_bytes=8608 used_bytes=1188428 live_reservations=16 attempts=43
fixture_lease event=installed owner=0x7bf9006110 id=44 before_bytes=0 after_bytes=18648 used_bytes=1207076 live_reservations=17 attempts=44
fixture_lease event=installed owner=0x7bf9006110 id=45 before_bytes=0 after_bytes=24848 used_bytes=1231924 live_reservations=18 attempts=45
fixture_lease event=drop owner=0x7bf9006110 id=45 before_bytes=24848 after_bytes=0 used_bytes=1207076 live_reservations=17 attempts=45
fixture_lease event=drop owner=0x7bf9006110 id=44 before_bytes=18648 after_bytes=0 used_bytes=1188428 live_reservations=16 attempts=45
fixture_lease event=installed owner=0x7bf9006110 id=46 before_bytes=0 after_bytes=18648 used_bytes=1207076 live_reservations=17 attempts=46
fixture_lease event=installed owner=0x7bf9006110 id=47 before_bytes=0 after_bytes=24848 used_bytes=1231924 live_reservations=18 attempts=47
fixture_lease event=drop owner=0x7bf9006110 id=47 before_bytes=24848 after_bytes=0 used_bytes=1207076 live_reservations=17 attempts=47
fixture_lease event=drop owner=0x7bf9006110 id=46 before_bytes=18648 after_bytes=0 used_bytes=1188428 live_reservations=16 attempts=47
fixture_lease event=installed owner=0x7bf9006110 id=48 before_bytes=0 after_bytes=18648 used_bytes=1207076 live_reservations=17 attempts=48
fixture_lease event=installed owner=0x7bf9006110 id=49 before_bytes=0 after_bytes=24848 used_bytes=1231924 live_reservations=18 attempts=49
fixture_lease event=drop owner=0x7bf9006110 id=49 before_bytes=24848 after_bytes=0 used_bytes=1207076 live_reservations=17 attempts=49
fixture_lease event=drop owner=0x7bf9006110 id=48 before_bytes=18648 after_bytes=0 used_bytes=1188428 live_reservations=16 attempts=49
fixture_lease event=installed owner=0x7bf9006110 id=50 before_bytes=0 after_bytes=18648 used_bytes=1207076 live_reservations=17 attempts=50
fixture_lease event=installed owner=0x7bf9006110 id=51 before_bytes=0 after_bytes=24848 used_bytes=1231924 live_reservations=18 attempts=51
fixture_lease event=drop owner=0x7bf9006110 id=51 before_bytes=24848 after_bytes=0 used_bytes=1207076 live_reservations=17 attempts=51
fixture_lease event=drop owner=0x7bf9006110 id=50 before_bytes=18648 after_bytes=0 used_bytes=1188428 live_reservations=16 attempts=51
fixture_lease event=installed owner=0x7bf9006110 id=52 before_bytes=0 after_bytes=8466 used_bytes=1196894 live_reservations=17 attempts=52
fixture_lease event=drop owner=0x7bf9006110 id=52 before_bytes=8466 after_bytes=0 used_bytes=1188428 live_reservations=16 attempts=52
fixture_lease event=installed owner=0x7bf9006110 id=53 before_bytes=0 after_bytes=18648 used_bytes=1207076 live_reservations=17 attempts=53
fixture_lease event=installed owner=0x7bf9006110 id=54 before_bytes=0 after_bytes=24848 used_bytes=1231924 live_reservations=18 attempts=54
fixture_lease event=drop owner=0x7bf9006110 id=54 before_bytes=24848 after_bytes=0 used_bytes=1207076 live_reservations=17 attempts=54
fixture_lease event=drop owner=0x7bf9006110 id=53 before_bytes=18648 after_bytes=0 used_bytes=1188428 live_reservations=16 attempts=54
fixture_lease event=installed owner=0x7bf9006110 id=55 before_bytes=0 after_bytes=18648 used_bytes=1207076 live_reservations=17 attempts=55
fixture_lease event=installed owner=0x7bf9006110 id=56 before_bytes=0 after_bytes=24848 used_bytes=1231924 live_reservations=18 attempts=56
fixture_lease event=drop owner=0x7bf9006110 id=56 before_bytes=24848 after_bytes=0 used_bytes=1207076 live_reservations=17 attempts=56
fixture_lease event=drop owner=0x7bf9006110 id=55 before_bytes=18648 after_bytes=0 used_bytes=1188428 live_reservations=16 attempts=56
fixture_lease event=drop owner=0x7bf9006110 id=43 before_bytes=8608 after_bytes=0 used_bytes=1179820 live_reservations=15 attempts=56
fixture_lease event=drop owner=0x7bf9006110 id=42 before_bytes=8488 after_bytes=0 used_bytes=1171332 live_reservations=14 attempts=56
fixture_lease event=installed owner=0x7bf9006110 id=57 before_bytes=0 after_bytes=8488 used_bytes=1179820 live_reservations=15 attempts=57
fixture_lease event=installed owner=0x7bf9006110 id=58 before_bytes=0 after_bytes=8608 used_bytes=1188428 live_reservations=16 attempts=58
fixture_lease event=installed owner=0x7bf9006110 id=59 before_bytes=0 after_bytes=18648 used_bytes=1207076 live_reservations=17 attempts=59
fixture_lease event=installed owner=0x7bf9006110 id=60 before_bytes=0 after_bytes=24848 used_bytes=1231924 live_reservations=18 attempts=60
fixture_lease event=drop owner=0x7bf9006110 id=60 before_bytes=24848 after_bytes=0 used_bytes=1207076 live_reservations=17 attempts=60
fixture_lease event=drop owner=0x7bf9006110 id=59 before_bytes=18648 after_bytes=0 used_bytes=1188428 live_reservations=16 attempts=60
fixture_lease event=installed owner=0x7bf9006110 id=61 before_bytes=0 after_bytes=18648 used_bytes=1207076 live_reservations=17 attempts=61
fixture_lease event=installed owner=0x7bf9006110 id=62 before_bytes=0 after_bytes=24848 used_bytes=1231924 live_reservations=18 attempts=62
fixture_lease event=drop owner=0x7bf9006110 id=62 before_bytes=24848 after_bytes=0 used_bytes=1207076 live_reservations=17 attempts=62
fixture_lease event=drop owner=0x7bf9006110 id=61 before_bytes=18648 after_bytes=0 used_bytes=1188428 live_reservations=16 attempts=62
fixture_lease event=installed owner=0x7bf9006110 id=63 before_bytes=0 after_bytes=18648 used_bytes=1207076 live_reservations=17 attempts=63
fixture_lease event=installed owner=0x7bf9006110 id=64 before_bytes=0 after_bytes=24848 used_bytes=1231924 live_reservations=18 attempts=64
fixture_lease event=drop owner=0x7bf9006110 id=64 before_bytes=24848 after_bytes=0 used_bytes=1207076 live_reservations=17 attempts=64
fixture_lease event=drop owner=0x7bf9006110 id=63 before_bytes=18648 after_bytes=0 used_bytes=1188428 live_reservations=16 attempts=64
fixture_lease event=installed owner=0x7bf9006110 id=65 before_bytes=0 after_bytes=18648 used_bytes=1207076 live_reservations=17 attempts=65
fixture_lease event=installed owner=0x7bf9006110 id=66 before_bytes=0 after_bytes=24848 used_bytes=1231924 live_reservations=18 attempts=66
fixture_lease event=drop owner=0x7bf9006110 id=66 before_bytes=24848 after_bytes=0 used_bytes=1207076 live_reservations=17 attempts=66
fixture_lease event=drop owner=0x7bf9006110 id=65 before_bytes=18648 after_bytes=0 used_bytes=1188428 live_reservations=16 attempts=66
fixture_lease event=installed owner=0x7bf9006110 id=67 before_bytes=0 after_bytes=8466 used_bytes=1196894 live_reservations=17 attempts=67
fixture_lease event=drop owner=0x7bf9006110 id=67 before_bytes=8466 after_bytes=0 used_bytes=1188428 live_reservations=16 attempts=67
fixture_lease event=installed owner=0x7bf9006110 id=68 before_bytes=0 after_bytes=18648 used_bytes=1207076 live_reservations=17 attempts=68
fixture_lease event=installed owner=0x7bf9006110 id=69 before_bytes=0 after_bytes=24848 used_bytes=1231924 live_reservations=18 attempts=69
fixture_lease event=drop owner=0x7bf9006110 id=69 before_bytes=24848 after_bytes=0 used_bytes=1207076 live_reservations=17 attempts=69
fixture_lease event=drop owner=0x7bf9006110 id=68 before_bytes=18648 after_bytes=0 used_bytes=1188428 live_reservations=16 attempts=69
fixture_lease event=installed owner=0x7bf9006110 id=70 before_bytes=0 after_bytes=18648 used_bytes=1207076 live_reservations=17 attempts=70
fixture_lease event=installed owner=0x7bf9006110 id=71 before_bytes=0 after_bytes=24848 used_bytes=1231924 live_reservations=18 attempts=71
fixture_lease event=drop owner=0x7bf9006110 id=71 before_bytes=24848 after_bytes=0 used_bytes=1207076 live_reservations=17 attempts=71
fixture_lease event=drop owner=0x7bf9006110 id=70 before_bytes=18648 after_bytes=0 used_bytes=1188428 live_reservations=16 attempts=71
fixture_lease event=drop owner=0x7bf9006110 id=58 before_bytes=8608 after_bytes=0 used_bytes=1179820 live_reservations=15 attempts=71
fixture_lease event=drop owner=0x7bf9006110 id=57 before_bytes=8488 after_bytes=0 used_bytes=1171332 live_reservations=14 attempts=71
fixture_lease event=installed owner=0x7bf9006110 id=72 before_bytes=0 after_bytes=8488 used_bytes=1179820 live_reservations=15 attempts=72
fixture_lease event=installed owner=0x7bf9006110 id=73 before_bytes=0 after_bytes=8608 used_bytes=1188428 live_reservations=16 attempts=73
fixture_lease event=installed owner=0x7bf9006110 id=74 before_bytes=0 after_bytes=18648 used_bytes=1207076 live_reservations=17 attempts=74
fixture_lease event=installed owner=0x7bf9006110 id=75 before_bytes=0 after_bytes=24848 used_bytes=1231924 live_reservations=18 attempts=75
fixture_lease event=drop owner=0x7bf9006110 id=75 before_bytes=24848 after_bytes=0 used_bytes=1207076 live_reservations=17 attempts=75
fixture_lease event=drop owner=0x7bf9006110 id=74 before_bytes=18648 after_bytes=0 used_bytes=1188428 live_reservations=16 attempts=75
fixture_lease event=installed owner=0x7bf9006110 id=76 before_bytes=0 after_bytes=18648 used_bytes=1207076 live_reservations=17 attempts=76
fixture_lease event=installed owner=0x7bf9006110 id=77 before_bytes=0 after_bytes=24848 used_bytes=1231924 live_reservations=18 attempts=77
fixture_lease event=drop owner=0x7bf9006110 id=77 before_bytes=24848 after_bytes=0 used_bytes=1207076 live_reservations=17 attempts=77
fixture_lease event=drop owner=0x7bf9006110 id=76 before_bytes=18648 after_bytes=0 used_bytes=1188428 live_reservations=16 attempts=77
fixture_lease event=installed owner=0x7bf9006110 id=78 before_bytes=0 after_bytes=18648 used_bytes=1207076 live_reservations=17 attempts=78
fixture_lease event=installed owner=0x7bf9006110 id=79 before_bytes=0 after_bytes=24848 used_bytes=1231924 live_reservations=18 attempts=79
fixture_lease event=drop owner=0x7bf9006110 id=79 before_bytes=24848 after_bytes=0 used_bytes=1207076 live_reservations=17 attempts=79
fixture_lease event=drop owner=0x7bf9006110 id=78 before_bytes=18648 after_bytes=0 used_bytes=1188428 live_reservations=16 attempts=79
fixture_lease event=installed owner=0x7bf9006110 id=80 before_bytes=0 after_bytes=18648 used_bytes=1207076 live_reservations=17 attempts=80
fixture_lease event=installed owner=0x7bf9006110 id=81 before_bytes=0 after_bytes=24848 used_bytes=1231924 live_reservations=18 attempts=81
fixture_lease event=drop owner=0x7bf9006110 id=81 before_bytes=24848 after_bytes=0 used_bytes=1207076 live_reservations=17 attempts=81
fixture_lease event=drop owner=0x7bf9006110 id=80 before_bytes=18648 after_bytes=0 used_bytes=1188428 live_reservations=16 attempts=81
fixture_lease event=installed owner=0x7bf9006110 id=82 before_bytes=0 after_bytes=18648 used_bytes=1207076 live_reservations=17 attempts=82
fixture_lease event=installed owner=0x7bf9006110 id=83 before_bytes=0 after_bytes=24848 used_bytes=1231924 live_reservations=18 attempts=83
fixture_lease event=drop owner=0x7bf9006110 id=83 before_bytes=24848 after_bytes=0 used_bytes=1207076 live_reservations=17 attempts=83
fixture_lease event=drop owner=0x7bf9006110 id=82 before_bytes=18648 after_bytes=0 used_bytes=1188428 live_reservations=16 attempts=83
fixture_lease event=installed owner=0x7bf9006110 id=84 before_bytes=0 after_bytes=8466 used_bytes=1196894 live_reservations=17 attempts=84
fixture_lease event=drop owner=0x7bf9006110 id=84 before_bytes=8466 after_bytes=0 used_bytes=1188428 live_reservations=16 attempts=84
fixture_lease event=installed owner=0x7bf9006110 id=85 before_bytes=0 after_bytes=73800 used_bytes=1262228 live_reservations=17 attempts=85
fixture_lease event=installed owner=0x7bf9006110 id=86 before_bytes=0 after_bytes=18648 used_bytes=1280876 live_reservations=18 attempts=86
fixture_lease event=installed owner=0x7bf9006110 id=87 before_bytes=0 after_bytes=24848 used_bytes=1305724 live_reservations=19 attempts=87
fixture_lease event=drop owner=0x7bf9006110 id=87 before_bytes=24848 after_bytes=0 used_bytes=1280876 live_reservations=18 attempts=87
fixture_lease event=drop owner=0x7bf9006110 id=86 before_bytes=18648 after_bytes=0 used_bytes=1262228 live_reservations=17 attempts=87
fixture_lease event=installed owner=0x7bf9006110 id=88 before_bytes=0 after_bytes=18648 used_bytes=1280876 live_reservations=18 attempts=88
fixture_lease event=installed owner=0x7bf9006110 id=89 before_bytes=0 after_bytes=24848 used_bytes=1305724 live_reservations=19 attempts=89
fixture_lease event=drop owner=0x7bf9006110 id=89 before_bytes=24848 after_bytes=0 used_bytes=1280876 live_reservations=18 attempts=89
fixture_lease event=drop owner=0x7bf9006110 id=88 before_bytes=18648 after_bytes=0 used_bytes=1262228 live_reservations=17 attempts=89
fixture_lease event=installed owner=0x7bf9006110 id=90 before_bytes=0 after_bytes=18648 used_bytes=1280876 live_reservations=18 attempts=90
fixture_lease event=installed owner=0x7bf9006110 id=91 before_bytes=0 after_bytes=24848 used_bytes=1305724 live_reservations=19 attempts=91
fixture_lease event=drop owner=0x7bf9006110 id=91 before_bytes=24848 after_bytes=0 used_bytes=1280876 live_reservations=18 attempts=91
fixture_lease event=drop owner=0x7bf9006110 id=90 before_bytes=18648 after_bytes=0 used_bytes=1262228 live_reservations=17 attempts=91
fixture_lease event=installed owner=0x7bf9006110 id=92 before_bytes=0 after_bytes=18648 used_bytes=1280876 live_reservations=18 attempts=92
fixture_lease event=installed owner=0x7bf9006110 id=93 before_bytes=0 after_bytes=24848 used_bytes=1305724 live_reservations=19 attempts=93
fixture_lease event=drop owner=0x7bf9006110 id=93 before_bytes=24848 after_bytes=0 used_bytes=1280876 live_reservations=18 attempts=93
fixture_lease event=drop owner=0x7bf9006110 id=92 before_bytes=18648 after_bytes=0 used_bytes=1262228 live_reservations=17 attempts=93
fixture_lease event=installed owner=0x7bf9006110 id=94 before_bytes=0 after_bytes=18648 used_bytes=1280876 live_reservations=18 attempts=94
fixture_lease event=installed owner=0x7bf9006110 id=95 before_bytes=0 after_bytes=24848 used_bytes=1305724 live_reservations=19 attempts=95
fixture_lease event=drop owner=0x7bf9006110 id=95 before_bytes=24848 after_bytes=0 used_bytes=1280876 live_reservations=18 attempts=95
fixture_lease event=drop owner=0x7bf9006110 id=94 before_bytes=18648 after_bytes=0 used_bytes=1262228 live_reservations=17 attempts=95
fixture_lease event=installed owner=0x7bf9006110 id=96 before_bytes=0 after_bytes=18648 used_bytes=1280876 live_reservations=18 attempts=96
fixture_lease event=installed owner=0x7bf9006110 id=97 before_bytes=0 after_bytes=24848 used_bytes=1305724 live_reservations=19 attempts=97
fixture_lease event=drop owner=0x7bf9006110 id=97 before_bytes=24848 after_bytes=0 used_bytes=1280876 live_reservations=18 attempts=97
fixture_lease event=drop owner=0x7bf9006110 id=96 before_bytes=18648 after_bytes=0 used_bytes=1262228 live_reservations=17 attempts=97
fixture_lease event=installed owner=0x7bf9006110 id=98 before_bytes=0 after_bytes=18648 used_bytes=1280876 live_reservations=18 attempts=98
fixture_lease event=installed owner=0x7bf9006110 id=99 before_bytes=0 after_bytes=24848 used_bytes=1305724 live_reservations=19 attempts=99
fixture_lease event=drop owner=0x7bf9006110 id=99 before_bytes=24848 after_bytes=0 used_bytes=1280876 live_reservations=18 attempts=99
fixture_lease event=drop owner=0x7bf9006110 id=98 before_bytes=18648 after_bytes=0 used_bytes=1262228 live_reservations=17 attempts=99
fixture_lease event=installed owner=0x7bf9006110 id=100 before_bytes=0 after_bytes=8466 used_bytes=1270694 live_reservations=18 attempts=100
fixture_lease event=drop owner=0x7bf9006110 id=100 before_bytes=8466 after_bytes=0 used_bytes=1262228 live_reservations=17 attempts=100
fixture_lease event=installed owner=0x7bf9006110 id=101 before_bytes=0 after_bytes=18648 used_bytes=1280876 live_reservations=18 attempts=101
fixture_lease event=installed owner=0x7bf9006110 id=102 before_bytes=0 after_bytes=24848 used_bytes=1305724 live_reservations=19 attempts=102
fixture_lease event=drop owner=0x7bf9006110 id=102 before_bytes=24848 after_bytes=0 used_bytes=1280876 live_reservations=18 attempts=102
fixture_lease event=drop owner=0x7bf9006110 id=101 before_bytes=18648 after_bytes=0 used_bytes=1262228 live_reservations=17 attempts=102
fixture_lease event=installed owner=0x7bf9006110 id=103 before_bytes=0 after_bytes=18648 used_bytes=1280876 live_reservations=18 attempts=103
fixture_lease event=installed owner=0x7bf9006110 id=104 before_bytes=0 after_bytes=24848 used_bytes=1305724 live_reservations=19 attempts=104
fixture_lease event=drop owner=0x7bf9006110 id=104 before_bytes=24848 after_bytes=0 used_bytes=1280876 live_reservations=18 attempts=104
fixture_lease event=drop owner=0x7bf9006110 id=103 before_bytes=18648 after_bytes=0 used_bytes=1262228 live_reservations=17 attempts=104
fixture_lease event=installed owner=0x7bf9006110 id=105 before_bytes=0 after_bytes=8360 used_bytes=1270588 live_reservations=18 attempts=105
fixture_lease event=drop owner=0x7bf9006110 id=73 before_bytes=8608 after_bytes=0 used_bytes=1261980 live_reservations=17 attempts=105
fixture_lease event=drop owner=0x7bf9006110 id=72 before_bytes=8488 after_bytes=0 used_bytes=1253492 live_reservations=16 attempts=105
fixture_lease event=installed owner=0x7bf9006110 id=106 before_bytes=0 after_bytes=8680 used_bytes=1262172 live_reservations=17 attempts=106
fixture_lease event=installed owner=0x7bf9006110 id=107 before_bytes=0 after_bytes=2412520 used_bytes=3674692 live_reservations=18 attempts=107
fixture_lease event=installed owner=0x7bf9006110 id=108 before_bytes=0 after_bytes=120224 used_bytes=3794916 live_reservations=19 attempts=108
fixture_lease event=installed owner=0x7bf9006110 id=109 before_bytes=0 after_bytes=33056 used_bytes=3827972 live_reservations=20 attempts=109
fixture_lease event=installed owner=0x7bf9006110 id=110 before_bytes=0 after_bytes=13648 used_bytes=3841620 live_reservations=21 attempts=110
fixture_lease event=installed owner=0x7bf9006110 id=111 before_bytes=0 after_bytes=22384 used_bytes=3864004 live_reservations=22 attempts=111
fixture_lease event=installed owner=0x7bf9006110 id=112 before_bytes=0 after_bytes=24848 used_bytes=3888852 live_reservations=23 attempts=112
fixture_lease event=installed owner=0x7bf9006110 id=113 before_bytes=0 after_bytes=16664 used_bytes=3905516 live_reservations=24 attempts=113
fixture_lease event=drop owner=0x7bf9006110 id=113 before_bytes=16664 after_bytes=0 used_bytes=3888852 live_reservations=23 attempts=113
fixture_lease event=drop owner=0x7bf9006110 id=108 before_bytes=120224 after_bytes=0 used_bytes=3768628 live_reservations=22 attempts=113
fixture_lease event=drop owner=0x7bf9006110 id=107 before_bytes=2412520 after_bytes=0 used_bytes=1356108 live_reservations=21 attempts=113
fixture_lease event=drop owner=0x7bf9006110 id=109 before_bytes=33056 after_bytes=0 used_bytes=1323052 live_reservations=20 attempts=113
fixture_lease event=drop owner=0x7bf9006110 id=112 before_bytes=24848 after_bytes=0 used_bytes=1298204 live_reservations=19 attempts=113
fixture_lease event=drop owner=0x7bf9006110 id=111 before_bytes=22384 after_bytes=0 used_bytes=1275820 live_reservations=18 attempts=113
fixture_lease event=drop owner=0x7bf9006110 id=110 before_bytes=13648 after_bytes=0 used_bytes=1262172 live_reservations=17 attempts=113
fixture_lease event=drop owner=0x7bf9006110 id=106 before_bytes=8680 after_bytes=0 used_bytes=1253492 live_reservations=16 attempts=113
fixture_lease event=drop owner=0x7bf9006110 id=105 before_bytes=8360 after_bytes=0 used_bytes=1245132 live_reservations=15 attempts=113
fixture_lease event=drop owner=0x7bf9006110 id=85 before_bytes=73800 after_bytes=0 used_bytes=1171332 live_reservations=14 attempts=113
fixture_lease event=installed owner=0x7bf9006110 id=114 before_bytes=0 after_bytes=8488 used_bytes=1179820 live_reservations=15 attempts=114
fixture_lease event=installed owner=0x7bf9006110 id=115 before_bytes=0 after_bytes=8608 used_bytes=1188428 live_reservations=16 attempts=115
fixture_lease event=installed owner=0x7bf9006110 id=116 before_bytes=0 after_bytes=18648 used_bytes=1207076 live_reservations=17 attempts=116
fixture_lease event=installed owner=0x7bf9006110 id=117 before_bytes=0 after_bytes=24848 used_bytes=1231924 live_reservations=18 attempts=117
fixture_lease event=drop owner=0x7bf9006110 id=117 before_bytes=24848 after_bytes=0 used_bytes=1207076 live_reservations=17 attempts=117
fixture_lease event=drop owner=0x7bf9006110 id=116 before_bytes=18648 after_bytes=0 used_bytes=1188428 live_reservations=16 attempts=117
fixture_lease event=installed owner=0x7bf9006110 id=118 before_bytes=0 after_bytes=18648 used_bytes=1207076 live_reservations=17 attempts=118
fixture_lease event=installed owner=0x7bf9006110 id=119 before_bytes=0 after_bytes=24848 used_bytes=1231924 live_reservations=18 attempts=119
fixture_lease event=drop owner=0x7bf9006110 id=119 before_bytes=24848 after_bytes=0 used_bytes=1207076 live_reservations=17 attempts=119
fixture_lease event=drop owner=0x7bf9006110 id=118 before_bytes=18648 after_bytes=0 used_bytes=1188428 live_reservations=16 attempts=119
fixture_lease event=installed owner=0x7bf9006110 id=120 before_bytes=0 after_bytes=18648 used_bytes=1207076 live_reservations=17 attempts=120
fixture_lease event=installed owner=0x7bf9006110 id=121 before_bytes=0 after_bytes=24848 used_bytes=1231924 live_reservations=18 attempts=121
fixture_lease event=drop owner=0x7bf9006110 id=121 before_bytes=24848 after_bytes=0 used_bytes=1207076 live_reservations=17 attempts=121
fixture_lease event=drop owner=0x7bf9006110 id=120 before_bytes=18648 after_bytes=0 used_bytes=1188428 live_reservations=16 attempts=121
fixture_lease event=installed owner=0x7bf9006110 id=122 before_bytes=0 after_bytes=18648 used_bytes=1207076 live_reservations=17 attempts=122
fixture_lease event=installed owner=0x7bf9006110 id=123 before_bytes=0 after_bytes=24848 used_bytes=1231924 live_reservations=18 attempts=123
fixture_lease event=drop owner=0x7bf9006110 id=123 before_bytes=24848 after_bytes=0 used_bytes=1207076 live_reservations=17 attempts=123
fixture_lease event=drop owner=0x7bf9006110 id=122 before_bytes=18648 after_bytes=0 used_bytes=1188428 live_reservations=16 attempts=123
fixture_lease event=installed owner=0x7bf9006110 id=124 before_bytes=0 after_bytes=8466 used_bytes=1196894 live_reservations=17 attempts=124
fixture_lease event=drop owner=0x7bf9006110 id=124 before_bytes=8466 after_bytes=0 used_bytes=1188428 live_reservations=16 attempts=124
fixture_lease event=installed owner=0x7bf9006110 id=125 before_bytes=0 after_bytes=18648 used_bytes=1207076 live_reservations=17 attempts=125
fixture_lease event=installed owner=0x7bf9006110 id=126 before_bytes=0 after_bytes=24848 used_bytes=1231924 live_reservations=18 attempts=126
fixture_lease event=drop owner=0x7bf9006110 id=126 before_bytes=24848 after_bytes=0 used_bytes=1207076 live_reservations=17 attempts=126
fixture_lease event=drop owner=0x7bf9006110 id=125 before_bytes=18648 after_bytes=0 used_bytes=1188428 live_reservations=16 attempts=126
fixture_lease event=installed owner=0x7bf9006110 id=127 before_bytes=0 after_bytes=18648 used_bytes=1207076 live_reservations=17 attempts=127
fixture_lease event=installed owner=0x7bf9006110 id=128 before_bytes=0 after_bytes=24848 used_bytes=1231924 live_reservations=18 attempts=128
fixture_lease event=drop owner=0x7bf9006110 id=128 before_bytes=24848 after_bytes=0 used_bytes=1207076 live_reservations=17 attempts=128
fixture_lease event=drop owner=0x7bf9006110 id=127 before_bytes=18648 after_bytes=0 used_bytes=1188428 live_reservations=16 attempts=128
fixture_lease event=installed owner=0x7bf9006110 id=129 before_bytes=0 after_bytes=8614 used_bytes=1197042 live_reservations=17 attempts=129
fixture_lease event=drop owner=0x7bf9006110 id=129 before_bytes=8614 after_bytes=0 used_bytes=1188428 live_reservations=16 attempts=129
fixture_lease event=drop owner=0x7bf9006110 id=115 before_bytes=8608 after_bytes=0 used_bytes=1179820 live_reservations=15 attempts=129
fixture_lease event=drop owner=0x7bf9006110 id=114 before_bytes=8488 after_bytes=0 used_bytes=1171332 live_reservations=14 attempts=129
fixture_lease event=installed owner=0x7bf9006110 id=130 before_bytes=0 after_bytes=8488 used_bytes=1179820 live_reservations=15 attempts=130
fixture_lease event=installed owner=0x7bf9006110 id=131 before_bytes=0 after_bytes=8608 used_bytes=1188428 live_reservations=16 attempts=131
fixture_lease event=installed owner=0x7bf9006110 id=132 before_bytes=0 after_bytes=18648 used_bytes=1207076 live_reservations=17 attempts=132
fixture_lease event=installed owner=0x7bf9006110 id=133 before_bytes=0 after_bytes=24848 used_bytes=1231924 live_reservations=18 attempts=133
fixture_lease event=drop owner=0x7bf9006110 id=133 before_bytes=24848 after_bytes=0 used_bytes=1207076 live_reservations=17 attempts=133
fixture_lease event=drop owner=0x7bf9006110 id=132 before_bytes=18648 after_bytes=0 used_bytes=1188428 live_reservations=16 attempts=133
fixture_lease event=installed owner=0x7bf9006110 id=134 before_bytes=0 after_bytes=18648 used_bytes=1207076 live_reservations=17 attempts=134
fixture_lease event=installed owner=0x7bf9006110 id=135 before_bytes=0 after_bytes=24848 used_bytes=1231924 live_reservations=18 attempts=135
fixture_lease event=drop owner=0x7bf9006110 id=135 before_bytes=24848 after_bytes=0 used_bytes=1207076 live_reservations=17 attempts=135
fixture_lease event=drop owner=0x7bf9006110 id=134 before_bytes=18648 after_bytes=0 used_bytes=1188428 live_reservations=16 attempts=135
fixture_lease event=installed owner=0x7bf9006110 id=136 before_bytes=0 after_bytes=18648 used_bytes=1207076 live_reservations=17 attempts=136
fixture_lease event=installed owner=0x7bf9006110 id=137 before_bytes=0 after_bytes=24848 used_bytes=1231924 live_reservations=18 attempts=137
fixture_lease event=drop owner=0x7bf9006110 id=137 before_bytes=24848 after_bytes=0 used_bytes=1207076 live_reservations=17 attempts=137
fixture_lease event=drop owner=0x7bf9006110 id=136 before_bytes=18648 after_bytes=0 used_bytes=1188428 live_reservations=16 attempts=137
fixture_lease event=installed owner=0x7bf9006110 id=138 before_bytes=0 after_bytes=18648 used_bytes=1207076 live_reservations=17 attempts=138
fixture_lease event=installed owner=0x7bf9006110 id=139 before_bytes=0 after_bytes=24848 used_bytes=1231924 live_reservations=18 attempts=139
fixture_lease event=drop owner=0x7bf9006110 id=139 before_bytes=24848 after_bytes=0 used_bytes=1207076 live_reservations=17 attempts=139
fixture_lease event=drop owner=0x7bf9006110 id=138 before_bytes=18648 after_bytes=0 used_bytes=1188428 live_reservations=16 attempts=139
fixture_lease event=installed owner=0x7bf9006110 id=140 before_bytes=0 after_bytes=8466 used_bytes=1196894 live_reservations=17 attempts=140
fixture_lease event=drop owner=0x7bf9006110 id=140 before_bytes=8466 after_bytes=0 used_bytes=1188428 live_reservations=16 attempts=140
fixture_lease event=installed owner=0x7bf9006110 id=141 before_bytes=0 after_bytes=18648 used_bytes=1207076 live_reservations=17 attempts=141
fixture_lease event=installed owner=0x7bf9006110 id=142 before_bytes=0 after_bytes=24848 used_bytes=1231924 live_reservations=18 attempts=142
fixture_lease event=drop owner=0x7bf9006110 id=142 before_bytes=24848 after_bytes=0 used_bytes=1207076 live_reservations=17 attempts=142
fixture_lease event=drop owner=0x7bf9006110 id=141 before_bytes=18648 after_bytes=0 used_bytes=1188428 live_reservations=16 attempts=142
fixture_lease event=installed owner=0x7bf9006110 id=143 before_bytes=0 after_bytes=18648 used_bytes=1207076 live_reservations=17 attempts=143
fixture_lease event=installed owner=0x7bf9006110 id=144 before_bytes=0 after_bytes=24848 used_bytes=1231924 live_reservations=18 attempts=144
fixture_lease event=drop owner=0x7bf9006110 id=144 before_bytes=24848 after_bytes=0 used_bytes=1207076 live_reservations=17 attempts=144
fixture_lease event=drop owner=0x7bf9006110 id=143 before_bytes=18648 after_bytes=0 used_bytes=1188428 live_reservations=16 attempts=144
fixture_lease event=installed owner=0x7bf9006110 id=145 before_bytes=0 after_bytes=8614 used_bytes=1197042 live_reservations=17 attempts=145
fixture_lease event=drop owner=0x7bf9006110 id=145 before_bytes=8614 after_bytes=0 used_bytes=1188428 live_reservations=16 attempts=145
fixture_lease event=drop owner=0x7bf9006110 id=131 before_bytes=8608 after_bytes=0 used_bytes=1179820 live_reservations=15 attempts=145
fixture_lease event=drop owner=0x7bf9006110 id=130 before_bytes=8488 after_bytes=0 used_bytes=1171332 live_reservations=14 attempts=145
fixture_lease event=installed owner=0x7bf9006110 id=146 before_bytes=0 after_bytes=8488 used_bytes=1179820 live_reservations=15 attempts=146
fixture_lease event=installed owner=0x7bf9006110 id=147 before_bytes=0 after_bytes=8608 used_bytes=1188428 live_reservations=16 attempts=147
fixture_lease event=installed owner=0x7bf9006110 id=148 before_bytes=0 after_bytes=18648 used_bytes=1207076 live_reservations=17 attempts=148
fixture_lease event=installed owner=0x7bf9006110 id=149 before_bytes=0 after_bytes=24848 used_bytes=1231924 live_reservations=18 attempts=149
fixture_lease event=drop owner=0x7bf9006110 id=149 before_bytes=24848 after_bytes=0 used_bytes=1207076 live_reservations=17 attempts=149
fixture_lease event=drop owner=0x7bf9006110 id=148 before_bytes=18648 after_bytes=0 used_bytes=1188428 live_reservations=16 attempts=149
fixture_lease event=installed owner=0x7bf9006110 id=150 before_bytes=0 after_bytes=18648 used_bytes=1207076 live_reservations=17 attempts=150
fixture_lease event=installed owner=0x7bf9006110 id=151 before_bytes=0 after_bytes=24848 used_bytes=1231924 live_reservations=18 attempts=151
fixture_lease event=drop owner=0x7bf9006110 id=151 before_bytes=24848 after_bytes=0 used_bytes=1207076 live_reservations=17 attempts=151
fixture_lease event=drop owner=0x7bf9006110 id=150 before_bytes=18648 after_bytes=0 used_bytes=1188428 live_reservations=16 attempts=151
fixture_lease event=installed owner=0x7bf9006110 id=152 before_bytes=0 after_bytes=18648 used_bytes=1207076 live_reservations=17 attempts=152
fixture_lease event=installed owner=0x7bf9006110 id=153 before_bytes=0 after_bytes=24848 used_bytes=1231924 live_reservations=18 attempts=153
fixture_lease event=drop owner=0x7bf9006110 id=153 before_bytes=24848 after_bytes=0 used_bytes=1207076 live_reservations=17 attempts=153
fixture_lease event=drop owner=0x7bf9006110 id=152 before_bytes=18648 after_bytes=0 used_bytes=1188428 live_reservations=16 attempts=153
fixture_lease event=installed owner=0x7bf9006110 id=154 before_bytes=0 after_bytes=18648 used_bytes=1207076 live_reservations=17 attempts=154
fixture_lease event=installed owner=0x7bf9006110 id=155 before_bytes=0 after_bytes=24848 used_bytes=1231924 live_reservations=18 attempts=155
fixture_lease event=drop owner=0x7bf9006110 id=155 before_bytes=24848 after_bytes=0 used_bytes=1207076 live_reservations=17 attempts=155
fixture_lease event=drop owner=0x7bf9006110 id=154 before_bytes=18648 after_bytes=0 used_bytes=1188428 live_reservations=16 attempts=155
fixture_lease event=installed owner=0x7bf9006110 id=156 before_bytes=0 after_bytes=8466 used_bytes=1196894 live_reservations=17 attempts=156
fixture_lease event=drop owner=0x7bf9006110 id=156 before_bytes=8466 after_bytes=0 used_bytes=1188428 live_reservations=16 attempts=156
fixture_lease event=installed owner=0x7bf9006110 id=157 before_bytes=0 after_bytes=18648 used_bytes=1207076 live_reservations=17 attempts=157
fixture_lease event=installed owner=0x7bf9006110 id=158 before_bytes=0 after_bytes=24848 used_bytes=1231924 live_reservations=18 attempts=158
fixture_lease event=drop owner=0x7bf9006110 id=158 before_bytes=24848 after_bytes=0 used_bytes=1207076 live_reservations=17 attempts=158
fixture_lease event=drop owner=0x7bf9006110 id=157 before_bytes=18648 after_bytes=0 used_bytes=1188428 live_reservations=16 attempts=158
fixture_lease event=installed owner=0x7bf9006110 id=159 before_bytes=0 after_bytes=18648 used_bytes=1207076 live_reservations=17 attempts=159
fixture_lease event=installed owner=0x7bf9006110 id=160 before_bytes=0 after_bytes=24848 used_bytes=1231924 live_reservations=18 attempts=160
fixture_lease event=drop owner=0x7bf9006110 id=160 before_bytes=24848 after_bytes=0 used_bytes=1207076 live_reservations=17 attempts=160
fixture_lease event=drop owner=0x7bf9006110 id=159 before_bytes=18648 after_bytes=0 used_bytes=1188428 live_reservations=16 attempts=160
fixture_lease event=installed owner=0x7bf9006110 id=161 before_bytes=0 after_bytes=8614 used_bytes=1197042 live_reservations=17 attempts=161
fixture_lease event=drop owner=0x7bf9006110 id=161 before_bytes=8614 after_bytes=0 used_bytes=1188428 live_reservations=16 attempts=161
fixture_lease event=drop owner=0x7bf9006110 id=147 before_bytes=8608 after_bytes=0 used_bytes=1179820 live_reservations=15 attempts=161
fixture_lease event=drop owner=0x7bf9006110 id=146 before_bytes=8488 after_bytes=0 used_bytes=1171332 live_reservations=14 attempts=161
fixture_lease event=installed owner=0x7bf9006110 id=162 before_bytes=0 after_bytes=8488 used_bytes=1179820 live_reservations=15 attempts=162
fixture_lease event=installed owner=0x7bf9006110 id=163 before_bytes=0 after_bytes=8608 used_bytes=1188428 live_reservations=16 attempts=163
fixture_lease event=installed owner=0x7bf9006110 id=164 before_bytes=0 after_bytes=18648 used_bytes=1207076 live_reservations=17 attempts=164
fixture_lease event=installed owner=0x7bf9006110 id=165 before_bytes=0 after_bytes=24848 used_bytes=1231924 live_reservations=18 attempts=165
fixture_lease event=drop owner=0x7bf9006110 id=165 before_bytes=24848 after_bytes=0 used_bytes=1207076 live_reservations=17 attempts=165
fixture_lease event=drop owner=0x7bf9006110 id=164 before_bytes=18648 after_bytes=0 used_bytes=1188428 live_reservations=16 attempts=165
fixture_lease event=installed owner=0x7bf9006110 id=166 before_bytes=0 after_bytes=18648 used_bytes=1207076 live_reservations=17 attempts=166
fixture_lease event=installed owner=0x7bf9006110 id=167 before_bytes=0 after_bytes=24848 used_bytes=1231924 live_reservations=18 attempts=167
fixture_lease event=drop owner=0x7bf9006110 id=167 before_bytes=24848 after_bytes=0 used_bytes=1207076 live_reservations=17 attempts=167
fixture_lease event=drop owner=0x7bf9006110 id=166 before_bytes=18648 after_bytes=0 used_bytes=1188428 live_reservations=16 attempts=167
fixture_lease event=installed owner=0x7bf9006110 id=168 before_bytes=0 after_bytes=18648 used_bytes=1207076 live_reservations=17 attempts=168
fixture_lease event=installed owner=0x7bf9006110 id=169 before_bytes=0 after_bytes=24848 used_bytes=1231924 live_reservations=18 attempts=169
fixture_lease event=drop owner=0x7bf9006110 id=169 before_bytes=24848 after_bytes=0 used_bytes=1207076 live_reservations=17 attempts=169
fixture_lease event=drop owner=0x7bf9006110 id=168 before_bytes=18648 after_bytes=0 used_bytes=1188428 live_reservations=16 attempts=169
fixture_lease event=installed owner=0x7bf9006110 id=170 before_bytes=0 after_bytes=18648 used_bytes=1207076 live_reservations=17 attempts=170
fixture_lease event=installed owner=0x7bf9006110 id=171 before_bytes=0 after_bytes=24848 used_bytes=1231924 live_reservations=18 attempts=171
fixture_lease event=drop owner=0x7bf9006110 id=171 before_bytes=24848 after_bytes=0 used_bytes=1207076 live_reservations=17 attempts=171
fixture_lease event=drop owner=0x7bf9006110 id=170 before_bytes=18648 after_bytes=0 used_bytes=1188428 live_reservations=16 attempts=171
fixture_lease event=installed owner=0x7bf9006110 id=172 before_bytes=0 after_bytes=8466 used_bytes=1196894 live_reservations=17 attempts=172
fixture_lease event=drop owner=0x7bf9006110 id=172 before_bytes=8466 after_bytes=0 used_bytes=1188428 live_reservations=16 attempts=172
fixture_lease event=installed owner=0x7bf9006110 id=173 before_bytes=0 after_bytes=18648 used_bytes=1207076 live_reservations=17 attempts=173
fixture_lease event=installed owner=0x7bf9006110 id=174 before_bytes=0 after_bytes=24848 used_bytes=1231924 live_reservations=18 attempts=174
fixture_lease event=drop owner=0x7bf9006110 id=174 before_bytes=24848 after_bytes=0 used_bytes=1207076 live_reservations=17 attempts=174
fixture_lease event=drop owner=0x7bf9006110 id=173 before_bytes=18648 after_bytes=0 used_bytes=1188428 live_reservations=16 attempts=174
fixture_lease event=installed owner=0x7bf9006110 id=175 before_bytes=0 after_bytes=18648 used_bytes=1207076 live_reservations=17 attempts=175
fixture_lease event=installed owner=0x7bf9006110 id=176 before_bytes=0 after_bytes=24848 used_bytes=1231924 live_reservations=18 attempts=176
fixture_lease event=drop owner=0x7bf9006110 id=176 before_bytes=24848 after_bytes=0 used_bytes=1207076 live_reservations=17 attempts=176
fixture_lease event=drop owner=0x7bf9006110 id=175 before_bytes=18648 after_bytes=0 used_bytes=1188428 live_reservations=16 attempts=176
fixture_lease event=installed owner=0x7bf9006110 id=177 before_bytes=0 after_bytes=9116 used_bytes=1197544 live_reservations=17 attempts=177
fixture_lease event=drop owner=0x7bf9006110 id=177 before_bytes=9116 after_bytes=0 used_bytes=1188428 live_reservations=16 attempts=177
fixture_lease event=drop owner=0x7bf9006110 id=163 before_bytes=8608 after_bytes=0 used_bytes=1179820 live_reservations=15 attempts=177
fixture_lease event=drop owner=0x7bf9006110 id=162 before_bytes=8488 after_bytes=0 used_bytes=1171332 live_reservations=14 attempts=177
fixture_lease event=installed owner=0x7bf9006110 id=178 before_bytes=0 after_bytes=8488 used_bytes=1179820 live_reservations=15 attempts=178
fixture_lease event=installed owner=0x7bf9006110 id=179 before_bytes=0 after_bytes=8608 used_bytes=1188428 live_reservations=16 attempts=179
fixture_lease event=installed owner=0x7bf9006110 id=180 before_bytes=0 after_bytes=18648 used_bytes=1207076 live_reservations=17 attempts=180
fixture_lease event=installed owner=0x7bf9006110 id=181 before_bytes=0 after_bytes=24848 used_bytes=1231924 live_reservations=18 attempts=181
fixture_lease event=drop owner=0x7bf9006110 id=181 before_bytes=24848 after_bytes=0 used_bytes=1207076 live_reservations=17 attempts=181
fixture_lease event=drop owner=0x7bf9006110 id=180 before_bytes=18648 after_bytes=0 used_bytes=1188428 live_reservations=16 attempts=181
fixture_lease event=installed owner=0x7bf9006110 id=182 before_bytes=0 after_bytes=18648 used_bytes=1207076 live_reservations=17 attempts=182
fixture_lease event=installed owner=0x7bf9006110 id=183 before_bytes=0 after_bytes=24848 used_bytes=1231924 live_reservations=18 attempts=183
fixture_lease event=drop owner=0x7bf9006110 id=183 before_bytes=24848 after_bytes=0 used_bytes=1207076 live_reservations=17 attempts=183
fixture_lease event=drop owner=0x7bf9006110 id=182 before_bytes=18648 after_bytes=0 used_bytes=1188428 live_reservations=16 attempts=183
fixture_lease event=installed owner=0x7bf9006110 id=184 before_bytes=0 after_bytes=18648 used_bytes=1207076 live_reservations=17 attempts=184
fixture_lease event=installed owner=0x7bf9006110 id=185 before_bytes=0 after_bytes=24848 used_bytes=1231924 live_reservations=18 attempts=185
fixture_lease event=drop owner=0x7bf9006110 id=185 before_bytes=24848 after_bytes=0 used_bytes=1207076 live_reservations=17 attempts=185
fixture_lease event=drop owner=0x7bf9006110 id=184 before_bytes=18648 after_bytes=0 used_bytes=1188428 live_reservations=16 attempts=185
fixture_lease event=installed owner=0x7bf9006110 id=186 before_bytes=0 after_bytes=18648 used_bytes=1207076 live_reservations=17 attempts=186
fixture_lease event=installed owner=0x7bf9006110 id=187 before_bytes=0 after_bytes=24848 used_bytes=1231924 live_reservations=18 attempts=187
fixture_lease event=drop owner=0x7bf9006110 id=187 before_bytes=24848 after_bytes=0 used_bytes=1207076 live_reservations=17 attempts=187
fixture_lease event=drop owner=0x7bf9006110 id=186 before_bytes=18648 after_bytes=0 used_bytes=1188428 live_reservations=16 attempts=187
fixture_lease event=installed owner=0x7bf9006110 id=188 before_bytes=0 after_bytes=8466 used_bytes=1196894 live_reservations=17 attempts=188
fixture_lease event=drop owner=0x7bf9006110 id=188 before_bytes=8466 after_bytes=0 used_bytes=1188428 live_reservations=16 attempts=188
fixture_lease event=installed owner=0x7bf9006110 id=189 before_bytes=0 after_bytes=18648 used_bytes=1207076 live_reservations=17 attempts=189
fixture_lease event=installed owner=0x7bf9006110 id=190 before_bytes=0 after_bytes=24848 used_bytes=1231924 live_reservations=18 attempts=190
fixture_lease event=drop owner=0x7bf9006110 id=190 before_bytes=24848 after_bytes=0 used_bytes=1207076 live_reservations=17 attempts=190
fixture_lease event=drop owner=0x7bf9006110 id=189 before_bytes=18648 after_bytes=0 used_bytes=1188428 live_reservations=16 attempts=190
fixture_lease event=installed owner=0x7bf9006110 id=191 before_bytes=0 after_bytes=18648 used_bytes=1207076 live_reservations=17 attempts=191
fixture_lease event=installed owner=0x7bf9006110 id=192 before_bytes=0 after_bytes=24848 used_bytes=1231924 live_reservations=18 attempts=192
fixture_lease event=drop owner=0x7bf9006110 id=192 before_bytes=24848 after_bytes=0 used_bytes=1207076 live_reservations=17 attempts=192
fixture_lease event=drop owner=0x7bf9006110 id=191 before_bytes=18648 after_bytes=0 used_bytes=1188428 live_reservations=16 attempts=192
fixture_lease event=installed owner=0x7bf9006110 id=193 before_bytes=0 after_bytes=8614 used_bytes=1197042 live_reservations=17 attempts=193
fixture_lease event=drop owner=0x7bf9006110 id=193 before_bytes=8614 after_bytes=0 used_bytes=1188428 live_reservations=16 attempts=193
fixture_lease event=drop owner=0x7bf9006110 id=179 before_bytes=8608 after_bytes=0 used_bytes=1179820 live_reservations=15 attempts=193
fixture_lease event=drop owner=0x7bf9006110 id=178 before_bytes=8488 after_bytes=0 used_bytes=1171332 live_reservations=14 attempts=193
fixture_lease event=installed owner=0x7bf9006110 id=194 before_bytes=0 after_bytes=8488 used_bytes=1179820 live_reservations=15 attempts=194
fixture_lease event=installed owner=0x7bf9006110 id=195 before_bytes=0 after_bytes=8608 used_bytes=1188428 live_reservations=16 attempts=195
fixture_lease event=installed owner=0x7bf9006110 id=196 before_bytes=0 after_bytes=18648 used_bytes=1207076 live_reservations=17 attempts=196
fixture_lease event=installed owner=0x7bf9006110 id=197 before_bytes=0 after_bytes=24848 used_bytes=1231924 live_reservations=18 attempts=197
fixture_lease event=drop owner=0x7bf9006110 id=197 before_bytes=24848 after_bytes=0 used_bytes=1207076 live_reservations=17 attempts=197
fixture_lease event=drop owner=0x7bf9006110 id=196 before_bytes=18648 after_bytes=0 used_bytes=1188428 live_reservations=16 attempts=197
fixture_lease event=installed owner=0x7bf9006110 id=198 before_bytes=0 after_bytes=18648 used_bytes=1207076 live_reservations=17 attempts=198
fixture_lease event=installed owner=0x7bf9006110 id=199 before_bytes=0 after_bytes=24848 used_bytes=1231924 live_reservations=18 attempts=199
fixture_lease event=drop owner=0x7bf9006110 id=199 before_bytes=24848 after_bytes=0 used_bytes=1207076 live_reservations=17 attempts=199
fixture_lease event=drop owner=0x7bf9006110 id=198 before_bytes=18648 after_bytes=0 used_bytes=1188428 live_reservations=16 attempts=199
fixture_lease event=installed owner=0x7bf9006110 id=200 before_bytes=0 after_bytes=18648 used_bytes=1207076 live_reservations=17 attempts=200
fixture_lease event=installed owner=0x7bf9006110 id=201 before_bytes=0 after_bytes=24848 used_bytes=1231924 live_reservations=18 attempts=201
fixture_lease event=drop owner=0x7bf9006110 id=201 before_bytes=24848 after_bytes=0 used_bytes=1207076 live_reservations=17 attempts=201
fixture_lease event=drop owner=0x7bf9006110 id=200 before_bytes=18648 after_bytes=0 used_bytes=1188428 live_reservations=16 attempts=201
fixture_lease event=installed owner=0x7bf9006110 id=202 before_bytes=0 after_bytes=18648 used_bytes=1207076 live_reservations=17 attempts=202
fixture_lease event=installed owner=0x7bf9006110 id=203 before_bytes=0 after_bytes=24848 used_bytes=1231924 live_reservations=18 attempts=203
fixture_lease event=drop owner=0x7bf9006110 id=203 before_bytes=24848 after_bytes=0 used_bytes=1207076 live_reservations=17 attempts=203
fixture_lease event=drop owner=0x7bf9006110 id=202 before_bytes=18648 after_bytes=0 used_bytes=1188428 live_reservations=16 attempts=203
fixture_lease event=installed owner=0x7bf9006110 id=204 before_bytes=0 after_bytes=8466 used_bytes=1196894 live_reservations=17 attempts=204
fixture_lease event=drop owner=0x7bf9006110 id=204 before_bytes=8466 after_bytes=0 used_bytes=1188428 live_reservations=16 attempts=204
fixture_lease event=installed owner=0x7bf9006110 id=205 before_bytes=0 after_bytes=18648 used_bytes=1207076 live_reservations=17 attempts=205
fixture_lease event=installed owner=0x7bf9006110 id=206 before_bytes=0 after_bytes=24848 used_bytes=1231924 live_reservations=18 attempts=206
fixture_lease event=drop owner=0x7bf9006110 id=206 before_bytes=24848 after_bytes=0 used_bytes=1207076 live_reservations=17 attempts=206
fixture_lease event=drop owner=0x7bf9006110 id=205 before_bytes=18648 after_bytes=0 used_bytes=1188428 live_reservations=16 attempts=206
fixture_lease event=installed owner=0x7bf9006110 id=207 before_bytes=0 after_bytes=18648 used_bytes=1207076 live_reservations=17 attempts=207
fixture_lease event=installed owner=0x7bf9006110 id=208 before_bytes=0 after_bytes=24848 used_bytes=1231924 live_reservations=18 attempts=208
fixture_lease event=drop owner=0x7bf9006110 id=208 before_bytes=24848 after_bytes=0 used_bytes=1207076 live_reservations=17 attempts=208
fixture_lease event=drop owner=0x7bf9006110 id=207 before_bytes=18648 after_bytes=0 used_bytes=1188428 live_reservations=16 attempts=208
fixture_lease event=installed owner=0x7bf9006110 id=209 before_bytes=0 after_bytes=8614 used_bytes=1197042 live_reservations=17 attempts=209
fixture_lease event=drop owner=0x7bf9006110 id=209 before_bytes=8614 after_bytes=0 used_bytes=1188428 live_reservations=16 attempts=209
fixture_lease event=drop owner=0x7bf9006110 id=195 before_bytes=8608 after_bytes=0 used_bytes=1179820 live_reservations=15 attempts=209
fixture_lease event=drop owner=0x7bf9006110 id=194 before_bytes=8488 after_bytes=0 used_bytes=1171332 live_reservations=14 attempts=209
fixture_lease event=installed owner=0x7bf9006110 id=210 before_bytes=0 after_bytes=8488 used_bytes=1179820 live_reservations=15 attempts=210
fixture_lease event=installed owner=0x7bf9006110 id=211 before_bytes=0 after_bytes=8608 used_bytes=1188428 live_reservations=16 attempts=211
fixture_lease event=installed owner=0x7bf9006110 id=212 before_bytes=0 after_bytes=18648 used_bytes=1207076 live_reservations=17 attempts=212
fixture_lease event=installed owner=0x7bf9006110 id=213 before_bytes=0 after_bytes=24848 used_bytes=1231924 live_reservations=18 attempts=213
fixture_lease event=drop owner=0x7bf9006110 id=213 before_bytes=24848 after_bytes=0 used_bytes=1207076 live_reservations=17 attempts=213
fixture_lease event=drop owner=0x7bf9006110 id=212 before_bytes=18648 after_bytes=0 used_bytes=1188428 live_reservations=16 attempts=213
fixture_lease event=installed owner=0x7bf9006110 id=214 before_bytes=0 after_bytes=18648 used_bytes=1207076 live_reservations=17 attempts=214
fixture_lease event=installed owner=0x7bf9006110 id=215 before_bytes=0 after_bytes=24848 used_bytes=1231924 live_reservations=18 attempts=215
fixture_lease event=drop owner=0x7bf9006110 id=215 before_bytes=24848 after_bytes=0 used_bytes=1207076 live_reservations=17 attempts=215
fixture_lease event=drop owner=0x7bf9006110 id=214 before_bytes=18648 after_bytes=0 used_bytes=1188428 live_reservations=16 attempts=215
fixture_lease event=installed owner=0x7bf9006110 id=216 before_bytes=0 after_bytes=18648 used_bytes=1207076 live_reservations=17 attempts=216
fixture_lease event=installed owner=0x7bf9006110 id=217 before_bytes=0 after_bytes=24848 used_bytes=1231924 live_reservations=18 attempts=217
fixture_lease event=drop owner=0x7bf9006110 id=217 before_bytes=24848 after_bytes=0 used_bytes=1207076 live_reservations=17 attempts=217
fixture_lease event=drop owner=0x7bf9006110 id=216 before_bytes=18648 after_bytes=0 used_bytes=1188428 live_reservations=16 attempts=217
fixture_lease event=installed owner=0x7bf9006110 id=218 before_bytes=0 after_bytes=18648 used_bytes=1207076 live_reservations=17 attempts=218
fixture_lease event=installed owner=0x7bf9006110 id=219 before_bytes=0 after_bytes=24848 used_bytes=1231924 live_reservations=18 attempts=219
fixture_lease event=drop owner=0x7bf9006110 id=219 before_bytes=24848 after_bytes=0 used_bytes=1207076 live_reservations=17 attempts=219
fixture_lease event=drop owner=0x7bf9006110 id=218 before_bytes=18648 after_bytes=0 used_bytes=1188428 live_reservations=16 attempts=219
fixture_lease event=installed owner=0x7bf9006110 id=220 before_bytes=0 after_bytes=8466 used_bytes=1196894 live_reservations=17 attempts=220
fixture_lease event=drop owner=0x7bf9006110 id=220 before_bytes=8466 after_bytes=0 used_bytes=1188428 live_reservations=16 attempts=220
fixture_lease event=installed owner=0x7bf9006110 id=221 before_bytes=0 after_bytes=18648 used_bytes=1207076 live_reservations=17 attempts=221
fixture_lease event=installed owner=0x7bf9006110 id=222 before_bytes=0 after_bytes=24848 used_bytes=1231924 live_reservations=18 attempts=222
fixture_lease event=drop owner=0x7bf9006110 id=222 before_bytes=24848 after_bytes=0 used_bytes=1207076 live_reservations=17 attempts=222
fixture_lease event=drop owner=0x7bf9006110 id=221 before_bytes=18648 after_bytes=0 used_bytes=1188428 live_reservations=16 attempts=222
fixture_lease event=installed owner=0x7bf9006110 id=223 before_bytes=0 after_bytes=18648 used_bytes=1207076 live_reservations=17 attempts=223
fixture_lease event=installed owner=0x7bf9006110 id=224 before_bytes=0 after_bytes=24848 used_bytes=1231924 live_reservations=18 attempts=224
fixture_lease event=drop owner=0x7bf9006110 id=224 before_bytes=24848 after_bytes=0 used_bytes=1207076 live_reservations=17 attempts=224
fixture_lease event=drop owner=0x7bf9006110 id=223 before_bytes=18648 after_bytes=0 used_bytes=1188428 live_reservations=16 attempts=224
fixture_lease event=installed owner=0x7bf9006110 id=225 before_bytes=0 after_bytes=8614 used_bytes=1197042 live_reservations=17 attempts=225
fixture_lease event=drop owner=0x7bf9006110 id=225 before_bytes=8614 after_bytes=0 used_bytes=1188428 live_reservations=16 attempts=225
fixture_lease event=drop owner=0x7bf9006110 id=211 before_bytes=8608 after_bytes=0 used_bytes=1179820 live_reservations=15 attempts=225
fixture_lease event=drop owner=0x7bf9006110 id=210 before_bytes=8488 after_bytes=0 used_bytes=1171332 live_reservations=14 attempts=225
fixture_lease event=installed owner=0x7bf9006110 id=226 before_bytes=0 after_bytes=8488 used_bytes=1179820 live_reservations=15 attempts=226
fixture_lease event=installed owner=0x7bf9006110 id=227 before_bytes=0 after_bytes=8608 used_bytes=1188428 live_reservations=16 attempts=227
fixture_lease event=installed owner=0x7bf9006110 id=228 before_bytes=0 after_bytes=18648 used_bytes=1207076 live_reservations=17 attempts=228
fixture_lease event=installed owner=0x7bf9006110 id=229 before_bytes=0 after_bytes=24848 used_bytes=1231924 live_reservations=18 attempts=229
fixture_lease event=drop owner=0x7bf9006110 id=229 before_bytes=24848 after_bytes=0 used_bytes=1207076 live_reservations=17 attempts=229
fixture_lease event=drop owner=0x7bf9006110 id=228 before_bytes=18648 after_bytes=0 used_bytes=1188428 live_reservations=16 attempts=229
fixture_lease event=installed owner=0x7bf9006110 id=230 before_bytes=0 after_bytes=18648 used_bytes=1207076 live_reservations=17 attempts=230
fixture_lease event=installed owner=0x7bf9006110 id=231 before_bytes=0 after_bytes=24848 used_bytes=1231924 live_reservations=18 attempts=231
fixture_lease event=drop owner=0x7bf9006110 id=231 before_bytes=24848 after_bytes=0 used_bytes=1207076 live_reservations=17 attempts=231
fixture_lease event=drop owner=0x7bf9006110 id=230 before_bytes=18648 after_bytes=0 used_bytes=1188428 live_reservations=16 attempts=231
fixture_lease event=installed owner=0x7bf9006110 id=232 before_bytes=0 after_bytes=18648 used_bytes=1207076 live_reservations=17 attempts=232
fixture_lease event=installed owner=0x7bf9006110 id=233 before_bytes=0 after_bytes=24848 used_bytes=1231924 live_reservations=18 attempts=233
fixture_lease event=drop owner=0x7bf9006110 id=233 before_bytes=24848 after_bytes=0 used_bytes=1207076 live_reservations=17 attempts=233
fixture_lease event=drop owner=0x7bf9006110 id=232 before_bytes=18648 after_bytes=0 used_bytes=1188428 live_reservations=16 attempts=233
fixture_lease event=installed owner=0x7bf9006110 id=234 before_bytes=0 after_bytes=18648 used_bytes=1207076 live_reservations=17 attempts=234
fixture_lease event=installed owner=0x7bf9006110 id=235 before_bytes=0 after_bytes=24848 used_bytes=1231924 live_reservations=18 attempts=235
fixture_lease event=drop owner=0x7bf9006110 id=235 before_bytes=24848 after_bytes=0 used_bytes=1207076 live_reservations=17 attempts=235
fixture_lease event=drop owner=0x7bf9006110 id=234 before_bytes=18648 after_bytes=0 used_bytes=1188428 live_reservations=16 attempts=235
fixture_lease event=installed owner=0x7bf9006110 id=236 before_bytes=0 after_bytes=8466 used_bytes=1196894 live_reservations=17 attempts=236
fixture_lease event=drop owner=0x7bf9006110 id=236 before_bytes=8466 after_bytes=0 used_bytes=1188428 live_reservations=16 attempts=236
fixture_lease event=installed owner=0x7bf9006110 id=237 before_bytes=0 after_bytes=18648 used_bytes=1207076 live_reservations=17 attempts=237
fixture_lease event=installed owner=0x7bf9006110 id=238 before_bytes=0 after_bytes=24848 used_bytes=1231924 live_reservations=18 attempts=238
fixture_lease event=drop owner=0x7bf9006110 id=238 before_bytes=24848 after_bytes=0 used_bytes=1207076 live_reservations=17 attempts=238
fixture_lease event=drop owner=0x7bf9006110 id=237 before_bytes=18648 after_bytes=0 used_bytes=1188428 live_reservations=16 attempts=238
fixture_lease event=installed owner=0x7bf9006110 id=239 before_bytes=0 after_bytes=18648 used_bytes=1207076 live_reservations=17 attempts=239
fixture_lease event=installed owner=0x7bf9006110 id=240 before_bytes=0 after_bytes=24848 used_bytes=1231924 live_reservations=18 attempts=240
fixture_lease event=drop owner=0x7bf9006110 id=240 before_bytes=24848 after_bytes=0 used_bytes=1207076 live_reservations=17 attempts=240
fixture_lease event=drop owner=0x7bf9006110 id=239 before_bytes=18648 after_bytes=0 used_bytes=1188428 live_reservations=16 attempts=240
fixture_lease event=installed owner=0x7bf9006110 id=241 before_bytes=0 after_bytes=9116 used_bytes=1197544 live_reservations=17 attempts=241
fixture_lease event=drop owner=0x7bf9006110 id=241 before_bytes=9116 after_bytes=0 used_bytes=1188428 live_reservations=16 attempts=241
fixture_lease event=drop owner=0x7bf9006110 id=227 before_bytes=8608 after_bytes=0 used_bytes=1179820 live_reservations=15 attempts=241
fixture_lease event=drop owner=0x7bf9006110 id=226 before_bytes=8488 after_bytes=0 used_bytes=1171332 live_reservations=14 attempts=241
fixture_lease event=installed owner=0x7bf9006110 id=242 before_bytes=0 after_bytes=8488 used_bytes=1179820 live_reservations=15 attempts=242
fixture_lease event=installed owner=0x7bf9006110 id=243 before_bytes=0 after_bytes=8608 used_bytes=1188428 live_reservations=16 attempts=243
fixture_lease event=installed owner=0x7bf9006110 id=244 before_bytes=0 after_bytes=18648 used_bytes=1207076 live_reservations=17 attempts=244
fixture_lease event=installed owner=0x7bf9006110 id=245 before_bytes=0 after_bytes=24848 used_bytes=1231924 live_reservations=18 attempts=245
fixture_lease event=drop owner=0x7bf9006110 id=245 before_bytes=24848 after_bytes=0 used_bytes=1207076 live_reservations=17 attempts=245
fixture_lease event=drop owner=0x7bf9006110 id=244 before_bytes=18648 after_bytes=0 used_bytes=1188428 live_reservations=16 attempts=245
fixture_lease event=installed owner=0x7bf9006110 id=246 before_bytes=0 after_bytes=18648 used_bytes=1207076 live_reservations=17 attempts=246
fixture_lease event=installed owner=0x7bf9006110 id=247 before_bytes=0 after_bytes=24848 used_bytes=1231924 live_reservations=18 attempts=247
fixture_lease event=drop owner=0x7bf9006110 id=247 before_bytes=24848 after_bytes=0 used_bytes=1207076 live_reservations=17 attempts=247
fixture_lease event=drop owner=0x7bf9006110 id=246 before_bytes=18648 after_bytes=0 used_bytes=1188428 live_reservations=16 attempts=247
fixture_lease event=installed owner=0x7bf9006110 id=248 before_bytes=0 after_bytes=18648 used_bytes=1207076 live_reservations=17 attempts=248
fixture_lease event=installed owner=0x7bf9006110 id=249 before_bytes=0 after_bytes=24848 used_bytes=1231924 live_reservations=18 attempts=249
fixture_lease event=drop owner=0x7bf9006110 id=249 before_bytes=24848 after_bytes=0 used_bytes=1207076 live_reservations=17 attempts=249
fixture_lease event=drop owner=0x7bf9006110 id=248 before_bytes=18648 after_bytes=0 used_bytes=1188428 live_reservations=16 attempts=249
fixture_lease event=installed owner=0x7bf9006110 id=250 before_bytes=0 after_bytes=18648 used_bytes=1207076 live_reservations=17 attempts=250
fixture_lease event=installed owner=0x7bf9006110 id=251 before_bytes=0 after_bytes=24848 used_bytes=1231924 live_reservations=18 attempts=251
fixture_lease event=drop owner=0x7bf9006110 id=251 before_bytes=24848 after_bytes=0 used_bytes=1207076 live_reservations=17 attempts=251
fixture_lease event=drop owner=0x7bf9006110 id=250 before_bytes=18648 after_bytes=0 used_bytes=1188428 live_reservations=16 attempts=251
fixture_lease event=installed owner=0x7bf9006110 id=252 before_bytes=0 after_bytes=8466 used_bytes=1196894 live_reservations=17 attempts=252
fixture_lease event=drop owner=0x7bf9006110 id=252 before_bytes=8466 after_bytes=0 used_bytes=1188428 live_reservations=16 attempts=252
fixture_lease event=installed owner=0x7bf9006110 id=253 before_bytes=0 after_bytes=18648 used_bytes=1207076 live_reservations=17 attempts=253
fixture_lease event=installed owner=0x7bf9006110 id=254 before_bytes=0 after_bytes=24848 used_bytes=1231924 live_reservations=18 attempts=254
fixture_lease event=drop owner=0x7bf9006110 id=254 before_bytes=24848 after_bytes=0 used_bytes=1207076 live_reservations=17 attempts=254
fixture_lease event=drop owner=0x7bf9006110 id=253 before_bytes=18648 after_bytes=0 used_bytes=1188428 live_reservations=16 attempts=254
fixture_lease event=installed owner=0x7bf9006110 id=255 before_bytes=0 after_bytes=18648 used_bytes=1207076 live_reservations=17 attempts=255
fixture_lease event=installed owner=0x7bf9006110 id=256 before_bytes=0 after_bytes=24848 used_bytes=1231924 live_reservations=18 attempts=256
fixture_lease event=drop owner=0x7bf9006110 id=256 before_bytes=24848 after_bytes=0 used_bytes=1207076 live_reservations=17 attempts=256
fixture_lease event=drop owner=0x7bf9006110 id=255 before_bytes=18648 after_bytes=0 used_bytes=1188428 live_reservations=16 attempts=256
fixture_lease event=installed owner=0x7bf9006110 id=257 before_bytes=0 after_bytes=8614 used_bytes=1197042 live_reservations=17 attempts=257
fixture_lease event=drop owner=0x7bf9006110 id=257 before_bytes=8614 after_bytes=0 used_bytes=1188428 live_reservations=16 attempts=257
fixture_lease event=drop owner=0x7bf9006110 id=243 before_bytes=8608 after_bytes=0 used_bytes=1179820 live_reservations=15 attempts=257
fixture_lease event=drop owner=0x7bf9006110 id=242 before_bytes=8488 after_bytes=0 used_bytes=1171332 live_reservations=14 attempts=257
fixture_lease event=installed owner=0x7bf9006110 id=258 before_bytes=0 after_bytes=8488 used_bytes=1179820 live_reservations=15 attempts=258
fixture_lease event=installed owner=0x7bf9006110 id=259 before_bytes=0 after_bytes=8608 used_bytes=1188428 live_reservations=16 attempts=259
fixture_lease event=installed owner=0x7bf9006110 id=260 before_bytes=0 after_bytes=18648 used_bytes=1207076 live_reservations=17 attempts=260
fixture_lease event=installed owner=0x7bf9006110 id=261 before_bytes=0 after_bytes=24848 used_bytes=1231924 live_reservations=18 attempts=261
fixture_lease event=drop owner=0x7bf9006110 id=261 before_bytes=24848 after_bytes=0 used_bytes=1207076 live_reservations=17 attempts=261
fixture_lease event=drop owner=0x7bf9006110 id=260 before_bytes=18648 after_bytes=0 used_bytes=1188428 live_reservations=16 attempts=261
fixture_lease event=installed owner=0x7bf9006110 id=262 before_bytes=0 after_bytes=18648 used_bytes=1207076 live_reservations=17 attempts=262
fixture_lease event=installed owner=0x7bf9006110 id=263 before_bytes=0 after_bytes=24848 used_bytes=1231924 live_reservations=18 attempts=263
fixture_lease event=drop owner=0x7bf9006110 id=263 before_bytes=24848 after_bytes=0 used_bytes=1207076 live_reservations=17 attempts=263
fixture_lease event=drop owner=0x7bf9006110 id=262 before_bytes=18648 after_bytes=0 used_bytes=1188428 live_reservations=16 attempts=263
fixture_lease event=installed owner=0x7bf9006110 id=264 before_bytes=0 after_bytes=18648 used_bytes=1207076 live_reservations=17 attempts=264
fixture_lease event=installed owner=0x7bf9006110 id=265 before_bytes=0 after_bytes=24848 used_bytes=1231924 live_reservations=18 attempts=265
fixture_lease event=drop owner=0x7bf9006110 id=265 before_bytes=24848 after_bytes=0 used_bytes=1207076 live_reservations=17 attempts=265
fixture_lease event=drop owner=0x7bf9006110 id=264 before_bytes=18648 after_bytes=0 used_bytes=1188428 live_reservations=16 attempts=265
fixture_lease event=installed owner=0x7bf9006110 id=266 before_bytes=0 after_bytes=18648 used_bytes=1207076 live_reservations=17 attempts=266
fixture_lease event=installed owner=0x7bf9006110 id=267 before_bytes=0 after_bytes=24848 used_bytes=1231924 live_reservations=18 attempts=267
fixture_lease event=drop owner=0x7bf9006110 id=267 before_bytes=24848 after_bytes=0 used_bytes=1207076 live_reservations=17 attempts=267
fixture_lease event=drop owner=0x7bf9006110 id=266 before_bytes=18648 after_bytes=0 used_bytes=1188428 live_reservations=16 attempts=267
fixture_lease event=installed owner=0x7bf9006110 id=268 before_bytes=0 after_bytes=8466 used_bytes=1196894 live_reservations=17 attempts=268
fixture_lease event=drop owner=0x7bf9006110 id=268 before_bytes=8466 after_bytes=0 used_bytes=1188428 live_reservations=16 attempts=268
fixture_lease event=installed owner=0x7bf9006110 id=269 before_bytes=0 after_bytes=18648 used_bytes=1207076 live_reservations=17 attempts=269
fixture_lease event=installed owner=0x7bf9006110 id=270 before_bytes=0 after_bytes=24848 used_bytes=1231924 live_reservations=18 attempts=270
fixture_lease event=drop owner=0x7bf9006110 id=270 before_bytes=24848 after_bytes=0 used_bytes=1207076 live_reservations=17 attempts=270
fixture_lease event=drop owner=0x7bf9006110 id=269 before_bytes=18648 after_bytes=0 used_bytes=1188428 live_reservations=16 attempts=270
fixture_lease event=installed owner=0x7bf9006110 id=271 before_bytes=0 after_bytes=18648 used_bytes=1207076 live_reservations=17 attempts=271
fixture_lease event=installed owner=0x7bf9006110 id=272 before_bytes=0 after_bytes=24848 used_bytes=1231924 live_reservations=18 attempts=272
fixture_lease event=drop owner=0x7bf9006110 id=272 before_bytes=24848 after_bytes=0 used_bytes=1207076 live_reservations=17 attempts=272
fixture_lease event=drop owner=0x7bf9006110 id=271 before_bytes=18648 after_bytes=0 used_bytes=1188428 live_reservations=16 attempts=272
fixture_lease event=installed owner=0x7bf9006110 id=273 before_bytes=0 after_bytes=8614 used_bytes=1197042 live_reservations=17 attempts=273
fixture_lease event=drop owner=0x7bf9006110 id=273 before_bytes=8614 after_bytes=0 used_bytes=1188428 live_reservations=16 attempts=273
fixture_lease event=drop owner=0x7bf9006110 id=259 before_bytes=8608 after_bytes=0 used_bytes=1179820 live_reservations=15 attempts=273
fixture_lease event=drop owner=0x7bf9006110 id=258 before_bytes=8488 after_bytes=0 used_bytes=1171332 live_reservations=14 attempts=273
fixture_lease event=installed owner=0x7bf9006110 id=274 before_bytes=0 after_bytes=8488 used_bytes=1179820 live_reservations=15 attempts=274
fixture_lease event=installed owner=0x7bf9006110 id=275 before_bytes=0 after_bytes=8608 used_bytes=1188428 live_reservations=16 attempts=275
fixture_lease event=installed owner=0x7bf9006110 id=276 before_bytes=0 after_bytes=18648 used_bytes=1207076 live_reservations=17 attempts=276
fixture_lease event=installed owner=0x7bf9006110 id=277 before_bytes=0 after_bytes=24848 used_bytes=1231924 live_reservations=18 attempts=277
fixture_lease event=drop owner=0x7bf9006110 id=277 before_bytes=24848 after_bytes=0 used_bytes=1207076 live_reservations=17 attempts=277
fixture_lease event=drop owner=0x7bf9006110 id=276 before_bytes=18648 after_bytes=0 used_bytes=1188428 live_reservations=16 attempts=277
fixture_lease event=installed owner=0x7bf9006110 id=278 before_bytes=0 after_bytes=18648 used_bytes=1207076 live_reservations=17 attempts=278
fixture_lease event=installed owner=0x7bf9006110 id=279 before_bytes=0 after_bytes=24848 used_bytes=1231924 live_reservations=18 attempts=279
fixture_lease event=drop owner=0x7bf9006110 id=279 before_bytes=24848 after_bytes=0 used_bytes=1207076 live_reservations=17 attempts=279
fixture_lease event=drop owner=0x7bf9006110 id=278 before_bytes=18648 after_bytes=0 used_bytes=1188428 live_reservations=16 attempts=279
fixture_lease event=installed owner=0x7bf9006110 id=280 before_bytes=0 after_bytes=18648 used_bytes=1207076 live_reservations=17 attempts=280
fixture_lease event=installed owner=0x7bf9006110 id=281 before_bytes=0 after_bytes=24848 used_bytes=1231924 live_reservations=18 attempts=281
fixture_lease event=drop owner=0x7bf9006110 id=281 before_bytes=24848 after_bytes=0 used_bytes=1207076 live_reservations=17 attempts=281
fixture_lease event=drop owner=0x7bf9006110 id=280 before_bytes=18648 after_bytes=0 used_bytes=1188428 live_reservations=16 attempts=281
fixture_lease event=installed owner=0x7bf9006110 id=282 before_bytes=0 after_bytes=18648 used_bytes=1207076 live_reservations=17 attempts=282
fixture_lease event=installed owner=0x7bf9006110 id=283 before_bytes=0 after_bytes=24848 used_bytes=1231924 live_reservations=18 attempts=283
fixture_lease event=drop owner=0x7bf9006110 id=283 before_bytes=24848 after_bytes=0 used_bytes=1207076 live_reservations=17 attempts=283
fixture_lease event=drop owner=0x7bf9006110 id=282 before_bytes=18648 after_bytes=0 used_bytes=1188428 live_reservations=16 attempts=283
fixture_lease event=installed owner=0x7bf9006110 id=284 before_bytes=0 after_bytes=8466 used_bytes=1196894 live_reservations=17 attempts=284
fixture_lease event=drop owner=0x7bf9006110 id=284 before_bytes=8466 after_bytes=0 used_bytes=1188428 live_reservations=16 attempts=284
fixture_lease event=installed owner=0x7bf9006110 id=285 before_bytes=0 after_bytes=18648 used_bytes=1207076 live_reservations=17 attempts=285
fixture_lease event=installed owner=0x7bf9006110 id=286 before_bytes=0 after_bytes=24848 used_bytes=1231924 live_reservations=18 attempts=286
fixture_lease event=drop owner=0x7bf9006110 id=286 before_bytes=24848 after_bytes=0 used_bytes=1207076 live_reservations=17 attempts=286
fixture_lease event=drop owner=0x7bf9006110 id=285 before_bytes=18648 after_bytes=0 used_bytes=1188428 live_reservations=16 attempts=286
fixture_lease event=installed owner=0x7bf9006110 id=287 before_bytes=0 after_bytes=18648 used_bytes=1207076 live_reservations=17 attempts=287
fixture_lease event=installed owner=0x7bf9006110 id=288 before_bytes=0 after_bytes=24848 used_bytes=1231924 live_reservations=18 attempts=288
fixture_lease event=drop owner=0x7bf9006110 id=288 before_bytes=24848 after_bytes=0 used_bytes=1207076 live_reservations=17 attempts=288
fixture_lease event=drop owner=0x7bf9006110 id=287 before_bytes=18648 after_bytes=0 used_bytes=1188428 live_reservations=16 attempts=288
fixture_lease event=installed owner=0x7bf9006110 id=289 before_bytes=0 after_bytes=8614 used_bytes=1197042 live_reservations=17 attempts=289
fixture_lease event=drop owner=0x7bf9006110 id=289 before_bytes=8614 after_bytes=0 used_bytes=1188428 live_reservations=16 attempts=289
fixture_lease event=drop owner=0x7bf9006110 id=275 before_bytes=8608 after_bytes=0 used_bytes=1179820 live_reservations=15 attempts=289
fixture_lease event=drop owner=0x7bf9006110 id=274 before_bytes=8488 after_bytes=0 used_bytes=1171332 live_reservations=14 attempts=289
fixture_lease event=installed owner=0x7bf9006110 id=290 before_bytes=0 after_bytes=8488 used_bytes=1179820 live_reservations=15 attempts=290
fixture_lease event=installed owner=0x7bf9006110 id=291 before_bytes=0 after_bytes=8608 used_bytes=1188428 live_reservations=16 attempts=291
fixture_lease event=installed owner=0x7bf9006110 id=292 before_bytes=0 after_bytes=18648 used_bytes=1207076 live_reservations=17 attempts=292
fixture_lease event=installed owner=0x7bf9006110 id=293 before_bytes=0 after_bytes=24848 used_bytes=1231924 live_reservations=18 attempts=293
fixture_lease event=drop owner=0x7bf9006110 id=293 before_bytes=24848 after_bytes=0 used_bytes=1207076 live_reservations=17 attempts=293
fixture_lease event=drop owner=0x7bf9006110 id=292 before_bytes=18648 after_bytes=0 used_bytes=1188428 live_reservations=16 attempts=293
fixture_lease event=installed owner=0x7bf9006110 id=294 before_bytes=0 after_bytes=18648 used_bytes=1207076 live_reservations=17 attempts=294
fixture_lease event=installed owner=0x7bf9006110 id=295 before_bytes=0 after_bytes=24848 used_bytes=1231924 live_reservations=18 attempts=295
fixture_lease event=drop owner=0x7bf9006110 id=295 before_bytes=24848 after_bytes=0 used_bytes=1207076 live_reservations=17 attempts=295
fixture_lease event=drop owner=0x7bf9006110 id=294 before_bytes=18648 after_bytes=0 used_bytes=1188428 live_reservations=16 attempts=295
fixture_lease event=installed owner=0x7bf9006110 id=296 before_bytes=0 after_bytes=18648 used_bytes=1207076 live_reservations=17 attempts=296
fixture_lease event=installed owner=0x7bf9006110 id=297 before_bytes=0 after_bytes=24848 used_bytes=1231924 live_reservations=18 attempts=297
fixture_lease event=drop owner=0x7bf9006110 id=297 before_bytes=24848 after_bytes=0 used_bytes=1207076 live_reservations=17 attempts=297
fixture_lease event=drop owner=0x7bf9006110 id=296 before_bytes=18648 after_bytes=0 used_bytes=1188428 live_reservations=16 attempts=297
fixture_lease event=installed owner=0x7bf9006110 id=298 before_bytes=0 after_bytes=18648 used_bytes=1207076 live_reservations=17 attempts=298
fixture_lease event=installed owner=0x7bf9006110 id=299 before_bytes=0 after_bytes=24848 used_bytes=1231924 live_reservations=18 attempts=299
fixture_lease event=drop owner=0x7bf9006110 id=299 before_bytes=24848 after_bytes=0 used_bytes=1207076 live_reservations=17 attempts=299
fixture_lease event=drop owner=0x7bf9006110 id=298 before_bytes=18648 after_bytes=0 used_bytes=1188428 live_reservations=16 attempts=299
fixture_lease event=installed owner=0x7bf9006110 id=300 before_bytes=0 after_bytes=8466 used_bytes=1196894 live_reservations=17 attempts=300
fixture_lease event=drop owner=0x7bf9006110 id=300 before_bytes=8466 after_bytes=0 used_bytes=1188428 live_reservations=16 attempts=300
fixture_lease event=installed owner=0x7bf9006110 id=301 before_bytes=0 after_bytes=18648 used_bytes=1207076 live_reservations=17 attempts=301
fixture_lease event=installed owner=0x7bf9006110 id=302 before_bytes=0 after_bytes=24848 used_bytes=1231924 live_reservations=18 attempts=302
fixture_lease event=drop owner=0x7bf9006110 id=302 before_bytes=24848 after_bytes=0 used_bytes=1207076 live_reservations=17 attempts=302
fixture_lease event=drop owner=0x7bf9006110 id=301 before_bytes=18648 after_bytes=0 used_bytes=1188428 live_reservations=16 attempts=302
fixture_lease event=installed owner=0x7bf9006110 id=303 before_bytes=0 after_bytes=18648 used_bytes=1207076 live_reservations=17 attempts=303
fixture_lease event=installed owner=0x7bf9006110 id=304 before_bytes=0 after_bytes=24848 used_bytes=1231924 live_reservations=18 attempts=304
fixture_lease event=drop owner=0x7bf9006110 id=304 before_bytes=24848 after_bytes=0 used_bytes=1207076 live_reservations=17 attempts=304
fixture_lease event=drop owner=0x7bf9006110 id=303 before_bytes=18648 after_bytes=0 used_bytes=1188428 live_reservations=16 attempts=304
fixture_lease event=installed owner=0x7bf9006110 id=305 before_bytes=0 after_bytes=8614 used_bytes=1197042 live_reservations=17 attempts=305
fixture_lease event=drop owner=0x7bf9006110 id=305 before_bytes=8614 after_bytes=0 used_bytes=1188428 live_reservations=16 attempts=305
fixture_lease event=drop owner=0x7bf9006110 id=291 before_bytes=8608 after_bytes=0 used_bytes=1179820 live_reservations=15 attempts=305
fixture_lease event=drop owner=0x7bf9006110 id=290 before_bytes=8488 after_bytes=0 used_bytes=1171332 live_reservations=14 attempts=305
fixture_lease event=installed owner=0x7bf9006110 id=306 before_bytes=0 after_bytes=8488 used_bytes=1179820 live_reservations=15 attempts=306
fixture_lease event=installed owner=0x7bf9006110 id=307 before_bytes=0 after_bytes=8608 used_bytes=1188428 live_reservations=16 attempts=307
fixture_lease event=installed owner=0x7bf9006110 id=308 before_bytes=0 after_bytes=18648 used_bytes=1207076 live_reservations=17 attempts=308
fixture_lease event=installed owner=0x7bf9006110 id=309 before_bytes=0 after_bytes=24848 used_bytes=1231924 live_reservations=18 attempts=309
fixture_lease event=drop owner=0x7bf9006110 id=309 before_bytes=24848 after_bytes=0 used_bytes=1207076 live_reservations=17 attempts=309
fixture_lease event=drop owner=0x7bf9006110 id=308 before_bytes=18648 after_bytes=0 used_bytes=1188428 live_reservations=16 attempts=309
fixture_lease event=installed owner=0x7bf9006110 id=310 before_bytes=0 after_bytes=18648 used_bytes=1207076 live_reservations=17 attempts=310
fixture_lease event=installed owner=0x7bf9006110 id=311 before_bytes=0 after_bytes=24848 used_bytes=1231924 live_reservations=18 attempts=311
fixture_lease event=drop owner=0x7bf9006110 id=311 before_bytes=24848 after_bytes=0 used_bytes=1207076 live_reservations=17 attempts=311
fixture_lease event=drop owner=0x7bf9006110 id=310 before_bytes=18648 after_bytes=0 used_bytes=1188428 live_reservations=16 attempts=311
fixture_lease event=installed owner=0x7bf9006110 id=312 before_bytes=0 after_bytes=18648 used_bytes=1207076 live_reservations=17 attempts=312
fixture_lease event=installed owner=0x7bf9006110 id=313 before_bytes=0 after_bytes=24848 used_bytes=1231924 live_reservations=18 attempts=313
fixture_lease event=drop owner=0x7bf9006110 id=313 before_bytes=24848 after_bytes=0 used_bytes=1207076 live_reservations=17 attempts=313
fixture_lease event=drop owner=0x7bf9006110 id=312 before_bytes=18648 after_bytes=0 used_bytes=1188428 live_reservations=16 attempts=313
fixture_lease event=installed owner=0x7bf9006110 id=314 before_bytes=0 after_bytes=18648 used_bytes=1207076 live_reservations=17 attempts=314
fixture_lease event=installed owner=0x7bf9006110 id=315 before_bytes=0 after_bytes=24848 used_bytes=1231924 live_reservations=18 attempts=315
fixture_lease event=drop owner=0x7bf9006110 id=315 before_bytes=24848 after_bytes=0 used_bytes=1207076 live_reservations=17 attempts=315
fixture_lease event=drop owner=0x7bf9006110 id=314 before_bytes=18648 after_bytes=0 used_bytes=1188428 live_reservations=16 attempts=315
fixture_lease event=installed owner=0x7bf9006110 id=316 before_bytes=0 after_bytes=8466 used_bytes=1196894 live_reservations=17 attempts=316
fixture_lease event=drop owner=0x7bf9006110 id=316 before_bytes=8466 after_bytes=0 used_bytes=1188428 live_reservations=16 attempts=316
fixture_lease event=installed owner=0x7bf9006110 id=317 before_bytes=0 after_bytes=18648 used_bytes=1207076 live_reservations=17 attempts=317
fixture_lease event=installed owner=0x7bf9006110 id=318 before_bytes=0 after_bytes=24848 used_bytes=1231924 live_reservations=18 attempts=318
fixture_lease event=drop owner=0x7bf9006110 id=318 before_bytes=24848 after_bytes=0 used_bytes=1207076 live_reservations=17 attempts=318
fixture_lease event=drop owner=0x7bf9006110 id=317 before_bytes=18648 after_bytes=0 used_bytes=1188428 live_reservations=16 attempts=318
fixture_lease event=installed owner=0x7bf9006110 id=319 before_bytes=0 after_bytes=18648 used_bytes=1207076 live_reservations=17 attempts=319
fixture_lease event=installed owner=0x7bf9006110 id=320 before_bytes=0 after_bytes=24848 used_bytes=1231924 live_reservations=18 attempts=320
fixture_lease event=drop owner=0x7bf9006110 id=320 before_bytes=24848 after_bytes=0 used_bytes=1207076 live_reservations=17 attempts=320
fixture_lease event=drop owner=0x7bf9006110 id=319 before_bytes=18648 after_bytes=0 used_bytes=1188428 live_reservations=16 attempts=320
fixture_lease event=installed owner=0x7bf9006110 id=321 before_bytes=0 after_bytes=9116 used_bytes=1197544 live_reservations=17 attempts=321
fixture_lease event=drop owner=0x7bf9006110 id=321 before_bytes=9116 after_bytes=0 used_bytes=1188428 live_reservations=16 attempts=321
fixture_lease event=drop owner=0x7bf9006110 id=307 before_bytes=8608 after_bytes=0 used_bytes=1179820 live_reservations=15 attempts=321
fixture_lease event=drop owner=0x7bf9006110 id=306 before_bytes=8488 after_bytes=0 used_bytes=1171332 live_reservations=14 attempts=321
fixture_lease event=installed owner=0x7bf9006110 id=322 before_bytes=0 after_bytes=8488 used_bytes=1179820 live_reservations=15 attempts=322
fixture_lease event=installed owner=0x7bf9006110 id=323 before_bytes=0 after_bytes=8608 used_bytes=1188428 live_reservations=16 attempts=323
fixture_lease event=installed owner=0x7bf9006110 id=324 before_bytes=0 after_bytes=18648 used_bytes=1207076 live_reservations=17 attempts=324
fixture_lease event=installed owner=0x7bf9006110 id=325 before_bytes=0 after_bytes=24848 used_bytes=1231924 live_reservations=18 attempts=325
fixture_lease event=drop owner=0x7bf9006110 id=325 before_bytes=24848 after_bytes=0 used_bytes=1207076 live_reservations=17 attempts=325
fixture_lease event=drop owner=0x7bf9006110 id=324 before_bytes=18648 after_bytes=0 used_bytes=1188428 live_reservations=16 attempts=325
fixture_lease event=installed owner=0x7bf9006110 id=326 before_bytes=0 after_bytes=18648 used_bytes=1207076 live_reservations=17 attempts=326
fixture_lease event=installed owner=0x7bf9006110 id=327 before_bytes=0 after_bytes=24848 used_bytes=1231924 live_reservations=18 attempts=327
fixture_lease event=drop owner=0x7bf9006110 id=327 before_bytes=24848 after_bytes=0 used_bytes=1207076 live_reservations=17 attempts=327
fixture_lease event=drop owner=0x7bf9006110 id=326 before_bytes=18648 after_bytes=0 used_bytes=1188428 live_reservations=16 attempts=327
fixture_lease event=installed owner=0x7bf9006110 id=328 before_bytes=0 after_bytes=18648 used_bytes=1207076 live_reservations=17 attempts=328
fixture_lease event=installed owner=0x7bf9006110 id=329 before_bytes=0 after_bytes=24848 used_bytes=1231924 live_reservations=18 attempts=329
fixture_lease event=drop owner=0x7bf9006110 id=329 before_bytes=24848 after_bytes=0 used_bytes=1207076 live_reservations=17 attempts=329
fixture_lease event=drop owner=0x7bf9006110 id=328 before_bytes=18648 after_bytes=0 used_bytes=1188428 live_reservations=16 attempts=329
fixture_lease event=installed owner=0x7bf9006110 id=330 before_bytes=0 after_bytes=18648 used_bytes=1207076 live_reservations=17 attempts=330
fixture_lease event=installed owner=0x7bf9006110 id=331 before_bytes=0 after_bytes=24848 used_bytes=1231924 live_reservations=18 attempts=331
fixture_lease event=drop owner=0x7bf9006110 id=331 before_bytes=24848 after_bytes=0 used_bytes=1207076 live_reservations=17 attempts=331
fixture_lease event=drop owner=0x7bf9006110 id=330 before_bytes=18648 after_bytes=0 used_bytes=1188428 live_reservations=16 attempts=331
fixture_lease event=installed owner=0x7bf9006110 id=332 before_bytes=0 after_bytes=8466 used_bytes=1196894 live_reservations=17 attempts=332
fixture_lease event=drop owner=0x7bf9006110 id=332 before_bytes=8466 after_bytes=0 used_bytes=1188428 live_reservations=16 attempts=332
fixture_lease event=installed owner=0x7bf9006110 id=333 before_bytes=0 after_bytes=18648 used_bytes=1207076 live_reservations=17 attempts=333
fixture_lease event=installed owner=0x7bf9006110 id=334 before_bytes=0 after_bytes=24848 used_bytes=1231924 live_reservations=18 attempts=334
fixture_lease event=drop owner=0x7bf9006110 id=334 before_bytes=24848 after_bytes=0 used_bytes=1207076 live_reservations=17 attempts=334
fixture_lease event=drop owner=0x7bf9006110 id=333 before_bytes=18648 after_bytes=0 used_bytes=1188428 live_reservations=16 attempts=334
fixture_lease event=installed owner=0x7bf9006110 id=335 before_bytes=0 after_bytes=18648 used_bytes=1207076 live_reservations=17 attempts=335
fixture_lease event=installed owner=0x7bf9006110 id=336 before_bytes=0 after_bytes=24848 used_bytes=1231924 live_reservations=18 attempts=336
fixture_lease event=drop owner=0x7bf9006110 id=336 before_bytes=24848 after_bytes=0 used_bytes=1207076 live_reservations=17 attempts=336
fixture_lease event=drop owner=0x7bf9006110 id=335 before_bytes=18648 after_bytes=0 used_bytes=1188428 live_reservations=16 attempts=336
fixture_lease event=installed owner=0x7bf9006110 id=337 before_bytes=0 after_bytes=8614 used_bytes=1197042 live_reservations=17 attempts=337
fixture_lease event=drop owner=0x7bf9006110 id=337 before_bytes=8614 after_bytes=0 used_bytes=1188428 live_reservations=16 attempts=337
fixture_lease event=drop owner=0x7bf9006110 id=323 before_bytes=8608 after_bytes=0 used_bytes=1179820 live_reservations=15 attempts=337
fixture_lease event=drop owner=0x7bf9006110 id=322 before_bytes=8488 after_bytes=0 used_bytes=1171332 live_reservations=14 attempts=337
fixture_lease event=installed owner=0x7bf9006110 id=338 before_bytes=0 after_bytes=8488 used_bytes=1179820 live_reservations=15 attempts=338
fixture_lease event=installed owner=0x7bf9006110 id=339 before_bytes=0 after_bytes=8608 used_bytes=1188428 live_reservations=16 attempts=339
fixture_lease event=installed owner=0x7bf9006110 id=340 before_bytes=0 after_bytes=18648 used_bytes=1207076 live_reservations=17 attempts=340
fixture_lease event=installed owner=0x7bf9006110 id=341 before_bytes=0 after_bytes=24848 used_bytes=1231924 live_reservations=18 attempts=341
fixture_lease event=drop owner=0x7bf9006110 id=341 before_bytes=24848 after_bytes=0 used_bytes=1207076 live_reservations=17 attempts=341
fixture_lease event=drop owner=0x7bf9006110 id=340 before_bytes=18648 after_bytes=0 used_bytes=1188428 live_reservations=16 attempts=341
fixture_lease event=installed owner=0x7bf9006110 id=342 before_bytes=0 after_bytes=18648 used_bytes=1207076 live_reservations=17 attempts=342
fixture_lease event=installed owner=0x7bf9006110 id=343 before_bytes=0 after_bytes=24848 used_bytes=1231924 live_reservations=18 attempts=343
fixture_lease event=drop owner=0x7bf9006110 id=343 before_bytes=24848 after_bytes=0 used_bytes=1207076 live_reservations=17 attempts=343
fixture_lease event=drop owner=0x7bf9006110 id=342 before_bytes=18648 after_bytes=0 used_bytes=1188428 live_reservations=16 attempts=343
fixture_lease event=installed owner=0x7bf9006110 id=344 before_bytes=0 after_bytes=18648 used_bytes=1207076 live_reservations=17 attempts=344
fixture_lease event=installed owner=0x7bf9006110 id=345 before_bytes=0 after_bytes=24848 used_bytes=1231924 live_reservations=18 attempts=345
fixture_lease event=drop owner=0x7bf9006110 id=345 before_bytes=24848 after_bytes=0 used_bytes=1207076 live_reservations=17 attempts=345
fixture_lease event=drop owner=0x7bf9006110 id=344 before_bytes=18648 after_bytes=0 used_bytes=1188428 live_reservations=16 attempts=345
fixture_lease event=installed owner=0x7bf9006110 id=346 before_bytes=0 after_bytes=18648 used_bytes=1207076 live_reservations=17 attempts=346
fixture_lease event=installed owner=0x7bf9006110 id=347 before_bytes=0 after_bytes=24848 used_bytes=1231924 live_reservations=18 attempts=347
fixture_lease event=drop owner=0x7bf9006110 id=347 before_bytes=24848 after_bytes=0 used_bytes=1207076 live_reservations=17 attempts=347
fixture_lease event=drop owner=0x7bf9006110 id=346 before_bytes=18648 after_bytes=0 used_bytes=1188428 live_reservations=16 attempts=347
fixture_lease event=installed owner=0x7bf9006110 id=348 before_bytes=0 after_bytes=8466 used_bytes=1196894 live_reservations=17 attempts=348
fixture_lease event=drop owner=0x7bf9006110 id=348 before_bytes=8466 after_bytes=0 used_bytes=1188428 live_reservations=16 attempts=348
fixture_lease event=installed owner=0x7bf9006110 id=349 before_bytes=0 after_bytes=18648 used_bytes=1207076 live_reservations=17 attempts=349
fixture_lease event=installed owner=0x7bf9006110 id=350 before_bytes=0 after_bytes=24848 used_bytes=1231924 live_reservations=18 attempts=350
fixture_lease event=drop owner=0x7bf9006110 id=350 before_bytes=24848 after_bytes=0 used_bytes=1207076 live_reservations=17 attempts=350
fixture_lease event=drop owner=0x7bf9006110 id=349 before_bytes=18648 after_bytes=0 used_bytes=1188428 live_reservations=16 attempts=350
fixture_lease event=installed owner=0x7bf9006110 id=351 before_bytes=0 after_bytes=18648 used_bytes=1207076 live_reservations=17 attempts=351
fixture_lease event=installed owner=0x7bf9006110 id=352 before_bytes=0 after_bytes=24848 used_bytes=1231924 live_reservations=18 attempts=352
fixture_lease event=drop owner=0x7bf9006110 id=352 before_bytes=24848 after_bytes=0 used_bytes=1207076 live_reservations=17 attempts=352
fixture_lease event=drop owner=0x7bf9006110 id=351 before_bytes=18648 after_bytes=0 used_bytes=1188428 live_reservations=16 attempts=352
fixture_lease event=installed owner=0x7bf9006110 id=353 before_bytes=0 after_bytes=8614 used_bytes=1197042 live_reservations=17 attempts=353
fixture_lease event=drop owner=0x7bf9006110 id=353 before_bytes=8614 after_bytes=0 used_bytes=1188428 live_reservations=16 attempts=353
fixture_lease event=drop owner=0x7bf9006110 id=339 before_bytes=8608 after_bytes=0 used_bytes=1179820 live_reservations=15 attempts=353
fixture_lease event=drop owner=0x7bf9006110 id=338 before_bytes=8488 after_bytes=0 used_bytes=1171332 live_reservations=14 attempts=353
receipt_staging phase=setup_entered ordinal=None succeeded=None
fixture_lease event=installed owner=0x7bf9006110 id=354 before_bytes=0 after_bytes=267232 used_bytes=1438564 live_reservations=15 attempts=354
fixture_lease event=installed owner=0x7bf9006110 id=355 before_bytes=0 after_bytes=147552 used_bytes=1586116 live_reservations=16 attempts=355
fixture_lease event=installed owner=0x7bf9006110 id=356 before_bytes=0 after_bytes=57736 used_bytes=1643852 live_reservations=17 attempts=356
fixture_lease event=installed owner=0x7bf9006110 id=357 before_bytes=0 after_bytes=157680 used_bytes=1801532 live_reservations=18 attempts=357
fixture_lease event=installed owner=0x7bf9006110 id=358 before_bytes=0 after_bytes=13008 used_bytes=1814540 live_reservations=19 attempts=358
fixture_lease event=installed owner=0x7bf9006110 id=359 before_bytes=0 after_bytes=16792 used_bytes=1831332 live_reservations=20 attempts=359
fixture_lease event=installed owner=0x7bf9006110 id=360 before_bytes=0 after_bytes=43440 used_bytes=1874772 live_reservations=21 attempts=360
fixture_lease event=installed owner=0x7bf9006110 id=361 before_bytes=0 after_bytes=8488 used_bytes=1883260 live_reservations=22 attempts=361
fixture_lease event=installed owner=0x7bf9006110 id=362 before_bytes=0 after_bytes=8608 used_bytes=1891868 live_reservations=23 attempts=362
fixture_lease event=installed owner=0x7bf9006110 id=363 before_bytes=0 after_bytes=73800 used_bytes=1965668 live_reservations=24 attempts=363
fixture_lease event=installed owner=0x7bf9006110 id=364 before_bytes=0 after_bytes=8471 used_bytes=1974139 live_reservations=25 attempts=364
fixture_lease event=drop owner=0x7bf9006110 id=362 before_bytes=8608 after_bytes=0 used_bytes=1965531 live_reservations=24 attempts=364
fixture_lease event=drop owner=0x7bf9006110 id=361 before_bytes=8488 after_bytes=0 used_bytes=1957043 live_reservations=23 attempts=364
fixture_lease event=installed owner=0x7bf9006110 id=365 before_bytes=0 after_bytes=8712 used_bytes=1965755 live_reservations=24 attempts=365
fixture_lease event=installed owner=0x7bf9006110 id=366 before_bytes=0 after_bytes=2412520 used_bytes=4378275 live_reservations=25 attempts=366
fixture_lease event=installed owner=0x7bf9006110 id=367 before_bytes=0 after_bytes=120224 used_bytes=4498499 live_reservations=26 attempts=367
fixture_lease event=installed owner=0x7bf9006110 id=368 before_bytes=0 after_bytes=33056 used_bytes=4531555 live_reservations=27 attempts=368
fixture_lease event=installed owner=0x7bf9006110 id=369 before_bytes=0 after_bytes=13648 used_bytes=4545203 live_reservations=28 attempts=369
fixture_lease event=installed owner=0x7bf9006110 id=370 before_bytes=0 after_bytes=22384 used_bytes=4567587 live_reservations=29 attempts=370
fixture_lease event=installed owner=0x7bf9006110 id=371 before_bytes=0 after_bytes=24848 used_bytes=4592435 live_reservations=30 attempts=371
fixture_lease event=installed owner=0x7bf9006110 id=372 before_bytes=0 after_bytes=16664 used_bytes=4609099 live_reservations=31 attempts=372
fixture_lease event=installed owner=0x7bf9006110 id=373 before_bytes=0 after_bytes=147552 used_bytes=4756651 live_reservations=32 attempts=373
TestDiskMemory::reserve_installed denied: provider=0x7bf9006110 requested_bytes=143432 charged_bytes=147552 bookkeeping_bytes=24184 used_bytes=4756651 next_used_bytes=4904203 max_bytes=67108864 live_reservations=32 max_reservations=32 attempts=374 error=Kind(OutOfMemory)
fixture_lease event=drop owner=0x7bf9006110 id=373 before_bytes=147552 after_bytes=0 used_bytes=4609099 live_reservations=31 attempts=374
fixture_lease event=drop owner=0x7bf9006110 id=372 before_bytes=16664 after_bytes=0 used_bytes=4592435 live_reservations=30 attempts=374
fixture_lease event=drop owner=0x7bf9006110 id=368 before_bytes=33056 after_bytes=0 used_bytes=4559379 live_reservations=29 attempts=374
fixture_lease event=drop owner=0x7bf9006110 id=371 before_bytes=24848 after_bytes=0 used_bytes=4534531 live_reservations=28 attempts=374
fixture_lease event=drop owner=0x7bf9006110 id=370 before_bytes=22384 after_bytes=0 used_bytes=4512147 live_reservations=27 attempts=374
fixture_lease event=drop owner=0x7bf9006110 id=369 before_bytes=13648 after_bytes=0 used_bytes=4498499 live_reservations=26 attempts=374
fixture_lease event=drop owner=0x7bf9006110 id=367 before_bytes=120224 after_bytes=0 used_bytes=4378275 live_reservations=25 attempts=374
fixture_lease event=drop owner=0x7bf9006110 id=366 before_bytes=2412520 after_bytes=0 used_bytes=1965755 live_reservations=24 attempts=374
fixture_lease event=drop owner=0x7bf9006110 id=365 before_bytes=8712 after_bytes=0 used_bytes=1957043 live_reservations=23 attempts=374
fixture_lease event=drop owner=0x7bf9006110 id=364 before_bytes=8471 after_bytes=0 used_bytes=1948572 live_reservations=22 attempts=374
fixture_lease event=drop owner=0x7bf9006110 id=363 before_bytes=73800 after_bytes=0 used_bytes=1874772 live_reservations=21 attempts=374
fixture_lease event=drop owner=0x7bf9006110 id=355 before_bytes=147552 after_bytes=0 used_bytes=1727220 live_reservations=20 attempts=374
fixture_lease event=drop owner=0x7bf9006110 id=358 before_bytes=13008 after_bytes=0 used_bytes=1714212 live_reservations=19 attempts=374
fixture_lease event=drop owner=0x7bf9006110 id=359 before_bytes=16792 after_bytes=0 used_bytes=1697420 live_reservations=18 attempts=374
fixture_lease event=drop owner=0x7bf9006110 id=360 before_bytes=43440 after_bytes=0 used_bytes=1653980 live_reservations=17 attempts=374
fixture_lease event=drop owner=0x7bf9006110 id=357 before_bytes=157680 after_bytes=0 used_bytes=1496300 live_reservations=16 attempts=374
fixture_lease event=drop owner=0x7bf9006110 id=356 before_bytes=57736 after_bytes=0 used_bytes=1438564 live_reservations=15 attempts=374
fixture_lease event=drop owner=0x7bf9006110 id=354 before_bytes=267232 after_bytes=0 used_bytes=1171332 live_reservations=14 attempts=374
receipt_staging phase=setup_returned ordinal=None succeeded=Some(false)

thread 'state::restore_budget_tests::restored_identity_metadata_is_validated_before_bootstrap_persistence' (22111081) panicked at crates/kasumi-engine/src/state.rs:3393:42:
called `Result::unwrap()` on an `Err` value: Error { code: Corruption, message: "invalid tenant snapshot" }
note: run with `RUST_BACKTRACE=1` environment variable to display a backtrace
fixture_lease event=drop owner=0x7bf9006110 id=6 before_bytes=147552 after_bytes=0 used_bytes=1023780 live_reservations=13 attempts=374
fixture_lease event=drop owner=0x7bf9006110 id=24 before_bytes=147552 after_bytes=0 used_bytes=876228 live_reservations=12 attempts=374
fixture_lease event=drop owner=0x7bf9006110 id=25 before_bytes=147552 after_bytes=0 used_bytes=728676 live_reservations=11 attempts=374
fixture_lease event=drop owner=0x7bf9006110 id=9 before_bytes=13008 after_bytes=0 used_bytes=715668 live_reservations=10 attempts=374
fixture_lease event=drop owner=0x7bf9006110 id=10 before_bytes=16792 after_bytes=0 used_bytes=698876 live_reservations=9 attempts=374
fixture_lease event=drop owner=0x7bf9006110 id=26 before_bytes=69656 after_bytes=0 used_bytes=629220 live_reservations=8 attempts=374
fixture_lease event=drop owner=0x7bf9006110 id=11 before_bytes=43440 after_bytes=0 used_bytes=585780 live_reservations=7 attempts=374
fixture_lease event=drop owner=0x7bf9006110 id=8 before_bytes=157680 after_bytes=0 used_bytes=428100 live_reservations=6 attempts=374
fixture_lease event=drop owner=0x7bf9006110 id=7 before_bytes=57736 after_bytes=0 used_bytes=370364 live_reservations=5 attempts=374
fixture_lease event=drop owner=0x7bf9006110 id=5 before_bytes=267232 after_bytes=0 used_bytes=103132 live_reservations=4 attempts=374
test state::restore_budget_tests::restored_identity_metadata_is_validated_before_bootstrap_persistence ... FAILED

failures:

failures:
    state::restore_budget_tests::restored_identity_metadata_is_validated_before_bootstrap_persistence

test result: FAILED. 0 passed; 1 failed; 0 ignored; 0 measured; 623 filtered out; finished in 1.27s

error: test failed, to rerun pass `-p kasumi-engine --lib`
     Running unittests src/lib.rs (target/disk-backed-cache/debug/deps/kasumi_raft-8af78bc0d2a8574c)

running 0 tests

test result: ok. 0 passed; 0 failed; 0 ignored; 0 measured; 162 filtered out; finished in 0.00s

     Running unittests src/lib.rs (target/disk-backed-cache/debug/deps/kasumi_store-4ef75ebdc018c368)

running 0 tests

test result: ok. 0 passed; 0 failed; 0 ignored; 0 measured; 705 filtered out; finished in 0.00s

error: 1 target failed:
    `-p kasumi-engine --lib`
Runner: 2.30s; exit=101; matching=862/862
