
running 325 tests
test audit_archive::owned::tests::exclusive_rename_preserves_an_existing_destination_and_the_source_inode ... ok
test audit_archive::owned::tests::owned_publication_resolves_partial_writes_and_uncertain_rename_without_adopting_files ... 
thread 'audit_archive::owned::tests::owned_publication_resolves_partial_writes_and_uncertain_rename_without_adopting_files' (6215200) panicked at crates/kasumi-store/src/audit_archive_owned.rs:165:14:
called `Result::unwrap()` on an `Err` value: invalid data

Stack backtrace:
   0: std::backtrace_rs::backtrace::libunwind::trace
             at /rustc/8bab26f4f68e0e26f0bb7960be334d5b520ea452/library/std/src/../../backtrace/src/backtrace/libunwind.rs:117:9
   1: std::backtrace_rs::backtrace::trace_unsynchronized::<<std::backtrace::Backtrace>::create::{closure#0}>
             at /rustc/8bab26f4f68e0e26f0bb7960be334d5b520ea452/library/std/src/../../backtrace/src/backtrace/mod.rs:66:14
   2: <std::backtrace::Backtrace>::create
             at /rustc/8bab26f4f68e0e26f0bb7960be334d5b520ea452/library/std/src/backtrace.rs:331:13
   3: <anyhow::Error as core::convert::From<std::io::error::Error>>::from
             at /Users/mtakemiya/.cargo/registry/src/index.crates.io-1949cf8c6b5b557f/anyhow-1.0.104/src/backtrace.rs:10:14
   4: <core::result::Result<kasumi_store::backup_sessions::filesystem::Directory, anyhow::Error> as core::ops::try_trait::FromResidual<core::result::Result<core::convert::Infallible, std::io::error::Error>>>::from_residual
             at /rustc/8bab26f4f68e0e26f0bb7960be334d5b520ea452/library/core/src/result.rs:2189:27
   5: <kasumi_store::backup_sessions::filesystem::Directory>::open_or_create
             at ./crates/kasumi-store/src/backup_sessions_fs.rs:39:22
   6: <kasumi_store::audit_archive::FilesystemAuditArchive>::open::<&std::path::Path>
             at ./crates/kasumi-store/src/audit_archive.rs:633:13
   7: <kasumi_store::audit_archive::FilesystemAuditArchive>::open_fixture::<&std::path::PathBuf>
             at ./crates/kasumi-store/src/test_utils.rs:568:9
   8: kasumi_store::audit_archive::owned::tests::owned_publication_resolves_partial_writes_and_uncertain_rename_without_adopting_files::{closure#0}
             at ./crates/kasumi-store/src/audit_archive_owned.rs:164:23
   9: <core::pin::Pin<&mut dyn core::future::future::Future<Output = ()>> as core::future::future::Future>::poll
             at /rustc/8bab26f4f68e0e26f0bb7960be334d5b520ea452/library/core/src/future/future.rs:133:9
  10: <core::pin::Pin<&mut core::pin::Pin<&mut dyn core::future::future::Future<Output = ()>>> as core::future::future::Future>::poll
             at /rustc/8bab26f4f68e0e26f0bb7960be334d5b520ea452/library/core/src/future/future.rs:133:9
  11: <tokio::runtime::scheduler::current_thread::CoreGuard>::block_on::<core::pin::Pin<&mut core::pin::Pin<&mut dyn core::future::future::Future<Output = ()>>>>::{closure#0}::{closure#0}::{closure#0}
             at /Users/mtakemiya/.cargo/registry/src/index.crates.io-1949cf8c6b5b557f/tokio-1.53.1/src/runtime/scheduler/current_thread/mod.rs:830:70
  12: tokio::task::coop::with_budget::<core::task::poll::Poll<()>, <tokio::runtime::scheduler::current_thread::CoreGuard>::block_on<core::pin::Pin<&mut core::pin::Pin<&mut dyn core::future::future::Future<Output = ()>>>>::{closure#0}::{closure#0}::{closure#0}>
             at /Users/mtakemiya/.cargo/registry/src/index.crates.io-1949cf8c6b5b557f/tokio-1.53.1/src/task/coop/mod.rs:167:5
  13: tokio::task::coop::budget::<core::task::poll::Poll<()>, <tokio::runtime::scheduler::current_thread::CoreGuard>::block_on<core::pin::Pin<&mut core::pin::Pin<&mut dyn core::future::future::Future<Output = ()>>>>::{closure#0}::{closure#0}::{closure#0}>
             at /Users/mtakemiya/.cargo/registry/src/index.crates.io-1949cf8c6b5b557f/tokio-1.53.1/src/task/coop/mod.rs:133:5
  14: <tokio::runtime::scheduler::current_thread::CoreGuard>::block_on::<core::pin::Pin<&mut core::pin::Pin<&mut dyn core::future::future::Future<Output = ()>>>>::{closure#0}::{closure#0}
             at /Users/mtakemiya/.cargo/registry/src/index.crates.io-1949cf8c6b5b557f/tokio-1.53.1/src/runtime/scheduler/current_thread/mod.rs:830:25
  15: <tokio::runtime::scheduler::current_thread::Context>::enter::<core::task::poll::Poll<()>, <tokio::runtime::scheduler::current_thread::CoreGuard>::block_on<core::pin::Pin<&mut core::pin::Pin<&mut dyn core::future::future::Future<Output = ()>>>>::{closure#0}::{closure#0}>
             at /Users/mtakemiya/.cargo/registry/src/index.crates.io-1949cf8c6b5b557f/tokio-1.53.1/src/runtime/scheduler/current_thread/mod.rs:488:19
  16: <tokio::runtime::scheduler::current_thread::CoreGuard>::block_on::<core::pin::Pin<&mut core::pin::Pin<&mut dyn core::future::future::Future<Output = ()>>>>::{closure#0}
             at /Users/mtakemiya/.cargo/registry/src/index.crates.io-1949cf8c6b5b557f/tokio-1.53.1/src/runtime/scheduler/current_thread/mod.rs:829:44
  17: <tokio::runtime::scheduler::current_thread::CoreGuard>::enter::<<tokio::runtime::scheduler::current_thread::CoreGuard>::block_on<core::pin::Pin<&mut core::pin::Pin<&mut dyn core::future::future::Future<Output = ()>>>>::{closure#0}, core::option::Option<()>>::{closure#0}
             at /Users/mtakemiya/.cargo/registry/src/index.crates.io-1949cf8c6b5b557f/tokio-1.53.1/src/runtime/scheduler/current_thread/mod.rs:906:68
  18: <tokio::runtime::context::scoped::Scoped<tokio::runtime::scheduler::Context>>::set::<<tokio::runtime::scheduler::current_thread::CoreGuard>::enter<<tokio::runtime::scheduler::current_thread::CoreGuard>::block_on<core::pin::Pin<&mut core::pin::Pin<&mut dyn core::future::future::Future<Output = ()>>>>::{closure#0}, core::option::Option<()>>::{closure#0}, (alloc::boxed::Box<tokio::runtime::scheduler::current_thread::Core>, core::option::Option<()>)>
             at /Users/mtakemiya/.cargo/registry/src/index.crates.io-1949cf8c6b5b557f/tokio-1.53.1/src/runtime/context/scoped.rs:40:9
  19: tokio::runtime::context::set_scheduler::<(alloc::boxed::Box<tokio::runtime::scheduler::current_thread::Core>, core::option::Option<()>), <tokio::runtime::scheduler::current_thread::CoreGuard>::enter<<tokio::runtime::scheduler::current_thread::CoreGuard>::block_on<core::pin::Pin<&mut core::pin::Pin<&mut dyn core::future::future::Future<Output = ()>>>>::{closure#0}, core::option::Option<()>>::{closure#0}>::{closure#0}
             at /Users/mtakemiya/.cargo/registry/src/index.crates.io-1949cf8c6b5b557f/tokio-1.53.1/src/runtime/context.rs:187:38
  20: <std::thread::local::LocalKey<tokio::runtime::context::Context>>::try_with::<tokio::runtime::context::set_scheduler<(alloc::boxed::Box<tokio::runtime::scheduler::current_thread::Core>, core::option::Option<()>), <tokio::runtime::scheduler::current_thread::CoreGuard>::enter<<tokio::runtime::scheduler::current_thread::CoreGuard>::block_on<core::pin::Pin<&mut core::pin::Pin<&mut dyn core::future::future::Future<Output = ()>>>>::{closure#0}, core::option::Option<()>>::{closure#0}>::{closure#0}, (alloc::boxed::Box<tokio::runtime::scheduler::current_thread::Core>, core::option::Option<()>)>
             at /rustc/8bab26f4f68e0e26f0bb7960be334d5b520ea452/library/std/src/thread/local.rs:462:12
  21: <std::thread::local::LocalKey<tokio::runtime::context::Context>>::with::<tokio::runtime::context::set_scheduler<(alloc::boxed::Box<tokio::runtime::scheduler::current_thread::Core>, core::option::Option<()>), <tokio::runtime::scheduler::current_thread::CoreGuard>::enter<<tokio::runtime::scheduler::current_thread::CoreGuard>::block_on<core::pin::Pin<&mut core::pin::Pin<&mut dyn core::future::future::Future<Output = ()>>>>::{closure#0}, core::option::Option<()>>::{closure#0}>::{closure#0}, (alloc::boxed::Box<tokio::runtime::scheduler::current_thread::Core>, core::option::Option<()>)>
             at /rustc/8bab26f4f68e0e26f0bb7960be334d5b520ea452/library/std/src/thread/local.rs:426:20
  22: tokio::runtime::context::set_scheduler::<(alloc::boxed::Box<tokio::runtime::scheduler::current_thread::Core>, core::option::Option<()>), <tokio::runtime::scheduler::current_thread::CoreGuard>::enter<<tokio::runtime::scheduler::current_thread::CoreGuard>::block_on<core::pin::Pin<&mut core::pin::Pin<&mut dyn core::future::future::Future<Output = ()>>>>::{closure#0}, core::option::Option<()>>::{closure#0}>
             at /Users/mtakemiya/.cargo/registry/src/index.crates.io-1949cf8c6b5b557f/tokio-1.53.1/src/runtime/context.rs:187:17
  23: <tokio::runtime::scheduler::current_thread::CoreGuard>::enter::<<tokio::runtime::scheduler::current_thread::CoreGuard>::block_on<core::pin::Pin<&mut core::pin::Pin<&mut dyn core::future::future::Future<Output = ()>>>>::{closure#0}, core::option::Option<()>>
             at /Users/mtakemiya/.cargo/registry/src/index.crates.io-1949cf8c6b5b557f/tokio-1.53.1/src/runtime/scheduler/current_thread/mod.rs:906:27
  24: <tokio::runtime::scheduler::current_thread::CoreGuard>::block_on::<core::pin::Pin<&mut core::pin::Pin<&mut dyn core::future::future::Future<Output = ()>>>>
             at /Users/mtakemiya/.cargo/registry/src/index.crates.io-1949cf8c6b5b557f/tokio-1.53.1/src/runtime/scheduler/current_thread/mod.rs:817:24
  25: <tokio::runtime::scheduler::current_thread::CurrentThread>::block_on::<core::pin::Pin<&mut dyn core::future::future::Future<Output = ()>>>::{closure#0}
             at /Users/mtakemiya/.cargo/registry/src/index.crates.io-1949cf8c6b5b557f/tokio-1.53.1/src/runtime/scheduler/current_thread/mod.rs:218:33
  26: tokio::runtime::context::runtime::enter_runtime::<<tokio::runtime::scheduler::current_thread::CurrentThread>::block_on<core::pin::Pin<&mut dyn core::future::future::Future<Output = ()>>>::{closure#0}, ()>
             at /Users/mtakemiya/.cargo/registry/src/index.crates.io-1949cf8c6b5b557f/tokio-1.53.1/src/runtime/context/runtime.rs:65:16
  27: <tokio::runtime::scheduler::current_thread::CurrentThread>::block_on::<core::pin::Pin<&mut dyn core::future::future::Future<Output = ()>>>
             at /Users/mtakemiya/.cargo/registry/src/index.crates.io-1949cf8c6b5b557f/tokio-1.53.1/src/runtime/scheduler/current_thread/mod.rs:206:9
  28: <tokio::runtime::runtime::Runtime>::block_on_inner::<core::pin::Pin<&mut dyn core::future::future::Future<Output = ()>>>
             at /Users/mtakemiya/.cargo/registry/src/index.crates.io-1949cf8c6b5b557f/tokio-1.53.1/src/runtime/runtime.rs:374:52
  29: <tokio::runtime::runtime::Runtime>::block_on::<core::pin::Pin<&mut dyn core::future::future::Future<Output = ()>>>
             at /Users/mtakemiya/.cargo/registry/src/index.crates.io-1949cf8c6b5b557f/tokio-1.53.1/src/runtime/runtime.rs:343:18
  30: kasumi_store::audit_archive::owned::tests::owned_publication_resolves_partial_writes_and_uncertain_rename_without_adopting_files
             at ./crates/kasumi-store/src/audit_archive_owned.rs:224:40
  31: kasumi_store::audit_archive::owned::tests::owned_publication_resolves_partial_writes_and_uncertain_rename_without_adopting_files::{closure#0}
             at ./crates/kasumi-store/src/audit_archive_owned.rs:139:101
  32: <kasumi_store::audit_archive::owned::tests::owned_publication_resolves_partial_writes_and_uncertain_rename_without_adopting_files::{closure#0} as core::ops::function::FnOnce<()>>::call_once
             at /rustc/8bab26f4f68e0e26f0bb7960be334d5b520ea452/library/core/src/ops/function.rs:250:5
  33: <fn() -> core::result::Result<(), alloc::string::String> as core::ops::function::FnOnce<()>>::call_once
             at /rustc/8bab26f4f68e0e26f0bb7960be334d5b520ea452/library/core/src/ops/function.rs:250:5
  34: test::__rust_begin_short_backtrace::<core::result::Result<(), alloc::string::String>, fn() -> core::result::Result<(), alloc::string::String>>
             at /rustc/8bab26f4f68e0e26f0bb7960be334d5b520ea452/library/test/src/lib.rs:724:18
  35: test::run_test_in_process::{closure#0}
             at /rustc/8bab26f4f68e0e26f0bb7960be334d5b520ea452/library/test/src/lib.rs:747:74
  36: <core::panic::unwind_safe::AssertUnwindSafe<test::run_test_in_process::{closure#0}> as core::ops::function::FnOnce<()>>::call_once
             at /rustc/8bab26f4f68e0e26f0bb7960be334d5b520ea452/library/core/src/panic/unwind_safe.rs:275:9
  37: std::panicking::catch_unwind::do_call::<core::panic::unwind_safe::AssertUnwindSafe<test::run_test_in_process::{closure#0}>, core::result::Result<(), alloc::string::String>>
             at /rustc/8bab26f4f68e0e26f0bb7960be334d5b520ea452/library/std/src/panicking.rs:581:40
  38: std::panicking::catch_unwind::<core::result::Result<(), alloc::string::String>, core::panic::unwind_safe::AssertUnwindSafe<test::run_test_in_process::{closure#0}>>
             at /rustc/8bab26f4f68e0e26f0bb7960be334d5b520ea452/library/std/src/panicking.rs:544:19
  39: std::panic::catch_unwind::<core::panic::unwind_safe::AssertUnwindSafe<test::run_test_in_process::{closure#0}>, core::result::Result<(), alloc::string::String>>
             at /rustc/8bab26f4f68e0e26f0bb7960be334d5b520ea452/library/std/src/panic.rs:359:14
  40: test::run_test_in_process
             at /rustc/8bab26f4f68e0e26f0bb7960be334d5b520ea452/library/test/src/lib.rs:747:27
  41: test::run_test::{closure#0}
             at /rustc/8bab26f4f68e0e26f0bb7960be334d5b520ea452/library/test/src/lib.rs:668:43
  42: test::run_test::{closure#1}
             at /rustc/8bab26f4f68e0e26f0bb7960be334d5b520ea452/library/test/src/lib.rs:698:41
  43: std::sys::backtrace::__rust_begin_short_backtrace::<test::run_test::{closure#1}, ()>
             at /rustc/8bab26f4f68e0e26f0bb7960be334d5b520ea452/library/std/src/sys/backtrace.rs:166:18
  44: std::thread::lifecycle::spawn_unchecked::<test::run_test::{closure#1}, ()>::{closure#1}::{closure#0}
             at /rustc/8bab26f4f68e0e26f0bb7960be334d5b520ea452/library/std/src/thread/lifecycle.rs:70:13
  45: <core::panic::unwind_safe::AssertUnwindSafe<std::thread::lifecycle::spawn_unchecked<test::run_test::{closure#1}, ()>::{closure#1}::{closure#0}> as core::ops::function::FnOnce<()>>::call_once
             at /rustc/8bab26f4f68e0e26f0bb7960be334d5b520ea452/library/core/src/panic/unwind_safe.rs:275:9
  46: std::panicking::catch_unwind::do_call::<core::panic::unwind_safe::AssertUnwindSafe<std::thread::lifecycle::spawn_unchecked<test::run_test::{closure#1}, ()>::{closure#1}::{closure#0}>, ()>
             at /rustc/8bab26f4f68e0e26f0bb7960be334d5b520ea452/library/std/src/panicking.rs:581:40
  47: std::panicking::catch_unwind::<(), core::panic::unwind_safe::AssertUnwindSafe<std::thread::lifecycle::spawn_unchecked<test::run_test::{closure#1}, ()>::{closure#1}::{closure#0}>>
             at /rustc/8bab26f4f68e0e26f0bb7960be334d5b520ea452/library/std/src/panicking.rs:544:19
  48: std::panic::catch_unwind::<core::panic::unwind_safe::AssertUnwindSafe<std::thread::lifecycle::spawn_unchecked<test::run_test::{closure#1}, ()>::{closure#1}::{closure#0}>, ()>
             at /rustc/8bab26f4f68e0e26f0bb7960be334d5b520ea452/library/std/src/panic.rs:359:14
  49: std::thread::lifecycle::spawn_unchecked::<test::run_test::{closure#1}, ()>::{closure#1}
             at /rustc/8bab26f4f68e0e26f0bb7960be334d5b520ea452/library/std/src/thread/lifecycle.rs:68:26
  50: <std::thread::lifecycle::spawn_unchecked<test::run_test::{closure#1}, ()>::{closure#1} as core::ops::function::FnOnce<()>>::call_once::{shim:vtable#0}
             at /rustc/8bab26f4f68e0e26f0bb7960be334d5b520ea452/library/core/src/ops/function.rs:250:5
  51: <alloc::boxed::Box<dyn core::ops::function::FnOnce<(), Output = ()> + core::marker::Send> as core::ops::function::FnOnce<()>>::call_once
             at /rustc/8bab26f4f68e0e26f0bb7960be334d5b520ea452/library/alloc/src/boxed.rs:2275:9
  52: <std::sys::thread::unix::Thread>::new::thread_start
             at /rustc/8bab26f4f68e0e26f0bb7960be334d5b520ea452/library/std/src/sys/thread/unix.rs:118:17
  53: __pthread_exit
stack backtrace:
   0: __rustc::rust_begin_unwind
             at /rustc/8bab26f4f68e0e26f0bb7960be334d5b520ea452/library/std/src/panicking.rs:689:5
   1: core::panicking::panic_fmt
             at /rustc/8bab26f4f68e0e26f0bb7960be334d5b520ea452/library/core/src/panicking.rs:80:14
   2: core::result::unwrap_failed
             at /rustc/8bab26f4f68e0e26f0bb7960be334d5b520ea452/library/core/src/result.rs:1867:5
   3: <core::result::Result<kasumi_store::audit_archive::FilesystemAuditArchive, anyhow::Error>>::unwrap
             at /rustc/8bab26f4f68e0e26f0bb7960be334d5b520ea452/library/core/src/result.rs:1233:23
   4: kasumi_store::audit_archive::owned::tests::owned_publication_resolves_partial_writes_and_uncertain_rename_without_adopting_files::{closure#0}
             at ./crates/kasumi-store/src/audit_archive_owned.rs:165:14
   5: <core::pin::Pin<&mut dyn core::future::future::Future<Output = ()>> as core::future::future::Future>::poll
             at /rustc/8bab26f4f68e0e26f0bb7960be334d5b520ea452/library/core/src/future/future.rs:133:9
   6: <core::pin::Pin<&mut core::pin::Pin<&mut dyn core::future::future::Future<Output = ()>>> as core::future::future::Future>::poll
             at /rustc/8bab26f4f68e0e26f0bb7960be334d5b520ea452/library/core/src/future/future.rs:133:9
   7: <tokio::runtime::scheduler::current_thread::CoreGuard>::block_on::<core::pin::Pin<&mut core::pin::Pin<&mut dyn core::future::future::Future<Output = ()>>>>::{closure#0}::{closure#0}::{closure#0}
             at /Users/mtakemiya/.cargo/registry/src/index.crates.io-1949cf8c6b5b557f/tokio-1.53.1/src/runtime/scheduler/current_thread/mod.rs:830:70
   8: tokio::task::coop::with_budget::<core::task::poll::Poll<()>, <tokio::runtime::scheduler::current_thread::CoreGuard>::block_on<core::pin::Pin<&mut core::pin::Pin<&mut dyn core::future::future::Future<Output = ()>>>>::{closure#0}::{closure#0}::{closure#0}>
             at /Users/mtakemiya/.cargo/registry/src/index.crates.io-1949cf8c6b5b557f/tokio-1.53.1/src/task/coop/mod.rs:167:5
   9: tokio::task::coop::budget::<core::task::poll::Poll<()>, <tokio::runtime::scheduler::current_thread::CoreGuard>::block_on<core::pin::Pin<&mut core::pin::Pin<&mut dyn core::future::future::Future<Output = ()>>>>::{closure#0}::{closure#0}::{closure#0}>
             at /Users/mtakemiya/.cargo/registry/src/index.crates.io-1949cf8c6b5b557f/tokio-1.53.1/src/task/coop/mod.rs:133:5
  10: <tokio::runtime::scheduler::current_thread::CoreGuard>::block_on::<core::pin::Pin<&mut core::pin::Pin<&mut dyn core::future::future::Future<Output = ()>>>>::{closure#0}::{closure#0}
             at /Users/mtakemiya/.cargo/registry/src/index.crates.io-1949cf8c6b5b557f/tokio-1.53.1/src/runtime/scheduler/current_thread/mod.rs:830:25
  11: <tokio::runtime::scheduler::current_thread::Context>::enter::<core::task::poll::Poll<()>, <tokio::runtime::scheduler::current_thread::CoreGuard>::block_on<core::pin::Pin<&mut core::pin::Pin<&mut dyn core::future::future::Future<Output = ()>>>>::{closure#0}::{closure#0}>
             at /Users/mtakemiya/.cargo/registry/src/index.crates.io-1949cf8c6b5b557f/tokio-1.53.1/src/runtime/scheduler/current_thread/mod.rs:488:19
  12: <tokio::runtime::scheduler::current_thread::CoreGuard>::block_on::<core::pin::Pin<&mut core::pin::Pin<&mut dyn core::future::future::Future<Output = ()>>>>::{closure#0}
             at /Users/mtakemiya/.cargo/registry/src/index.crates.io-1949cf8c6b5b557f/tokio-1.53.1/src/runtime/scheduler/current_thread/mod.rs:829:44
  13: <tokio::runtime::scheduler::current_thread::CoreGuard>::enter::<<tokio::runtime::scheduler::current_thread::CoreGuard>::block_on<core::pin::Pin<&mut core::pin::Pin<&mut dyn core::future::future::Future<Output = ()>>>>::{closure#0}, core::option::Option<()>>::{closure#0}
             at /Users/mtakemiya/.cargo/registry/src/index.crates.io-1949cf8c6b5b557f/tokio-1.53.1/src/runtime/scheduler/current_thread/mod.rs:906:68
  14: <tokio::runtime::context::scoped::Scoped<tokio::runtime::scheduler::Context>>::set::<<tokio::runtime::scheduler::current_thread::CoreGuard>::enter<<tokio::runtime::scheduler::current_thread::CoreGuard>::block_on<core::pin::Pin<&mut core::pin::Pin<&mut dyn core::future::future::Future<Output = ()>>>>::{closure#0}, core::option::Option<()>>::{closure#0}, (alloc::boxed::Box<tokio::runtime::scheduler::current_thread::Core>, core::option::Option<()>)>
             at /Users/mtakemiya/.cargo/registry/src/index.crates.io-1949cf8c6b5b557f/tokio-1.53.1/src/runtime/context/scoped.rs:40:9
  15: tokio::runtime::context::set_scheduler::<(alloc::boxed::Box<tokio::runtime::scheduler::current_thread::Core>, core::option::Option<()>), <tokio::runtime::scheduler::current_thread::CoreGuard>::enter<<tokio::runtime::scheduler::current_thread::CoreGuard>::block_on<core::pin::Pin<&mut core::pin::Pin<&mut dyn core::future::future::Future<Output = ()>>>>::{closure#0}, core::option::Option<()>>::{closure#0}>::{closure#0}
             at /Users/mtakemiya/.cargo/registry/src/index.crates.io-1949cf8c6b5b557f/tokio-1.53.1/src/runtime/context.rs:187:38
  16: <std::thread::local::LocalKey<tokio::runtime::context::Context>>::try_with::<tokio::runtime::context::set_scheduler<(alloc::boxed::Box<tokio::runtime::scheduler::current_thread::Core>, core::option::Option<()>), <tokio::runtime::scheduler::current_thread::CoreGuard>::enter<<tokio::runtime::scheduler::current_thread::CoreGuard>::block_on<core::pin::Pin<&mut core::pin::Pin<&mut dyn core::future::future::Future<Output = ()>>>>::{closure#0}, core::option::Option<()>>::{closure#0}>::{closure#0}, (alloc::boxed::Box<tokio::runtime::scheduler::current_thread::Core>, core::option::Option<()>)>
             at /rustc/8bab26f4f68e0e26f0bb7960be334d5b520ea452/library/std/src/thread/local.rs:462:12
  17: <std::thread::local::LocalKey<tokio::runtime::context::Context>>::with::<tokio::runtime::context::set_scheduler<(alloc::boxed::Box<tokio::runtime::scheduler::current_thread::Core>, core::option::Option<()>), <tokio::runtime::scheduler::current_thread::CoreGuard>::enter<<tokio::runtime::scheduler::current_thread::CoreGuard>::block_on<core::pin::Pin<&mut core::pin::Pin<&mut dyn core::future::future::Future<Output = ()>>>>::{closure#0}, core::option::Option<()>>::{closure#0}>::{closure#0}, (alloc::boxed::Box<tokio::runtime::scheduler::current_thread::Core>, core::option::Option<()>)>
             at /rustc/8bab26f4f68e0e26f0bb7960be334d5b520ea452/library/std/src/thread/local.rs:426:20
  18: tokio::runtime::context::set_scheduler::<(alloc::boxed::Box<tokio::runtime::scheduler::current_thread::Core>, core::option::Option<()>), <tokio::runtime::scheduler::current_thread::CoreGuard>::enter<<tokio::runtime::scheduler::current_thread::CoreGuard>::block_on<core::pin::Pin<&mut core::pin::Pin<&mut dyn core::future::future::Future<Output = ()>>>>::{closure#0}, core::option::Option<()>>::{closure#0}>
             at /Users/mtakemiya/.cargo/registry/src/index.crates.io-1949cf8c6b5b557f/tokio-1.53.1/src/runtime/context.rs:187:17
  19: <tokio::runtime::scheduler::current_thread::CoreGuard>::enter::<<tokio::runtime::scheduler::current_thread::CoreGuard>::block_on<core::pin::Pin<&mut core::pin::Pin<&mut dyn core::future::future::Future<Output = ()>>>>::{closure#0}, core::option::Option<()>>
             at /Users/mtakemiya/.cargo/registry/src/index.crates.io-1949cf8c6b5b557f/tokio-1.53.1/src/runtime/scheduler/current_thread/mod.rs:906:27
  20: <tokio::runtime::scheduler::current_thread::CoreGuard>::block_on::<core::pin::Pin<&mut core::pin::Pin<&mut dyn core::future::future::Future<Output = ()>>>>
             at /Users/mtakemiya/.cargo/registry/src/index.crates.io-1949cf8c6b5b557f/tokio-1.53.1/src/runtime/scheduler/current_thread/mod.rs:817:24
  21: <tokio::runtime::scheduler::current_thread::CurrentThread>::block_on::<core::pin::Pin<&mut dyn core::future::future::Future<Output = ()>>>::{closure#0}
             at /Users/mtakemiya/.cargo/registry/src/index.crates.io-1949cf8c6b5b557f/tokio-1.53.1/src/runtime/scheduler/current_thread/mod.rs:218:33
  22: tokio::runtime::context::runtime::enter_runtime::<<tokio::runtime::scheduler::current_thread::CurrentThread>::block_on<core::pin::Pin<&mut dyn core::future::future::Future<Output = ()>>>::{closure#0}, ()>
             at /Users/mtakemiya/.cargo/registry/src/index.crates.io-1949cf8c6b5b557f/tokio-1.53.1/src/runtime/context/runtime.rs:65:16
  23: <tokio::runtime::scheduler::current_thread::CurrentThread>::block_on::<core::pin::Pin<&mut dyn core::future::future::Future<Output = ()>>>
             at /Users/mtakemiya/.cargo/registry/src/index.crates.io-1949cf8c6b5b557f/tokio-1.53.1/src/runtime/scheduler/current_thread/mod.rs:206:9
  24: <tokio::runtime::runtime::Runtime>::block_on_inner::<core::pin::Pin<&mut dyn core::future::future::Future<Output = ()>>>
             at /Users/mtakemiya/.cargo/registry/src/index.crates.io-1949cf8c6b5b557f/tokio-1.53.1/src/runtime/runtime.rs:374:52
  25: <tokio::runtime::runtime::Runtime>::block_on::<core::pin::Pin<&mut dyn core::future::future::Future<Output = ()>>>
             at /Users/mtakemiya/.cargo/registry/src/index.crates.io-1949cf8c6b5b557f/tokio-1.53.1/src/runtime/runtime.rs:343:18
  26: kasumi_store::audit_archive::owned::tests::owned_publication_resolves_partial_writes_and_uncertain_rename_without_adopting_files
             at ./crates/kasumi-store/src/audit_archive_owned.rs:224:40
  27: kasumi_store::audit_archive::owned::tests::owned_publication_resolves_partial_writes_and_uncertain_rename_without_adopting_files::{closure#0}
             at ./crates/kasumi-store/src/audit_archive_owned.rs:139:101
  28: <kasumi_store::audit_archive::owned::tests::owned_publication_resolves_partial_writes_and_uncertain_rename_without_adopting_files::{closure#0} as core::ops::function::FnOnce<()>>::call_once
             at /rustc/8bab26f4f68e0e26f0bb7960be334d5b520ea452/library/core/src/ops/function.rs:250:5
  29: <fn() -> core::result::Result<(), alloc::string::String> as core::ops::function::FnOnce<()>>::call_once
             at /rustc/8bab26f4f68e0e26f0bb7960be334d5b520ea452/library/core/src/ops/function.rs:250:5
note: Some details are omitted, run with `RUST_BACKTRACE=full` for a verbose backtrace.
FAILED
test audit_archive::tests::authentication_and_final_record_counts_precede_any_release ... ok
test audit_archive::tests::existing_nonprivate_archive_directory_is_rejected_without_chmod ... ok
test audit_archive::tests::historical_source_is_exact_and_does_not_reopen_a_live_generation ... ok
test audit_archive::tests::historical_verification_checks_the_original_clock_and_release_fence ... ok
test audit_archive::tests::object_symlink_cannot_read_or_overwrite_unrelated_files ... 
thread 'audit_archive::tests::object_symlink_cannot_read_or_overwrite_unrelated_files' (6215279) panicked at crates/kasumi-store/src/audit_archive.rs:1128:81:
called `Result::unwrap()` on an `Err` value: invalid data

Stack backtrace:
   0: std::backtrace_rs::backtrace::libunwind::trace
             at /rustc/8bab26f4f68e0e26f0bb7960be334d5b520ea452/library/std/src/../../backtrace/src/backtrace/libunwind.rs:117:9
   1: std::backtrace_rs::backtrace::trace_unsynchronized::<<std::backtrace::Backtrace>::create::{closure#0}>
             at /rustc/8bab26f4f68e0e26f0bb7960be334d5b520ea452/library/std/src/../../backtrace/src/backtrace/mod.rs:66:14
   2: <std::backtrace::Backtrace>::create
             at /rustc/8bab26f4f68e0e26f0bb7960be334d5b520ea452/library/std/src/backtrace.rs:331:13
   3: <anyhow::Error as core::convert::From<std::io::error::Error>>::from
             at /Users/mtakemiya/.cargo/registry/src/index.crates.io-1949cf8c6b5b557f/anyhow-1.0.104/src/backtrace.rs:10:14
   4: <core::result::Result<kasumi_store::backup_sessions::filesystem::Directory, anyhow::Error> as core::ops::try_trait::FromResidual<core::result::Result<core::convert::Infallible, std::io::error::Error>>>::from_residual
             at /rustc/8bab26f4f68e0e26f0bb7960be334d5b520ea452/library/core/src/result.rs:2189:27
   5: <kasumi_store::backup_sessions::filesystem::Directory>::open_or_create
             at ./crates/kasumi-store/src/backup_sessions_fs.rs:39:22
   6: <kasumi_store::audit_archive::FilesystemAuditArchive>::open::<&std::path::Path>
             at ./crates/kasumi-store/src/audit_archive.rs:633:13
   7: <kasumi_store::audit_archive::FilesystemAuditArchive>::open_fixture::<&std::path::PathBuf>
             at ./crates/kasumi-store/src/test_utils.rs:568:9
   8: kasumi_store::audit_archive::tests::object_symlink_cannot_read_or_overwrite_unrelated_files::{closure#0}
             at ./crates/kasumi-store/src/audit_archive.rs:1128:13
   9: <core::pin::Pin<&mut dyn core::future::future::Future<Output = ()>> as core::future::future::Future>::poll
             at /rustc/8bab26f4f68e0e26f0bb7960be334d5b520ea452/library/core/src/future/future.rs:133:9
  10: <core::pin::Pin<&mut core::pin::Pin<&mut dyn core::future::future::Future<Output = ()>>> as core::future::future::Future>::poll
             at /rustc/8bab26f4f68e0e26f0bb7960be334d5b520ea452/library/core/src/future/future.rs:133:9
  11: <tokio::runtime::scheduler::current_thread::CoreGuard>::block_on::<core::pin::Pin<&mut core::pin::Pin<&mut dyn core::future::future::Future<Output = ()>>>>::{closure#0}::{closure#0}::{closure#0}
             at /Users/mtakemiya/.cargo/registry/src/index.crates.io-1949cf8c6b5b557f/tokio-1.53.1/src/runtime/scheduler/current_thread/mod.rs:830:70
  12: tokio::task::coop::with_budget::<core::task::poll::Poll<()>, <tokio::runtime::scheduler::current_thread::CoreGuard>::block_on<core::pin::Pin<&mut core::pin::Pin<&mut dyn core::future::future::Future<Output = ()>>>>::{closure#0}::{closure#0}::{closure#0}>
             at /Users/mtakemiya/.cargo/registry/src/index.crates.io-1949cf8c6b5b557f/tokio-1.53.1/src/task/coop/mod.rs:167:5
  13: tokio::task::coop::budget::<core::task::poll::Poll<()>, <tokio::runtime::scheduler::current_thread::CoreGuard>::block_on<core::pin::Pin<&mut core::pin::Pin<&mut dyn core::future::future::Future<Output = ()>>>>::{closure#0}::{closure#0}::{closure#0}>
             at /Users/mtakemiya/.cargo/registry/src/index.crates.io-1949cf8c6b5b557f/tokio-1.53.1/src/task/coop/mod.rs:133:5
  14: <tokio::runtime::scheduler::current_thread::CoreGuard>::block_on::<core::pin::Pin<&mut core::pin::Pin<&mut dyn core::future::future::Future<Output = ()>>>>::{closure#0}::{closure#0}
             at /Users/mtakemiya/.cargo/registry/src/index.crates.io-1949cf8c6b5b557f/tokio-1.53.1/src/runtime/scheduler/current_thread/mod.rs:830:25
  15: <tokio::runtime::scheduler::current_thread::Context>::enter::<core::task::poll::Poll<()>, <tokio::runtime::scheduler::current_thread::CoreGuard>::block_on<core::pin::Pin<&mut core::pin::Pin<&mut dyn core::future::future::Future<Output = ()>>>>::{closure#0}::{closure#0}>
             at /Users/mtakemiya/.cargo/registry/src/index.crates.io-1949cf8c6b5b557f/tokio-1.53.1/src/runtime/scheduler/current_thread/mod.rs:488:19
  16: <tokio::runtime::scheduler::current_thread::CoreGuard>::block_on::<core::pin::Pin<&mut core::pin::Pin<&mut dyn core::future::future::Future<Output = ()>>>>::{closure#0}
             at /Users/mtakemiya/.cargo/registry/src/index.crates.io-1949cf8c6b5b557f/tokio-1.53.1/src/runtime/scheduler/current_thread/mod.rs:829:44
  17: <tokio::runtime::scheduler::current_thread::CoreGuard>::enter::<<tokio::runtime::scheduler::current_thread::CoreGuard>::block_on<core::pin::Pin<&mut core::pin::Pin<&mut dyn core::future::future::Future<Output = ()>>>>::{closure#0}, core::option::Option<()>>::{closure#0}
             at /Users/mtakemiya/.cargo/registry/src/index.crates.io-1949cf8c6b5b557f/tokio-1.53.1/src/runtime/scheduler/current_thread/mod.rs:906:68
  18: <tokio::runtime::context::scoped::Scoped<tokio::runtime::scheduler::Context>>::set::<<tokio::runtime::scheduler::current_thread::CoreGuard>::enter<<tokio::runtime::scheduler::current_thread::CoreGuard>::block_on<core::pin::Pin<&mut core::pin::Pin<&mut dyn core::future::future::Future<Output = ()>>>>::{closure#0}, core::option::Option<()>>::{closure#0}, (alloc::boxed::Box<tokio::runtime::scheduler::current_thread::Core>, core::option::Option<()>)>
             at /Users/mtakemiya/.cargo/registry/src/index.crates.io-1949cf8c6b5b557f/tokio-1.53.1/src/runtime/context/scoped.rs:40:9
  19: tokio::runtime::context::set_scheduler::<(alloc::boxed::Box<tokio::runtime::scheduler::current_thread::Core>, core::option::Option<()>), <tokio::runtime::scheduler::current_thread::CoreGuard>::enter<<tokio::runtime::scheduler::current_thread::CoreGuard>::block_on<core::pin::Pin<&mut core::pin::Pin<&mut dyn core::future::future::Future<Output = ()>>>>::{closure#0}, core::option::Option<()>>::{closure#0}>::{closure#0}
             at /Users/mtakemiya/.cargo/registry/src/index.crates.io-1949cf8c6b5b557f/tokio-1.53.1/src/runtime/context.rs:187:38
  20: <std::thread::local::LocalKey<tokio::runtime::context::Context>>::try_with::<tokio::runtime::context::set_scheduler<(alloc::boxed::Box<tokio::runtime::scheduler::current_thread::Core>, core::option::Option<()>), <tokio::runtime::scheduler::current_thread::CoreGuard>::enter<<tokio::runtime::scheduler::current_thread::CoreGuard>::block_on<core::pin::Pin<&mut core::pin::Pin<&mut dyn core::future::future::Future<Output = ()>>>>::{closure#0}, core::option::Option<()>>::{closure#0}>::{closure#0}, (alloc::boxed::Box<tokio::runtime::scheduler::current_thread::Core>, core::option::Option<()>)>
             at /rustc/8bab26f4f68e0e26f0bb7960be334d5b520ea452/library/std/src/thread/local.rs:462:12
  21: <std::thread::local::LocalKey<tokio::runtime::context::Context>>::with::<tokio::runtime::context::set_scheduler<(alloc::boxed::Box<tokio::runtime::scheduler::current_thread::Core>, core::option::Option<()>), <tokio::runtime::scheduler::current_thread::CoreGuard>::enter<<tokio::runtime::scheduler::current_thread::CoreGuard>::block_on<core::pin::Pin<&mut core::pin::Pin<&mut dyn core::future::future::Future<Output = ()>>>>::{closure#0}, core::option::Option<()>>::{closure#0}>::{closure#0}, (alloc::boxed::Box<tokio::runtime::scheduler::current_thread::Core>, core::option::Option<()>)>
             at /rustc/8bab26f4f68e0e26f0bb7960be334d5b520ea452/library/std/src/thread/local.rs:426:20
  22: tokio::runtime::context::set_scheduler::<(alloc::boxed::Box<tokio::runtime::scheduler::current_thread::Core>, core::option::Option<()>), <tokio::runtime::scheduler::current_thread::CoreGuard>::enter<<tokio::runtime::scheduler::current_thread::CoreGuard>::block_on<core::pin::Pin<&mut core::pin::Pin<&mut dyn core::future::future::Future<Output = ()>>>>::{closure#0}, core::option::Option<()>>::{closure#0}>
             at /Users/mtakemiya/.cargo/registry/src/index.crates.io-1949cf8c6b5b557f/tokio-1.53.1/src/runtime/context.rs:187:17
  23: <tokio::runtime::scheduler::current_thread::CoreGuard>::enter::<<tokio::runtime::scheduler::current_thread::CoreGuard>::block_on<core::pin::Pin<&mut core::pin::Pin<&mut dyn core::future::future::Future<Output = ()>>>>::{closure#0}, core::option::Option<()>>
             at /Users/mtakemiya/.cargo/registry/src/index.crates.io-1949cf8c6b5b557f/tokio-1.53.1/src/runtime/scheduler/current_thread/mod.rs:906:27
  24: <tokio::runtime::scheduler::current_thread::CoreGuard>::block_on::<core::pin::Pin<&mut core::pin::Pin<&mut dyn core::future::future::Future<Output = ()>>>>
             at /Users/mtakemiya/.cargo/registry/src/index.crates.io-1949cf8c6b5b557f/tokio-1.53.1/src/runtime/scheduler/current_thread/mod.rs:817:24
  25: <tokio::runtime::scheduler::current_thread::CurrentThread>::block_on::<core::pin::Pin<&mut dyn core::future::future::Future<Output = ()>>>::{closure#0}
             at /Users/mtakemiya/.cargo/registry/src/index.crates.io-1949cf8c6b5b557f/tokio-1.53.1/src/runtime/scheduler/current_thread/mod.rs:218:33
  26: tokio::runtime::context::runtime::enter_runtime::<<tokio::runtime::scheduler::current_thread::CurrentThread>::block_on<core::pin::Pin<&mut dyn core::future::future::Future<Output = ()>>>::{closure#0}, ()>
             at /Users/mtakemiya/.cargo/registry/src/index.crates.io-1949cf8c6b5b557f/tokio-1.53.1/src/runtime/context/runtime.rs:65:16
  27: <tokio::runtime::scheduler::current_thread::CurrentThread>::block_on::<core::pin::Pin<&mut dyn core::future::future::Future<Output = ()>>>
             at /Users/mtakemiya/.cargo/registry/src/index.crates.io-1949cf8c6b5b557f/tokio-1.53.1/src/runtime/scheduler/current_thread/mod.rs:206:9
  28: <tokio::runtime::runtime::Runtime>::block_on_inner::<core::pin::Pin<&mut dyn core::future::future::Future<Output = ()>>>
             at /Users/mtakemiya/.cargo/registry/src/index.crates.io-1949cf8c6b5b557f/tokio-1.53.1/src/runtime/runtime.rs:374:52
  29: <tokio::runtime::runtime::Runtime>::block_on::<core::pin::Pin<&mut dyn core::future::future::Future<Output = ()>>>
             at /Users/mtakemiya/.cargo/registry/src/index.crates.io-1949cf8c6b5b557f/tokio-1.53.1/src/runtime/runtime.rs:343:18
  30: kasumi_store::audit_archive::tests::object_symlink_cannot_read_or_overwrite_unrelated_files
             at ./crates/kasumi-store/src/audit_archive.rs:1139:40
  31: kasumi_store::audit_archive::tests::object_symlink_cannot_read_or_overwrite_unrelated_files::{closure#0}
             at ./crates/kasumi-store/src/audit_archive.rs:1110:71
  32: <kasumi_store::audit_archive::tests::object_symlink_cannot_read_or_overwrite_unrelated_files::{closure#0} as core::ops::function::FnOnce<()>>::call_once
             at /rustc/8bab26f4f68e0e26f0bb7960be334d5b520ea452/library/core/src/ops/function.rs:250:5
  33: <fn() -> core::result::Result<(), alloc::string::String> as core::ops::function::FnOnce<()>>::call_once
             at /rustc/8bab26f4f68e0e26f0bb7960be334d5b520ea452/library/core/src/ops/function.rs:250:5
  34: test::__rust_begin_short_backtrace::<core::result::Result<(), alloc::string::String>, fn() -> core::result::Result<(), alloc::string::String>>
             at /rustc/8bab26f4f68e0e26f0bb7960be334d5b520ea452/library/test/src/lib.rs:724:18
  35: test::run_test_in_process::{closure#0}
             at /rustc/8bab26f4f68e0e26f0bb7960be334d5b520ea452/library/test/src/lib.rs:747:74
  36: <core::panic::unwind_safe::AssertUnwindSafe<test::run_test_in_process::{closure#0}> as core::ops::function::FnOnce<()>>::call_once
             at /rustc/8bab26f4f68e0e26f0bb7960be334d5b520ea452/library/core/src/panic/unwind_safe.rs:275:9
  37: std::panicking::catch_unwind::do_call::<core::panic::unwind_safe::AssertUnwindSafe<test::run_test_in_process::{closure#0}>, core::result::Result<(), alloc::string::String>>
             at /rustc/8bab26f4f68e0e26f0bb7960be334d5b520ea452/library/std/src/panicking.rs:581:40
  38: std::panicking::catch_unwind::<core::result::Result<(), alloc::string::String>, core::panic::unwind_safe::AssertUnwindSafe<test::run_test_in_process::{closure#0}>>
             at /rustc/8bab26f4f68e0e26f0bb7960be334d5b520ea452/library/std/src/panicking.rs:544:19
  39: std::panic::catch_unwind::<core::panic::unwind_safe::AssertUnwindSafe<test::run_test_in_process::{closure#0}>, core::result::Result<(), alloc::string::String>>
             at /rustc/8bab26f4f68e0e26f0bb7960be334d5b520ea452/library/std/src/panic.rs:359:14
  40: test::run_test_in_process
             at /rustc/8bab26f4f68e0e26f0bb7960be334d5b520ea452/library/test/src/lib.rs:747:27
  41: test::run_test::{closure#0}
             at /rustc/8bab26f4f68e0e26f0bb7960be334d5b520ea452/library/test/src/lib.rs:668:43
  42: test::run_test::{closure#1}
             at /rustc/8bab26f4f68e0e26f0bb7960be334d5b520ea452/library/test/src/lib.rs:698:41
  43: std::sys::backtrace::__rust_begin_short_backtrace::<test::run_test::{closure#1}, ()>
             at /rustc/8bab26f4f68e0e26f0bb7960be334d5b520ea452/library/std/src/sys/backtrace.rs:166:18
  44: std::thread::lifecycle::spawn_unchecked::<test::run_test::{closure#1}, ()>::{closure#1}::{closure#0}
             at /rustc/8bab26f4f68e0e26f0bb7960be334d5b520ea452/library/std/src/thread/lifecycle.rs:70:13
  45: <core::panic::unwind_safe::AssertUnwindSafe<std::thread::lifecycle::spawn_unchecked<test::run_test::{closure#1}, ()>::{closure#1}::{closure#0}> as core::ops::function::FnOnce<()>>::call_once
             at /rustc/8bab26f4f68e0e26f0bb7960be334d5b520ea452/library/core/src/panic/unwind_safe.rs:275:9
  46: std::panicking::catch_unwind::do_call::<core::panic::unwind_safe::AssertUnwindSafe<std::thread::lifecycle::spawn_unchecked<test::run_test::{closure#1}, ()>::{closure#1}::{closure#0}>, ()>
             at /rustc/8bab26f4f68e0e26f0bb7960be334d5b520ea452/library/std/src/panicking.rs:581:40
  47: std::panicking::catch_unwind::<(), core::panic::unwind_safe::AssertUnwindSafe<std::thread::lifecycle::spawn_unchecked<test::run_test::{closure#1}, ()>::{closure#1}::{closure#0}>>
             at /rustc/8bab26f4f68e0e26f0bb7960be334d5b520ea452/library/std/src/panicking.rs:544:19
  48: std::panic::catch_unwind::<core::panic::unwind_safe::AssertUnwindSafe<std::thread::lifecycle::spawn_unchecked<test::run_test::{closure#1}, ()>::{closure#1}::{closure#0}>, ()>
             at /rustc/8bab26f4f68e0e26f0bb7960be334d5b520ea452/library/std/src/panic.rs:359:14
  49: std::thread::lifecycle::spawn_unchecked::<test::run_test::{closure#1}, ()>::{closure#1}
             at /rustc/8bab26f4f68e0e26f0bb7960be334d5b520ea452/library/std/src/thread/lifecycle.rs:68:26
  50: <std::thread::lifecycle::spawn_unchecked<test::run_test::{closure#1}, ()>::{closure#1} as core::ops::function::FnOnce<()>>::call_once::{shim:vtable#0}
             at /rustc/8bab26f4f68e0e26f0bb7960be334d5b520ea452/library/core/src/ops/function.rs:250:5
  51: <alloc::boxed::Box<dyn core::ops::function::FnOnce<(), Output = ()> + core::marker::Send> as core::ops::function::FnOnce<()>>::call_once
             at /rustc/8bab26f4f68e0e26f0bb7960be334d5b520ea452/library/alloc/src/boxed.rs:2275:9
  52: <std::sys::thread::unix::Thread>::new::thread_start
             at /rustc/8bab26f4f68e0e26f0bb7960be334d5b520ea452/library/std/src/sys/thread/unix.rs:118:17
  53: __pthread_exit
stack backtrace:
   0: __rustc::rust_begin_unwind
             at /rustc/8bab26f4f68e0e26f0bb7960be334d5b520ea452/library/std/src/panicking.rs:689:5
   1: core::panicking::panic_fmt
             at /rustc/8bab26f4f68e0e26f0bb7960be334d5b520ea452/library/core/src/panicking.rs:80:14
   2: core::result::unwrap_failed
             at /rustc/8bab26f4f68e0e26f0bb7960be334d5b520ea452/library/core/src/result.rs:1867:5
   3: <core::result::Result<kasumi_store::audit_archive::FilesystemAuditArchive, anyhow::Error>>::unwrap
             at /rustc/8bab26f4f68e0e26f0bb7960be334d5b520ea452/library/core/src/result.rs:1233:23
   4: kasumi_store::audit_archive::tests::object_symlink_cannot_read_or_overwrite_unrelated_files::{closure#0}
             at ./crates/kasumi-store/src/audit_archive.rs:1128:81
   5: <core::pin::Pin<&mut dyn core::future::future::Future<Output = ()>> as core::future::future::Future>::poll
             at /rustc/8bab26f4f68e0e26f0bb7960be334d5b520ea452/library/core/src/future/future.rs:133:9
   6: <core::pin::Pin<&mut core::pin::Pin<&mut dyn core::future::future::Future<Output = ()>>> as core::future::future::Future>::poll
             at /rustc/8bab26f4f68e0e26f0bb7960be334d5b520ea452/library/core/src/future/future.rs:133:9
   7: <tokio::runtime::scheduler::current_thread::CoreGuard>::block_on::<core::pin::Pin<&mut core::pin::Pin<&mut dyn core::future::future::Future<Output = ()>>>>::{closure#0}::{closure#0}::{closure#0}
             at /Users/mtakemiya/.cargo/registry/src/index.crates.io-1949cf8c6b5b557f/tokio-1.53.1/src/runtime/scheduler/current_thread/mod.rs:830:70
   8: tokio::task::coop::with_budget::<core::task::poll::Poll<()>, <tokio::runtime::scheduler::current_thread::CoreGuard>::block_on<core::pin::Pin<&mut core::pin::Pin<&mut dyn core::future::future::Future<Output = ()>>>>::{closure#0}::{closure#0}::{closure#0}>
             at /Users/mtakemiya/.cargo/registry/src/index.crates.io-1949cf8c6b5b557f/tokio-1.53.1/src/task/coop/mod.rs:167:5
   9: tokio::task::coop::budget::<core::task::poll::Poll<()>, <tokio::runtime::scheduler::current_thread::CoreGuard>::block_on<core::pin::Pin<&mut core::pin::Pin<&mut dyn core::future::future::Future<Output = ()>>>>::{closure#0}::{closure#0}::{closure#0}>
             at /Users/mtakemiya/.cargo/registry/src/index.crates.io-1949cf8c6b5b557f/tokio-1.53.1/src/task/coop/mod.rs:133:5
  10: <tokio::runtime::scheduler::current_thread::CoreGuard>::block_on::<core::pin::Pin<&mut core::pin::Pin<&mut dyn core::future::future::Future<Output = ()>>>>::{closure#0}::{closure#0}
             at /Users/mtakemiya/.cargo/registry/src/index.crates.io-1949cf8c6b5b557f/tokio-1.53.1/src/runtime/scheduler/current_thread/mod.rs:830:25
  11: <tokio::runtime::scheduler::current_thread::Context>::enter::<core::task::poll::Poll<()>, <tokio::runtime::scheduler::current_thread::CoreGuard>::block_on<core::pin::Pin<&mut core::pin::Pin<&mut dyn core::future::future::Future<Output = ()>>>>::{closure#0}::{closure#0}>
             at /Users/mtakemiya/.cargo/registry/src/index.crates.io-1949cf8c6b5b557f/tokio-1.53.1/src/runtime/scheduler/current_thread/mod.rs:488:19
  12: <tokio::runtime::scheduler::current_thread::CoreGuard>::block_on::<core::pin::Pin<&mut core::pin::Pin<&mut dyn core::future::future::Future<Output = ()>>>>::{closure#0}
             at /Users/mtakemiya/.cargo/registry/src/index.crates.io-1949cf8c6b5b557f/tokio-1.53.1/src/runtime/scheduler/current_thread/mod.rs:829:44
  13: <tokio::runtime::scheduler::current_thread::CoreGuard>::enter::<<tokio::runtime::scheduler::current_thread::CoreGuard>::block_on<core::pin::Pin<&mut core::pin::Pin<&mut dyn core::future::future::Future<Output = ()>>>>::{closure#0}, core::option::Option<()>>::{closure#0}
             at /Users/mtakemiya/.cargo/registry/src/index.crates.io-1949cf8c6b5b557f/tokio-1.53.1/src/runtime/scheduler/current_thread/mod.rs:906:68
  14: <tokio::runtime::context::scoped::Scoped<tokio::runtime::scheduler::Context>>::set::<<tokio::runtime::scheduler::current_thread::CoreGuard>::enter<<tokio::runtime::scheduler::current_thread::CoreGuard>::block_on<core::pin::Pin<&mut core::pin::Pin<&mut dyn core::future::future::Future<Output = ()>>>>::{closure#0}, core::option::Option<()>>::{closure#0}, (alloc::boxed::Box<tokio::runtime::scheduler::current_thread::Core>, core::option::Option<()>)>
             at /Users/mtakemiya/.cargo/registry/src/index.crates.io-1949cf8c6b5b557f/tokio-1.53.1/src/runtime/context/scoped.rs:40:9
  15: tokio::runtime::context::set_scheduler::<(alloc::boxed::Box<tokio::runtime::scheduler::current_thread::Core>, core::option::Option<()>), <tokio::runtime::scheduler::current_thread::CoreGuard>::enter<<tokio::runtime::scheduler::current_thread::CoreGuard>::block_on<core::pin::Pin<&mut core::pin::Pin<&mut dyn core::future::future::Future<Output = ()>>>>::{closure#0}, core::option::Option<()>>::{closure#0}>::{closure#0}
             at /Users/mtakemiya/.cargo/registry/src/index.crates.io-1949cf8c6b5b557f/tokio-1.53.1/src/runtime/context.rs:187:38
  16: <std::thread::local::LocalKey<tokio::runtime::context::Context>>::try_with::<tokio::runtime::context::set_scheduler<(alloc::boxed::Box<tokio::runtime::scheduler::current_thread::Core>, core::option::Option<()>), <tokio::runtime::scheduler::current_thread::CoreGuard>::enter<<tokio::runtime::scheduler::current_thread::CoreGuard>::block_on<core::pin::Pin<&mut core::pin::Pin<&mut dyn core::future::future::Future<Output = ()>>>>::{closure#0}, core::option::Option<()>>::{closure#0}>::{closure#0}, (alloc::boxed::Box<tokio::runtime::scheduler::current_thread::Core>, core::option::Option<()>)>
             at /rustc/8bab26f4f68e0e26f0bb7960be334d5b520ea452/library/std/src/thread/local.rs:462:12
  17: <std::thread::local::LocalKey<tokio::runtime::context::Context>>::with::<tokio::runtime::context::set_scheduler<(alloc::boxed::Box<tokio::runtime::scheduler::current_thread::Core>, core::option::Option<()>), <tokio::runtime::scheduler::current_thread::CoreGuard>::enter<<tokio::runtime::scheduler::current_thread::CoreGuard>::block_on<core::pin::Pin<&mut core::pin::Pin<&mut dyn core::future::future::Future<Output = ()>>>>::{closure#0}, core::option::Option<()>>::{closure#0}>::{closure#0}, (alloc::boxed::Box<tokio::runtime::scheduler::current_thread::Core>, core::option::Option<()>)>
             at /rustc/8bab26f4f68e0e26f0bb7960be334d5b520ea452/library/std/src/thread/local.rs:426:20
  18: tokio::runtime::context::set_scheduler::<(alloc::boxed::Box<tokio::runtime::scheduler::current_thread::Core>, core::option::Option<()>), <tokio::runtime::scheduler::current_thread::CoreGuard>::enter<<tokio::runtime::scheduler::current_thread::CoreGuard>::block_on<core::pin::Pin<&mut core::pin::Pin<&mut dyn core::future::future::Future<Output = ()>>>>::{closure#0}, core::option::Option<()>>::{closure#0}>
             at /Users/mtakemiya/.cargo/registry/src/index.crates.io-1949cf8c6b5b557f/tokio-1.53.1/src/runtime/context.rs:187:17
  19: <tokio::runtime::scheduler::current_thread::CoreGuard>::enter::<<tokio::runtime::scheduler::current_thread::CoreGuard>::block_on<core::pin::Pin<&mut core::pin::Pin<&mut dyn core::future::future::Future<Output = ()>>>>::{closure#0}, core::option::Option<()>>
             at /Users/mtakemiya/.cargo/registry/src/index.crates.io-1949cf8c6b5b557f/tokio-1.53.1/src/runtime/scheduler/current_thread/mod.rs:906:27
  20: <tokio::runtime::scheduler::current_thread::CoreGuard>::block_on::<core::pin::Pin<&mut core::pin::Pin<&mut dyn core::future::future::Future<Output = ()>>>>
             at /Users/mtakemiya/.cargo/registry/src/index.crates.io-1949cf8c6b5b557f/tokio-1.53.1/src/runtime/scheduler/current_thread/mod.rs:817:24
  21: <tokio::runtime::scheduler::current_thread::CurrentThread>::block_on::<core::pin::Pin<&mut dyn core::future::future::Future<Output = ()>>>::{closure#0}
             at /Users/mtakemiya/.cargo/registry/src/index.crates.io-1949cf8c6b5b557f/tokio-1.53.1/src/runtime/scheduler/current_thread/mod.rs:218:33
  22: tokio::runtime::context::runtime::enter_runtime::<<tokio::runtime::scheduler::current_thread::CurrentThread>::block_on<core::pin::Pin<&mut dyn core::future::future::Future<Output = ()>>>::{closure#0}, ()>
             at /Users/mtakemiya/.cargo/registry/src/index.crates.io-1949cf8c6b5b557f/tokio-1.53.1/src/runtime/context/runtime.rs:65:16
  23: <tokio::runtime::scheduler::current_thread::CurrentThread>::block_on::<core::pin::Pin<&mut dyn core::future::future::Future<Output = ()>>>
             at /Users/mtakemiya/.cargo/registry/src/index.crates.io-1949cf8c6b5b557f/tokio-1.53.1/src/runtime/scheduler/current_thread/mod.rs:206:9
  24: <tokio::runtime::runtime::Runtime>::block_on_inner::<core::pin::Pin<&mut dyn core::future::future::Future<Output = ()>>>
             at /Users/mtakemiya/.cargo/registry/src/index.crates.io-1949cf8c6b5b557f/tokio-1.53.1/src/runtime/runtime.rs:374:52
  25: <tokio::runtime::runtime::Runtime>::block_on::<core::pin::Pin<&mut dyn core::future::future::Future<Output = ()>>>
             at /Users/mtakemiya/.cargo/registry/src/index.crates.io-1949cf8c6b5b557f/tokio-1.53.1/src/runtime/runtime.rs:343:18
  26: kasumi_store::audit_archive::tests::object_symlink_cannot_read_or_overwrite_unrelated_files
             at ./crates/kasumi-store/src/audit_archive.rs:1139:40
  27: kasumi_store::audit_archive::tests::object_symlink_cannot_read_or_overwrite_unrelated_files::{closure#0}
             at ./crates/kasumi-store/src/audit_archive.rs:1110:71
  28: <kasumi_store::audit_archive::tests::object_symlink_cannot_read_or_overwrite_unrelated_files::{closure#0} as core::ops::function::FnOnce<()>>::call_once
             at /rustc/8bab26f4f68e0e26f0bb7960be334d5b520ea452/library/core/src/ops/function.rs:250:5
  29: <fn() -> core::result::Result<(), alloc::string::String> as core::ops::function::FnOnce<()>>::call_once
             at /rustc/8bab26f4f68e0e26f0bb7960be334d5b520ea452/library/core/src/ops/function.rs:250:5
note: Some details are omitted, run with `RUST_BACKTRACE=full` for a verbose backtrace.
FAILED
test audit_archive::tests::persisted_external_placement_never_falls_back_to_default_after_restart ... 
thread 'audit_archive::tests::persisted_external_placement_never_falls_back_to_default_after_restart' (6215300) panicked at crates/kasumi-store/src/audit_archive.rs:883:14:
called `Result::unwrap()` on an `Err` value: invalid data

Stack backtrace:
   0: std::backtrace_rs::backtrace::libunwind::trace
             at /rustc/8bab26f4f68e0e26f0bb7960be334d5b520ea452/library/std/src/../../backtrace/src/backtrace/libunwind.rs:117:9
   1: std::backtrace_rs::backtrace::trace_unsynchronized::<<std::backtrace::Backtrace>::create::{closure#0}>
             at /rustc/8bab26f4f68e0e26f0bb7960be334d5b520ea452/library/std/src/../../backtrace/src/backtrace/mod.rs:66:14
   2: <std::backtrace::Backtrace>::create
             at /rustc/8bab26f4f68e0e26f0bb7960be334d5b520ea452/library/std/src/backtrace.rs:331:13
   3: <anyhow::Error as core::convert::From<std::io::error::Error>>::from
             at /Users/mtakemiya/.cargo/registry/src/index.crates.io-1949cf8c6b5b557f/anyhow-1.0.104/src/backtrace.rs:10:14
   4: <core::result::Result<kasumi_store::backup_sessions::filesystem::Directory, anyhow::Error> as core::ops::try_trait::FromResidual<core::result::Result<core::convert::Infallible, std::io::error::Error>>>::from_residual
             at /rustc/8bab26f4f68e0e26f0bb7960be334d5b520ea452/library/core/src/result.rs:2189:27
   5: <kasumi_store::backup_sessions::filesystem::Directory>::open_or_create
             at ./crates/kasumi-store/src/backup_sessions_fs.rs:39:22
   6: <kasumi_store::audit_archive::FilesystemAuditArchive>::open::<&std::path::Path>
             at ./crates/kasumi-store/src/audit_archive.rs:633:13
   7: <kasumi_store::audit_archive::FilesystemAuditArchive>::open_fixture::<std::path::PathBuf>
             at ./crates/kasumi-store/src/test_utils.rs:568:9
   8: kasumi_store::audit_archive::tests::persisted_external_placement_never_falls_back_to_default_after_restart::{closure#0}
             at ./crates/kasumi-store/src/audit_archive.rs:879:13
   9: <core::pin::Pin<&mut dyn core::future::future::Future<Output = ()>> as core::future::future::Future>::poll
             at /rustc/8bab26f4f68e0e26f0bb7960be334d5b520ea452/library/core/src/future/future.rs:133:9
  10: <core::pin::Pin<&mut core::pin::Pin<&mut dyn core::future::future::Future<Output = ()>>> as core::future::future::Future>::poll
             at /rustc/8bab26f4f68e0e26f0bb7960be334d5b520ea452/library/core/src/future/future.rs:133:9
  11: <tokio::runtime::scheduler::current_thread::CoreGuard>::block_on::<core::pin::Pin<&mut core::pin::Pin<&mut dyn core::future::future::Future<Output = ()>>>>::{closure#0}::{closure#0}::{closure#0}
             at /Users/mtakemiya/.cargo/registry/src/index.crates.io-1949cf8c6b5b557f/tokio-1.53.1/src/runtime/scheduler/current_thread/mod.rs:830:70
  12: tokio::task::coop::with_budget::<core::task::poll::Poll<()>, <tokio::runtime::scheduler::current_thread::CoreGuard>::block_on<core::pin::Pin<&mut core::pin::Pin<&mut dyn core::future::future::Future<Output = ()>>>>::{closure#0}::{closure#0}::{closure#0}>
             at /Users/mtakemiya/.cargo/registry/src/index.crates.io-1949cf8c6b5b557f/tokio-1.53.1/src/task/coop/mod.rs:167:5
  13: tokio::task::coop::budget::<core::task::poll::Poll<()>, <tokio::runtime::scheduler::current_thread::CoreGuard>::block_on<core::pin::Pin<&mut core::pin::Pin<&mut dyn core::future::future::Future<Output = ()>>>>::{closure#0}::{closure#0}::{closure#0}>
             at /Users/mtakemiya/.cargo/registry/src/index.crates.io-1949cf8c6b5b557f/tokio-1.53.1/src/task/coop/mod.rs:133:5
  14: <tokio::runtime::scheduler::current_thread::CoreGuard>::block_on::<core::pin::Pin<&mut core::pin::Pin<&mut dyn core::future::future::Future<Output = ()>>>>::{closure#0}::{closure#0}
             at /Users/mtakemiya/.cargo/registry/src/index.crates.io-1949cf8c6b5b557f/tokio-1.53.1/src/runtime/scheduler/current_thread/mod.rs:830:25
  15: <tokio::runtime::scheduler::current_thread::Context>::enter::<core::task::poll::Poll<()>, <tokio::runtime::scheduler::current_thread::CoreGuard>::block_on<core::pin::Pin<&mut core::pin::Pin<&mut dyn core::future::future::Future<Output = ()>>>>::{closure#0}::{closure#0}>
             at /Users/mtakemiya/.cargo/registry/src/index.crates.io-1949cf8c6b5b557f/tokio-1.53.1/src/runtime/scheduler/current_thread/mod.rs:488:19
  16: <tokio::runtime::scheduler::current_thread::CoreGuard>::block_on::<core::pin::Pin<&mut core::pin::Pin<&mut dyn core::future::future::Future<Output = ()>>>>::{closure#0}
             at /Users/mtakemiya/.cargo/registry/src/index.crates.io-1949cf8c6b5b557f/tokio-1.53.1/src/runtime/scheduler/current_thread/mod.rs:829:44
  17: <tokio::runtime::scheduler::current_thread::CoreGuard>::enter::<<tokio::runtime::scheduler::current_thread::CoreGuard>::block_on<core::pin::Pin<&mut core::pin::Pin<&mut dyn core::future::future::Future<Output = ()>>>>::{closure#0}, core::option::Option<()>>::{closure#0}
             at /Users/mtakemiya/.cargo/registry/src/index.crates.io-1949cf8c6b5b557f/tokio-1.53.1/src/runtime/scheduler/current_thread/mod.rs:906:68
  18: <tokio::runtime::context::scoped::Scoped<tokio::runtime::scheduler::Context>>::set::<<tokio::runtime::scheduler::current_thread::CoreGuard>::enter<<tokio::runtime::scheduler::current_thread::CoreGuard>::block_on<core::pin::Pin<&mut core::pin::Pin<&mut dyn core::future::future::Future<Output = ()>>>>::{closure#0}, core::option::Option<()>>::{closure#0}, (alloc::boxed::Box<tokio::runtime::scheduler::current_thread::Core>, core::option::Option<()>)>
             at /Users/mtakemiya/.cargo/registry/src/index.crates.io-1949cf8c6b5b557f/tokio-1.53.1/src/runtime/context/scoped.rs:40:9
  19: tokio::runtime::context::set_scheduler::<(alloc::boxed::Box<tokio::runtime::scheduler::current_thread::Core>, core::option::Option<()>), <tokio::runtime::scheduler::current_thread::CoreGuard>::enter<<tokio::runtime::scheduler::current_thread::CoreGuard>::block_on<core::pin::Pin<&mut core::pin::Pin<&mut dyn core::future::future::Future<Output = ()>>>>::{closure#0}, core::option::Option<()>>::{closure#0}>::{closure#0}
             at /Users/mtakemiya/.cargo/registry/src/index.crates.io-1949cf8c6b5b557f/tokio-1.53.1/src/runtime/context.rs:187:38
  20: <std::thread::local::LocalKey<tokio::runtime::context::Context>>::try_with::<tokio::runtime::context::set_scheduler<(alloc::boxed::Box<tokio::runtime::scheduler::current_thread::Core>, core::option::Option<()>), <tokio::runtime::scheduler::current_thread::CoreGuard>::enter<<tokio::runtime::scheduler::current_thread::CoreGuard>::block_on<core::pin::Pin<&mut core::pin::Pin<&mut dyn core::future::future::Future<Output = ()>>>>::{closure#0}, core::option::Option<()>>::{closure#0}>::{closure#0}, (alloc::boxed::Box<tokio::runtime::scheduler::current_thread::Core>, core::option::Option<()>)>
             at /rustc/8bab26f4f68e0e26f0bb7960be334d5b520ea452/library/std/src/thread/local.rs:462:12
  21: <std::thread::local::LocalKey<tokio::runtime::context::Context>>::with::<tokio::runtime::context::set_scheduler<(alloc::boxed::Box<tokio::runtime::scheduler::current_thread::Core>, core::option::Option<()>), <tokio::runtime::scheduler::current_thread::CoreGuard>::enter<<tokio::runtime::scheduler::current_thread::CoreGuard>::block_on<core::pin::Pin<&mut core::pin::Pin<&mut dyn core::future::future::Future<Output = ()>>>>::{closure#0}, core::option::Option<()>>::{closure#0}>::{closure#0}, (alloc::boxed::Box<tokio::runtime::scheduler::current_thread::Core>, core::option::Option<()>)>
             at /rustc/8bab26f4f68e0e26f0bb7960be334d5b520ea452/library/std/src/thread/local.rs:426:20
  22: tokio::runtime::context::set_scheduler::<(alloc::boxed::Box<tokio::runtime::scheduler::current_thread::Core>, core::option::Option<()>), <tokio::runtime::scheduler::current_thread::CoreGuard>::enter<<tokio::runtime::scheduler::current_thread::CoreGuard>::block_on<core::pin::Pin<&mut core::pin::Pin<&mut dyn core::future::future::Future<Output = ()>>>>::{closure#0}, core::option::Option<()>>::{closure#0}>
             at /Users/mtakemiya/.cargo/registry/src/index.crates.io-1949cf8c6b5b557f/tokio-1.53.1/src/runtime/context.rs:187:17
  23: <tokio::runtime::scheduler::current_thread::CoreGuard>::enter::<<tokio::runtime::scheduler::current_thread::CoreGuard>::block_on<core::pin::Pin<&mut core::pin::Pin<&mut dyn core::future::future::Future<Output = ()>>>>::{closure#0}, core::option::Option<()>>
             at /Users/mtakemiya/.cargo/registry/src/index.crates.io-1949cf8c6b5b557f/tokio-1.53.1/src/runtime/scheduler/current_thread/mod.rs:906:27
  24: <tokio::runtime::scheduler::current_thread::CoreGuard>::block_on::<core::pin::Pin<&mut core::pin::Pin<&mut dyn core::future::future::Future<Output = ()>>>>
             at /Users/mtakemiya/.cargo/registry/src/index.crates.io-1949cf8c6b5b557f/tokio-1.53.1/src/runtime/scheduler/current_thread/mod.rs:817:24
  25: <tokio::runtime::scheduler::current_thread::CurrentThread>::block_on::<core::pin::Pin<&mut dyn core::future::future::Future<Output = ()>>>::{closure#0}
             at /Users/mtakemiya/.cargo/registry/src/index.crates.io-1949cf8c6b5b557f/tokio-1.53.1/src/runtime/scheduler/current_thread/mod.rs:218:33
  26: tokio::runtime::context::runtime::enter_runtime::<<tokio::runtime::scheduler::current_thread::CurrentThread>::block_on<core::pin::Pin<&mut dyn core::future::future::Future<Output = ()>>>::{closure#0}, ()>
             at /Users/mtakemiya/.cargo/registry/src/index.crates.io-1949cf8c6b5b557f/tokio-1.53.1/src/runtime/context/runtime.rs:65:16
  27: <tokio::runtime::scheduler::current_thread::CurrentThread>::block_on::<core::pin::Pin<&mut dyn core::future::future::Future<Output = ()>>>
             at /Users/mtakemiya/.cargo/registry/src/index.crates.io-1949cf8c6b5b557f/tokio-1.53.1/src/runtime/scheduler/current_thread/mod.rs:206:9
  28: <tokio::runtime::runtime::Runtime>::block_on_inner::<core::pin::Pin<&mut dyn core::future::future::Future<Output = ()>>>
             at /Users/mtakemiya/.cargo/registry/src/index.crates.io-1949cf8c6b5b557f/tokio-1.53.1/src/runtime/runtime.rs:374:52
  29: <tokio::runtime::runtime::Runtime>::block_on::<core::pin::Pin<&mut dyn core::future::future::Future<Output = ()>>>
             at /Users/mtakemiya/.cargo/registry/src/index.crates.io-1949cf8c6b5b557f/tokio-1.53.1/src/runtime/runtime.rs:343:18
  30: kasumi_store::audit_archive::tests::persisted_external_placement_never_falls_back_to_default_after_restart
             at ./crates/kasumi-store/src/audit_archive.rs:927:48
  31: kasumi_store::audit_archive::tests::persisted_external_placement_never_falls_back_to_default_after_restart::{closure#0}
             at ./crates/kasumi-store/src/audit_archive.rs:863:86
  32: <kasumi_store::audit_archive::tests::persisted_external_placement_never_falls_back_to_default_after_restart::{closure#0} as core::ops::function::FnOnce<()>>::call_once
             at /rustc/8bab26f4f68e0e26f0bb7960be334d5b520ea452/library/core/src/ops/function.rs:250:5
  33: <fn() -> core::result::Result<(), alloc::string::String> as core::ops::function::FnOnce<()>>::call_once
             at /rustc/8bab26f4f68e0e26f0bb7960be334d5b520ea452/library/core/src/ops/function.rs:250:5
  34: test::__rust_begin_short_backtrace::<core::result::Result<(), alloc::string::String>, fn() -> core::result::Result<(), alloc::string::String>>
             at /rustc/8bab26f4f68e0e26f0bb7960be334d5b520ea452/library/test/src/lib.rs:724:18
  35: test::run_test_in_process::{closure#0}
             at /rustc/8bab26f4f68e0e26f0bb7960be334d5b520ea452/library/test/src/lib.rs:747:74
  36: <core::panic::unwind_safe::AssertUnwindSafe<test::run_test_in_process::{closure#0}> as core::ops::function::FnOnce<()>>::call_once
             at /rustc/8bab26f4f68e0e26f0bb7960be334d5b520ea452/library/core/src/panic/unwind_safe.rs:275:9
  37: std::panicking::catch_unwind::do_call::<core::panic::unwind_safe::AssertUnwindSafe<test::run_test_in_process::{closure#0}>, core::result::Result<(), alloc::string::String>>
             at /rustc/8bab26f4f68e0e26f0bb7960be334d5b520ea452/library/std/src/panicking.rs:581:40
  38: std::panicking::catch_unwind::<core::result::Result<(), alloc::string::String>, core::panic::unwind_safe::AssertUnwindSafe<test::run_test_in_process::{closure#0}>>
             at /rustc/8bab26f4f68e0e26f0bb7960be334d5b520ea452/library/std/src/panicking.rs:544:19
  39: std::panic::catch_unwind::<core::panic::unwind_safe::AssertUnwindSafe<test::run_test_in_process::{closure#0}>, core::result::Result<(), alloc::string::String>>
             at /rustc/8bab26f4f68e0e26f0bb7960be334d5b520ea452/library/std/src/panic.rs:359:14
  40: test::run_test_in_process
             at /rustc/8bab26f4f68e0e26f0bb7960be334d5b520ea452/library/test/src/lib.rs:747:27
  41: test::run_test::{closure#0}
             at /rustc/8bab26f4f68e0e26f0bb7960be334d5b520ea452/library/test/src/lib.rs:668:43
  42: test::run_test::{closure#1}
             at /rustc/8bab26f4f68e0e26f0bb7960be334d5b520ea452/library/test/src/lib.rs:698:41
  43: std::sys::backtrace::__rust_begin_short_backtrace::<test::run_test::{closure#1}, ()>
             at /rustc/8bab26f4f68e0e26f0bb7960be334d5b520ea452/library/std/src/sys/backtrace.rs:166:18
  44: std::thread::lifecycle::spawn_unchecked::<test::run_test::{closure#1}, ()>::{closure#1}::{closure#0}
             at /rustc/8bab26f4f68e0e26f0bb7960be334d5b520ea452/library/std/src/thread/lifecycle.rs:70:13
  45: <core::panic::unwind_safe::AssertUnwindSafe<std::thread::lifecycle::spawn_unchecked<test::run_test::{closure#1}, ()>::{closure#1}::{closure#0}> as core::ops::function::FnOnce<()>>::call_once
             at /rustc/8bab26f4f68e0e26f0bb7960be334d5b520ea452/library/core/src/panic/unwind_safe.rs:275:9
  46: std::panicking::catch_unwind::do_call::<core::panic::unwind_safe::AssertUnwindSafe<std::thread::lifecycle::spawn_unchecked<test::run_test::{closure#1}, ()>::{closure#1}::{closure#0}>, ()>
             at /rustc/8bab26f4f68e0e26f0bb7960be334d5b520ea452/library/std/src/panicking.rs:581:40
  47: std::panicking::catch_unwind::<(), core::panic::unwind_safe::AssertUnwindSafe<std::thread::lifecycle::spawn_unchecked<test::run_test::{closure#1}, ()>::{closure#1}::{closure#0}>>
             at /rustc/8bab26f4f68e0e26f0bb7960be334d5b520ea452/library/std/src/panicking.rs:544:19
  48: std::panic::catch_unwind::<core::panic::unwind_safe::AssertUnwindSafe<std::thread::lifecycle::spawn_unchecked<test::run_test::{closure#1}, ()>::{closure#1}::{closure#0}>, ()>
             at /rustc/8bab26f4f68e0e26f0bb7960be334d5b520ea452/library/std/src/panic.rs:359:14
  49: std::thread::lifecycle::spawn_unchecked::<test::run_test::{closure#1}, ()>::{closure#1}
             at /rustc/8bab26f4f68e0e26f0bb7960be334d5b520ea452/library/std/src/thread/lifecycle.rs:68:26
  50: <std::thread::lifecycle::spawn_unchecked<test::run_test::{closure#1}, ()>::{closure#1} as core::ops::function::FnOnce<()>>::call_once::{shim:vtable#0}
             at /rustc/8bab26f4f68e0e26f0bb7960be334d5b520ea452/library/core/src/ops/function.rs:250:5
  51: <alloc::boxed::Box<dyn core::ops::function::FnOnce<(), Output = ()> + core::marker::Send> as core::ops::function::FnOnce<()>>::call_once
             at /rustc/8bab26f4f68e0e26f0bb7960be334d5b520ea452/library/alloc/src/boxed.rs:2275:9
  52: <std::sys::thread::unix::Thread>::new::thread_start
             at /rustc/8bab26f4f68e0e26f0bb7960be334d5b520ea452/library/std/src/sys/thread/unix.rs:118:17
  53: __pthread_exit
stack backtrace:
   0: __rustc::rust_begin_unwind
             at /rustc/8bab26f4f68e0e26f0bb7960be334d5b520ea452/library/std/src/panicking.rs:689:5
   1: core::panicking::panic_fmt
             at /rustc/8bab26f4f68e0e26f0bb7960be334d5b520ea452/library/core/src/panicking.rs:80:14
   2: core::result::unwrap_failed
             at /rustc/8bab26f4f68e0e26f0bb7960be334d5b520ea452/library/core/src/result.rs:1867:5
   3: <core::result::Result<kasumi_store::audit_archive::FilesystemAuditArchive, anyhow::Error>>::unwrap
             at /rustc/8bab26f4f68e0e26f0bb7960be334d5b520ea452/library/core/src/result.rs:1233:23
   4: kasumi_store::audit_archive::tests::persisted_external_placement_never_falls_back_to_default_after_restart::{closure#0}
             at ./crates/kasumi-store/src/audit_archive.rs:883:14
   5: <core::pin::Pin<&mut dyn core::future::future::Future<Output = ()>> as core::future::future::Future>::poll
             at /rustc/8bab26f4f68e0e26f0bb7960be334d5b520ea452/library/core/src/future/future.rs:133:9
   6: <core::pin::Pin<&mut core::pin::Pin<&mut dyn core::future::future::Future<Output = ()>>> as core::future::future::Future>::poll
             at /rustc/8bab26f4f68e0e26f0bb7960be334d5b520ea452/library/core/src/future/future.rs:133:9
   7: <tokio::runtime::scheduler::current_thread::CoreGuard>::block_on::<core::pin::Pin<&mut core::pin::Pin<&mut dyn core::future::future::Future<Output = ()>>>>::{closure#0}::{closure#0}::{closure#0}
             at /Users/mtakemiya/.cargo/registry/src/index.crates.io-1949cf8c6b5b557f/tokio-1.53.1/src/runtime/scheduler/current_thread/mod.rs:830:70
   8: tokio::task::coop::with_budget::<core::task::poll::Poll<()>, <tokio::runtime::scheduler::current_thread::CoreGuard>::block_on<core::pin::Pin<&mut core::pin::Pin<&mut dyn core::future::future::Future<Output = ()>>>>::{closure#0}::{closure#0}::{closure#0}>
             at /Users/mtakemiya/.cargo/registry/src/index.crates.io-1949cf8c6b5b557f/tokio-1.53.1/src/task/coop/mod.rs:167:5
   9: tokio::task::coop::budget::<core::task::poll::Poll<()>, <tokio::runtime::scheduler::current_thread::CoreGuard>::block_on<core::pin::Pin<&mut core::pin::Pin<&mut dyn core::future::future::Future<Output = ()>>>>::{closure#0}::{closure#0}::{closure#0}>
             at /Users/mtakemiya/.cargo/registry/src/index.crates.io-1949cf8c6b5b557f/tokio-1.53.1/src/task/coop/mod.rs:133:5
  10: <tokio::runtime::scheduler::current_thread::CoreGuard>::block_on::<core::pin::Pin<&mut core::pin::Pin<&mut dyn core::future::future::Future<Output = ()>>>>::{closure#0}::{closure#0}
             at /Users/mtakemiya/.cargo/registry/src/index.crates.io-1949cf8c6b5b557f/tokio-1.53.1/src/runtime/scheduler/current_thread/mod.rs:830:25
  11: <tokio::runtime::scheduler::current_thread::Context>::enter::<core::task::poll::Poll<()>, <tokio::runtime::scheduler::current_thread::CoreGuard>::block_on<core::pin::Pin<&mut core::pin::Pin<&mut dyn core::future::future::Future<Output = ()>>>>::{closure#0}::{closure#0}>
             at /Users/mtakemiya/.cargo/registry/src/index.crates.io-1949cf8c6b5b557f/tokio-1.53.1/src/runtime/scheduler/current_thread/mod.rs:488:19
  12: <tokio::runtime::scheduler::current_thread::CoreGuard>::block_on::<core::pin::Pin<&mut core::pin::Pin<&mut dyn core::future::future::Future<Output = ()>>>>::{closure#0}
             at /Users/mtakemiya/.cargo/registry/src/index.crates.io-1949cf8c6b5b557f/tokio-1.53.1/src/runtime/scheduler/current_thread/mod.rs:829:44
  13: <tokio::runtime::scheduler::current_thread::CoreGuard>::enter::<<tokio::runtime::scheduler::current_thread::CoreGuard>::block_on<core::pin::Pin<&mut core::pin::Pin<&mut dyn core::future::future::Future<Output = ()>>>>::{closure#0}, core::option::Option<()>>::{closure#0}
             at /Users/mtakemiya/.cargo/registry/src/index.crates.io-1949cf8c6b5b557f/tokio-1.53.1/src/runtime/scheduler/current_thread/mod.rs:906:68
  14: <tokio::runtime::context::scoped::Scoped<tokio::runtime::scheduler::Context>>::set::<<tokio::runtime::scheduler::current_thread::CoreGuard>::enter<<tokio::runtime::scheduler::current_thread::CoreGuard>::block_on<core::pin::Pin<&mut core::pin::Pin<&mut dyn core::future::future::Future<Output = ()>>>>::{closure#0}, core::option::Option<()>>::{closure#0}, (alloc::boxed::Box<tokio::runtime::scheduler::current_thread::Core>, core::option::Option<()>)>
             at /Users/mtakemiya/.cargo/registry/src/index.crates.io-1949cf8c6b5b557f/tokio-1.53.1/src/runtime/context/scoped.rs:40:9
  15: tokio::runtime::context::set_scheduler::<(alloc::boxed::Box<tokio::runtime::scheduler::current_thread::Core>, core::option::Option<()>), <tokio::runtime::scheduler::current_thread::CoreGuard>::enter<<tokio::runtime::scheduler::current_thread::CoreGuard>::block_on<core::pin::Pin<&mut core::pin::Pin<&mut dyn core::future::future::Future<Output = ()>>>>::{closure#0}, core::option::Option<()>>::{closure#0}>::{closure#0}
             at /Users/mtakemiya/.cargo/registry/src/index.crates.io-1949cf8c6b5b557f/tokio-1.53.1/src/runtime/context.rs:187:38
  16: <std::thread::local::LocalKey<tokio::runtime::context::Context>>::try_with::<tokio::runtime::context::set_scheduler<(alloc::boxed::Box<tokio::runtime::scheduler::current_thread::Core>, core::option::Option<()>), <tokio::runtime::scheduler::current_thread::CoreGuard>::enter<<tokio::runtime::scheduler::current_thread::CoreGuard>::block_on<core::pin::Pin<&mut core::pin::Pin<&mut dyn core::future::future::Future<Output = ()>>>>::{closure#0}, core::option::Option<()>>::{closure#0}>::{closure#0}, (alloc::boxed::Box<tokio::runtime::scheduler::current_thread::Core>, core::option::Option<()>)>
             at /rustc/8bab26f4f68e0e26f0bb7960be334d5b520ea452/library/std/src/thread/local.rs:462:12
  17: <std::thread::local::LocalKey<tokio::runtime::context::Context>>::with::<tokio::runtime::context::set_scheduler<(alloc::boxed::Box<tokio::runtime::scheduler::current_thread::Core>, core::option::Option<()>), <tokio::runtime::scheduler::current_thread::CoreGuard>::enter<<tokio::runtime::scheduler::current_thread::CoreGuard>::block_on<core::pin::Pin<&mut core::pin::Pin<&mut dyn core::future::future::Future<Output = ()>>>>::{closure#0}, core::option::Option<()>>::{closure#0}>::{closure#0}, (alloc::boxed::Box<tokio::runtime::scheduler::current_thread::Core>, core::option::Option<()>)>
             at /rustc/8bab26f4f68e0e26f0bb7960be334d5b520ea452/library/std/src/thread/local.rs:426:20
  18: tokio::runtime::context::set_scheduler::<(alloc::boxed::Box<tokio::runtime::scheduler::current_thread::Core>, core::option::Option<()>), <tokio::runtime::scheduler::current_thread::CoreGuard>::enter<<tokio::runtime::scheduler::current_thread::CoreGuard>::block_on<core::pin::Pin<&mut core::pin::Pin<&mut dyn core::future::future::Future<Output = ()>>>>::{closure#0}, core::option::Option<()>>::{closure#0}>
             at /Users/mtakemiya/.cargo/registry/src/index.crates.io-1949cf8c6b5b557f/tokio-1.53.1/src/runtime/context.rs:187:17
  19: <tokio::runtime::scheduler::current_thread::CoreGuard>::enter::<<tokio::runtime::scheduler::current_thread::CoreGuard>::block_on<core::pin::Pin<&mut core::pin::Pin<&mut dyn core::future::future::Future<Output = ()>>>>::{closure#0}, core::option::Option<()>>
             at /Users/mtakemiya/.cargo/registry/src/index.crates.io-1949cf8c6b5b557f/tokio-1.53.1/src/runtime/scheduler/current_thread/mod.rs:906:27
  20: <tokio::runtime::scheduler::current_thread::CoreGuard>::block_on::<core::pin::Pin<&mut core::pin::Pin<&mut dyn core::future::future::Future<Output = ()>>>>
             at /Users/mtakemiya/.cargo/registry/src/index.crates.io-1949cf8c6b5b557f/tokio-1.53.1/src/runtime/scheduler/current_thread/mod.rs:817:24
  21: <tokio::runtime::scheduler::current_thread::CurrentThread>::block_on::<core::pin::Pin<&mut dyn core::future::future::Future<Output = ()>>>::{closure#0}
             at /Users/mtakemiya/.cargo/registry/src/index.crates.io-1949cf8c6b5b557f/tokio-1.53.1/src/runtime/scheduler/current_thread/mod.rs:218:33
  22: tokio::runtime::context::runtime::enter_runtime::<<tokio::runtime::scheduler::current_thread::CurrentThread>::block_on<core::pin::Pin<&mut dyn core::future::future::Future<Output = ()>>>::{closure#0}, ()>
             at /Users/mtakemiya/.cargo/registry/src/index.crates.io-1949cf8c6b5b557f/tokio-1.53.1/src/runtime/context/runtime.rs:65:16
  23: <tokio::runtime::scheduler::current_thread::CurrentThread>::block_on::<core::pin::Pin<&mut dyn core::future::future::Future<Output = ()>>>
             at /Users/mtakemiya/.cargo/registry/src/index.crates.io-1949cf8c6b5b557f/tokio-1.53.1/src/runtime/scheduler/current_thread/mod.rs:206:9
  24: <tokio::runtime::runtime::Runtime>::block_on_inner::<core::pin::Pin<&mut dyn core::future::future::Future<Output = ()>>>
             at /Users/mtakemiya/.cargo/registry/src/index.crates.io-1949cf8c6b5b557f/tokio-1.53.1/src/runtime/runtime.rs:374:52
  25: <tokio::runtime::runtime::Runtime>::block_on::<core::pin::Pin<&mut dyn core::future::future::Future<Output = ()>>>
             at /Users/mtakemiya/.cargo/registry/src/index.crates.io-1949cf8c6b5b557f/tokio-1.53.1/src/runtime/runtime.rs:343:18
  26: kasumi_store::audit_archive::tests::persisted_external_placement_never_falls_back_to_default_after_restart
             at ./crates/kasumi-store/src/audit_archive.rs:927:48
  27: kasumi_store::audit_archive::tests::persisted_external_placement_never_falls_back_to_default_after_restart::{closure#0}
             at ./crates/kasumi-store/src/audit_archive.rs:863:86
  28: <kasumi_store::audit_archive::tests::persisted_external_placement_never_falls_back_to_default_after_restart::{closure#0} as core::ops::function::FnOnce<()>>::call_once
             at /rustc/8bab26f4f68e0e26f0bb7960be334d5b520ea452/library/core/src/ops/function.rs:250:5
  29: <fn() -> core::result::Result<(), alloc::string::String> as core::ops::function::FnOnce<()>>::call_once
             at /rustc/8bab26f4f68e0e26f0bb7960be334d5b520ea452/library/core/src/ops/function.rs:250:5
note: Some details are omitted, run with `RUST_BACKTRACE=full` for a verbose backtrace.
FAILED
test audit_archive::tests::reverse_archive_dependencies_are_bounded_and_require_exact_link_and_source_verification ... 
thread 'audit_archive::tests::reverse_archive_dependencies_are_bounded_and_require_exact_link_and_source_verification' (6215316) panicked at crates/kasumi-store/src/audit_archive.rs:1270:10:
called `Result::unwrap()` on an `Err` value: invalid data

Stack backtrace:
   0: std::backtrace_rs::backtrace::libunwind::trace
             at /rustc/8bab26f4f68e0e26f0bb7960be334d5b520ea452/library/std/src/../../backtrace/src/backtrace/libunwind.rs:117:9
   1: std::backtrace_rs::backtrace::trace_unsynchronized::<<std::backtrace::Backtrace>::create::{closure#0}>
             at /rustc/8bab26f4f68e0e26f0bb7960be334d5b520ea452/library/std/src/../../backtrace/src/backtrace/mod.rs:66:14
   2: <std::backtrace::Backtrace>::create
             at /rustc/8bab26f4f68e0e26f0bb7960be334d5b520ea452/library/std/src/backtrace.rs:331:13
   3: <anyhow::Error as core::convert::From<std::io::error::Error>>::from
             at /Users/mtakemiya/.cargo/registry/src/index.crates.io-1949cf8c6b5b557f/anyhow-1.0.104/src/backtrace.rs:10:14
   4: <core::result::Result<kasumi_store::backup_sessions::filesystem::Directory, anyhow::Error> as core::ops::try_trait::FromResidual<core::result::Result<core::convert::Infallible, std::io::error::Error>>>::from_residual
             at /rustc/8bab26f4f68e0e26f0bb7960be334d5b520ea452/library/core/src/result.rs:2189:27
   5: <kasumi_store::backup_sessions::filesystem::Directory>::open_or_create
             at ./crates/kasumi-store/src/backup_sessions_fs.rs:39:22
   6: <kasumi_store::audit_archive::FilesystemAuditArchive>::open::<&std::path::Path>
             at ./crates/kasumi-store/src/audit_archive.rs:633:13
   7: <kasumi_store::audit_archive::FilesystemAuditArchive>::open_fixture::<std::path::PathBuf>
             at ./crates/kasumi-store/src/test_utils.rs:568:9
   8: kasumi_store::audit_archive::tests::reverse_archive_dependencies_are_bounded_and_require_exact_link_and_source_verification::{closure#0}
             at ./crates/kasumi-store/src/audit_archive.rs:1266:27
   9: <core::pin::Pin<&mut dyn core::future::future::Future<Output = ()>> as core::future::future::Future>::poll
             at /rustc/8bab26f4f68e0e26f0bb7960be334d5b520ea452/library/core/src/future/future.rs:133:9
  10: <core::pin::Pin<&mut core::pin::Pin<&mut dyn core::future::future::Future<Output = ()>>> as core::future::future::Future>::poll
             at /rustc/8bab26f4f68e0e26f0bb7960be334d5b520ea452/library/core/src/future/future.rs:133:9
  11: <tokio::runtime::scheduler::current_thread::CoreGuard>::block_on::<core::pin::Pin<&mut core::pin::Pin<&mut dyn core::future::future::Future<Output = ()>>>>::{closure#0}::{closure#0}::{closure#0}
             at /Users/mtakemiya/.cargo/registry/src/index.crates.io-1949cf8c6b5b557f/tokio-1.53.1/src/runtime/scheduler/current_thread/mod.rs:830:70
  12: tokio::task::coop::with_budget::<core::task::poll::Poll<()>, <tokio::runtime::scheduler::current_thread::CoreGuard>::block_on<core::pin::Pin<&mut core::pin::Pin<&mut dyn core::future::future::Future<Output = ()>>>>::{closure#0}::{closure#0}::{closure#0}>
             at /Users/mtakemiya/.cargo/registry/src/index.crates.io-1949cf8c6b5b557f/tokio-1.53.1/src/task/coop/mod.rs:167:5
  13: tokio::task::coop::budget::<core::task::poll::Poll<()>, <tokio::runtime::scheduler::current_thread::CoreGuard>::block_on<core::pin::Pin<&mut core::pin::Pin<&mut dyn core::future::future::Future<Output = ()>>>>::{closure#0}::{closure#0}::{closure#0}>
             at /Users/mtakemiya/.cargo/registry/src/index.crates.io-1949cf8c6b5b557f/tokio-1.53.1/src/task/coop/mod.rs:133:5
  14: <tokio::runtime::scheduler::current_thread::CoreGuard>::block_on::<core::pin::Pin<&mut core::pin::Pin<&mut dyn core::future::future::Future<Output = ()>>>>::{closure#0}::{closure#0}
             at /Users/mtakemiya/.cargo/registry/src/index.crates.io-1949cf8c6b5b557f/tokio-1.53.1/src/runtime/scheduler/current_thread/mod.rs:830:25
  15: <tokio::runtime::scheduler::current_thread::Context>::enter::<core::task::poll::Poll<()>, <tokio::runtime::scheduler::current_thread::CoreGuard>::block_on<core::pin::Pin<&mut core::pin::Pin<&mut dyn core::future::future::Future<Output = ()>>>>::{closure#0}::{closure#0}>
             at /Users/mtakemiya/.cargo/registry/src/index.crates.io-1949cf8c6b5b557f/tokio-1.53.1/src/runtime/scheduler/current_thread/mod.rs:488:19
  16: <tokio::runtime::scheduler::current_thread::CoreGuard>::block_on::<core::pin::Pin<&mut core::pin::Pin<&mut dyn core::future::future::Future<Output = ()>>>>::{closure#0}
             at /Users/mtakemiya/.cargo/registry/src/index.crates.io-1949cf8c6b5b557f/tokio-1.53.1/src/runtime/scheduler/current_thread/mod.rs:829:44
  17: <tokio::runtime::scheduler::current_thread::CoreGuard>::enter::<<tokio::runtime::scheduler::current_thread::CoreGuard>::block_on<core::pin::Pin<&mut core::pin::Pin<&mut dyn core::future::future::Future<Output = ()>>>>::{closure#0}, core::option::Option<()>>::{closure#0}
             at /Users/mtakemiya/.cargo/registry/src/index.crates.io-1949cf8c6b5b557f/tokio-1.53.1/src/runtime/scheduler/current_thread/mod.rs:906:68
  18: <tokio::runtime::context::scoped::Scoped<tokio::runtime::scheduler::Context>>::set::<<tokio::runtime::scheduler::current_thread::CoreGuard>::enter<<tokio::runtime::scheduler::current_thread::CoreGuard>::block_on<core::pin::Pin<&mut core::pin::Pin<&mut dyn core::future::future::Future<Output = ()>>>>::{closure#0}, core::option::Option<()>>::{closure#0}, (alloc::boxed::Box<tokio::runtime::scheduler::current_thread::Core>, core::option::Option<()>)>
             at /Users/mtakemiya/.cargo/registry/src/index.crates.io-1949cf8c6b5b557f/tokio-1.53.1/src/runtime/context/scoped.rs:40:9
  19: tokio::runtime::context::set_scheduler::<(alloc::boxed::Box<tokio::runtime::scheduler::current_thread::Core>, core::option::Option<()>), <tokio::runtime::scheduler::current_thread::CoreGuard>::enter<<tokio::runtime::scheduler::current_thread::CoreGuard>::block_on<core::pin::Pin<&mut core::pin::Pin<&mut dyn core::future::future::Future<Output = ()>>>>::{closure#0}, core::option::Option<()>>::{closure#0}>::{closure#0}
             at /Users/mtakemiya/.cargo/registry/src/index.crates.io-1949cf8c6b5b557f/tokio-1.53.1/src/runtime/context.rs:187:38
  20: <std::thread::local::LocalKey<tokio::runtime::context::Context>>::try_with::<tokio::runtime::context::set_scheduler<(alloc::boxed::Box<tokio::runtime::scheduler::current_thread::Core>, core::option::Option<()>), <tokio::runtime::scheduler::current_thread::CoreGuard>::enter<<tokio::runtime::scheduler::current_thread::CoreGuard>::block_on<core::pin::Pin<&mut core::pin::Pin<&mut dyn core::future::future::Future<Output = ()>>>>::{closure#0}, core::option::Option<()>>::{closure#0}>::{closure#0}, (alloc::boxed::Box<tokio::runtime::scheduler::current_thread::Core>, core::option::Option<()>)>
             at /rustc/8bab26f4f68e0e26f0bb7960be334d5b520ea452/library/std/src/thread/local.rs:462:12
  21: <std::thread::local::LocalKey<tokio::runtime::context::Context>>::with::<tokio::runtime::context::set_scheduler<(alloc::boxed::Box<tokio::runtime::scheduler::current_thread::Core>, core::option::Option<()>), <tokio::runtime::scheduler::current_thread::CoreGuard>::enter<<tokio::runtime::scheduler::current_thread::CoreGuard>::block_on<core::pin::Pin<&mut core::pin::Pin<&mut dyn core::future::future::Future<Output = ()>>>>::{closure#0}, core::option::Option<()>>::{closure#0}>::{closure#0}, (alloc::boxed::Box<tokio::runtime::scheduler::current_thread::Core>, core::option::Option<()>)>
             at /rustc/8bab26f4f68e0e26f0bb7960be334d5b520ea452/library/std/src/thread/local.rs:426:20
  22: tokio::runtime::context::set_scheduler::<(alloc::boxed::Box<tokio::runtime::scheduler::current_thread::Core>, core::option::Option<()>), <tokio::runtime::scheduler::current_thread::CoreGuard>::enter<<tokio::runtime::scheduler::current_thread::CoreGuard>::block_on<core::pin::Pin<&mut core::pin::Pin<&mut dyn core::future::future::Future<Output = ()>>>>::{closure#0}, core::option::Option<()>>::{closure#0}>
             at /Users/mtakemiya/.cargo/registry/src/index.crates.io-1949cf8c6b5b557f/tokio-1.53.1/src/runtime/context.rs:187:17
  23: <tokio::runtime::scheduler::current_thread::CoreGuard>::enter::<<tokio::runtime::scheduler::current_thread::CoreGuard>::block_on<core::pin::Pin<&mut core::pin::Pin<&mut dyn core::future::future::Future<Output = ()>>>>::{closure#0}, core::option::Option<()>>
             at /Users/mtakemiya/.cargo/registry/src/index.crates.io-1949cf8c6b5b557f/tokio-1.53.1/src/runtime/scheduler/current_thread/mod.rs:906:27
  24: <tokio::runtime::scheduler::current_thread::CoreGuard>::block_on::<core::pin::Pin<&mut core::pin::Pin<&mut dyn core::future::future::Future<Output = ()>>>>
             at /Users/mtakemiya/.cargo/registry/src/index.crates.io-1949cf8c6b5b557f/tokio-1.53.1/src/runtime/scheduler/current_thread/mod.rs:817:24
  25: <tokio::runtime::scheduler::current_thread::CurrentThread>::block_on::<core::pin::Pin<&mut dyn core::future::future::Future<Output = ()>>>::{closure#0}
             at /Users/mtakemiya/.cargo/registry/src/index.crates.io-1949cf8c6b5b557f/tokio-1.53.1/src/runtime/scheduler/current_thread/mod.rs:218:33
  26: tokio::runtime::context::runtime::enter_runtime::<<tokio::runtime::scheduler::current_thread::CurrentThread>::block_on<core::pin::Pin<&mut dyn core::future::future::Future<Output = ()>>>::{closure#0}, ()>
             at /Users/mtakemiya/.cargo/registry/src/index.crates.io-1949cf8c6b5b557f/tokio-1.53.1/src/runtime/context/runtime.rs:65:16
  27: <tokio::runtime::scheduler::current_thread::CurrentThread>::block_on::<core::pin::Pin<&mut dyn core::future::future::Future<Output = ()>>>
             at /Users/mtakemiya/.cargo/registry/src/index.crates.io-1949cf8c6b5b557f/tokio-1.53.1/src/runtime/scheduler/current_thread/mod.rs:206:9
  28: <tokio::runtime::runtime::Runtime>::block_on_inner::<core::pin::Pin<&mut dyn core::future::future::Future<Output = ()>>>
             at /Users/mtakemiya/.cargo/registry/src/index.crates.io-1949cf8c6b5b557f/tokio-1.53.1/src/runtime/runtime.rs:374:52
  29: <tokio::runtime::runtime::Runtime>::block_on::<core::pin::Pin<&mut dyn core::future::future::Future<Output = ()>>>
             at /Users/mtakemiya/.cargo/registry/src/index.crates.io-1949cf8c6b5b557f/tokio-1.53.1/src/runtime/runtime.rs:343:18
  30: kasumi_store::audit_archive::tests::reverse_archive_dependencies_are_bounded_and_require_exact_link_and_source_verification
             at ./crates/kasumi-store/src/audit_archive.rs:1304:40
  31: kasumi_store::audit_archive::tests::reverse_archive_dependencies_are_bounded_and_require_exact_link_and_source_verification::{closure#0}
             at ./crates/kasumi-store/src/audit_archive.rs:1234:103
  32: <kasumi_store::audit_archive::tests::reverse_archive_dependencies_are_bounded_and_require_exact_link_and_source_verification::{closure#0} as core::ops::function::FnOnce<()>>::call_once
             at /rustc/8bab26f4f68e0e26f0bb7960be334d5b520ea452/library/core/src/ops/function.rs:250:5
  33: <fn() -> core::result::Result<(), alloc::string::String> as core::ops::function::FnOnce<()>>::call_once
             at /rustc/8bab26f4f68e0e26f0bb7960be334d5b520ea452/library/core/src/ops/function.rs:250:5
  34: test::__rust_begin_short_backtrace::<core::result::Result<(), alloc::string::String>, fn() -> core::result::Result<(), alloc::string::String>>
             at /rustc/8bab26f4f68e0e26f0bb7960be334d5b520ea452/library/test/src/lib.rs:724:18
  35: test::run_test_in_process::{closure#0}
             at /rustc/8bab26f4f68e0e26f0bb7960be334d5b520ea452/library/test/src/lib.rs:747:74
  36: <core::panic::unwind_safe::AssertUnwindSafe<test::run_test_in_process::{closure#0}> as core::ops::function::FnOnce<()>>::call_once
             at /rustc/8bab26f4f68e0e26f0bb7960be334d5b520ea452/library/core/src/panic/unwind_safe.rs:275:9
  37: std::panicking::catch_unwind::do_call::<core::panic::unwind_safe::AssertUnwindSafe<test::run_test_in_process::{closure#0}>, core::result::Result<(), alloc::string::String>>
             at /rustc/8bab26f4f68e0e26f0bb7960be334d5b520ea452/library/std/src/panicking.rs:581:40
  38: std::panicking::catch_unwind::<core::result::Result<(), alloc::string::String>, core::panic::unwind_safe::AssertUnwindSafe<test::run_test_in_process::{closure#0}>>
             at /rustc/8bab26f4f68e0e26f0bb7960be334d5b520ea452/library/std/src/panicking.rs:544:19
  39: std::panic::catch_unwind::<core::panic::unwind_safe::AssertUnwindSafe<test::run_test_in_process::{closure#0}>, core::result::Result<(), alloc::string::String>>
             at /rustc/8bab26f4f68e0e26f0bb7960be334d5b520ea452/library/std/src/panic.rs:359:14
  40: test::run_test_in_process
             at /rustc/8bab26f4f68e0e26f0bb7960be334d5b520ea452/library/test/src/lib.rs:747:27
  41: test::run_test::{closure#0}
             at /rustc/8bab26f4f68e0e26f0bb7960be334d5b520ea452/library/test/src/lib.rs:668:43
  42: test::run_test::{closure#1}
             at /rustc/8bab26f4f68e0e26f0bb7960be334d5b520ea452/library/test/src/lib.rs:698:41
  43: std::sys::backtrace::__rust_begin_short_backtrace::<test::run_test::{closure#1}, ()>
             at /rustc/8bab26f4f68e0e26f0bb7960be334d5b520ea452/library/std/src/sys/backtrace.rs:166:18
  44: std::thread::lifecycle::spawn_unchecked::<test::run_test::{closure#1}, ()>::{closure#1}::{closure#0}
             at /rustc/8bab26f4f68e0e26f0bb7960be334d5b520ea452/library/std/src/thread/lifecycle.rs:70:13
  45: <core::panic::unwind_safe::AssertUnwindSafe<std::thread::lifecycle::spawn_unchecked<test::run_test::{closure#1}, ()>::{closure#1}::{closure#0}> as core::ops::function::FnOnce<()>>::call_once
             at /rustc/8bab26f4f68e0e26f0bb7960be334d5b520ea452/library/core/src/panic/unwind_safe.rs:275:9
  46: std::panicking::catch_unwind::do_call::<core::panic::unwind_safe::AssertUnwindSafe<std::thread::lifecycle::spawn_unchecked<test::run_test::{closure#1}, ()>::{closure#1}::{closure#0}>, ()>
             at /rustc/8bab26f4f68e0e26f0bb7960be334d5b520ea452/library/std/src/panicking.rs:581:40
  47: std::panicking::catch_unwind::<(), core::panic::unwind_safe::AssertUnwindSafe<std::thread::lifecycle::spawn_unchecked<test::run_test::{closure#1}, ()>::{closure#1}::{closure#0}>>
             at /rustc/8bab26f4f68e0e26f0bb7960be334d5b520ea452/library/std/src/panicking.rs:544:19
  48: std::panic::catch_unwind::<core::panic::unwind_safe::AssertUnwindSafe<std::thread::lifecycle::spawn_unchecked<test::run_test::{closure#1}, ()>::{closure#1}::{closure#0}>, ()>
             at /rustc/8bab26f4f68e0e26f0bb7960be334d5b520ea452/library/std/src/panic.rs:359:14
  49: std::thread::lifecycle::spawn_unchecked::<test::run_test::{closure#1}, ()>::{closure#1}
             at /rustc/8bab26f4f68e0e26f0bb7960be334d5b520ea452/library/std/src/thread/lifecycle.rs:68:26
  50: <std::thread::lifecycle::spawn_unchecked<test::run_test::{closure#1}, ()>::{closure#1} as core::ops::function::FnOnce<()>>::call_once::{shim:vtable#0}
             at /rustc/8bab26f4f68e0e26f0bb7960be334d5b520ea452/library/core/src/ops/function.rs:250:5
  51: <alloc::boxed::Box<dyn core::ops::function::FnOnce<(), Output = ()> + core::marker::Send> as core::ops::function::FnOnce<()>>::call_once
             at /rustc/8bab26f4f68e0e26f0bb7960be334d5b520ea452/library/alloc/src/boxed.rs:2275:9
  52: <std::sys::thread::unix::Thread>::new::thread_start
             at /rustc/8bab26f4f68e0e26f0bb7960be334d5b520ea452/library/std/src/sys/thread/unix.rs:118:17
  53: __pthread_exit
stack backtrace:
   0: __rustc::rust_begin_unwind
             at /rustc/8bab26f4f68e0e26f0bb7960be334d5b520ea452/library/std/src/panicking.rs:689:5
   1: core::panicking::panic_fmt
             at /rustc/8bab26f4f68e0e26f0bb7960be334d5b520ea452/library/core/src/panicking.rs:80:14
   2: core::result::unwrap_failed
             at /rustc/8bab26f4f68e0e26f0bb7960be334d5b520ea452/library/core/src/result.rs:1867:5
   3: <core::result::Result<kasumi_store::audit_archive::FilesystemAuditArchive, anyhow::Error>>::unwrap
             at /rustc/8bab26f4f68e0e26f0bb7960be334d5b520ea452/library/core/src/result.rs:1233:23
   4: kasumi_store::audit_archive::tests::reverse_archive_dependencies_are_bounded_and_require_exact_link_and_source_verification::{closure#0}
             at ./crates/kasumi-store/src/audit_archive.rs:1270:10
   5: <core::pin::Pin<&mut dyn core::future::future::Future<Output = ()>> as core::future::future::Future>::poll
             at /rustc/8bab26f4f68e0e26f0bb7960be334d5b520ea452/library/core/src/future/future.rs:133:9
   6: <core::pin::Pin<&mut core::pin::Pin<&mut dyn core::future::future::Future<Output = ()>>> as core::future::future::Future>::poll
             at /rustc/8bab26f4f68e0e26f0bb7960be334d5b520ea452/library/core/src/future/future.rs:133:9
   7: <tokio::runtime::scheduler::current_thread::CoreGuard>::block_on::<core::pin::Pin<&mut core::pin::Pin<&mut dyn core::future::future::Future<Output = ()>>>>::{closure#0}::{closure#0}::{closure#0}
             at /Users/mtakemiya/.cargo/registry/src/index.crates.io-1949cf8c6b5b557f/tokio-1.53.1/src/runtime/scheduler/current_thread/mod.rs:830:70
   8: tokio::task::coop::with_budget::<core::task::poll::Poll<()>, <tokio::runtime::scheduler::current_thread::CoreGuard>::block_on<core::pin::Pin<&mut core::pin::Pin<&mut dyn core::future::future::Future<Output = ()>>>>::{closure#0}::{closure#0}::{closure#0}>
             at /Users/mtakemiya/.cargo/registry/src/index.crates.io-1949cf8c6b5b557f/tokio-1.53.1/src/task/coop/mod.rs:167:5
   9: tokio::task::coop::budget::<core::task::poll::Poll<()>, <tokio::runtime::scheduler::current_thread::CoreGuard>::block_on<core::pin::Pin<&mut core::pin::Pin<&mut dyn core::future::future::Future<Output = ()>>>>::{closure#0}::{closure#0}::{closure#0}>
             at /Users/mtakemiya/.cargo/registry/src/index.crates.io-1949cf8c6b5b557f/tokio-1.53.1/src/task/coop/mod.rs:133:5
  10: <tokio::runtime::scheduler::current_thread::CoreGuard>::block_on::<core::pin::Pin<&mut core::pin::Pin<&mut dyn core::future::future::Future<Output = ()>>>>::{closure#0}::{closure#0}
             at /Users/mtakemiya/.cargo/registry/src/index.crates.io-1949cf8c6b5b557f/tokio-1.53.1/src/runtime/scheduler/current_thread/mod.rs:830:25
  11: <tokio::runtime::scheduler::current_thread::Context>::enter::<core::task::poll::Poll<()>, <tokio::runtime::scheduler::current_thread::CoreGuard>::block_on<core::pin::Pin<&mut core::pin::Pin<&mut dyn core::future::future::Future<Output = ()>>>>::{closure#0}::{closure#0}>
             at /Users/mtakemiya/.cargo/registry/src/index.crates.io-1949cf8c6b5b557f/tokio-1.53.1/src/runtime/scheduler/current_thread/mod.rs:488:19
  12: <tokio::runtime::scheduler::current_thread::CoreGuard>::block_on::<core::pin::Pin<&mut core::pin::Pin<&mut dyn core::future::future::Future<Output = ()>>>>::{closure#0}
             at /Users/mtakemiya/.cargo/registry/src/index.crates.io-1949cf8c6b5b557f/tokio-1.53.1/src/runtime/scheduler/current_thread/mod.rs:829:44
  13: <tokio::runtime::scheduler::current_thread::CoreGuard>::enter::<<tokio::runtime::scheduler::current_thread::CoreGuard>::block_on<core::pin::Pin<&mut core::pin::Pin<&mut dyn core::future::future::Future<Output = ()>>>>::{closure#0}, core::option::Option<()>>::{closure#0}
             at /Users/mtakemiya/.cargo/registry/src/index.crates.io-1949cf8c6b5b557f/tokio-1.53.1/src/runtime/scheduler/current_thread/mod.rs:906:68
  14: <tokio::runtime::context::scoped::Scoped<tokio::runtime::scheduler::Context>>::set::<<tokio::runtime::scheduler::current_thread::CoreGuard>::enter<<tokio::runtime::scheduler::current_thread::CoreGuard>::block_on<core::pin::Pin<&mut core::pin::Pin<&mut dyn core::future::future::Future<Output = ()>>>>::{closure#0}, core::option::Option<()>>::{closure#0}, (alloc::boxed::Box<tokio::runtime::scheduler::current_thread::Core>, core::option::Option<()>)>
             at /Users/mtakemiya/.cargo/registry/src/index.crates.io-1949cf8c6b5b557f/tokio-1.53.1/src/runtime/context/scoped.rs:40:9
  15: tokio::runtime::context::set_scheduler::<(alloc::boxed::Box<tokio::runtime::scheduler::current_thread::Core>, core::option::Option<()>), <tokio::runtime::scheduler::current_thread::CoreGuard>::enter<<tokio::runtime::scheduler::current_thread::CoreGuard>::block_on<core::pin::Pin<&mut core::pin::Pin<&mut dyn core::future::future::Future<Output = ()>>>>::{closure#0}, core::option::Option<()>>::{closure#0}>::{closure#0}
             at /Users/mtakemiya/.cargo/registry/src/index.crates.io-1949cf8c6b5b557f/tokio-1.53.1/src/runtime/context.rs:187:38
  16: <std::thread::local::LocalKey<tokio::runtime::context::Context>>::try_with::<tokio::runtime::context::set_scheduler<(alloc::boxed::Box<tokio::runtime::scheduler::current_thread::Core>, core::option::Option<()>), <tokio::runtime::scheduler::current_thread::CoreGuard>::enter<<tokio::runtime::scheduler::current_thread::CoreGuard>::block_on<core::pin::Pin<&mut core::pin::Pin<&mut dyn core::future::future::Future<Output = ()>>>>::{closure#0}, core::option::Option<()>>::{closure#0}>::{closure#0}, (alloc::boxed::Box<tokio::runtime::scheduler::current_thread::Core>, core::option::Option<()>)>
             at /rustc/8bab26f4f68e0e26f0bb7960be334d5b520ea452/library/std/src/thread/local.rs:462:12
  17: <std::thread::local::LocalKey<tokio::runtime::context::Context>>::with::<tokio::runtime::context::set_scheduler<(alloc::boxed::Box<tokio::runtime::scheduler::current_thread::Core>, core::option::Option<()>), <tokio::runtime::scheduler::current_thread::CoreGuard>::enter<<tokio::runtime::scheduler::current_thread::CoreGuard>::block_on<core::pin::Pin<&mut core::pin::Pin<&mut dyn core::future::future::Future<Output = ()>>>>::{closure#0}, core::option::Option<()>>::{closure#0}>::{closure#0}, (alloc::boxed::Box<tokio::runtime::scheduler::current_thread::Core>, core::option::Option<()>)>
             at /rustc/8bab26f4f68e0e26f0bb7960be334d5b520ea452/library/std/src/thread/local.rs:426:20
  18: tokio::runtime::context::set_scheduler::<(alloc::boxed::Box<tokio::runtime::scheduler::current_thread::Core>, core::option::Option<()>), <tokio::runtime::scheduler::current_thread::CoreGuard>::enter<<tokio::runtime::scheduler::current_thread::CoreGuard>::block_on<core::pin::Pin<&mut core::pin::Pin<&mut dyn core::future::future::Future<Output = ()>>>>::{closure#0}, core::option::Option<()>>::{closure#0}>
             at /Users/mtakemiya/.cargo/registry/src/index.crates.io-1949cf8c6b5b557f/tokio-1.53.1/src/runtime/context.rs:187:17
  19: <tokio::runtime::scheduler::current_thread::CoreGuard>::enter::<<tokio::runtime::scheduler::current_thread::CoreGuard>::block_on<core::pin::Pin<&mut core::pin::Pin<&mut dyn core::future::future::Future<Output = ()>>>>::{closure#0}, core::option::Option<()>>
             at /Users/mtakemiya/.cargo/registry/src/index.crates.io-1949cf8c6b5b557f/tokio-1.53.1/src/runtime/scheduler/current_thread/mod.rs:906:27
  20: <tokio::runtime::scheduler::current_thread::CoreGuard>::block_on::<core::pin::Pin<&mut core::pin::Pin<&mut dyn core::future::future::Future<Output = ()>>>>
             at /Users/mtakemiya/.cargo/registry/src/index.crates.io-1949cf8c6b5b557f/tokio-1.53.1/src/runtime/scheduler/current_thread/mod.rs:817:24
  21: <tokio::runtime::scheduler::current_thread::CurrentThread>::block_on::<core::pin::Pin<&mut dyn core::future::future::Future<Output = ()>>>::{closure#0}
             at /Users/mtakemiya/.cargo/registry/src/index.crates.io-1949cf8c6b5b557f/tokio-1.53.1/src/runtime/scheduler/current_thread/mod.rs:218:33
  22: tokio::runtime::context::runtime::enter_runtime::<<tokio::runtime::scheduler::current_thread::CurrentThread>::block_on<core::pin::Pin<&mut dyn core::future::future::Future<Output = ()>>>::{closure#0}, ()>
             at /Users/mtakemiya/.cargo/registry/src/index.crates.io-1949cf8c6b5b557f/tokio-1.53.1/src/runtime/context/runtime.rs:65:16
  23: <tokio::runtime::scheduler::current_thread::CurrentThread>::block_on::<core::pin::Pin<&mut dyn core::future::future::Future<Output = ()>>>
             at /Users/mtakemiya/.cargo/registry/src/index.crates.io-1949cf8c6b5b557f/tokio-1.53.1/src/runtime/scheduler/current_thread/mod.rs:206:9
  24: <tokio::runtime::runtime::Runtime>::block_on_inner::<core::pin::Pin<&mut dyn core::future::future::Future<Output = ()>>>
             at /Users/mtakemiya/.cargo/registry/src/index.crates.io-1949cf8c6b5b557f/tokio-1.53.1/src/runtime/runtime.rs:374:52
  25: <tokio::runtime::runtime::Runtime>::block_on::<core::pin::Pin<&mut dyn core::future::future::Future<Output = ()>>>
             at /Users/mtakemiya/.cargo/registry/src/index.crates.io-1949cf8c6b5b557f/tokio-1.53.1/src/runtime/runtime.rs:343:18
  26: kasumi_store::audit_archive::tests::reverse_archive_dependencies_are_bounded_and_require_exact_link_and_source_verification
             at ./crates/kasumi-store/src/audit_archive.rs:1304:40
  27: kasumi_store::audit_archive::tests::reverse_archive_dependencies_are_bounded_and_require_exact_link_and_source_verification::{closure#0}
             at ./crates/kasumi-store/src/audit_archive.rs:1234:103
  28: <kasumi_store::audit_archive::tests::reverse_archive_dependencies_are_bounded_and_require_exact_link_and_source_verification::{closure#0} as core::ops::function::FnOnce<()>>::call_once
             at /rustc/8bab26f4f68e0e26f0bb7960be334d5b520ea452/library/core/src/ops/function.rs:250:5
  29: <fn() -> core::result::Result<(), alloc::string::String> as core::ops::function::FnOnce<()>>::call_once
             at /rustc/8bab26f4f68e0e26f0bb7960be334d5b520ea452/library/core/src/ops/function.rs:250:5
note: Some details are omitted, run with `RUST_BACKTRACE=full` for a verbose backtrace.
FAILED
test audit_archive::tests::segment_capacity_is_bounded_and_positions_use_checked_u64 ... ok
test audit_archive::tests::verified_archive_is_private_immutable_contiguous_and_reopenable ... 
thread 'audit_archive::tests::verified_archive_is_private_immutable_contiguous_and_reopenable' (6215470) panicked at crates/kasumi-store/src/audit_archive.rs:958:81:
called `Result::unwrap()` on an `Err` value: invalid data

Stack backtrace:
   0: std::backtrace_rs::backtrace::libunwind::trace
             at /rustc/8bab26f4f68e0e26f0bb7960be334d5b520ea452/library/std/src/../../backtrace/src/backtrace/libunwind.rs:117:9
   1: std::backtrace_rs::backtrace::trace_unsynchronized::<<std::backtrace::Backtrace>::create::{closure#0}>
             at /rustc/8bab26f4f68e0e26f0bb7960be334d5b520ea452/library/std/src/../../backtrace/src/backtrace/mod.rs:66:14
   2: <std::backtrace::Backtrace>::create
             at /rustc/8bab26f4f68e0e26f0bb7960be334d5b520ea452/library/std/src/backtrace.rs:331:13
   3: <anyhow::Error as core::convert::From<std::io::error::Error>>::from
             at /Users/mtakemiya/.cargo/registry/src/index.crates.io-1949cf8c6b5b557f/anyhow-1.0.104/src/backtrace.rs:10:14
   4: <core::result::Result<kasumi_store::backup_sessions::filesystem::Directory, anyhow::Error> as core::ops::try_trait::FromResidual<core::result::Result<core::convert::Infallible, std::io::error::Error>>>::from_residual
             at /rustc/8bab26f4f68e0e26f0bb7960be334d5b520ea452/library/core/src/result.rs:2189:27
   5: <kasumi_store::backup_sessions::filesystem::Directory>::open_or_create
             at ./crates/kasumi-store/src/backup_sessions_fs.rs:39:22
   6: <kasumi_store::audit_archive::FilesystemAuditArchive>::open::<&std::path::Path>
             at ./crates/kasumi-store/src/audit_archive.rs:633:13
   7: <kasumi_store::audit_archive::FilesystemAuditArchive>::open_fixture::<&std::path::PathBuf>
             at ./crates/kasumi-store/src/test_utils.rs:568:9
   8: kasumi_store::audit_archive::tests::verified_archive_is_private_immutable_contiguous_and_reopenable::{closure#0}
             at ./crates/kasumi-store/src/audit_archive.rs:958:13
   9: <core::pin::Pin<&mut dyn core::future::future::Future<Output = ()>> as core::future::future::Future>::poll
             at /rustc/8bab26f4f68e0e26f0bb7960be334d5b520ea452/library/core/src/future/future.rs:133:9
  10: <core::pin::Pin<&mut core::pin::Pin<&mut dyn core::future::future::Future<Output = ()>>> as core::future::future::Future>::poll
             at /rustc/8bab26f4f68e0e26f0bb7960be334d5b520ea452/library/core/src/future/future.rs:133:9
  11: <tokio::runtime::scheduler::current_thread::CoreGuard>::block_on::<core::pin::Pin<&mut core::pin::Pin<&mut dyn core::future::future::Future<Output = ()>>>>::{closure#0}::{closure#0}::{closure#0}
             at /Users/mtakemiya/.cargo/registry/src/index.crates.io-1949cf8c6b5b557f/tokio-1.53.1/src/runtime/scheduler/current_thread/mod.rs:830:70
  12: tokio::task::coop::with_budget::<core::task::poll::Poll<()>, <tokio::runtime::scheduler::current_thread::CoreGuard>::block_on<core::pin::Pin<&mut core::pin::Pin<&mut dyn core::future::future::Future<Output = ()>>>>::{closure#0}::{closure#0}::{closure#0}>
             at /Users/mtakemiya/.cargo/registry/src/index.crates.io-1949cf8c6b5b557f/tokio-1.53.1/src/task/coop/mod.rs:167:5
  13: tokio::task::coop::budget::<core::task::poll::Poll<()>, <tokio::runtime::scheduler::current_thread::CoreGuard>::block_on<core::pin::Pin<&mut core::pin::Pin<&mut dyn core::future::future::Future<Output = ()>>>>::{closure#0}::{closure#0}::{closure#0}>
             at /Users/mtakemiya/.cargo/registry/src/index.crates.io-1949cf8c6b5b557f/tokio-1.53.1/src/task/coop/mod.rs:133:5
  14: <tokio::runtime::scheduler::current_thread::CoreGuard>::block_on::<core::pin::Pin<&mut core::pin::Pin<&mut dyn core::future::future::Future<Output = ()>>>>::{closure#0}::{closure#0}
             at /Users/mtakemiya/.cargo/registry/src/index.crates.io-1949cf8c6b5b557f/tokio-1.53.1/src/runtime/scheduler/current_thread/mod.rs:830:25
  15: <tokio::runtime::scheduler::current_thread::Context>::enter::<core::task::poll::Poll<()>, <tokio::runtime::scheduler::current_thread::CoreGuard>::block_on<core::pin::Pin<&mut core::pin::Pin<&mut dyn core::future::future::Future<Output = ()>>>>::{closure#0}::{closure#0}>
             at /Users/mtakemiya/.cargo/registry/src/index.crates.io-1949cf8c6b5b557f/tokio-1.53.1/src/runtime/scheduler/current_thread/mod.rs:488:19
  16: <tokio::runtime::scheduler::current_thread::CoreGuard>::block_on::<core::pin::Pin<&mut core::pin::Pin<&mut dyn core::future::future::Future<Output = ()>>>>::{closure#0}
             at /Users/mtakemiya/.cargo/registry/src/index.crates.io-1949cf8c6b5b557f/tokio-1.53.1/src/runtime/scheduler/current_thread/mod.rs:829:44
  17: <tokio::runtime::scheduler::current_thread::CoreGuard>::enter::<<tokio::runtime::scheduler::current_thread::CoreGuard>::block_on<core::pin::Pin<&mut core::pin::Pin<&mut dyn core::future::future::Future<Output = ()>>>>::{closure#0}, core::option::Option<()>>::{closure#0}
             at /Users/mtakemiya/.cargo/registry/src/index.crates.io-1949cf8c6b5b557f/tokio-1.53.1/src/runtime/scheduler/current_thread/mod.rs:906:68
  18: <tokio::runtime::context::scoped::Scoped<tokio::runtime::scheduler::Context>>::set::<<tokio::runtime::scheduler::current_thread::CoreGuard>::enter<<tokio::runtime::scheduler::current_thread::CoreGuard>::block_on<core::pin::Pin<&mut core::pin::Pin<&mut dyn core::future::future::Future<Output = ()>>>>::{closure#0}, core::option::Option<()>>::{closure#0}, (alloc::boxed::Box<tokio::runtime::scheduler::current_thread::Core>, core::option::Option<()>)>
             at /Users/mtakemiya/.cargo/registry/src/index.crates.io-1949cf8c6b5b557f/tokio-1.53.1/src/runtime/context/scoped.rs:40:9
  19: tokio::runtime::context::set_scheduler::<(alloc::boxed::Box<tokio::runtime::scheduler::current_thread::Core>, core::option::Option<()>), <tokio::runtime::scheduler::current_thread::CoreGuard>::enter<<tokio::runtime::scheduler::current_thread::CoreGuard>::block_on<core::pin::Pin<&mut core::pin::Pin<&mut dyn core::future::future::Future<Output = ()>>>>::{closure#0}, core::option::Option<()>>::{closure#0}>::{closure#0}
             at /Users/mtakemiya/.cargo/registry/src/index.crates.io-1949cf8c6b5b557f/tokio-1.53.1/src/runtime/context.rs:187:38
  20: <std::thread::local::LocalKey<tokio::runtime::context::Context>>::try_with::<tokio::runtime::context::set_scheduler<(alloc::boxed::Box<tokio::runtime::scheduler::current_thread::Core>, core::option::Option<()>), <tokio::runtime::scheduler::current_thread::CoreGuard>::enter<<tokio::runtime::scheduler::current_thread::CoreGuard>::block_on<core::pin::Pin<&mut core::pin::Pin<&mut dyn core::future::future::Future<Output = ()>>>>::{closure#0}, core::option::Option<()>>::{closure#0}>::{closure#0}, (alloc::boxed::Box<tokio::runtime::scheduler::current_thread::Core>, core::option::Option<()>)>
             at /rustc/8bab26f4f68e0e26f0bb7960be334d5b520ea452/library/std/src/thread/local.rs:462:12
  21: <std::thread::local::LocalKey<tokio::runtime::context::Context>>::with::<tokio::runtime::context::set_scheduler<(alloc::boxed::Box<tokio::runtime::scheduler::current_thread::Core>, core::option::Option<()>), <tokio::runtime::scheduler::current_thread::CoreGuard>::enter<<tokio::runtime::scheduler::current_thread::CoreGuard>::block_on<core::pin::Pin<&mut core::pin::Pin<&mut dyn core::future::future::Future<Output = ()>>>>::{closure#0}, core::option::Option<()>>::{closure#0}>::{closure#0}, (alloc::boxed::Box<tokio::runtime::scheduler::current_thread::Core>, core::option::Option<()>)>
             at /rustc/8bab26f4f68e0e26f0bb7960be334d5b520ea452/library/std/src/thread/local.rs:426:20
  22: tokio::runtime::context::set_scheduler::<(alloc::boxed::Box<tokio::runtime::scheduler::current_thread::Core>, core::option::Option<()>), <tokio::runtime::scheduler::current_thread::CoreGuard>::enter<<tokio::runtime::scheduler::current_thread::CoreGuard>::block_on<core::pin::Pin<&mut core::pin::Pin<&mut dyn core::future::future::Future<Output = ()>>>>::{closure#0}, core::option::Option<()>>::{closure#0}>
             at /Users/mtakemiya/.cargo/registry/src/index.crates.io-1949cf8c6b5b557f/tokio-1.53.1/src/runtime/context.rs:187:17
  23: <tokio::runtime::scheduler::current_thread::CoreGuard>::enter::<<tokio::runtime::scheduler::current_thread::CoreGuard>::block_on<core::pin::Pin<&mut core::pin::Pin<&mut dyn core::future::future::Future<Output = ()>>>>::{closure#0}, core::option::Option<()>>
             at /Users/mtakemiya/.cargo/registry/src/index.crates.io-1949cf8c6b5b557f/tokio-1.53.1/src/runtime/scheduler/current_thread/mod.rs:906:27
  24: <tokio::runtime::scheduler::current_thread::CoreGuard>::block_on::<core::pin::Pin<&mut core::pin::Pin<&mut dyn core::future::future::Future<Output = ()>>>>
             at /Users/mtakemiya/.cargo/registry/src/index.crates.io-1949cf8c6b5b557f/tokio-1.53.1/src/runtime/scheduler/current_thread/mod.rs:817:24
  25: <tokio::runtime::scheduler::current_thread::CurrentThread>::block_on::<core::pin::Pin<&mut dyn core::future::future::Future<Output = ()>>>::{closure#0}
             at /Users/mtakemiya/.cargo/registry/src/index.crates.io-1949cf8c6b5b557f/tokio-1.53.1/src/runtime/scheduler/current_thread/mod.rs:218:33
  26: tokio::runtime::context::runtime::enter_runtime::<<tokio::runtime::scheduler::current_thread::CurrentThread>::block_on<core::pin::Pin<&mut dyn core::future::future::Future<Output = ()>>>::{closure#0}, ()>
             at /Users/mtakemiya/.cargo/registry/src/index.crates.io-1949cf8c6b5b557f/tokio-1.53.1/src/runtime/context/runtime.rs:65:16
  27: <tokio::runtime::scheduler::current_thread::CurrentThread>::block_on::<core::pin::Pin<&mut dyn core::future::future::Future<Output = ()>>>
             at /Users/mtakemiya/.cargo/registry/src/index.crates.io-1949cf8c6b5b557f/tokio-1.53.1/src/runtime/scheduler/current_thread/mod.rs:206:9
  28: <tokio::runtime::runtime::Runtime>::block_on_inner::<core::pin::Pin<&mut dyn core::future::future::Future<Output = ()>>>
             at /Users/mtakemiya/.cargo/registry/src/index.crates.io-1949cf8c6b5b557f/tokio-1.53.1/src/runtime/runtime.rs:374:52
  29: <tokio::runtime::runtime::Runtime>::block_on::<core::pin::Pin<&mut dyn core::future::future::Future<Output = ()>>>
             at /Users/mtakemiya/.cargo/registry/src/index.crates.io-1949cf8c6b5b557f/tokio-1.53.1/src/runtime/runtime.rs:343:18
  30: kasumi_store::audit_archive::tests::verified_archive_is_private_immutable_contiguous_and_reopenable
             at ./crates/kasumi-store/src/audit_archive.rs:1000:40
  31: kasumi_store::audit_archive::tests::verified_archive_is_private_immutable_contiguous_and_reopenable::{closure#0}
             at ./crates/kasumi-store/src/audit_archive.rs:931:79
  32: <kasumi_store::audit_archive::tests::verified_archive_is_private_immutable_contiguous_and_reopenable::{closure#0} as core::ops::function::FnOnce<()>>::call_once
             at /rustc/8bab26f4f68e0e26f0bb7960be334d5b520ea452/library/core/src/ops/function.rs:250:5
  33: <fn() -> core::result::Result<(), alloc::string::String> as core::ops::function::FnOnce<()>>::call_once
             at /rustc/8bab26f4f68e0e26f0bb7960be334d5b520ea452/library/core/src/ops/function.rs:250:5
  34: test::__rust_begin_short_backtrace::<core::result::Result<(), alloc::string::String>, fn() -> core::result::Result<(), alloc::string::String>>
             at /rustc/8bab26f4f68e0e26f0bb7960be334d5b520ea452/library/test/src/lib.rs:724:18
  35: test::run_test_in_process::{closure#0}
             at /rustc/8bab26f4f68e0e26f0bb7960be334d5b520ea452/library/test/src/lib.rs:747:74
  36: <core::panic::unwind_safe::AssertUnwindSafe<test::run_test_in_process::{closure#0}> as core::ops::function::FnOnce<()>>::call_once
             at /rustc/8bab26f4f68e0e26f0bb7960be334d5b520ea452/library/core/src/panic/unwind_safe.rs:275:9
  37: std::panicking::catch_unwind::do_call::<core::panic::unwind_safe::AssertUnwindSafe<test::run_test_in_process::{closure#0}>, core::result::Result<(), alloc::string::String>>
             at /rustc/8bab26f4f68e0e26f0bb7960be334d5b520ea452/library/std/src/panicking.rs:581:40
  38: std::panicking::catch_unwind::<core::result::Result<(), alloc::string::String>, core::panic::unwind_safe::AssertUnwindSafe<test::run_test_in_process::{closure#0}>>
             at /rustc/8bab26f4f68e0e26f0bb7960be334d5b520ea452/library/std/src/panicking.rs:544:19
  39: std::panic::catch_unwind::<core::panic::unwind_safe::AssertUnwindSafe<test::run_test_in_process::{closure#0}>, core::result::Result<(), alloc::string::String>>
             at /rustc/8bab26f4f68e0e26f0bb7960be334d5b520ea452/library/std/src/panic.rs:359:14
  40: test::run_test_in_process
             at /rustc/8bab26f4f68e0e26f0bb7960be334d5b520ea452/library/test/src/lib.rs:747:27
  41: test::run_test::{closure#0}
             at /rustc/8bab26f4f68e0e26f0bb7960be334d5b520ea452/library/test/src/lib.rs:668:43
  42: test::run_test::{closure#1}
             at /rustc/8bab26f4f68e0e26f0bb7960be334d5b520ea452/library/test/src/lib.rs:698:41
  43: std::sys::backtrace::__rust_begin_short_backtrace::<test::run_test::{closure#1}, ()>
             at /rustc/8bab26f4f68e0e26f0bb7960be334d5b520ea452/library/std/src/sys/backtrace.rs:166:18
  44: std::thread::lifecycle::spawn_unchecked::<test::run_test::{closure#1}, ()>::{closure#1}::{closure#0}
             at /rustc/8bab26f4f68e0e26f0bb7960be334d5b520ea452/library/std/src/thread/lifecycle.rs:70:13
  45: <core::panic::unwind_safe::AssertUnwindSafe<std::thread::lifecycle::spawn_unchecked<test::run_test::{closure#1}, ()>::{closure#1}::{closure#0}> as core::ops::function::FnOnce<()>>::call_once
             at /rustc/8bab26f4f68e0e26f0bb7960be334d5b520ea452/library/core/src/panic/unwind_safe.rs:275:9
  46: std::panicking::catch_unwind::do_call::<core::panic::unwind_safe::AssertUnwindSafe<std::thread::lifecycle::spawn_unchecked<test::run_test::{closure#1}, ()>::{closure#1}::{closure#0}>, ()>
             at /rustc/8bab26f4f68e0e26f0bb7960be334d5b520ea452/library/std/src/panicking.rs:581:40
  47: std::panicking::catch_unwind::<(), core::panic::unwind_safe::AssertUnwindSafe<std::thread::lifecycle::spawn_unchecked<test::run_test::{closure#1}, ()>::{closure#1}::{closure#0}>>
             at /rustc/8bab26f4f68e0e26f0bb7960be334d5b520ea452/library/std/src/panicking.rs:544:19
  48: std::panic::catch_unwind::<core::panic::unwind_safe::AssertUnwindSafe<std::thread::lifecycle::spawn_unchecked<test::run_test::{closure#1}, ()>::{closure#1}::{closure#0}>, ()>
             at /rustc/8bab26f4f68e0e26f0bb7960be334d5b520ea452/library/std/src/panic.rs:359:14
  49: std::thread::lifecycle::spawn_unchecked::<test::run_test::{closure#1}, ()>::{closure#1}
             at /rustc/8bab26f4f68e0e26f0bb7960be334d5b520ea452/library/std/src/thread/lifecycle.rs:68:26
  50: <std::thread::lifecycle::spawn_unchecked<test::run_test::{closure#1}, ()>::{closure#1} as core::ops::function::FnOnce<()>>::call_once::{shim:vtable#0}
             at /rustc/8bab26f4f68e0e26f0bb7960be334d5b520ea452/library/core/src/ops/function.rs:250:5
  51: <alloc::boxed::Box<dyn core::ops::function::FnOnce<(), Output = ()> + core::marker::Send> as core::ops::function::FnOnce<()>>::call_once
             at /rustc/8bab26f4f68e0e26f0bb7960be334d5b520ea452/library/alloc/src/boxed.rs:2275:9
  52: <std::sys::thread::unix::Thread>::new::thread_start
             at /rustc/8bab26f4f68e0e26f0bb7960be334d5b520ea452/library/std/src/sys/thread/unix.rs:118:17
  53: __pthread_exit
stack backtrace:
   0: __rustc::rust_begin_unwind
             at /rustc/8bab26f4f68e0e26f0bb7960be334d5b520ea452/library/std/src/panicking.rs:689:5
   1: core::panicking::panic_fmt
             at /rustc/8bab26f4f68e0e26f0bb7960be334d5b520ea452/library/core/src/panicking.rs:80:14
   2: core::result::unwrap_failed
             at /rustc/8bab26f4f68e0e26f0bb7960be334d5b520ea452/library/core/src/result.rs:1867:5
   3: <core::result::Result<kasumi_store::audit_archive::FilesystemAuditArchive, anyhow::Error>>::unwrap
             at /rustc/8bab26f4f68e0e26f0bb7960be334d5b520ea452/library/core/src/result.rs:1233:23
   4: kasumi_store::audit_archive::tests::verified_archive_is_private_immutable_contiguous_and_reopenable::{closure#0}
             at ./crates/kasumi-store/src/audit_archive.rs:958:81
   5: <core::pin::Pin<&mut dyn core::future::future::Future<Output = ()>> as core::future::future::Future>::poll
             at /rustc/8bab26f4f68e0e26f0bb7960be334d5b520ea452/library/core/src/future/future.rs:133:9
   6: <core::pin::Pin<&mut core::pin::Pin<&mut dyn core::future::future::Future<Output = ()>>> as core::future::future::Future>::poll
             at /rustc/8bab26f4f68e0e26f0bb7960be334d5b520ea452/library/core/src/future/future.rs:133:9
   7: <tokio::runtime::scheduler::current_thread::CoreGuard>::block_on::<core::pin::Pin<&mut core::pin::Pin<&mut dyn core::future::future::Future<Output = ()>>>>::{closure#0}::{closure#0}::{closure#0}
             at /Users/mtakemiya/.cargo/registry/src/index.crates.io-1949cf8c6b5b557f/tokio-1.53.1/src/runtime/scheduler/current_thread/mod.rs:830:70
   8: tokio::task::coop::with_budget::<core::task::poll::Poll<()>, <tokio::runtime::scheduler::current_thread::CoreGuard>::block_on<core::pin::Pin<&mut core::pin::Pin<&mut dyn core::future::future::Future<Output = ()>>>>::{closure#0}::{closure#0}::{closure#0}>
             at /Users/mtakemiya/.cargo/registry/src/index.crates.io-1949cf8c6b5b557f/tokio-1.53.1/src/task/coop/mod.rs:167:5
   9: tokio::task::coop::budget::<core::task::poll::Poll<()>, <tokio::runtime::scheduler::current_thread::CoreGuard>::block_on<core::pin::Pin<&mut core::pin::Pin<&mut dyn core::future::future::Future<Output = ()>>>>::{closure#0}::{closure#0}::{closure#0}>
             at /Users/mtakemiya/.cargo/registry/src/index.crates.io-1949cf8c6b5b557f/tokio-1.53.1/src/task/coop/mod.rs:133:5
  10: <tokio::runtime::scheduler::current_thread::CoreGuard>::block_on::<core::pin::Pin<&mut core::pin::Pin<&mut dyn core::future::future::Future<Output = ()>>>>::{closure#0}::{closure#0}
             at /Users/mtakemiya/.cargo/registry/src/index.crates.io-1949cf8c6b5b557f/tokio-1.53.1/src/runtime/scheduler/current_thread/mod.rs:830:25
  11: <tokio::runtime::scheduler::current_thread::Context>::enter::<core::task::poll::Poll<()>, <tokio::runtime::scheduler::current_thread::CoreGuard>::block_on<core::pin::Pin<&mut core::pin::Pin<&mut dyn core::future::future::Future<Output = ()>>>>::{closure#0}::{closure#0}>
             at /Users/mtakemiya/.cargo/registry/src/index.crates.io-1949cf8c6b5b557f/tokio-1.53.1/src/runtime/scheduler/current_thread/mod.rs:488:19
  12: <tokio::runtime::scheduler::current_thread::CoreGuard>::block_on::<core::pin::Pin<&mut core::pin::Pin<&mut dyn core::future::future::Future<Output = ()>>>>::{closure#0}
             at /Users/mtakemiya/.cargo/registry/src/index.crates.io-1949cf8c6b5b557f/tokio-1.53.1/src/runtime/scheduler/current_thread/mod.rs:829:44
  13: <tokio::runtime::scheduler::current_thread::CoreGuard>::enter::<<tokio::runtime::scheduler::current_thread::CoreGuard>::block_on<core::pin::Pin<&mut core::pin::Pin<&mut dyn core::future::future::Future<Output = ()>>>>::{closure#0}, core::option::Option<()>>::{closure#0}
             at /Users/mtakemiya/.cargo/registry/src/index.crates.io-1949cf8c6b5b557f/tokio-1.53.1/src/runtime/scheduler/current_thread/mod.rs:906:68
  14: <tokio::runtime::context::scoped::Scoped<tokio::runtime::scheduler::Context>>::set::<<tokio::runtime::scheduler::current_thread::CoreGuard>::enter<<tokio::runtime::scheduler::current_thread::CoreGuard>::block_on<core::pin::Pin<&mut core::pin::Pin<&mut dyn core::future::future::Future<Output = ()>>>>::{closure#0}, core::option::Option<()>>::{closure#0}, (alloc::boxed::Box<tokio::runtime::scheduler::current_thread::Core>, core::option::Option<()>)>
             at /Users/mtakemiya/.cargo/registry/src/index.crates.io-1949cf8c6b5b557f/tokio-1.53.1/src/runtime/context/scoped.rs:40:9
  15: tokio::runtime::context::set_scheduler::<(alloc::boxed::Box<tokio::runtime::scheduler::current_thread::Core>, core::option::Option<()>), <tokio::runtime::scheduler::current_thread::CoreGuard>::enter<<tokio::runtime::scheduler::current_thread::CoreGuard>::block_on<core::pin::Pin<&mut core::pin::Pin<&mut dyn core::future::future::Future<Output = ()>>>>::{closure#0}, core::option::Option<()>>::{closure#0}>::{closure#0}
             at /Users/mtakemiya/.cargo/registry/src/index.crates.io-1949cf8c6b5b557f/tokio-1.53.1/src/runtime/context.rs:187:38
  16: <std::thread::local::LocalKey<tokio::runtime::context::Context>>::try_with::<tokio::runtime::context::set_scheduler<(alloc::boxed::Box<tokio::runtime::scheduler::current_thread::Core>, core::option::Option<()>), <tokio::runtime::scheduler::current_thread::CoreGuard>::enter<<tokio::runtime::scheduler::current_thread::CoreGuard>::block_on<core::pin::Pin<&mut core::pin::Pin<&mut dyn core::future::future::Future<Output = ()>>>>::{closure#0}, core::option::Option<()>>::{closure#0}>::{closure#0}, (alloc::boxed::Box<tokio::runtime::scheduler::current_thread::Core>, core::option::Option<()>)>
             at /rustc/8bab26f4f68e0e26f0bb7960be334d5b520ea452/library/std/src/thread/local.rs:462:12
  17: <std::thread::local::LocalKey<tokio::runtime::context::Context>>::with::<tokio::runtime::context::set_scheduler<(alloc::boxed::Box<tokio::runtime::scheduler::current_thread::Core>, core::option::Option<()>), <tokio::runtime::scheduler::current_thread::CoreGuard>::enter<<tokio::runtime::scheduler::current_thread::CoreGuard>::block_on<core::pin::Pin<&mut core::pin::Pin<&mut dyn core::future::future::Future<Output = ()>>>>::{closure#0}, core::option::Option<()>>::{closure#0}>::{closure#0}, (alloc::boxed::Box<tokio::runtime::scheduler::current_thread::Core>, core::option::Option<()>)>
             at /rustc/8bab26f4f68e0e26f0bb7960be334d5b520ea452/library/std/src/thread/local.rs:426:20
  18: tokio::runtime::context::set_scheduler::<(alloc::boxed::Box<tokio::runtime::scheduler::current_thread::Core>, core::option::Option<()>), <tokio::runtime::scheduler::current_thread::CoreGuard>::enter<<tokio::runtime::scheduler::current_thread::CoreGuard>::block_on<core::pin::Pin<&mut core::pin::Pin<&mut dyn core::future::future::Future<Output = ()>>>>::{closure#0}, core::option::Option<()>>::{closure#0}>
             at /Users/mtakemiya/.cargo/registry/src/index.crates.io-1949cf8c6b5b557f/tokio-1.53.1/src/runtime/context.rs:187:17
  19: <tokio::runtime::scheduler::current_thread::CoreGuard>::enter::<<tokio::runtime::scheduler::current_thread::CoreGuard>::block_on<core::pin::Pin<&mut core::pin::Pin<&mut dyn core::future::future::Future<Output = ()>>>>::{closure#0}, core::option::Option<()>>
             at /Users/mtakemiya/.cargo/registry/src/index.crates.io-1949cf8c6b5b557f/tokio-1.53.1/src/runtime/scheduler/current_thread/mod.rs:906:27
  20: <tokio::runtime::scheduler::current_thread::CoreGuard>::block_on::<core::pin::Pin<&mut core::pin::Pin<&mut dyn core::future::future::Future<Output = ()>>>>
             at /Users/mtakemiya/.cargo/registry/src/index.crates.io-1949cf8c6b5b557f/tokio-1.53.1/src/runtime/scheduler/current_thread/mod.rs:817:24
  21: <tokio::runtime::scheduler::current_thread::CurrentThread>::block_on::<core::pin::Pin<&mut dyn core::future::future::Future<Output = ()>>>::{closure#0}
             at /Users/mtakemiya/.cargo/registry/src/index.crates.io-1949cf8c6b5b557f/tokio-1.53.1/src/runtime/scheduler/current_thread/mod.rs:218:33
  22: tokio::runtime::context::runtime::enter_runtime::<<tokio::runtime::scheduler::current_thread::CurrentThread>::block_on<core::pin::Pin<&mut dyn core::future::future::Future<Output = ()>>>::{closure#0}, ()>
             at /Users/mtakemiya/.cargo/registry/src/index.crates.io-1949cf8c6b5b557f/tokio-1.53.1/src/runtime/context/runtime.rs:65:16
  23: <tokio::runtime::scheduler::current_thread::CurrentThread>::block_on::<core::pin::Pin<&mut dyn core::future::future::Future<Output = ()>>>
             at /Users/mtakemiya/.cargo/registry/src/index.crates.io-1949cf8c6b5b557f/tokio-1.53.1/src/runtime/scheduler/current_thread/mod.rs:206:9
  24: <tokio::runtime::runtime::Runtime>::block_on_inner::<core::pin::Pin<&mut dyn core::future::future::Future<Output = ()>>>
             at /Users/mtakemiya/.cargo/registry/src/index.crates.io-1949cf8c6b5b557f/tokio-1.53.1/src/runtime/runtime.rs:374:52
  25: <tokio::runtime::runtime::Runtime>::block_on::<core::pin::Pin<&mut dyn core::future::future::Future<Output = ()>>>
             at /Users/mtakemiya/.cargo/registry/src/index.crates.io-1949cf8c6b5b557f/tokio-1.53.1/src/runtime/runtime.rs:343:18
  26: kasumi_store::audit_archive::tests::verified_archive_is_private_immutable_contiguous_and_reopenable
             at ./crates/kasumi-store/src/audit_archive.rs:1000:40
  27: kasumi_store::audit_archive::tests::verified_archive_is_private_immutable_contiguous_and_reopenable::{closure#0}
             at ./crates/kasumi-store/src/audit_archive.rs:931:79
  28: <kasumi_store::audit_archive::tests::verified_archive_is_private_immutable_contiguous_and_reopenable::{closure#0} as core::ops::function::FnOnce<()>>::call_once
             at /rustc/8bab26f4f68e0e26f0bb7960be334d5b520ea452/library/core/src/ops/function.rs:250:5
  29: <fn() -> core::result::Result<(), alloc::string::String> as core::ops::function::FnOnce<()>>::call_once
             at /rustc/8bab26f4f68e0e26f0bb7960be334d5b520ea452/library/core/src/ops/function.rs:250:5
note: Some details are omitted, run with `RUST_BACKTRACE=full` for a verbose backtrace.
FAILED
test backup::minio_live::actual_minio_tls_sigv4_encrypted_roundtrip_create_only_and_access_denial ... ignored, requires explicit KASUMI_MINIO_DOCKER_HOST, KASUMI_MINIO_DOCKER_CONFIG and KASUMI_MINIO_WORKDIR; official pinned image must be pre-pulled
test backup::s3_tests::aws_published_signature_v4_get_object_vector ... ok
test backup::s3_tests::s3_credentials_are_reloaded_as_one_atomic_bundle ... ok
test backup::s3_tests::s3_tls_round_trip_signed_session_token_create_only_and_bounded_download ... ok
test backup::sessions_s3::tests::bounded_s3_versions_preserve_exact_ids_and_service_order ... ok
test backup::sessions_s3::tests::bounded_s3_versions_reject_malformed_scope_duplicates_and_oversized_records ... ok
test backup::sessions_s3::tests::signed_query_uses_aws_encoding_and_sorting ... ok
test backup::tests::destination_byte_limits_and_untrusted_format_are_rejected ... ok
test backup::tests::encrypted_bundle_round_trip_filesystem_reopen_and_tamper_rejection ... 
thread 'backup::tests::encrypted_bundle_round_trip_filesystem_reopen_and_tamper_rejection' (6215504) panicked at crates/kasumi-store/src/backup.rs:842:10:
called `Result::unwrap()` on an `Err` value: invalid data

Stack backtrace:
   0: std::backtrace_rs::backtrace::libunwind::trace
             at /rustc/8bab26f4f68e0e26f0bb7960be334d5b520ea452/library/std/src/../../backtrace/src/backtrace/libunwind.rs:117:9
   1: std::backtrace_rs::backtrace::trace_unsynchronized::<<std::backtrace::Backtrace>::create::{closure#0}>
             at /rustc/8bab26f4f68e0e26f0bb7960be334d5b520ea452/library/std/src/../../backtrace/src/backtrace/mod.rs:66:14
   2: <std::backtrace::Backtrace>::create
             at /rustc/8bab26f4f68e0e26f0bb7960be334d5b520ea452/library/std/src/backtrace.rs:331:13
   3: <anyhow::Error as core::convert::From<std::io::error::Error>>::from
             at /Users/mtakemiya/.cargo/registry/src/index.crates.io-1949cf8c6b5b557f/anyhow-1.0.104/src/backtrace.rs:10:14
   4: <core::result::Result<kasumi_store::backup_sessions::filesystem::Directory, anyhow::Error> as core::ops::try_trait::FromResidual<core::result::Result<core::convert::Infallible, std::io::error::Error>>>::from_residual
             at /rustc/8bab26f4f68e0e26f0bb7960be334d5b520ea452/library/core/src/result.rs:2189:27
   5: <kasumi_store::backup_sessions::filesystem::Directory>::open_or_create
             at ./crates/kasumi-store/src/backup_sessions_fs.rs:39:22
   6: <kasumi_store::backup::FilesystemBackupDestination>::new::<&std::path::Path>
             at ./crates/kasumi-store/src/backup.rs:374:13
   7: <kasumi_store::backup::FilesystemBackupDestination>::new_fixture::<std::path::PathBuf>
             at ./crates/kasumi-store/src/test_utils.rs:585:9
   8: kasumi_store::backup::tests::encrypted_bundle_round_trip_filesystem_reopen_and_tamper_rejection::{closure#0}
             at ./crates/kasumi-store/src/backup.rs:837:27
   9: <core::pin::Pin<&mut dyn core::future::future::Future<Output = ()>> as core::future::future::Future>::poll
             at /rustc/8bab26f4f68e0e26f0bb7960be334d5b520ea452/library/core/src/future/future.rs:133:9
  10: <core::pin::Pin<&mut core::pin::Pin<&mut dyn core::future::future::Future<Output = ()>>> as core::future::future::Future>::poll
             at /rustc/8bab26f4f68e0e26f0bb7960be334d5b520ea452/library/core/src/future/future.rs:133:9
  11: <tokio::runtime::scheduler::current_thread::CoreGuard>::block_on::<core::pin::Pin<&mut core::pin::Pin<&mut dyn core::future::future::Future<Output = ()>>>>::{closure#0}::{closure#0}::{closure#0}
             at /Users/mtakemiya/.cargo/registry/src/index.crates.io-1949cf8c6b5b557f/tokio-1.53.1/src/runtime/scheduler/current_thread/mod.rs:830:70
  12: tokio::task::coop::with_budget::<core::task::poll::Poll<()>, <tokio::runtime::scheduler::current_thread::CoreGuard>::block_on<core::pin::Pin<&mut core::pin::Pin<&mut dyn core::future::future::Future<Output = ()>>>>::{closure#0}::{closure#0}::{closure#0}>
             at /Users/mtakemiya/.cargo/registry/src/index.crates.io-1949cf8c6b5b557f/tokio-1.53.1/src/task/coop/mod.rs:167:5
  13: tokio::task::coop::budget::<core::task::poll::Poll<()>, <tokio::runtime::scheduler::current_thread::CoreGuard>::block_on<core::pin::Pin<&mut core::pin::Pin<&mut dyn core::future::future::Future<Output = ()>>>>::{closure#0}::{closure#0}::{closure#0}>
             at /Users/mtakemiya/.cargo/registry/src/index.crates.io-1949cf8c6b5b557f/tokio-1.53.1/src/task/coop/mod.rs:133:5
  14: <tokio::runtime::scheduler::current_thread::CoreGuard>::block_on::<core::pin::Pin<&mut core::pin::Pin<&mut dyn core::future::future::Future<Output = ()>>>>::{closure#0}::{closure#0}
             at /Users/mtakemiya/.cargo/registry/src/index.crates.io-1949cf8c6b5b557f/tokio-1.53.1/src/runtime/scheduler/current_thread/mod.rs:830:25
  15: <tokio::runtime::scheduler::current_thread::Context>::enter::<core::task::poll::Poll<()>, <tokio::runtime::scheduler::current_thread::CoreGuard>::block_on<core::pin::Pin<&mut core::pin::Pin<&mut dyn core::future::future::Future<Output = ()>>>>::{closure#0}::{closure#0}>
             at /Users/mtakemiya/.cargo/registry/src/index.crates.io-1949cf8c6b5b557f/tokio-1.53.1/src/runtime/scheduler/current_thread/mod.rs:488:19
  16: <tokio::runtime::scheduler::current_thread::CoreGuard>::block_on::<core::pin::Pin<&mut core::pin::Pin<&mut dyn core::future::future::Future<Output = ()>>>>::{closure#0}
             at /Users/mtakemiya/.cargo/registry/src/index.crates.io-1949cf8c6b5b557f/tokio-1.53.1/src/runtime/scheduler/current_thread/mod.rs:829:44
  17: <tokio::runtime::scheduler::current_thread::CoreGuard>::enter::<<tokio::runtime::scheduler::current_thread::CoreGuard>::block_on<core::pin::Pin<&mut core::pin::Pin<&mut dyn core::future::future::Future<Output = ()>>>>::{closure#0}, core::option::Option<()>>::{closure#0}
             at /Users/mtakemiya/.cargo/registry/src/index.crates.io-1949cf8c6b5b557f/tokio-1.53.1/src/runtime/scheduler/current_thread/mod.rs:906:68
  18: <tokio::runtime::context::scoped::Scoped<tokio::runtime::scheduler::Context>>::set::<<tokio::runtime::scheduler::current_thread::CoreGuard>::enter<<tokio::runtime::scheduler::current_thread::CoreGuard>::block_on<core::pin::Pin<&mut core::pin::Pin<&mut dyn core::future::future::Future<Output = ()>>>>::{closure#0}, core::option::Option<()>>::{closure#0}, (alloc::boxed::Box<tokio::runtime::scheduler::current_thread::Core>, core::option::Option<()>)>
             at /Users/mtakemiya/.cargo/registry/src/index.crates.io-1949cf8c6b5b557f/tokio-1.53.1/src/runtime/context/scoped.rs:40:9
  19: tokio::runtime::context::set_scheduler::<(alloc::boxed::Box<tokio::runtime::scheduler::current_thread::Core>, core::option::Option<()>), <tokio::runtime::scheduler::current_thread::CoreGuard>::enter<<tokio::runtime::scheduler::current_thread::CoreGuard>::block_on<core::pin::Pin<&mut core::pin::Pin<&mut dyn core::future::future::Future<Output = ()>>>>::{closure#0}, core::option::Option<()>>::{closure#0}>::{closure#0}
             at /Users/mtakemiya/.cargo/registry/src/index.crates.io-1949cf8c6b5b557f/tokio-1.53.1/src/runtime/context.rs:187:38
  20: <std::thread::local::LocalKey<tokio::runtime::context::Context>>::try_with::<tokio::runtime::context::set_scheduler<(alloc::boxed::Box<tokio::runtime::scheduler::current_thread::Core>, core::option::Option<()>), <tokio::runtime::scheduler::current_thread::CoreGuard>::enter<<tokio::runtime::scheduler::current_thread::CoreGuard>::block_on<core::pin::Pin<&mut core::pin::Pin<&mut dyn core::future::future::Future<Output = ()>>>>::{closure#0}, core::option::Option<()>>::{closure#0}>::{closure#0}, (alloc::boxed::Box<tokio::runtime::scheduler::current_thread::Core>, core::option::Option<()>)>
             at /rustc/8bab26f4f68e0e26f0bb7960be334d5b520ea452/library/std/src/thread/local.rs:462:12
  21: <std::thread::local::LocalKey<tokio::runtime::context::Context>>::with::<tokio::runtime::context::set_scheduler<(alloc::boxed::Box<tokio::runtime::scheduler::current_thread::Core>, core::option::Option<()>), <tokio::runtime::scheduler::current_thread::CoreGuard>::enter<<tokio::runtime::scheduler::current_thread::CoreGuard>::block_on<core::pin::Pin<&mut core::pin::Pin<&mut dyn core::future::future::Future<Output = ()>>>>::{closure#0}, core::option::Option<()>>::{closure#0}>::{closure#0}, (alloc::boxed::Box<tokio::runtime::scheduler::current_thread::Core>, core::option::Option<()>)>
             at /rustc/8bab26f4f68e0e26f0bb7960be334d5b520ea452/library/std/src/thread/local.rs:426:20
  22: tokio::runtime::context::set_scheduler::<(alloc::boxed::Box<tokio::runtime::scheduler::current_thread::Core>, core::option::Option<()>), <tokio::runtime::scheduler::current_thread::CoreGuard>::enter<<tokio::runtime::scheduler::current_thread::CoreGuard>::block_on<core::pin::Pin<&mut core::pin::Pin<&mut dyn core::future::future::Future<Output = ()>>>>::{closure#0}, core::option::Option<()>>::{closure#0}>
             at /Users/mtakemiya/.cargo/registry/src/index.crates.io-1949cf8c6b5b557f/tokio-1.53.1/src/runtime/context.rs:187:17
  23: <tokio::runtime::scheduler::current_thread::CoreGuard>::enter::<<tokio::runtime::scheduler::current_thread::CoreGuard>::block_on<core::pin::Pin<&mut core::pin::Pin<&mut dyn core::future::future::Future<Output = ()>>>>::{closure#0}, core::option::Option<()>>
             at /Users/mtakemiya/.cargo/registry/src/index.crates.io-1949cf8c6b5b557f/tokio-1.53.1/src/runtime/scheduler/current_thread/mod.rs:906:27
  24: <tokio::runtime::scheduler::current_thread::CoreGuard>::block_on::<core::pin::Pin<&mut core::pin::Pin<&mut dyn core::future::future::Future<Output = ()>>>>
             at /Users/mtakemiya/.cargo/registry/src/index.crates.io-1949cf8c6b5b557f/tokio-1.53.1/src/runtime/scheduler/current_thread/mod.rs:817:24
  25: <tokio::runtime::scheduler::current_thread::CurrentThread>::block_on::<core::pin::Pin<&mut dyn core::future::future::Future<Output = ()>>>::{closure#0}
             at /Users/mtakemiya/.cargo/registry/src/index.crates.io-1949cf8c6b5b557f/tokio-1.53.1/src/runtime/scheduler/current_thread/mod.rs:218:33
  26: tokio::runtime::context::runtime::enter_runtime::<<tokio::runtime::scheduler::current_thread::CurrentThread>::block_on<core::pin::Pin<&mut dyn core::future::future::Future<Output = ()>>>::{closure#0}, ()>
             at /Users/mtakemiya/.cargo/registry/src/index.crates.io-1949cf8c6b5b557f/tokio-1.53.1/src/runtime/context/runtime.rs:65:16
  27: <tokio::runtime::scheduler::current_thread::CurrentThread>::block_on::<core::pin::Pin<&mut dyn core::future::future::Future<Output = ()>>>
             at /Users/mtakemiya/.cargo/registry/src/index.crates.io-1949cf8c6b5b557f/tokio-1.53.1/src/runtime/scheduler/current_thread/mod.rs:206:9
  28: <tokio::runtime::runtime::Runtime>::block_on_inner::<core::pin::Pin<&mut dyn core::future::future::Future<Output = ()>>>
             at /Users/mtakemiya/.cargo/registry/src/index.crates.io-1949cf8c6b5b557f/tokio-1.53.1/src/runtime/runtime.rs:374:52
  29: <tokio::runtime::runtime::Runtime>::block_on::<core::pin::Pin<&mut dyn core::future::future::Future<Output = ()>>>
             at /Users/mtakemiya/.cargo/registry/src/index.crates.io-1949cf8c6b5b557f/tokio-1.53.1/src/runtime/runtime.rs:343:18
  30: kasumi_store::backup::tests::encrypted_bundle_round_trip_filesystem_reopen_and_tamper_rejection
             at ./crates/kasumi-store/src/backup.rs:872:76
  31: kasumi_store::backup::tests::encrypted_bundle_round_trip_filesystem_reopen_and_tamper_rejection::{closure#0}
             at ./crates/kasumi-store/src/backup.rs:805:82
  32: <kasumi_store::backup::tests::encrypted_bundle_round_trip_filesystem_reopen_and_tamper_rejection::{closure#0} as core::ops::function::FnOnce<()>>::call_once
             at /rustc/8bab26f4f68e0e26f0bb7960be334d5b520ea452/library/core/src/ops/function.rs:250:5
  33: <fn() -> core::result::Result<(), alloc::string::String> as core::ops::function::FnOnce<()>>::call_once
             at /rustc/8bab26f4f68e0e26f0bb7960be334d5b520ea452/library/core/src/ops/function.rs:250:5
  34: test::__rust_begin_short_backtrace::<core::result::Result<(), alloc::string::String>, fn() -> core::result::Result<(), alloc::string::String>>
             at /rustc/8bab26f4f68e0e26f0bb7960be334d5b520ea452/library/test/src/lib.rs:724:18
  35: test::run_test_in_process::{closure#0}
             at /rustc/8bab26f4f68e0e26f0bb7960be334d5b520ea452/library/test/src/lib.rs:747:74
  36: <core::panic::unwind_safe::AssertUnwindSafe<test::run_test_in_process::{closure#0}> as core::ops::function::FnOnce<()>>::call_once
             at /rustc/8bab26f4f68e0e26f0bb7960be334d5b520ea452/library/core/src/panic/unwind_safe.rs:275:9
  37: std::panicking::catch_unwind::do_call::<core::panic::unwind_safe::AssertUnwindSafe<test::run_test_in_process::{closure#0}>, core::result::Result<(), alloc::string::String>>
             at /rustc/8bab26f4f68e0e26f0bb7960be334d5b520ea452/library/std/src/panicking.rs:581:40
  38: std::panicking::catch_unwind::<core::result::Result<(), alloc::string::String>, core::panic::unwind_safe::AssertUnwindSafe<test::run_test_in_process::{closure#0}>>
             at /rustc/8bab26f4f68e0e26f0bb7960be334d5b520ea452/library/std/src/panicking.rs:544:19
  39: std::panic::catch_unwind::<core::panic::unwind_safe::AssertUnwindSafe<test::run_test_in_process::{closure#0}>, core::result::Result<(), alloc::string::String>>
             at /rustc/8bab26f4f68e0e26f0bb7960be334d5b520ea452/library/std/src/panic.rs:359:14
  40: test::run_test_in_process
             at /rustc/8bab26f4f68e0e26f0bb7960be334d5b520ea452/library/test/src/lib.rs:747:27
  41: test::run_test::{closure#0}
             at /rustc/8bab26f4f68e0e26f0bb7960be334d5b520ea452/library/test/src/lib.rs:668:43
  42: test::run_test::{closure#1}
             at /rustc/8bab26f4f68e0e26f0bb7960be334d5b520ea452/library/test/src/lib.rs:698:41
  43: std::sys::backtrace::__rust_begin_short_backtrace::<test::run_test::{closure#1}, ()>
             at /rustc/8bab26f4f68e0e26f0bb7960be334d5b520ea452/library/std/src/sys/backtrace.rs:166:18
  44: std::thread::lifecycle::spawn_unchecked::<test::run_test::{closure#1}, ()>::{closure#1}::{closure#0}
             at /rustc/8bab26f4f68e0e26f0bb7960be334d5b520ea452/library/std/src/thread/lifecycle.rs:70:13
  45: <core::panic::unwind_safe::AssertUnwindSafe<std::thread::lifecycle::spawn_unchecked<test::run_test::{closure#1}, ()>::{closure#1}::{closure#0}> as core::ops::function::FnOnce<()>>::call_once
             at /rustc/8bab26f4f68e0e26f0bb7960be334d5b520ea452/library/core/src/panic/unwind_safe.rs:275:9
  46: std::panicking::catch_unwind::do_call::<core::panic::unwind_safe::AssertUnwindSafe<std::thread::lifecycle::spawn_unchecked<test::run_test::{closure#1}, ()>::{closure#1}::{closure#0}>, ()>
             at /rustc/8bab26f4f68e0e26f0bb7960be334d5b520ea452/library/std/src/panicking.rs:581:40
  47: std::panicking::catch_unwind::<(), core::panic::unwind_safe::AssertUnwindSafe<std::thread::lifecycle::spawn_unchecked<test::run_test::{closure#1}, ()>::{closure#1}::{closure#0}>>
             at /rustc/8bab26f4f68e0e26f0bb7960be334d5b520ea452/library/std/src/panicking.rs:544:19
  48: std::panic::catch_unwind::<core::panic::unwind_safe::AssertUnwindSafe<std::thread::lifecycle::spawn_unchecked<test::run_test::{closure#1}, ()>::{closure#1}::{closure#0}>, ()>
             at /rustc/8bab26f4f68e0e26f0bb7960be334d5b520ea452/library/std/src/panic.rs:359:14
  49: std::thread::lifecycle::spawn_unchecked::<test::run_test::{closure#1}, ()>::{closure#1}
             at /rustc/8bab26f4f68e0e26f0bb7960be334d5b520ea452/library/std/src/thread/lifecycle.rs:68:26
  50: <std::thread::lifecycle::spawn_unchecked<test::run_test::{closure#1}, ()>::{closure#1} as core::ops::function::FnOnce<()>>::call_once::{shim:vtable#0}
             at /rustc/8bab26f4f68e0e26f0bb7960be334d5b520ea452/library/core/src/ops/function.rs:250:5
  51: <alloc::boxed::Box<dyn core::ops::function::FnOnce<(), Output = ()> + core::marker::Send> as core::ops::function::FnOnce<()>>::call_once
             at /rustc/8bab26f4f68e0e26f0bb7960be334d5b520ea452/library/alloc/src/boxed.rs:2275:9
  52: <std::sys::thread::unix::Thread>::new::thread_start
             at /rustc/8bab26f4f68e0e26f0bb7960be334d5b520ea452/library/std/src/sys/thread/unix.rs:118:17
  53: __pthread_exit
stack backtrace:
   0: __rustc::rust_begin_unwind
             at /rustc/8bab26f4f68e0e26f0bb7960be334d5b520ea452/library/std/src/panicking.rs:689:5
   1: core::panicking::panic_fmt
             at /rustc/8bab26f4f68e0e26f0bb7960be334d5b520ea452/library/core/src/panicking.rs:80:14
   2: core::result::unwrap_failed
             at /rustc/8bab26f4f68e0e26f0bb7960be334d5b520ea452/library/core/src/result.rs:1867:5
   3: <core::result::Result<kasumi_store::backup::FilesystemBackupDestination, anyhow::Error>>::unwrap
             at /rustc/8bab26f4f68e0e26f0bb7960be334d5b520ea452/library/core/src/result.rs:1233:23
   4: kasumi_store::backup::tests::encrypted_bundle_round_trip_filesystem_reopen_and_tamper_rejection::{closure#0}
             at ./crates/kasumi-store/src/backup.rs:842:10
   5: <core::pin::Pin<&mut dyn core::future::future::Future<Output = ()>> as core::future::future::Future>::poll
             at /rustc/8bab26f4f68e0e26f0bb7960be334d5b520ea452/library/core/src/future/future.rs:133:9
   6: <core::pin::Pin<&mut core::pin::Pin<&mut dyn core::future::future::Future<Output = ()>>> as core::future::future::Future>::poll
             at /rustc/8bab26f4f68e0e26f0bb7960be334d5b520ea452/library/core/src/future/future.rs:133:9
   7: <tokio::runtime::scheduler::current_thread::CoreGuard>::block_on::<core::pin::Pin<&mut core::pin::Pin<&mut dyn core::future::future::Future<Output = ()>>>>::{closure#0}::{closure#0}::{closure#0}
             at /Users/mtakemiya/.cargo/registry/src/index.crates.io-1949cf8c6b5b557f/tokio-1.53.1/src/runtime/scheduler/current_thread/mod.rs:830:70
   8: tokio::task::coop::with_budget::<core::task::poll::Poll<()>, <tokio::runtime::scheduler::current_thread::CoreGuard>::block_on<core::pin::Pin<&mut core::pin::Pin<&mut dyn core::future::future::Future<Output = ()>>>>::{closure#0}::{closure#0}::{closure#0}>
             at /Users/mtakemiya/.cargo/registry/src/index.crates.io-1949cf8c6b5b557f/tokio-1.53.1/src/task/coop/mod.rs:167:5
   9: tokio::task::coop::budget::<core::task::poll::Poll<()>, <tokio::runtime::scheduler::current_thread::CoreGuard>::block_on<core::pin::Pin<&mut core::pin::Pin<&mut dyn core::future::future::Future<Output = ()>>>>::{closure#0}::{closure#0}::{closure#0}>
             at /Users/mtakemiya/.cargo/registry/src/index.crates.io-1949cf8c6b5b557f/tokio-1.53.1/src/task/coop/mod.rs:133:5
  10: <tokio::runtime::scheduler::current_thread::CoreGuard>::block_on::<core::pin::Pin<&mut core::pin::Pin<&mut dyn core::future::future::Future<Output = ()>>>>::{closure#0}::{closure#0}
             at /Users/mtakemiya/.cargo/registry/src/index.crates.io-1949cf8c6b5b557f/tokio-1.53.1/src/runtime/scheduler/current_thread/mod.rs:830:25
  11: <tokio::runtime::scheduler::current_thread::Context>::enter::<core::task::poll::Poll<()>, <tokio::runtime::scheduler::current_thread::CoreGuard>::block_on<core::pin::Pin<&mut core::pin::Pin<&mut dyn core::future::future::Future<Output = ()>>>>::{closure#0}::{closure#0}>
             at /Users/mtakemiya/.cargo/registry/src/index.crates.io-1949cf8c6b5b557f/tokio-1.53.1/src/runtime/scheduler/current_thread/mod.rs:488:19
  12: <tokio::runtime::scheduler::current_thread::CoreGuard>::block_on::<core::pin::Pin<&mut core::pin::Pin<&mut dyn core::future::future::Future<Output = ()>>>>::{closure#0}
             at /Users/mtakemiya/.cargo/registry/src/index.crates.io-1949cf8c6b5b557f/tokio-1.53.1/src/runtime/scheduler/current_thread/mod.rs:829:44
  13: <tokio::runtime::scheduler::current_thread::CoreGuard>::enter::<<tokio::runtime::scheduler::current_thread::CoreGuard>::block_on<core::pin::Pin<&mut core::pin::Pin<&mut dyn core::future::future::Future<Output = ()>>>>::{closure#0}, core::option::Option<()>>::{closure#0}
             at /Users/mtakemiya/.cargo/registry/src/index.crates.io-1949cf8c6b5b557f/tokio-1.53.1/src/runtime/scheduler/current_thread/mod.rs:906:68
  14: <tokio::runtime::context::scoped::Scoped<tokio::runtime::scheduler::Context>>::set::<<tokio::runtime::scheduler::current_thread::CoreGuard>::enter<<tokio::runtime::scheduler::current_thread::CoreGuard>::block_on<core::pin::Pin<&mut core::pin::Pin<&mut dyn core::future::future::Future<Output = ()>>>>::{closure#0}, core::option::Option<()>>::{closure#0}, (alloc::boxed::Box<tokio::runtime::scheduler::current_thread::Core>, core::option::Option<()>)>
             at /Users/mtakemiya/.cargo/registry/src/index.crates.io-1949cf8c6b5b557f/tokio-1.53.1/src/runtime/context/scoped.rs:40:9
  15: tokio::runtime::context::set_scheduler::<(alloc::boxed::Box<tokio::runtime::scheduler::current_thread::Core>, core::option::Option<()>), <tokio::runtime::scheduler::current_thread::CoreGuard>::enter<<tokio::runtime::scheduler::current_thread::CoreGuard>::block_on<core::pin::Pin<&mut core::pin::Pin<&mut dyn core::future::future::Future<Output = ()>>>>::{closure#0}, core::option::Option<()>>::{closure#0}>::{closure#0}
             at /Users/mtakemiya/.cargo/registry/src/index.crates.io-1949cf8c6b5b557f/tokio-1.53.1/src/runtime/context.rs:187:38
  16: <std::thread::local::LocalKey<tokio::runtime::context::Context>>::try_with::<tokio::runtime::context::set_scheduler<(alloc::boxed::Box<tokio::runtime::scheduler::current_thread::Core>, core::option::Option<()>), <tokio::runtime::scheduler::current_thread::CoreGuard>::enter<<tokio::runtime::scheduler::current_thread::CoreGuard>::block_on<core::pin::Pin<&mut core::pin::Pin<&mut dyn core::future::future::Future<Output = ()>>>>::{closure#0}, core::option::Option<()>>::{closure#0}>::{closure#0}, (alloc::boxed::Box<tokio::runtime::scheduler::current_thread::Core>, core::option::Option<()>)>
             at /rustc/8bab26f4f68e0e26f0bb7960be334d5b520ea452/library/std/src/thread/local.rs:462:12
  17: <std::thread::local::LocalKey<tokio::runtime::context::Context>>::with::<tokio::runtime::context::set_scheduler<(alloc::boxed::Box<tokio::runtime::scheduler::current_thread::Core>, core::option::Option<()>), <tokio::runtime::scheduler::current_thread::CoreGuard>::enter<<tokio::runtime::scheduler::current_thread::CoreGuard>::block_on<core::pin::Pin<&mut core::pin::Pin<&mut dyn core::future::future::Future<Output = ()>>>>::{closure#0}, core::option::Option<()>>::{closure#0}>::{closure#0}, (alloc::boxed::Box<tokio::runtime::scheduler::current_thread::Core>, core::option::Option<()>)>
             at /rustc/8bab26f4f68e0e26f0bb7960be334d5b520ea452/library/std/src/thread/local.rs:426:20
  18: tokio::runtime::context::set_scheduler::<(alloc::boxed::Box<tokio::runtime::scheduler::current_thread::Core>, core::option::Option<()>), <tokio::runtime::scheduler::current_thread::CoreGuard>::enter<<tokio::runtime::scheduler::current_thread::CoreGuard>::block_on<core::pin::Pin<&mut core::pin::Pin<&mut dyn core::future::future::Future<Output = ()>>>>::{closure#0}, core::option::Option<()>>::{closure#0}>
             at /Users/mtakemiya/.cargo/registry/src/index.crates.io-1949cf8c6b5b557f/tokio-1.53.1/src/runtime/context.rs:187:17
  19: <tokio::runtime::scheduler::current_thread::CoreGuard>::enter::<<tokio::runtime::scheduler::current_thread::CoreGuard>::block_on<core::pin::Pin<&mut core::pin::Pin<&mut dyn core::future::future::Future<Output = ()>>>>::{closure#0}, core::option::Option<()>>
             at /Users/mtakemiya/.cargo/registry/src/index.crates.io-1949cf8c6b5b557f/tokio-1.53.1/src/runtime/scheduler/current_thread/mod.rs:906:27
  20: <tokio::runtime::scheduler::current_thread::CoreGuard>::block_on::<core::pin::Pin<&mut core::pin::Pin<&mut dyn core::future::future::Future<Output = ()>>>>
             at /Users/mtakemiya/.cargo/registry/src/index.crates.io-1949cf8c6b5b557f/tokio-1.53.1/src/runtime/scheduler/current_thread/mod.rs:817:24
  21: <tokio::runtime::scheduler::current_thread::CurrentThread>::block_on::<core::pin::Pin<&mut dyn core::future::future::Future<Output = ()>>>::{closure#0}
             at /Users/mtakemiya/.cargo/registry/src/index.crates.io-1949cf8c6b5b557f/tokio-1.53.1/src/runtime/scheduler/current_thread/mod.rs:218:33
  22: tokio::runtime::context::runtime::enter_runtime::<<tokio::runtime::scheduler::current_thread::CurrentThread>::block_on<core::pin::Pin<&mut dyn core::future::future::Future<Output = ()>>>::{closure#0}, ()>
             at /Users/mtakemiya/.cargo/registry/src/index.crates.io-1949cf8c6b5b557f/tokio-1.53.1/src/runtime/context/runtime.rs:65:16
  23: <tokio::runtime::scheduler::current_thread::CurrentThread>::block_on::<core::pin::Pin<&mut dyn core::future::future::Future<Output = ()>>>
             at /Users/mtakemiya/.cargo/registry/src/index.crates.io-1949cf8c6b5b557f/tokio-1.53.1/src/runtime/scheduler/current_thread/mod.rs:206:9
  24: <tokio::runtime::runtime::Runtime>::block_on_inner::<core::pin::Pin<&mut dyn core::future::future::Future<Output = ()>>>
             at /Users/mtakemiya/.cargo/registry/src/index.crates.io-1949cf8c6b5b557f/tokio-1.53.1/src/runtime/runtime.rs:374:52
  25: <tokio::runtime::runtime::Runtime>::block_on::<core::pin::Pin<&mut dyn core::future::future::Future<Output = ()>>>
             at /Users/mtakemiya/.cargo/registry/src/index.crates.io-1949cf8c6b5b557f/tokio-1.53.1/src/runtime/runtime.rs:343:18
  26: kasumi_store::backup::tests::encrypted_bundle_round_trip_filesystem_reopen_and_tamper_rejection
             at ./crates/kasumi-store/src/backup.rs:872:76
  27: kasumi_store::backup::tests::encrypted_bundle_round_trip_filesystem_reopen_and_tamper_rejection::{closure#0}
             at ./crates/kasumi-store/src/backup.rs:805:82
  28: <kasumi_store::backup::tests::encrypted_bundle_round_trip_filesystem_reopen_and_tamper_rejection::{closure#0} as core::ops::function::FnOnce<()>>::call_once
             at /rustc/8bab26f4f68e0e26f0bb7960be334d5b520ea452/library/core/src/ops/function.rs:250:5
  29: <fn() -> core::result::Result<(), alloc::string::String> as core::ops::function::FnOnce<()>>::call_once
             at /rustc/8bab26f4f68e0e26f0bb7960be334d5b520ea452/library/core/src/ops/function.rs:250:5
note: Some details are omitted, run with `RUST_BACKTRACE=full` for a verbose backtrace.
FAILED
test backup::tests::historical_backup_keeps_original_key_dependencies_after_rewrap ... ok
test backup::tests::removal_of_an_inactive_backup_key_dependency_breaks_authentication ... ok
test backup_sessions::filesystem::ownership_tests::missing_enrolled_leaf_fences_both_read_and_cleanup_without_releasing_credit ... ok
test backup_sessions::filesystem::ownership_tests::missing_unknown_or_admitted_deleted_leaf_is_repeatably_absent ... ok
test backup_sessions::filesystem::session_admission_tests::new_session_denies_before_mkdir_when_both_terminal_inodes_cannot_fit ... ok
test backup_sessions::filesystem::session_admission_tests::permanent_terminal_capacity_survives_real_process_restart_at_full_file_and_byte_limits ... ok
test backup_sessions::filesystem::session_admission_tests::session_claim_acquires_or_rejects_without_owned_path_allocations ... ok
test backup_sessions::filesystem::session_admission_tests::terminal_publication_keeps_original_inode_full_extent_and_exact_ciphertext ... ok
test backup_sessions::filesystem::session_admission_tests::terminal_restart_worker ... ok
test backup_sessions::filesystem::session_admission_tests::two_wrappers_cannot_recreate_reserve_across_terminal_classification_and_rename ... ok
test backup_sessions::filesystem::terminal::tests::fixed_terminal_roundtrip_preserves_exact_ciphertext_and_full_extent ... ok
test backup_sessions::filesystem::terminal::tests::unknown_formats_legacy_bytes_and_every_noncanonical_field_reject ... ok
test backup_sessions::tests::completion_excludes_abort_and_corrupt_publication_never_grants_cleanup ... 
thread 'backup_sessions::tests::completion_excludes_abort_and_corrupt_publication_never_grants_cleanup' (6215610) panicked at crates/kasumi-store/src/backup_sessions.rs:347:10:
called `Result::unwrap()` on an `Err` value: invalid data

Stack backtrace:
   0: std::backtrace_rs::backtrace::libunwind::trace
             at /rustc/8bab26f4f68e0e26f0bb7960be334d5b520ea452/library/std/src/../../backtrace/src/backtrace/libunwind.rs:117:9
   1: std::backtrace_rs::backtrace::trace_unsynchronized::<<std::backtrace::Backtrace>::create::{closure#0}>
             at /rustc/8bab26f4f68e0e26f0bb7960be334d5b520ea452/library/std/src/../../backtrace/src/backtrace/mod.rs:66:14
   2: <std::backtrace::Backtrace>::create
             at /rustc/8bab26f4f68e0e26f0bb7960be334d5b520ea452/library/std/src/backtrace.rs:331:13
   3: <anyhow::Error as core::convert::From<std::io::error::Error>>::from
             at /Users/mtakemiya/.cargo/registry/src/index.crates.io-1949cf8c6b5b557f/anyhow-1.0.104/src/backtrace.rs:10:14
   4: <core::result::Result<kasumi_store::backup_sessions::filesystem::Directory, anyhow::Error> as core::ops::try_trait::FromResidual<core::result::Result<core::convert::Infallible, std::io::error::Error>>>::from_residual
             at /rustc/8bab26f4f68e0e26f0bb7960be334d5b520ea452/library/core/src/result.rs:2189:27
   5: <kasumi_store::backup_sessions::filesystem::Directory>::open_or_create
             at ./crates/kasumi-store/src/backup_sessions_fs.rs:39:22
   6: <kasumi_store::backup::FilesystemBackupDestination>::new::<&std::path::Path>
             at ./crates/kasumi-store/src/backup.rs:374:13
   7: <kasumi_store::backup::FilesystemBackupDestination>::new_fixture::<std::path::PathBuf>
             at ./crates/kasumi-store/src/test_utils.rs:585:9
   8: kasumi_store::backup_sessions::tests::fixture::{closure#0}
             at ./crates/kasumi-store/src/backup_sessions.rs:342:27
   9: kasumi_store::backup_sessions::tests::completion_excludes_abort_and_corrupt_publication_never_grants_cleanup::{closure#0}
             at ./crates/kasumi-store/src/backup_sessions.rs:577:70
  10: <core::pin::Pin<&mut dyn core::future::future::Future<Output = ()>> as core::future::future::Future>::poll
             at /rustc/8bab26f4f68e0e26f0bb7960be334d5b520ea452/library/core/src/future/future.rs:133:9
  11: <core::pin::Pin<&mut core::pin::Pin<&mut dyn core::future::future::Future<Output = ()>>> as core::future::future::Future>::poll
             at /rustc/8bab26f4f68e0e26f0bb7960be334d5b520ea452/library/core/src/future/future.rs:133:9
  12: <tokio::runtime::scheduler::current_thread::CoreGuard>::block_on::<core::pin::Pin<&mut core::pin::Pin<&mut dyn core::future::future::Future<Output = ()>>>>::{closure#0}::{closure#0}::{closure#0}
             at /Users/mtakemiya/.cargo/registry/src/index.crates.io-1949cf8c6b5b557f/tokio-1.53.1/src/runtime/scheduler/current_thread/mod.rs:830:70
  13: tokio::task::coop::with_budget::<core::task::poll::Poll<()>, <tokio::runtime::scheduler::current_thread::CoreGuard>::block_on<core::pin::Pin<&mut core::pin::Pin<&mut dyn core::future::future::Future<Output = ()>>>>::{closure#0}::{closure#0}::{closure#0}>
             at /Users/mtakemiya/.cargo/registry/src/index.crates.io-1949cf8c6b5b557f/tokio-1.53.1/src/task/coop/mod.rs:167:5
  14: tokio::task::coop::budget::<core::task::poll::Poll<()>, <tokio::runtime::scheduler::current_thread::CoreGuard>::block_on<core::pin::Pin<&mut core::pin::Pin<&mut dyn core::future::future::Future<Output = ()>>>>::{closure#0}::{closure#0}::{closure#0}>
             at /Users/mtakemiya/.cargo/registry/src/index.crates.io-1949cf8c6b5b557f/tokio-1.53.1/src/task/coop/mod.rs:133:5
  15: <tokio::runtime::scheduler::current_thread::CoreGuard>::block_on::<core::pin::Pin<&mut core::pin::Pin<&mut dyn core::future::future::Future<Output = ()>>>>::{closure#0}::{closure#0}
             at /Users/mtakemiya/.cargo/registry/src/index.crates.io-1949cf8c6b5b557f/tokio-1.53.1/src/runtime/scheduler/current_thread/mod.rs:830:25
  16: <tokio::runtime::scheduler::current_thread::Context>::enter::<core::task::poll::Poll<()>, <tokio::runtime::scheduler::current_thread::CoreGuard>::block_on<core::pin::Pin<&mut core::pin::Pin<&mut dyn core::future::future::Future<Output = ()>>>>::{closure#0}::{closure#0}>
             at /Users/mtakemiya/.cargo/registry/src/index.crates.io-1949cf8c6b5b557f/tokio-1.53.1/src/runtime/scheduler/current_thread/mod.rs:488:19
  17: <tokio::runtime::scheduler::current_thread::CoreGuard>::block_on::<core::pin::Pin<&mut core::pin::Pin<&mut dyn core::future::future::Future<Output = ()>>>>::{closure#0}
             at /Users/mtakemiya/.cargo/registry/src/index.crates.io-1949cf8c6b5b557f/tokio-1.53.1/src/runtime/scheduler/current_thread/mod.rs:829:44
  18: <tokio::runtime::scheduler::current_thread::CoreGuard>::enter::<<tokio::runtime::scheduler::current_thread::CoreGuard>::block_on<core::pin::Pin<&mut core::pin::Pin<&mut dyn core::future::future::Future<Output = ()>>>>::{closure#0}, core::option::Option<()>>::{closure#0}
             at /Users/mtakemiya/.cargo/registry/src/index.crates.io-1949cf8c6b5b557f/tokio-1.53.1/src/runtime/scheduler/current_thread/mod.rs:906:68
  19: <tokio::runtime::context::scoped::Scoped<tokio::runtime::scheduler::Context>>::set::<<tokio::runtime::scheduler::current_thread::CoreGuard>::enter<<tokio::runtime::scheduler::current_thread::CoreGuard>::block_on<core::pin::Pin<&mut core::pin::Pin<&mut dyn core::future::future::Future<Output = ()>>>>::{closure#0}, core::option::Option<()>>::{closure#0}, (alloc::boxed::Box<tokio::runtime::scheduler::current_thread::Core>, core::option::Option<()>)>
             at /Users/mtakemiya/.cargo/registry/src/index.crates.io-1949cf8c6b5b557f/tokio-1.53.1/src/runtime/context/scoped.rs:40:9
  20: tokio::runtime::context::set_scheduler::<(alloc::boxed::Box<tokio::runtime::scheduler::current_thread::Core>, core::option::Option<()>), <tokio::runtime::scheduler::current_thread::CoreGuard>::enter<<tokio::runtime::scheduler::current_thread::CoreGuard>::block_on<core::pin::Pin<&mut core::pin::Pin<&mut dyn core::future::future::Future<Output = ()>>>>::{closure#0}, core::option::Option<()>>::{closure#0}>::{closure#0}
             at /Users/mtakemiya/.cargo/registry/src/index.crates.io-1949cf8c6b5b557f/tokio-1.53.1/src/runtime/context.rs:187:38
  21: <std::thread::local::LocalKey<tokio::runtime::context::Context>>::try_with::<tokio::runtime::context::set_scheduler<(alloc::boxed::Box<tokio::runtime::scheduler::current_thread::Core>, core::option::Option<()>), <tokio::runtime::scheduler::current_thread::CoreGuard>::enter<<tokio::runtime::scheduler::current_thread::CoreGuard>::block_on<core::pin::Pin<&mut core::pin::Pin<&mut dyn core::future::future::Future<Output = ()>>>>::{closure#0}, core::option::Option<()>>::{closure#0}>::{closure#0}, (alloc::boxed::Box<tokio::runtime::scheduler::current_thread::Core>, core::option::Option<()>)>
             at /rustc/8bab26f4f68e0e26f0bb7960be334d5b520ea452/library/std/src/thread/local.rs:462:12
  22: <std::thread::local::LocalKey<tokio::runtime::context::Context>>::with::<tokio::runtime::context::set_scheduler<(alloc::boxed::Box<tokio::runtime::scheduler::current_thread::Core>, core::option::Option<()>), <tokio::runtime::scheduler::current_thread::CoreGuard>::enter<<tokio::runtime::scheduler::current_thread::CoreGuard>::block_on<core::pin::Pin<&mut core::pin::Pin<&mut dyn core::future::future::Future<Output = ()>>>>::{closure#0}, core::option::Option<()>>::{closure#0}>::{closure#0}, (alloc::boxed::Box<tokio::runtime::scheduler::current_thread::Core>, core::option::Option<()>)>
             at /rustc/8bab26f4f68e0e26f0bb7960be334d5b520ea452/library/std/src/thread/local.rs:426:20
  23: tokio::runtime::context::set_scheduler::<(alloc::boxed::Box<tokio::runtime::scheduler::current_thread::Core>, core::option::Option<()>), <tokio::runtime::scheduler::current_thread::CoreGuard>::enter<<tokio::runtime::scheduler::current_thread::CoreGuard>::block_on<core::pin::Pin<&mut core::pin::Pin<&mut dyn core::future::future::Future<Output = ()>>>>::{closure#0}, core::option::Option<()>>::{closure#0}>
             at /Users/mtakemiya/.cargo/registry/src/index.crates.io-1949cf8c6b5b557f/tokio-1.53.1/src/runtime/context.rs:187:17
  24: <tokio::runtime::scheduler::current_thread::CoreGuard>::enter::<<tokio::runtime::scheduler::current_thread::CoreGuard>::block_on<core::pin::Pin<&mut core::pin::Pin<&mut dyn core::future::future::Future<Output = ()>>>>::{closure#0}, core::option::Option<()>>
             at /Users/mtakemiya/.cargo/registry/src/index.crates.io-1949cf8c6b5b557f/tokio-1.53.1/src/runtime/scheduler/current_thread/mod.rs:906:27
  25: <tokio::runtime::scheduler::current_thread::CoreGuard>::block_on::<core::pin::Pin<&mut core::pin::Pin<&mut dyn core::future::future::Future<Output = ()>>>>
             at /Users/mtakemiya/.cargo/registry/src/index.crates.io-1949cf8c6b5b557f/tokio-1.53.1/src/runtime/scheduler/current_thread/mod.rs:817:24
  26: <tokio::runtime::scheduler::current_thread::CurrentThread>::block_on::<core::pin::Pin<&mut dyn core::future::future::Future<Output = ()>>>::{closure#0}
             at /Users/mtakemiya/.cargo/registry/src/index.crates.io-1949cf8c6b5b557f/tokio-1.53.1/src/runtime/scheduler/current_thread/mod.rs:218:33
  27: tokio::runtime::context::runtime::enter_runtime::<<tokio::runtime::scheduler::current_thread::CurrentThread>::block_on<core::pin::Pin<&mut dyn core::future::future::Future<Output = ()>>>::{closure#0}, ()>
             at /Users/mtakemiya/.cargo/registry/src/index.crates.io-1949cf8c6b5b557f/tokio-1.53.1/src/runtime/context/runtime.rs:65:16
  28: <tokio::runtime::scheduler::current_thread::CurrentThread>::block_on::<core::pin::Pin<&mut dyn core::future::future::Future<Output = ()>>>
             at /Users/mtakemiya/.cargo/registry/src/index.crates.io-1949cf8c6b5b557f/tokio-1.53.1/src/runtime/scheduler/current_thread/mod.rs:206:9
  29: <tokio::runtime::runtime::Runtime>::block_on_inner::<core::pin::Pin<&mut dyn core::future::future::Future<Output = ()>>>
             at /Users/mtakemiya/.cargo/registry/src/index.crates.io-1949cf8c6b5b557f/tokio-1.53.1/src/runtime/runtime.rs:374:52
  30: <tokio::runtime::runtime::Runtime>::block_on::<core::pin::Pin<&mut dyn core::future::future::Future<Output = ()>>>
             at /Users/mtakemiya/.cargo/registry/src/index.crates.io-1949cf8c6b5b557f/tokio-1.53.1/src/runtime/runtime.rs:343:18
  31: kasumi_store::backup_sessions::tests::completion_excludes_abort_and_corrupt_publication_never_grants_cleanup
             at ./crates/kasumi-store/src/backup_sessions.rs:680:10
  32: kasumi_store::backup_sessions::tests::completion_excludes_abort_and_corrupt_publication_never_grants_cleanup::{closure#0}
             at ./crates/kasumi-store/src/backup_sessions.rs:571:86
  33: <kasumi_store::backup_sessions::tests::completion_excludes_abort_and_corrupt_publication_never_grants_cleanup::{closure#0} as core::ops::function::FnOnce<()>>::call_once
             at /rustc/8bab26f4f68e0e26f0bb7960be334d5b520ea452/library/core/src/ops/function.rs:250:5
  34: <fn() -> core::result::Result<(), alloc::string::String> as core::ops::function::FnOnce<()>>::call_once
             at /rustc/8bab26f4f68e0e26f0bb7960be334d5b520ea452/library/core/src/ops/function.rs:250:5
  35: test::__rust_begin_short_backtrace::<core::result::Result<(), alloc::string::String>, fn() -> core::result::Result<(), alloc::string::String>>
             at /rustc/8bab26f4f68e0e26f0bb7960be334d5b520ea452/library/test/src/lib.rs:724:18
  36: test::run_test_in_process::{closure#0}
             at /rustc/8bab26f4f68e0e26f0bb7960be334d5b520ea452/library/test/src/lib.rs:747:74
  37: <core::panic::unwind_safe::AssertUnwindSafe<test::run_test_in_process::{closure#0}> as core::ops::function::FnOnce<()>>::call_once
             at /rustc/8bab26f4f68e0e26f0bb7960be334d5b520ea452/library/core/src/panic/unwind_safe.rs:275:9
  38: std::panicking::catch_unwind::do_call::<core::panic::unwind_safe::AssertUnwindSafe<test::run_test_in_process::{closure#0}>, core::result::Result<(), alloc::string::String>>
             at /rustc/8bab26f4f68e0e26f0bb7960be334d5b520ea452/library/std/src/panicking.rs:581:40
  39: std::panicking::catch_unwind::<core::result::Result<(), alloc::string::String>, core::panic::unwind_safe::AssertUnwindSafe<test::run_test_in_process::{closure#0}>>
             at /rustc/8bab26f4f68e0e26f0bb7960be334d5b520ea452/library/std/src/panicking.rs:544:19
  40: std::panic::catch_unwind::<core::panic::unwind_safe::AssertUnwindSafe<test::run_test_in_process::{closure#0}>, core::result::Result<(), alloc::string::String>>
             at /rustc/8bab26f4f68e0e26f0bb7960be334d5b520ea452/library/std/src/panic.rs:359:14
  41: test::run_test_in_process
             at /rustc/8bab26f4f68e0e26f0bb7960be334d5b520ea452/library/test/src/lib.rs:747:27
  42: test::run_test::{closure#0}
             at /rustc/8bab26f4f68e0e26f0bb7960be334d5b520ea452/library/test/src/lib.rs:668:43
  43: test::run_test::{closure#1}
             at /rustc/8bab26f4f68e0e26f0bb7960be334d5b520ea452/library/test/src/lib.rs:698:41
  44: std::sys::backtrace::__rust_begin_short_backtrace::<test::run_test::{closure#1}, ()>
             at /rustc/8bab26f4f68e0e26f0bb7960be334d5b520ea452/library/std/src/sys/backtrace.rs:166:18
  45: std::thread::lifecycle::spawn_unchecked::<test::run_test::{closure#1}, ()>::{closure#1}::{closure#0}
             at /rustc/8bab26f4f68e0e26f0bb7960be334d5b520ea452/library/std/src/thread/lifecycle.rs:70:13
  46: <core::panic::unwind_safe::AssertUnwindSafe<std::thread::lifecycle::spawn_unchecked<test::run_test::{closure#1}, ()>::{closure#1}::{closure#0}> as core::ops::function::FnOnce<()>>::call_once
             at /rustc/8bab26f4f68e0e26f0bb7960be334d5b520ea452/library/core/src/panic/unwind_safe.rs:275:9
  47: std::panicking::catch_unwind::do_call::<core::panic::unwind_safe::AssertUnwindSafe<std::thread::lifecycle::spawn_unchecked<test::run_test::{closure#1}, ()>::{closure#1}::{closure#0}>, ()>
             at /rustc/8bab26f4f68e0e26f0bb7960be334d5b520ea452/library/std/src/panicking.rs:581:40
  48: std::panicking::catch_unwind::<(), core::panic::unwind_safe::AssertUnwindSafe<std::thread::lifecycle::spawn_unchecked<test::run_test::{closure#1}, ()>::{closure#1}::{closure#0}>>
             at /rustc/8bab26f4f68e0e26f0bb7960be334d5b520ea452/library/std/src/panicking.rs:544:19
  49: std::panic::catch_unwind::<core::panic::unwind_safe::AssertUnwindSafe<std::thread::lifecycle::spawn_unchecked<test::run_test::{closure#1}, ()>::{closure#1}::{closure#0}>, ()>
             at /rustc/8bab26f4f68e0e26f0bb7960be334d5b520ea452/library/std/src/panic.rs:359:14
  50: std::thread::lifecycle::spawn_unchecked::<test::run_test::{closure#1}, ()>::{closure#1}
             at /rustc/8bab26f4f68e0e26f0bb7960be334d5b520ea452/library/std/src/thread/lifecycle.rs:68:26
  51: <std::thread::lifecycle::spawn_unchecked<test::run_test::{closure#1}, ()>::{closure#1} as core::ops::function::FnOnce<()>>::call_once::{shim:vtable#0}
             at /rustc/8bab26f4f68e0e26f0bb7960be334d5b520ea452/library/core/src/ops/function.rs:250:5
  52: <alloc::boxed::Box<dyn core::ops::function::FnOnce<(), Output = ()> + core::marker::Send> as core::ops::function::FnOnce<()>>::call_once
             at /rustc/8bab26f4f68e0e26f0bb7960be334d5b520ea452/library/alloc/src/boxed.rs:2275:9
  53: <std::sys::thread::unix::Thread>::new::thread_start
             at /rustc/8bab26f4f68e0e26f0bb7960be334d5b520ea452/library/std/src/sys/thread/unix.rs:118:17
  54: __pthread_exit
stack backtrace:
   0: __rustc::rust_begin_unwind
             at /rustc/8bab26f4f68e0e26f0bb7960be334d5b520ea452/library/std/src/panicking.rs:689:5
   1: core::panicking::panic_fmt
             at /rustc/8bab26f4f68e0e26f0bb7960be334d5b520ea452/library/core/src/panicking.rs:80:14
   2: core::result::unwrap_failed
             at /rustc/8bab26f4f68e0e26f0bb7960be334d5b520ea452/library/core/src/result.rs:1867:5
   3: <core::result::Result<kasumi_store::backup::FilesystemBackupDestination, anyhow::Error>>::unwrap
             at /rustc/8bab26f4f68e0e26f0bb7960be334d5b520ea452/library/core/src/result.rs:1233:23
   4: kasumi_store::backup_sessions::tests::fixture::{closure#0}
             at ./crates/kasumi-store/src/backup_sessions.rs:347:10
   5: kasumi_store::backup_sessions::tests::completion_excludes_abort_and_corrupt_publication_never_grants_cleanup::{closure#0}
             at ./crates/kasumi-store/src/backup_sessions.rs:577:70
   6: <core::pin::Pin<&mut dyn core::future::future::Future<Output = ()>> as core::future::future::Future>::poll
             at /rustc/8bab26f4f68e0e26f0bb7960be334d5b520ea452/library/core/src/future/future.rs:133:9
   7: <core::pin::Pin<&mut core::pin::Pin<&mut dyn core::future::future::Future<Output = ()>>> as core::future::future::Future>::poll
             at /rustc/8bab26f4f68e0e26f0bb7960be334d5b520ea452/library/core/src/future/future.rs:133:9
   8: <tokio::runtime::scheduler::current_thread::CoreGuard>::block_on::<core::pin::Pin<&mut core::pin::Pin<&mut dyn core::future::future::Future<Output = ()>>>>::{closure#0}::{closure#0}::{closure#0}
             at /Users/mtakemiya/.cargo/registry/src/index.crates.io-1949cf8c6b5b557f/tokio-1.53.1/src/runtime/scheduler/current_thread/mod.rs:830:70
   9: tokio::task::coop::with_budget::<core::task::poll::Poll<()>, <tokio::runtime::scheduler::current_thread::CoreGuard>::block_on<core::pin::Pin<&mut core::pin::Pin<&mut dyn core::future::future::Future<Output = ()>>>>::{closure#0}::{closure#0}::{closure#0}>
             at /Users/mtakemiya/.cargo/registry/src/index.crates.io-1949cf8c6b5b557f/tokio-1.53.1/src/task/coop/mod.rs:167:5
  10: tokio::task::coop::budget::<core::task::poll::Poll<()>, <tokio::runtime::scheduler::current_thread::CoreGuard>::block_on<core::pin::Pin<&mut core::pin::Pin<&mut dyn core::future::future::Future<Output = ()>>>>::{closure#0}::{closure#0}::{closure#0}>
             at /Users/mtakemiya/.cargo/registry/src/index.crates.io-1949cf8c6b5b557f/tokio-1.53.1/src/task/coop/mod.rs:133:5
  11: <tokio::runtime::scheduler::current_thread::CoreGuard>::block_on::<core::pin::Pin<&mut core::pin::Pin<&mut dyn core::future::future::Future<Output = ()>>>>::{closure#0}::{closure#0}
             at /Users/mtakemiya/.cargo/registry/src/index.crates.io-1949cf8c6b5b557f/tokio-1.53.1/src/runtime/scheduler/current_thread/mod.rs:830:25
  12: <tokio::runtime::scheduler::current_thread::Context>::enter::<core::task::poll::Poll<()>, <tokio::runtime::scheduler::current_thread::CoreGuard>::block_on<core::pin::Pin<&mut core::pin::Pin<&mut dyn core::future::future::Future<Output = ()>>>>::{closure#0}::{closure#0}>
             at /Users/mtakemiya/.cargo/registry/src/index.crates.io-1949cf8c6b5b557f/tokio-1.53.1/src/runtime/scheduler/current_thread/mod.rs:488:19
  13: <tokio::runtime::scheduler::current_thread::CoreGuard>::block_on::<core::pin::Pin<&mut core::pin::Pin<&mut dyn core::future::future::Future<Output = ()>>>>::{closure#0}
             at /Users/mtakemiya/.cargo/registry/src/index.crates.io-1949cf8c6b5b557f/tokio-1.53.1/src/runtime/scheduler/current_thread/mod.rs:829:44
  14: <tokio::runtime::scheduler::current_thread::CoreGuard>::enter::<<tokio::runtime::scheduler::current_thread::CoreGuard>::block_on<core::pin::Pin<&mut core::pin::Pin<&mut dyn core::future::future::Future<Output = ()>>>>::{closure#0}, core::option::Option<()>>::{closure#0}
             at /Users/mtakemiya/.cargo/registry/src/index.crates.io-1949cf8c6b5b557f/tokio-1.53.1/src/runtime/scheduler/current_thread/mod.rs:906:68
  15: <tokio::runtime::context::scoped::Scoped<tokio::runtime::scheduler::Context>>::set::<<tokio::runtime::scheduler::current_thread::CoreGuard>::enter<<tokio::runtime::scheduler::current_thread::CoreGuard>::block_on<core::pin::Pin<&mut core::pin::Pin<&mut dyn core::future::future::Future<Output = ()>>>>::{closure#0}, core::option::Option<()>>::{closure#0}, (alloc::boxed::Box<tokio::runtime::scheduler::current_thread::Core>, core::option::Option<()>)>
             at /Users/mtakemiya/.cargo/registry/src/index.crates.io-1949cf8c6b5b557f/tokio-1.53.1/src/runtime/context/scoped.rs:40:9
  16: tokio::runtime::context::set_scheduler::<(alloc::boxed::Box<tokio::runtime::scheduler::current_thread::Core>, core::option::Option<()>), <tokio::runtime::scheduler::current_thread::CoreGuard>::enter<<tokio::runtime::scheduler::current_thread::CoreGuard>::block_on<core::pin::Pin<&mut core::pin::Pin<&mut dyn core::future::future::Future<Output = ()>>>>::{closure#0}, core::option::Option<()>>::{closure#0}>::{closure#0}
             at /Users/mtakemiya/.cargo/registry/src/index.crates.io-1949cf8c6b5b557f/tokio-1.53.1/src/runtime/context.rs:187:38
  17: <std::thread::local::LocalKey<tokio::runtime::context::Context>>::try_with::<tokio::runtime::context::set_scheduler<(alloc::boxed::Box<tokio::runtime::scheduler::current_thread::Core>, core::option::Option<()>), <tokio::runtime::scheduler::current_thread::CoreGuard>::enter<<tokio::runtime::scheduler::current_thread::CoreGuard>::block_on<core::pin::Pin<&mut core::pin::Pin<&mut dyn core::future::future::Future<Output = ()>>>>::{closure#0}, core::option::Option<()>>::{closure#0}>::{closure#0}, (alloc::boxed::Box<tokio::runtime::scheduler::current_thread::Core>, core::option::Option<()>)>
             at /rustc/8bab26f4f68e0e26f0bb7960be334d5b520ea452/library/std/src/thread/local.rs:462:12
  18: <std::thread::local::LocalKey<tokio::runtime::context::Context>>::with::<tokio::runtime::context::set_scheduler<(alloc::boxed::Box<tokio::runtime::scheduler::current_thread::Core>, core::option::Option<()>), <tokio::runtime::scheduler::current_thread::CoreGuard>::enter<<tokio::runtime::scheduler::current_thread::CoreGuard>::block_on<core::pin::Pin<&mut core::pin::Pin<&mut dyn core::future::future::Future<Output = ()>>>>::{closure#0}, core::option::Option<()>>::{closure#0}>::{closure#0}, (alloc::boxed::Box<tokio::runtime::scheduler::current_thread::Core>, core::option::Option<()>)>
             at /rustc/8bab26f4f68e0e26f0bb7960be334d5b520ea452/library/std/src/thread/local.rs:426:20
  19: tokio::runtime::context::set_scheduler::<(alloc::boxed::Box<tokio::runtime::scheduler::current_thread::Core>, core::option::Option<()>), <tokio::runtime::scheduler::current_thread::CoreGuard>::enter<<tokio::runtime::scheduler::current_thread::CoreGuard>::block_on<core::pin::Pin<&mut core::pin::Pin<&mut dyn core::future::future::Future<Output = ()>>>>::{closure#0}, core::option::Option<()>>::{closure#0}>
             at /Users/mtakemiya/.cargo/registry/src/index.crates.io-1949cf8c6b5b557f/tokio-1.53.1/src/runtime/context.rs:187:17
  20: <tokio::runtime::scheduler::current_thread::CoreGuard>::enter::<<tokio::runtime::scheduler::current_thread::CoreGuard>::block_on<core::pin::Pin<&mut core::pin::Pin<&mut dyn core::future::future::Future<Output = ()>>>>::{closure#0}, core::option::Option<()>>
             at /Users/mtakemiya/.cargo/registry/src/index.crates.io-1949cf8c6b5b557f/tokio-1.53.1/src/runtime/scheduler/current_thread/mod.rs:906:27
  21: <tokio::runtime::scheduler::current_thread::CoreGuard>::block_on::<core::pin::Pin<&mut core::pin::Pin<&mut dyn core::future::future::Future<Output = ()>>>>
             at /Users/mtakemiya/.cargo/registry/src/index.crates.io-1949cf8c6b5b557f/tokio-1.53.1/src/runtime/scheduler/current_thread/mod.rs:817:24
  22: <tokio::runtime::scheduler::current_thread::CurrentThread>::block_on::<core::pin::Pin<&mut dyn core::future::future::Future<Output = ()>>>::{closure#0}
             at /Users/mtakemiya/.cargo/registry/src/index.crates.io-1949cf8c6b5b557f/tokio-1.53.1/src/runtime/scheduler/current_thread/mod.rs:218:33
  23: tokio::runtime::context::runtime::enter_runtime::<<tokio::runtime::scheduler::current_thread::CurrentThread>::block_on<core::pin::Pin<&mut dyn core::future::future::Future<Output = ()>>>::{closure#0}, ()>
             at /Users/mtakemiya/.cargo/registry/src/index.crates.io-1949cf8c6b5b557f/tokio-1.53.1/src/runtime/context/runtime.rs:65:16
  24: <tokio::runtime::scheduler::current_thread::CurrentThread>::block_on::<core::pin::Pin<&mut dyn core::future::future::Future<Output = ()>>>
             at /Users/mtakemiya/.cargo/registry/src/index.crates.io-1949cf8c6b5b557f/tokio-1.53.1/src/runtime/scheduler/current_thread/mod.rs:206:9
  25: <tokio::runtime::runtime::Runtime>::block_on_inner::<core::pin::Pin<&mut dyn core::future::future::Future<Output = ()>>>
             at /Users/mtakemiya/.cargo/registry/src/index.crates.io-1949cf8c6b5b557f/tokio-1.53.1/src/runtime/runtime.rs:374:52
  26: <tokio::runtime::runtime::Runtime>::block_on::<core::pin::Pin<&mut dyn core::future::future::Future<Output = ()>>>
             at /Users/mtakemiya/.cargo/registry/src/index.crates.io-1949cf8c6b5b557f/tokio-1.53.1/src/runtime/runtime.rs:343:18
  27: kasumi_store::backup_sessions::tests::completion_excludes_abort_and_corrupt_publication_never_grants_cleanup
             at ./crates/kasumi-store/src/backup_sessions.rs:680:10
  28: kasumi_store::backup_sessions::tests::completion_excludes_abort_and_corrupt_publication_never_grants_cleanup::{closure#0}
             at ./crates/kasumi-store/src/backup_sessions.rs:571:86
  29: <kasumi_store::backup_sessions::tests::completion_excludes_abort_and_corrupt_publication_never_grants_cleanup::{closure#0} as core::ops::function::FnOnce<()>>::call_once
             at /rustc/8bab26f4f68e0e26f0bb7960be334d5b520ea452/library/core/src/ops/function.rs:250:5
  30: <fn() -> core::result::Result<(), alloc::string::String> as core::ops::function::FnOnce<()>>::call_once
             at /rustc/8bab26f4f68e0e26f0bb7960be334d5b520ea452/library/core/src/ops/function.rs:250:5
note: Some details are omitted, run with `RUST_BACKTRACE=full` for a verbose backtrace.
FAILED
test backup_sessions::tests::filesystem_abort_cleanup_is_bounded_repeatable_and_retains_control_and_other_namespaces ... 
thread 'backup_sessions::tests::filesystem_abort_cleanup_is_bounded_repeatable_and_retains_control_and_other_namespaces' (6215625) panicked at crates/kasumi-store/src/backup_sessions.rs:347:10:
called `Result::unwrap()` on an `Err` value: invalid data

Stack backtrace:
   0: std::backtrace_rs::backtrace::libunwind::trace
             at /rustc/8bab26f4f68e0e26f0bb7960be334d5b520ea452/library/std/src/../../backtrace/src/backtrace/libunwind.rs:117:9
   1: std::backtrace_rs::backtrace::trace_unsynchronized::<<std::backtrace::Backtrace>::create::{closure#0}>
             at /rustc/8bab26f4f68e0e26f0bb7960be334d5b520ea452/library/std/src/../../backtrace/src/backtrace/mod.rs:66:14
   2: <std::backtrace::Backtrace>::create
             at /rustc/8bab26f4f68e0e26f0bb7960be334d5b520ea452/library/std/src/backtrace.rs:331:13
   3: <anyhow::Error as core::convert::From<std::io::error::Error>>::from
             at /Users/mtakemiya/.cargo/registry/src/index.crates.io-1949cf8c6b5b557f/anyhow-1.0.104/src/backtrace.rs:10:14
   4: <core::result::Result<kasumi_store::backup_sessions::filesystem::Directory, anyhow::Error> as core::ops::try_trait::FromResidual<core::result::Result<core::convert::Infallible, std::io::error::Error>>>::from_residual
             at /rustc/8bab26f4f68e0e26f0bb7960be334d5b520ea452/library/core/src/result.rs:2189:27
   5: <kasumi_store::backup_sessions::filesystem::Directory>::open_or_create
             at ./crates/kasumi-store/src/backup_sessions_fs.rs:39:22
   6: <kasumi_store::backup::FilesystemBackupDestination>::new::<&std::path::Path>
             at ./crates/kasumi-store/src/backup.rs:374:13
   7: <kasumi_store::backup::FilesystemBackupDestination>::new_fixture::<std::path::PathBuf>
             at ./crates/kasumi-store/src/test_utils.rs:585:9
   8: kasumi_store::backup_sessions::tests::fixture::{closure#0}
             at ./crates/kasumi-store/src/backup_sessions.rs:342:27
   9: kasumi_store::backup_sessions::tests::filesystem_abort_cleanup_is_bounded_repeatable_and_retains_control_and_other_namespaces::{closure#0}
             at ./crates/kasumi-store/src/backup_sessions.rs:426:70
  10: <core::pin::Pin<&mut dyn core::future::future::Future<Output = ()>> as core::future::future::Future>::poll
             at /rustc/8bab26f4f68e0e26f0bb7960be334d5b520ea452/library/core/src/future/future.rs:133:9
  11: <core::pin::Pin<&mut core::pin::Pin<&mut dyn core::future::future::Future<Output = ()>>> as core::future::future::Future>::poll
             at /rustc/8bab26f4f68e0e26f0bb7960be334d5b520ea452/library/core/src/future/future.rs:133:9
  12: <tokio::runtime::scheduler::current_thread::CoreGuard>::block_on::<core::pin::Pin<&mut core::pin::Pin<&mut dyn core::future::future::Future<Output = ()>>>>::{closure#0}::{closure#0}::{closure#0}
             at /Users/mtakemiya/.cargo/registry/src/index.crates.io-1949cf8c6b5b557f/tokio-1.53.1/src/runtime/scheduler/current_thread/mod.rs:830:70
  13: tokio::task::coop::with_budget::<core::task::poll::Poll<()>, <tokio::runtime::scheduler::current_thread::CoreGuard>::block_on<core::pin::Pin<&mut core::pin::Pin<&mut dyn core::future::future::Future<Output = ()>>>>::{closure#0}::{closure#0}::{closure#0}>
             at /Users/mtakemiya/.cargo/registry/src/index.crates.io-1949cf8c6b5b557f/tokio-1.53.1/src/task/coop/mod.rs:167:5
  14: tokio::task::coop::budget::<core::task::poll::Poll<()>, <tokio::runtime::scheduler::current_thread::CoreGuard>::block_on<core::pin::Pin<&mut core::pin::Pin<&mut dyn core::future::future::Future<Output = ()>>>>::{closure#0}::{closure#0}::{closure#0}>
             at /Users/mtakemiya/.cargo/registry/src/index.crates.io-1949cf8c6b5b557f/tokio-1.53.1/src/task/coop/mod.rs:133:5
  15: <tokio::runtime::scheduler::current_thread::CoreGuard>::block_on::<core::pin::Pin<&mut core::pin::Pin<&mut dyn core::future::future::Future<Output = ()>>>>::{closure#0}::{closure#0}
             at /Users/mtakemiya/.cargo/registry/src/index.crates.io-1949cf8c6b5b557f/tokio-1.53.1/src/runtime/scheduler/current_thread/mod.rs:830:25
  16: <tokio::runtime::scheduler::current_thread::Context>::enter::<core::task::poll::Poll<()>, <tokio::runtime::scheduler::current_thread::CoreGuard>::block_on<core::pin::Pin<&mut core::pin::Pin<&mut dyn core::future::future::Future<Output = ()>>>>::{closure#0}::{closure#0}>
             at /Users/mtakemiya/.cargo/registry/src/index.crates.io-1949cf8c6b5b557f/tokio-1.53.1/src/runtime/scheduler/current_thread/mod.rs:488:19
  17: <tokio::runtime::scheduler::current_thread::CoreGuard>::block_on::<core::pin::Pin<&mut core::pin::Pin<&mut dyn core::future::future::Future<Output = ()>>>>::{closure#0}
             at /Users/mtakemiya/.cargo/registry/src/index.crates.io-1949cf8c6b5b557f/tokio-1.53.1/src/runtime/scheduler/current_thread/mod.rs:829:44
  18: <tokio::runtime::scheduler::current_thread::CoreGuard>::enter::<<tokio::runtime::scheduler::current_thread::CoreGuard>::block_on<core::pin::Pin<&mut core::pin::Pin<&mut dyn core::future::future::Future<Output = ()>>>>::{closure#0}, core::option::Option<()>>::{closure#0}
             at /Users/mtakemiya/.cargo/registry/src/index.crates.io-1949cf8c6b5b557f/tokio-1.53.1/src/runtime/scheduler/current_thread/mod.rs:906:68
  19: <tokio::runtime::context::scoped::Scoped<tokio::runtime::scheduler::Context>>::set::<<tokio::runtime::scheduler::current_thread::CoreGuard>::enter<<tokio::runtime::scheduler::current_thread::CoreGuard>::block_on<core::pin::Pin<&mut core::pin::Pin<&mut dyn core::future::future::Future<Output = ()>>>>::{closure#0}, core::option::Option<()>>::{closure#0}, (alloc::boxed::Box<tokio::runtime::scheduler::current_thread::Core>, core::option::Option<()>)>
             at /Users/mtakemiya/.cargo/registry/src/index.crates.io-1949cf8c6b5b557f/tokio-1.53.1/src/runtime/context/scoped.rs:40:9
  20: tokio::runtime::context::set_scheduler::<(alloc::boxed::Box<tokio::runtime::scheduler::current_thread::Core>, core::option::Option<()>), <tokio::runtime::scheduler::current_thread::CoreGuard>::enter<<tokio::runtime::scheduler::current_thread::CoreGuard>::block_on<core::pin::Pin<&mut core::pin::Pin<&mut dyn core::future::future::Future<Output = ()>>>>::{closure#0}, core::option::Option<()>>::{closure#0}>::{closure#0}
             at /Users/mtakemiya/.cargo/registry/src/index.crates.io-1949cf8c6b5b557f/tokio-1.53.1/src/runtime/context.rs:187:38
  21: <std::thread::local::LocalKey<tokio::runtime::context::Context>>::try_with::<tokio::runtime::context::set_scheduler<(alloc::boxed::Box<tokio::runtime::scheduler::current_thread::Core>, core::option::Option<()>), <tokio::runtime::scheduler::current_thread::CoreGuard>::enter<<tokio::runtime::scheduler::current_thread::CoreGuard>::block_on<core::pin::Pin<&mut core::pin::Pin<&mut dyn core::future::future::Future<Output = ()>>>>::{closure#0}, core::option::Option<()>>::{closure#0}>::{closure#0}, (alloc::boxed::Box<tokio::runtime::scheduler::current_thread::Core>, core::option::Option<()>)>
             at /rustc/8bab26f4f68e0e26f0bb7960be334d5b520ea452/library/std/src/thread/local.rs:462:12
  22: <std::thread::local::LocalKey<tokio::runtime::context::Context>>::with::<tokio::runtime::context::set_scheduler<(alloc::boxed::Box<tokio::runtime::scheduler::current_thread::Core>, core::option::Option<()>), <tokio::runtime::scheduler::current_thread::CoreGuard>::enter<<tokio::runtime::scheduler::current_thread::CoreGuard>::block_on<core::pin::Pin<&mut core::pin::Pin<&mut dyn core::future::future::Future<Output = ()>>>>::{closure#0}, core::option::Option<()>>::{closure#0}>::{closure#0}, (alloc::boxed::Box<tokio::runtime::scheduler::current_thread::Core>, core::option::Option<()>)>
             at /rustc/8bab26f4f68e0e26f0bb7960be334d5b520ea452/library/std/src/thread/local.rs:426:20
  23: tokio::runtime::context::set_scheduler::<(alloc::boxed::Box<tokio::runtime::scheduler::current_thread::Core>, core::option::Option<()>), <tokio::runtime::scheduler::current_thread::CoreGuard>::enter<<tokio::runtime::scheduler::current_thread::CoreGuard>::block_on<core::pin::Pin<&mut core::pin::Pin<&mut dyn core::future::future::Future<Output = ()>>>>::{closure#0}, core::option::Option<()>>::{closure#0}>
             at /Users/mtakemiya/.cargo/registry/src/index.crates.io-1949cf8c6b5b557f/tokio-1.53.1/src/runtime/context.rs:187:17
  24: <tokio::runtime::scheduler::current_thread::CoreGuard>::enter::<<tokio::runtime::scheduler::current_thread::CoreGuard>::block_on<core::pin::Pin<&mut core::pin::Pin<&mut dyn core::future::future::Future<Output = ()>>>>::{closure#0}, core::option::Option<()>>
             at /Users/mtakemiya/.cargo/registry/src/index.crates.io-1949cf8c6b5b557f/tokio-1.53.1/src/runtime/scheduler/current_thread/mod.rs:906:27
  25: <tokio::runtime::scheduler::current_thread::CoreGuard>::block_on::<core::pin::Pin<&mut core::pin::Pin<&mut dyn core::future::future::Future<Output = ()>>>>
             at /Users/mtakemiya/.cargo/registry/src/index.crates.io-1949cf8c6b5b557f/tokio-1.53.1/src/runtime/scheduler/current_thread/mod.rs:817:24
  26: <tokio::runtime::scheduler::current_thread::CurrentThread>::block_on::<core::pin::Pin<&mut dyn core::future::future::Future<Output = ()>>>::{closure#0}
             at /Users/mtakemiya/.cargo/registry/src/index.crates.io-1949cf8c6b5b557f/tokio-1.53.1/src/runtime/scheduler/current_thread/mod.rs:218:33
  27: tokio::runtime::context::runtime::enter_runtime::<<tokio::runtime::scheduler::current_thread::CurrentThread>::block_on<core::pin::Pin<&mut dyn core::future::future::Future<Output = ()>>>::{closure#0}, ()>
             at /Users/mtakemiya/.cargo/registry/src/index.crates.io-1949cf8c6b5b557f/tokio-1.53.1/src/runtime/context/runtime.rs:65:16
  28: <tokio::runtime::scheduler::current_thread::CurrentThread>::block_on::<core::pin::Pin<&mut dyn core::future::future::Future<Output = ()>>>
             at /Users/mtakemiya/.cargo/registry/src/index.crates.io-1949cf8c6b5b557f/tokio-1.53.1/src/runtime/scheduler/current_thread/mod.rs:206:9
  29: <tokio::runtime::runtime::Runtime>::block_on_inner::<core::pin::Pin<&mut dyn core::future::future::Future<Output = ()>>>
             at /Users/mtakemiya/.cargo/registry/src/index.crates.io-1949cf8c6b5b557f/tokio-1.53.1/src/runtime/runtime.rs:374:52
  30: <tokio::runtime::runtime::Runtime>::block_on::<core::pin::Pin<&mut dyn core::future::future::Future<Output = ()>>>
             at /Users/mtakemiya/.cargo/registry/src/index.crates.io-1949cf8c6b5b557f/tokio-1.53.1/src/runtime/runtime.rs:343:18
  31: kasumi_store::backup_sessions::tests::filesystem_abort_cleanup_is_bounded_repeatable_and_retains_control_and_other_namespaces
             at ./crates/kasumi-store/src/backup_sessions.rs:568:10
  32: kasumi_store::backup_sessions::tests::filesystem_abort_cleanup_is_bounded_repeatable_and_retains_control_and_other_namespaces::{closure#0}
             at ./crates/kasumi-store/src/backup_sessions.rs:419:103
  33: <kasumi_store::backup_sessions::tests::filesystem_abort_cleanup_is_bounded_repeatable_and_retains_control_and_other_namespaces::{closure#0} as core::ops::function::FnOnce<()>>::call_once
             at /rustc/8bab26f4f68e0e26f0bb7960be334d5b520ea452/library/core/src/ops/function.rs:250:5
  34: <fn() -> core::result::Result<(), alloc::string::String> as core::ops::function::FnOnce<()>>::call_once
             at /rustc/8bab26f4f68e0e26f0bb7960be334d5b520ea452/library/core/src/ops/function.rs:250:5
  35: test::__rust_begin_short_backtrace::<core::result::Result<(), alloc::string::String>, fn() -> core::result::Result<(), alloc::string::String>>
             at /rustc/8bab26f4f68e0e26f0bb7960be334d5b520ea452/library/test/src/lib.rs:724:18
  36: test::run_test_in_process::{closure#0}
             at /rustc/8bab26f4f68e0e26f0bb7960be334d5b520ea452/library/test/src/lib.rs:747:74
  37: <core::panic::unwind_safe::AssertUnwindSafe<test::run_test_in_process::{closure#0}> as core::ops::function::FnOnce<()>>::call_once
             at /rustc/8bab26f4f68e0e26f0bb7960be334d5b520ea452/library/core/src/panic/unwind_safe.rs:275:9
  38: std::panicking::catch_unwind::do_call::<core::panic::unwind_safe::AssertUnwindSafe<test::run_test_in_process::{closure#0}>, core::result::Result<(), alloc::string::String>>
             at /rustc/8bab26f4f68e0e26f0bb7960be334d5b520ea452/library/std/src/panicking.rs:581:40
  39: std::panicking::catch_unwind::<core::result::Result<(), alloc::string::String>, core::panic::unwind_safe::AssertUnwindSafe<test::run_test_in_process::{closure#0}>>
             at /rustc/8bab26f4f68e0e26f0bb7960be334d5b520ea452/library/std/src/panicking.rs:544:19
  40: std::panic::catch_unwind::<core::panic::unwind_safe::AssertUnwindSafe<test::run_test_in_process::{closure#0}>, core::result::Result<(), alloc::string::String>>
             at /rustc/8bab26f4f68e0e26f0bb7960be334d5b520ea452/library/std/src/panic.rs:359:14
  41: test::run_test_in_process
             at /rustc/8bab26f4f68e0e26f0bb7960be334d5b520ea452/library/test/src/lib.rs:747:27
  42: test::run_test::{closure#0}
             at /rustc/8bab26f4f68e0e26f0bb7960be334d5b520ea452/library/test/src/lib.rs:668:43
  43: test::run_test::{closure#1}
             at /rustc/8bab26f4f68e0e26f0bb7960be334d5b520ea452/library/test/src/lib.rs:698:41
  44: std::sys::backtrace::__rust_begin_short_backtrace::<test::run_test::{closure#1}, ()>
             at /rustc/8bab26f4f68e0e26f0bb7960be334d5b520ea452/library/std/src/sys/backtrace.rs:166:18
  45: std::thread::lifecycle::spawn_unchecked::<test::run_test::{closure#1}, ()>::{closure#1}::{closure#0}
             at /rustc/8bab26f4f68e0e26f0bb7960be334d5b520ea452/library/std/src/thread/lifecycle.rs:70:13
  46: <core::panic::unwind_safe::AssertUnwindSafe<std::thread::lifecycle::spawn_unchecked<test::run_test::{closure#1}, ()>::{closure#1}::{closure#0}> as core::ops::function::FnOnce<()>>::call_once
             at /rustc/8bab26f4f68e0e26f0bb7960be334d5b520ea452/library/core/src/panic/unwind_safe.rs:275:9
  47: std::panicking::catch_unwind::do_call::<core::panic::unwind_safe::AssertUnwindSafe<std::thread::lifecycle::spawn_unchecked<test::run_test::{closure#1}, ()>::{closure#1}::{closure#0}>, ()>
             at /rustc/8bab26f4f68e0e26f0bb7960be334d5b520ea452/library/std/src/panicking.rs:581:40
  48: std::panicking::catch_unwind::<(), core::panic::unwind_safe::AssertUnwindSafe<std::thread::lifecycle::spawn_unchecked<test::run_test::{closure#1}, ()>::{closure#1}::{closure#0}>>
             at /rustc/8bab26f4f68e0e26f0bb7960be334d5b520ea452/library/std/src/panicking.rs:544:19
  49: std::panic::catch_unwind::<core::panic::unwind_safe::AssertUnwindSafe<std::thread::lifecycle::spawn_unchecked<test::run_test::{closure#1}, ()>::{closure#1}::{closure#0}>, ()>
             at /rustc/8bab26f4f68e0e26f0bb7960be334d5b520ea452/library/std/src/panic.rs:359:14
  50: std::thread::lifecycle::spawn_unchecked::<test::run_test::{closure#1}, ()>::{closure#1}
             at /rustc/8bab26f4f68e0e26f0bb7960be334d5b520ea452/library/std/src/thread/lifecycle.rs:68:26
  51: <std::thread::lifecycle::spawn_unchecked<test::run_test::{closure#1}, ()>::{closure#1} as core::ops::function::FnOnce<()>>::call_once::{shim:vtable#0}
             at /rustc/8bab26f4f68e0e26f0bb7960be334d5b520ea452/library/core/src/ops/function.rs:250:5
  52: <alloc::boxed::Box<dyn core::ops::function::FnOnce<(), Output = ()> + core::marker::Send> as core::ops::function::FnOnce<()>>::call_once
             at /rustc/8bab26f4f68e0e26f0bb7960be334d5b520ea452/library/alloc/src/boxed.rs:2275:9
  53: <std::sys::thread::unix::Thread>::new::thread_start
             at /rustc/8bab26f4f68e0e26f0bb7960be334d5b520ea452/library/std/src/sys/thread/unix.rs:118:17
  54: __pthread_exit
stack backtrace:
   0: __rustc::rust_begin_unwind
             at /rustc/8bab26f4f68e0e26f0bb7960be334d5b520ea452/library/std/src/panicking.rs:689:5
   1: core::panicking::panic_fmt
             at /rustc/8bab26f4f68e0e26f0bb7960be334d5b520ea452/library/core/src/panicking.rs:80:14
   2: core::result::unwrap_failed
             at /rustc/8bab26f4f68e0e26f0bb7960be334d5b520ea452/library/core/src/result.rs:1867:5
   3: <core::result::Result<kasumi_store::backup::FilesystemBackupDestination, anyhow::Error>>::unwrap
             at /rustc/8bab26f4f68e0e26f0bb7960be334d5b520ea452/library/core/src/result.rs:1233:23
   4: kasumi_store::backup_sessions::tests::fixture::{closure#0}
             at ./crates/kasumi-store/src/backup_sessions.rs:347:10
   5: kasumi_store::backup_sessions::tests::filesystem_abort_cleanup_is_bounded_repeatable_and_retains_control_and_other_namespaces::{closure#0}
             at ./crates/kasumi-store/src/backup_sessions.rs:426:70
   6: <core::pin::Pin<&mut dyn core::future::future::Future<Output = ()>> as core::future::future::Future>::poll
             at /rustc/8bab26f4f68e0e26f0bb7960be334d5b520ea452/library/core/src/future/future.rs:133:9
   7: <core::pin::Pin<&mut core::pin::Pin<&mut dyn core::future::future::Future<Output = ()>>> as core::future::future::Future>::poll
             at /rustc/8bab26f4f68e0e26f0bb7960be334d5b520ea452/library/core/src/future/future.rs:133:9
   8: <tokio::runtime::scheduler::current_thread::CoreGuard>::block_on::<core::pin::Pin<&mut core::pin::Pin<&mut dyn core::future::future::Future<Output = ()>>>>::{closure#0}::{closure#0}::{closure#0}
             at /Users/mtakemiya/.cargo/registry/src/index.crates.io-1949cf8c6b5b557f/tokio-1.53.1/src/runtime/scheduler/current_thread/mod.rs:830:70
   9: tokio::task::coop::with_budget::<core::task::poll::Poll<()>, <tokio::runtime::scheduler::current_thread::CoreGuard>::block_on<core::pin::Pin<&mut core::pin::Pin<&mut dyn core::future::future::Future<Output = ()>>>>::{closure#0}::{closure#0}::{closure#0}>
             at /Users/mtakemiya/.cargo/registry/src/index.crates.io-1949cf8c6b5b557f/tokio-1.53.1/src/task/coop/mod.rs:167:5
  10: tokio::task::coop::budget::<core::task::poll::Poll<()>, <tokio::runtime::scheduler::current_thread::CoreGuard>::block_on<core::pin::Pin<&mut core::pin::Pin<&mut dyn core::future::future::Future<Output = ()>>>>::{closure#0}::{closure#0}::{closure#0}>
             at /Users/mtakemiya/.cargo/registry/src/index.crates.io-1949cf8c6b5b557f/tokio-1.53.1/src/task/coop/mod.rs:133:5
  11: <tokio::runtime::scheduler::current_thread::CoreGuard>::block_on::<core::pin::Pin<&mut core::pin::Pin<&mut dyn core::future::future::Future<Output = ()>>>>::{closure#0}::{closure#0}
             at /Users/mtakemiya/.cargo/registry/src/index.crates.io-1949cf8c6b5b557f/tokio-1.53.1/src/runtime/scheduler/current_thread/mod.rs:830:25
  12: <tokio::runtime::scheduler::current_thread::Context>::enter::<core::task::poll::Poll<()>, <tokio::runtime::scheduler::current_thread::CoreGuard>::block_on<core::pin::Pin<&mut core::pin::Pin<&mut dyn core::future::future::Future<Output = ()>>>>::{closure#0}::{closure#0}>
             at /Users/mtakemiya/.cargo/registry/src/index.crates.io-1949cf8c6b5b557f/tokio-1.53.1/src/runtime/scheduler/current_thread/mod.rs:488:19
  13: <tokio::runtime::scheduler::current_thread::CoreGuard>::block_on::<core::pin::Pin<&mut core::pin::Pin<&mut dyn core::future::future::Future<Output = ()>>>>::{closure#0}
             at /Users/mtakemiya/.cargo/registry/src/index.crates.io-1949cf8c6b5b557f/tokio-1.53.1/src/runtime/scheduler/current_thread/mod.rs:829:44
  14: <tokio::runtime::scheduler::current_thread::CoreGuard>::enter::<<tokio::runtime::scheduler::current_thread::CoreGuard>::block_on<core::pin::Pin<&mut core::pin::Pin<&mut dyn core::future::future::Future<Output = ()>>>>::{closure#0}, core::option::Option<()>>::{closure#0}
             at /Users/mtakemiya/.cargo/registry/src/index.crates.io-1949cf8c6b5b557f/tokio-1.53.1/src/runtime/scheduler/current_thread/mod.rs:906:68
  15: <tokio::runtime::context::scoped::Scoped<tokio::runtime::scheduler::Context>>::set::<<tokio::runtime::scheduler::current_thread::CoreGuard>::enter<<tokio::runtime::scheduler::current_thread::CoreGuard>::block_on<core::pin::Pin<&mut core::pin::Pin<&mut dyn core::future::future::Future<Output = ()>>>>::{closure#0}, core::option::Option<()>>::{closure#0}, (alloc::boxed::Box<tokio::runtime::scheduler::current_thread::Core>, core::option::Option<()>)>
             at /Users/mtakemiya/.cargo/registry/src/index.crates.io-1949cf8c6b5b557f/tokio-1.53.1/src/runtime/context/scoped.rs:40:9
  16: tokio::runtime::context::set_scheduler::<(alloc::boxed::Box<tokio::runtime::scheduler::current_thread::Core>, core::option::Option<()>), <tokio::runtime::scheduler::current_thread::CoreGuard>::enter<<tokio::runtime::scheduler::current_thread::CoreGuard>::block_on<core::pin::Pin<&mut core::pin::Pin<&mut dyn core::future::future::Future<Output = ()>>>>::{closure#0}, core::option::Option<()>>::{closure#0}>::{closure#0}
             at /Users/mtakemiya/.cargo/registry/src/index.crates.io-1949cf8c6b5b557f/tokio-1.53.1/src/runtime/context.rs:187:38
  17: <std::thread::local::LocalKey<tokio::runtime::context::Context>>::try_with::<tokio::runtime::context::set_scheduler<(alloc::boxed::Box<tokio::runtime::scheduler::current_thread::Core>, core::option::Option<()>), <tokio::runtime::scheduler::current_thread::CoreGuard>::enter<<tokio::runtime::scheduler::current_thread::CoreGuard>::block_on<core::pin::Pin<&mut core::pin::Pin<&mut dyn core::future::future::Future<Output = ()>>>>::{closure#0}, core::option::Option<()>>::{closure#0}>::{closure#0}, (alloc::boxed::Box<tokio::runtime::scheduler::current_thread::Core>, core::option::Option<()>)>
             at /rustc/8bab26f4f68e0e26f0bb7960be334d5b520ea452/library/std/src/thread/local.rs:462:12
  18: <std::thread::local::LocalKey<tokio::runtime::context::Context>>::with::<tokio::runtime::context::set_scheduler<(alloc::boxed::Box<tokio::runtime::scheduler::current_thread::Core>, core::option::Option<()>), <tokio::runtime::scheduler::current_thread::CoreGuard>::enter<<tokio::runtime::scheduler::current_thread::CoreGuard>::block_on<core::pin::Pin<&mut core::pin::Pin<&mut dyn core::future::future::Future<Output = ()>>>>::{closure#0}, core::option::Option<()>>::{closure#0}>::{closure#0}, (alloc::boxed::Box<tokio::runtime::scheduler::current_thread::Core>, core::option::Option<()>)>
             at /rustc/8bab26f4f68e0e26f0bb7960be334d5b520ea452/library/std/src/thread/local.rs:426:20
  19: tokio::runtime::context::set_scheduler::<(alloc::boxed::Box<tokio::runtime::scheduler::current_thread::Core>, core::option::Option<()>), <tokio::runtime::scheduler::current_thread::CoreGuard>::enter<<tokio::runtime::scheduler::current_thread::CoreGuard>::block_on<core::pin::Pin<&mut core::pin::Pin<&mut dyn core::future::future::Future<Output = ()>>>>::{closure#0}, core::option::Option<()>>::{closure#0}>
             at /Users/mtakemiya/.cargo/registry/src/index.crates.io-1949cf8c6b5b557f/tokio-1.53.1/src/runtime/context.rs:187:17
  20: <tokio::runtime::scheduler::current_thread::CoreGuard>::enter::<<tokio::runtime::scheduler::current_thread::CoreGuard>::block_on<core::pin::Pin<&mut core::pin::Pin<&mut dyn core::future::future::Future<Output = ()>>>>::{closure#0}, core::option::Option<()>>
             at /Users/mtakemiya/.cargo/registry/src/index.crates.io-1949cf8c6b5b557f/tokio-1.53.1/src/runtime/scheduler/current_thread/mod.rs:906:27
  21: <tokio::runtime::scheduler::current_thread::CoreGuard>::block_on::<core::pin::Pin<&mut core::pin::Pin<&mut dyn core::future::future::Future<Output = ()>>>>
             at /Users/mtakemiya/.cargo/registry/src/index.crates.io-1949cf8c6b5b557f/tokio-1.53.1/src/runtime/scheduler/current_thread/mod.rs:817:24
  22: <tokio::runtime::scheduler::current_thread::CurrentThread>::block_on::<core::pin::Pin<&mut dyn core::future::future::Future<Output = ()>>>::{closure#0}
             at /Users/mtakemiya/.cargo/registry/src/index.crates.io-1949cf8c6b5b557f/tokio-1.53.1/src/runtime/scheduler/current_thread/mod.rs:218:33
  23: tokio::runtime::context::runtime::enter_runtime::<<tokio::runtime::scheduler::current_thread::CurrentThread>::block_on<core::pin::Pin<&mut dyn core::future::future::Future<Output = ()>>>::{closure#0}, ()>
             at /Users/mtakemiya/.cargo/registry/src/index.crates.io-1949cf8c6b5b557f/tokio-1.53.1/src/runtime/context/runtime.rs:65:16
  24: <tokio::runtime::scheduler::current_thread::CurrentThread>::block_on::<core::pin::Pin<&mut dyn core::future::future::Future<Output = ()>>>
             at /Users/mtakemiya/.cargo/registry/src/index.crates.io-1949cf8c6b5b557f/tokio-1.53.1/src/runtime/scheduler/current_thread/mod.rs:206:9
  25: <tokio::runtime::runtime::Runtime>::block_on_inner::<core::pin::Pin<&mut dyn core::future::future::Future<Output = ()>>>
             at /Users/mtakemiya/.cargo/registry/src/index.crates.io-1949cf8c6b5b557f/tokio-1.53.1/src/runtime/runtime.rs:374:52
  26: <tokio::runtime::runtime::Runtime>::block_on::<core::pin::Pin<&mut dyn core::future::future::Future<Output = ()>>>
             at /Users/mtakemiya/.cargo/registry/src/index.crates.io-1949cf8c6b5b557f/tokio-1.53.1/src/runtime/runtime.rs:343:18
  27: kasumi_store::backup_sessions::tests::filesystem_abort_cleanup_is_bounded_repeatable_and_retains_control_and_other_namespaces
             at ./crates/kasumi-store/src/backup_sessions.rs:568:10
  28: kasumi_store::backup_sessions::tests::filesystem_abort_cleanup_is_bounded_repeatable_and_retains_control_and_other_namespaces::{closure#0}
             at ./crates/kasumi-store/src/backup_sessions.rs:419:103
  29: <kasumi_store::backup_sessions::tests::filesystem_abort_cleanup_is_bounded_repeatable_and_retains_control_and_other_namespaces::{closure#0} as core::ops::function::FnOnce<()>>::call_once
             at /rustc/8bab26f4f68e0e26f0bb7960be334d5b520ea452/library/core/src/ops/function.rs:250:5
  30: <fn() -> core::result::Result<(), alloc::string::String> as core::ops::function::FnOnce<()>>::call_once
             at /rustc/8bab26f4f68e0e26f0bb7960be334d5b520ea452/library/core/src/ops/function.rs:250:5
note: Some details are omitted, run with `RUST_BACKTRACE=full` for a verbose backtrace.
FAILED
test backup_sessions::tests::filesystem_cleanup_rejects_directory_symlink_substitution ... 
thread 'backup_sessions::tests::filesystem_cleanup_rejects_directory_symlink_substitution' (6215640) panicked at crates/kasumi-store/src/backup_sessions.rs:347:10:
called `Result::unwrap()` on an `Err` value: invalid data

Stack backtrace:
   0: std::backtrace_rs::backtrace::libunwind::trace
             at /rustc/8bab26f4f68e0e26f0bb7960be334d5b520ea452/library/std/src/../../backtrace/src/backtrace/libunwind.rs:117:9
   1: std::backtrace_rs::backtrace::trace_unsynchronized::<<std::backtrace::Backtrace>::create::{closure#0}>
             at /rustc/8bab26f4f68e0e26f0bb7960be334d5b520ea452/library/std/src/../../backtrace/src/backtrace/mod.rs:66:14
   2: <std::backtrace::Backtrace>::create
             at /rustc/8bab26f4f68e0e26f0bb7960be334d5b520ea452/library/std/src/backtrace.rs:331:13
   3: <anyhow::Error as core::convert::From<std::io::error::Error>>::from
             at /Users/mtakemiya/.cargo/registry/src/index.crates.io-1949cf8c6b5b557f/anyhow-1.0.104/src/backtrace.rs:10:14
   4: <core::result::Result<kasumi_store::backup_sessions::filesystem::Directory, anyhow::Error> as core::ops::try_trait::FromResidual<core::result::Result<core::convert::Infallible, std::io::error::Error>>>::from_residual
             at /rustc/8bab26f4f68e0e26f0bb7960be334d5b520ea452/library/core/src/result.rs:2189:27
   5: <kasumi_store::backup_sessions::filesystem::Directory>::open_or_create
             at ./crates/kasumi-store/src/backup_sessions_fs.rs:39:22
   6: <kasumi_store::backup::FilesystemBackupDestination>::new::<&std::path::Path>
             at ./crates/kasumi-store/src/backup.rs:374:13
   7: <kasumi_store::backup::FilesystemBackupDestination>::new_fixture::<std::path::PathBuf>
             at ./crates/kasumi-store/src/test_utils.rs:585:9
   8: kasumi_store::backup_sessions::tests::fixture::{closure#0}
             at ./crates/kasumi-store/src/backup_sessions.rs:342:27
   9: kasumi_store::backup_sessions::tests::filesystem_cleanup_rejects_directory_symlink_substitution::{closure#0}
             at ./crates/kasumi-store/src/backup_sessions.rs:851:70
  10: <core::pin::Pin<&mut dyn core::future::future::Future<Output = ()>> as core::future::future::Future>::poll
             at /rustc/8bab26f4f68e0e26f0bb7960be334d5b520ea452/library/core/src/future/future.rs:133:9
  11: <core::pin::Pin<&mut core::pin::Pin<&mut dyn core::future::future::Future<Output = ()>>> as core::future::future::Future>::poll
             at /rustc/8bab26f4f68e0e26f0bb7960be334d5b520ea452/library/core/src/future/future.rs:133:9
  12: <tokio::runtime::scheduler::current_thread::CoreGuard>::block_on::<core::pin::Pin<&mut core::pin::Pin<&mut dyn core::future::future::Future<Output = ()>>>>::{closure#0}::{closure#0}::{closure#0}
             at /Users/mtakemiya/.cargo/registry/src/index.crates.io-1949cf8c6b5b557f/tokio-1.53.1/src/runtime/scheduler/current_thread/mod.rs:830:70
  13: tokio::task::coop::with_budget::<core::task::poll::Poll<()>, <tokio::runtime::scheduler::current_thread::CoreGuard>::block_on<core::pin::Pin<&mut core::pin::Pin<&mut dyn core::future::future::Future<Output = ()>>>>::{closure#0}::{closure#0}::{closure#0}>
             at /Users/mtakemiya/.cargo/registry/src/index.crates.io-1949cf8c6b5b557f/tokio-1.53.1/src/task/coop/mod.rs:167:5
  14: tokio::task::coop::budget::<core::task::poll::Poll<()>, <tokio::runtime::scheduler::current_thread::CoreGuard>::block_on<core::pin::Pin<&mut core::pin::Pin<&mut dyn core::future::future::Future<Output = ()>>>>::{closure#0}::{closure#0}::{closure#0}>
             at /Users/mtakemiya/.cargo/registry/src/index.crates.io-1949cf8c6b5b557f/tokio-1.53.1/src/task/coop/mod.rs:133:5
  15: <tokio::runtime::scheduler::current_thread::CoreGuard>::block_on::<core::pin::Pin<&mut core::pin::Pin<&mut dyn core::future::future::Future<Output = ()>>>>::{closure#0}::{closure#0}
             at /Users/mtakemiya/.cargo/registry/src/index.crates.io-1949cf8c6b5b557f/tokio-1.53.1/src/runtime/scheduler/current_thread/mod.rs:830:25
  16: <tokio::runtime::scheduler::current_thread::Context>::enter::<core::task::poll::Poll<()>, <tokio::runtime::scheduler::current_thread::CoreGuard>::block_on<core::pin::Pin<&mut core::pin::Pin<&mut dyn core::future::future::Future<Output = ()>>>>::{closure#0}::{closure#0}>
             at /Users/mtakemiya/.cargo/registry/src/index.crates.io-1949cf8c6b5b557f/tokio-1.53.1/src/runtime/scheduler/current_thread/mod.rs:488:19
  17: <tokio::runtime::scheduler::current_thread::CoreGuard>::block_on::<core::pin::Pin<&mut core::pin::Pin<&mut dyn core::future::future::Future<Output = ()>>>>::{closure#0}
             at /Users/mtakemiya/.cargo/registry/src/index.crates.io-1949cf8c6b5b557f/tokio-1.53.1/src/runtime/scheduler/current_thread/mod.rs:829:44
  18: <tokio::runtime::scheduler::current_thread::CoreGuard>::enter::<<tokio::runtime::scheduler::current_thread::CoreGuard>::block_on<core::pin::Pin<&mut core::pin::Pin<&mut dyn core::future::future::Future<Output = ()>>>>::{closure#0}, core::option::Option<()>>::{closure#0}
             at /Users/mtakemiya/.cargo/registry/src/index.crates.io-1949cf8c6b5b557f/tokio-1.53.1/src/runtime/scheduler/current_thread/mod.rs:906:68
  19: <tokio::runtime::context::scoped::Scoped<tokio::runtime::scheduler::Context>>::set::<<tokio::runtime::scheduler::current_thread::CoreGuard>::enter<<tokio::runtime::scheduler::current_thread::CoreGuard>::block_on<core::pin::Pin<&mut core::pin::Pin<&mut dyn core::future::future::Future<Output = ()>>>>::{closure#0}, core::option::Option<()>>::{closure#0}, (alloc::boxed::Box<tokio::runtime::scheduler::current_thread::Core>, core::option::Option<()>)>
             at /Users/mtakemiya/.cargo/registry/src/index.crates.io-1949cf8c6b5b557f/tokio-1.53.1/src/runtime/context/scoped.rs:40:9
  20: tokio::runtime::context::set_scheduler::<(alloc::boxed::Box<tokio::runtime::scheduler::current_thread::Core>, core::option::Option<()>), <tokio::runtime::scheduler::current_thread::CoreGuard>::enter<<tokio::runtime::scheduler::current_thread::CoreGuard>::block_on<core::pin::Pin<&mut core::pin::Pin<&mut dyn core::future::future::Future<Output = ()>>>>::{closure#0}, core::option::Option<()>>::{closure#0}>::{closure#0}
             at /Users/mtakemiya/.cargo/registry/src/index.crates.io-1949cf8c6b5b557f/tokio-1.53.1/src/runtime/context.rs:187:38
  21: <std::thread::local::LocalKey<tokio::runtime::context::Context>>::try_with::<tokio::runtime::context::set_scheduler<(alloc::boxed::Box<tokio::runtime::scheduler::current_thread::Core>, core::option::Option<()>), <tokio::runtime::scheduler::current_thread::CoreGuard>::enter<<tokio::runtime::scheduler::current_thread::CoreGuard>::block_on<core::pin::Pin<&mut core::pin::Pin<&mut dyn core::future::future::Future<Output = ()>>>>::{closure#0}, core::option::Option<()>>::{closure#0}>::{closure#0}, (alloc::boxed::Box<tokio::runtime::scheduler::current_thread::Core>, core::option::Option<()>)>
             at /rustc/8bab26f4f68e0e26f0bb7960be334d5b520ea452/library/std/src/thread/local.rs:462:12
  22: <std::thread::local::LocalKey<tokio::runtime::context::Context>>::with::<tokio::runtime::context::set_scheduler<(alloc::boxed::Box<tokio::runtime::scheduler::current_thread::Core>, core::option::Option<()>), <tokio::runtime::scheduler::current_thread::CoreGuard>::enter<<tokio::runtime::scheduler::current_thread::CoreGuard>::block_on<core::pin::Pin<&mut core::pin::Pin<&mut dyn core::future::future::Future<Output = ()>>>>::{closure#0}, core::option::Option<()>>::{closure#0}>::{closure#0}, (alloc::boxed::Box<tokio::runtime::scheduler::current_thread::Core>, core::option::Option<()>)>
             at /rustc/8bab26f4f68e0e26f0bb7960be334d5b520ea452/library/std/src/thread/local.rs:426:20
  23: tokio::runtime::context::set_scheduler::<(alloc::boxed::Box<tokio::runtime::scheduler::current_thread::Core>, core::option::Option<()>), <tokio::runtime::scheduler::current_thread::CoreGuard>::enter<<tokio::runtime::scheduler::current_thread::CoreGuard>::block_on<core::pin::Pin<&mut core::pin::Pin<&mut dyn core::future::future::Future<Output = ()>>>>::{closure#0}, core::option::Option<()>>::{closure#0}>
             at /Users/mtakemiya/.cargo/registry/src/index.crates.io-1949cf8c6b5b557f/tokio-1.53.1/src/runtime/context.rs:187:17
  24: <tokio::runtime::scheduler::current_thread::CoreGuard>::enter::<<tokio::runtime::scheduler::current_thread::CoreGuard>::block_on<core::pin::Pin<&mut core::pin::Pin<&mut dyn core::future::future::Future<Output = ()>>>>::{closure#0}, core::option::Option<()>>
             at /Users/mtakemiya/.cargo/registry/src/index.crates.io-1949cf8c6b5b557f/tokio-1.53.1/src/runtime/scheduler/current_thread/mod.rs:906:27
  25: <tokio::runtime::scheduler::current_thread::CoreGuard>::block_on::<core::pin::Pin<&mut core::pin::Pin<&mut dyn core::future::future::Future<Output = ()>>>>
             at /Users/mtakemiya/.cargo/registry/src/index.crates.io-1949cf8c6b5b557f/tokio-1.53.1/src/runtime/scheduler/current_thread/mod.rs:817:24
  26: <tokio::runtime::scheduler::current_thread::CurrentThread>::block_on::<core::pin::Pin<&mut dyn core::future::future::Future<Output = ()>>>::{closure#0}
             at /Users/mtakemiya/.cargo/registry/src/index.crates.io-1949cf8c6b5b557f/tokio-1.53.1/src/runtime/scheduler/current_thread/mod.rs:218:33
  27: tokio::runtime::context::runtime::enter_runtime::<<tokio::runtime::scheduler::current_thread::CurrentThread>::block_on<core::pin::Pin<&mut dyn core::future::future::Future<Output = ()>>>::{closure#0}, ()>
             at /Users/mtakemiya/.cargo/registry/src/index.crates.io-1949cf8c6b5b557f/tokio-1.53.1/src/runtime/context/runtime.rs:65:16
  28: <tokio::runtime::scheduler::current_thread::CurrentThread>::block_on::<core::pin::Pin<&mut dyn core::future::future::Future<Output = ()>>>
             at /Users/mtakemiya/.cargo/registry/src/index.crates.io-1949cf8c6b5b557f/tokio-1.53.1/src/runtime/scheduler/current_thread/mod.rs:206:9
  29: <tokio::runtime::runtime::Runtime>::block_on_inner::<core::pin::Pin<&mut dyn core::future::future::Future<Output = ()>>>
             at /Users/mtakemiya/.cargo/registry/src/index.crates.io-1949cf8c6b5b557f/tokio-1.53.1/src/runtime/runtime.rs:374:52
  30: <tokio::runtime::runtime::Runtime>::block_on::<core::pin::Pin<&mut dyn core::future::future::Future<Output = ()>>>
             at /Users/mtakemiya/.cargo/registry/src/index.crates.io-1949cf8c6b5b557f/tokio-1.53.1/src/runtime/runtime.rs:343:18
  31: kasumi_store::backup_sessions::tests::filesystem_cleanup_rejects_directory_symlink_substitution
             at ./crates/kasumi-store/src/backup_sessions.rs:881:74
  32: kasumi_store::backup_sessions::tests::filesystem_cleanup_rejects_directory_symlink_substitution::{closure#0}
             at ./crates/kasumi-store/src/backup_sessions.rs:844:73
  33: <kasumi_store::backup_sessions::tests::filesystem_cleanup_rejects_directory_symlink_substitution::{closure#0} as core::ops::function::FnOnce<()>>::call_once
             at /rustc/8bab26f4f68e0e26f0bb7960be334d5b520ea452/library/core/src/ops/function.rs:250:5
  34: <fn() -> core::result::Result<(), alloc::string::String> as core::ops::function::FnOnce<()>>::call_once
             at /rustc/8bab26f4f68e0e26f0bb7960be334d5b520ea452/library/core/src/ops/function.rs:250:5
  35: test::__rust_begin_short_backtrace::<core::result::Result<(), alloc::string::String>, fn() -> core::result::Result<(), alloc::string::String>>
             at /rustc/8bab26f4f68e0e26f0bb7960be334d5b520ea452/library/test/src/lib.rs:724:18
  36: test::run_test_in_process::{closure#0}
             at /rustc/8bab26f4f68e0e26f0bb7960be334d5b520ea452/library/test/src/lib.rs:747:74
  37: <core::panic::unwind_safe::AssertUnwindSafe<test::run_test_in_process::{closure#0}> as core::ops::function::FnOnce<()>>::call_once
             at /rustc/8bab26f4f68e0e26f0bb7960be334d5b520ea452/library/core/src/panic/unwind_safe.rs:275:9
  38: std::panicking::catch_unwind::do_call::<core::panic::unwind_safe::AssertUnwindSafe<test::run_test_in_process::{closure#0}>, core::result::Result<(), alloc::string::String>>
             at /rustc/8bab26f4f68e0e26f0bb7960be334d5b520ea452/library/std/src/panicking.rs:581:40
  39: std::panicking::catch_unwind::<core::result::Result<(), alloc::string::String>, core::panic::unwind_safe::AssertUnwindSafe<test::run_test_in_process::{closure#0}>>
             at /rustc/8bab26f4f68e0e26f0bb7960be334d5b520ea452/library/std/src/panicking.rs:544:19
  40: std::panic::catch_unwind::<core::panic::unwind_safe::AssertUnwindSafe<test::run_test_in_process::{closure#0}>, core::result::Result<(), alloc::string::String>>
             at /rustc/8bab26f4f68e0e26f0bb7960be334d5b520ea452/library/std/src/panic.rs:359:14
  41: test::run_test_in_process
             at /rustc/8bab26f4f68e0e26f0bb7960be334d5b520ea452/library/test/src/lib.rs:747:27
  42: test::run_test::{closure#0}
             at /rustc/8bab26f4f68e0e26f0bb7960be334d5b520ea452/library/test/src/lib.rs:668:43
  43: test::run_test::{closure#1}
             at /rustc/8bab26f4f68e0e26f0bb7960be334d5b520ea452/library/test/src/lib.rs:698:41
  44: std::sys::backtrace::__rust_begin_short_backtrace::<test::run_test::{closure#1}, ()>
             at /rustc/8bab26f4f68e0e26f0bb7960be334d5b520ea452/library/std/src/sys/backtrace.rs:166:18
  45: std::thread::lifecycle::spawn_unchecked::<test::run_test::{closure#1}, ()>::{closure#1}::{closure#0}
             at /rustc/8bab26f4f68e0e26f0bb7960be334d5b520ea452/library/std/src/thread/lifecycle.rs:70:13
  46: <core::panic::unwind_safe::AssertUnwindSafe<std::thread::lifecycle::spawn_unchecked<test::run_test::{closure#1}, ()>::{closure#1}::{closure#0}> as core::ops::function::FnOnce<()>>::call_once
             at /rustc/8bab26f4f68e0e26f0bb7960be334d5b520ea452/library/core/src/panic/unwind_safe.rs:275:9
  47: std::panicking::catch_unwind::do_call::<core::panic::unwind_safe::AssertUnwindSafe<std::thread::lifecycle::spawn_unchecked<test::run_test::{closure#1}, ()>::{closure#1}::{closure#0}>, ()>
             at /rustc/8bab26f4f68e0e26f0bb7960be334d5b520ea452/library/std/src/panicking.rs:581:40
  48: std::panicking::catch_unwind::<(), core::panic::unwind_safe::AssertUnwindSafe<std::thread::lifecycle::spawn_unchecked<test::run_test::{closure#1}, ()>::{closure#1}::{closure#0}>>
             at /rustc/8bab26f4f68e0e26f0bb7960be334d5b520ea452/library/std/src/panicking.rs:544:19
  49: std::panic::catch_unwind::<core::panic::unwind_safe::AssertUnwindSafe<std::thread::lifecycle::spawn_unchecked<test::run_test::{closure#1}, ()>::{closure#1}::{closure#0}>, ()>
             at /rustc/8bab26f4f68e0e26f0bb7960be334d5b520ea452/library/std/src/panic.rs:359:14
  50: std::thread::lifecycle::spawn_unchecked::<test::run_test::{closure#1}, ()>::{closure#1}
             at /rustc/8bab26f4f68e0e26f0bb7960be334d5b520ea452/library/std/src/thread/lifecycle.rs:68:26
  51: <std::thread::lifecycle::spawn_unchecked<test::run_test::{closure#1}, ()>::{closure#1} as core::ops::function::FnOnce<()>>::call_once::{shim:vtable#0}
             at /rustc/8bab26f4f68e0e26f0bb7960be334d5b520ea452/library/core/src/ops/function.rs:250:5
  52: <alloc::boxed::Box<dyn core::ops::function::FnOnce<(), Output = ()> + core::marker::Send> as core::ops::function::FnOnce<()>>::call_once
             at /rustc/8bab26f4f68e0e26f0bb7960be334d5b520ea452/library/alloc/src/boxed.rs:2275:9
  53: <std::sys::thread::unix::Thread>::new::thread_start
             at /rustc/8bab26f4f68e0e26f0bb7960be334d5b520ea452/library/std/src/sys/thread/unix.rs:118:17
  54: __pthread_exit
stack backtrace:
   0: __rustc::rust_begin_unwind
             at /rustc/8bab26f4f68e0e26f0bb7960be334d5b520ea452/library/std/src/panicking.rs:689:5
   1: core::panicking::panic_fmt
             at /rustc/8bab26f4f68e0e26f0bb7960be334d5b520ea452/library/core/src/panicking.rs:80:14
   2: core::result::unwrap_failed
             at /rustc/8bab26f4f68e0e26f0bb7960be334d5b520ea452/library/core/src/result.rs:1867:5
   3: <core::result::Result<kasumi_store::backup::FilesystemBackupDestination, anyhow::Error>>::unwrap
             at /rustc/8bab26f4f68e0e26f0bb7960be334d5b520ea452/library/core/src/result.rs:1233:23
   4: kasumi_store::backup_sessions::tests::fixture::{closure#0}
             at ./crates/kasumi-store/src/backup_sessions.rs:347:10
   5: kasumi_store::backup_sessions::tests::filesystem_cleanup_rejects_directory_symlink_substitution::{closure#0}
             at ./crates/kasumi-store/src/backup_sessions.rs:851:70
   6: <core::pin::Pin<&mut dyn core::future::future::Future<Output = ()>> as core::future::future::Future>::poll
             at /rustc/8bab26f4f68e0e26f0bb7960be334d5b520ea452/library/core/src/future/future.rs:133:9
   7: <core::pin::Pin<&mut core::pin::Pin<&mut dyn core::future::future::Future<Output = ()>>> as core::future::future::Future>::poll
             at /rustc/8bab26f4f68e0e26f0bb7960be334d5b520ea452/library/core/src/future/future.rs:133:9
   8: <tokio::runtime::scheduler::current_thread::CoreGuard>::block_on::<core::pin::Pin<&mut core::pin::Pin<&mut dyn core::future::future::Future<Output = ()>>>>::{closure#0}::{closure#0}::{closure#0}
             at /Users/mtakemiya/.cargo/registry/src/index.crates.io-1949cf8c6b5b557f/tokio-1.53.1/src/runtime/scheduler/current_thread/mod.rs:830:70
   9: tokio::task::coop::with_budget::<core::task::poll::Poll<()>, <tokio::runtime::scheduler::current_thread::CoreGuard>::block_on<core::pin::Pin<&mut core::pin::Pin<&mut dyn core::future::future::Future<Output = ()>>>>::{closure#0}::{closure#0}::{closure#0}>
             at /Users/mtakemiya/.cargo/registry/src/index.crates.io-1949cf8c6b5b557f/tokio-1.53.1/src/task/coop/mod.rs:167:5
  10: tokio::task::coop::budget::<core::task::poll::Poll<()>, <tokio::runtime::scheduler::current_thread::CoreGuard>::block_on<core::pin::Pin<&mut core::pin::Pin<&mut dyn core::future::future::Future<Output = ()>>>>::{closure#0}::{closure#0}::{closure#0}>
             at /Users/mtakemiya/.cargo/registry/src/index.crates.io-1949cf8c6b5b557f/tokio-1.53.1/src/task/coop/mod.rs:133:5
  11: <tokio::runtime::scheduler::current_thread::CoreGuard>::block_on::<core::pin::Pin<&mut core::pin::Pin<&mut dyn core::future::future::Future<Output = ()>>>>::{closure#0}::{closure#0}
             at /Users/mtakemiya/.cargo/registry/src/index.crates.io-1949cf8c6b5b557f/tokio-1.53.1/src/runtime/scheduler/current_thread/mod.rs:830:25
  12: <tokio::runtime::scheduler::current_thread::Context>::enter::<core::task::poll::Poll<()>, <tokio::runtime::scheduler::current_thread::CoreGuard>::block_on<core::pin::Pin<&mut core::pin::Pin<&mut dyn core::future::future::Future<Output = ()>>>>::{closure#0}::{closure#0}>
             at /Users/mtakemiya/.cargo/registry/src/index.crates.io-1949cf8c6b5b557f/tokio-1.53.1/src/runtime/scheduler/current_thread/mod.rs:488:19
  13: <tokio::runtime::scheduler::current_thread::CoreGuard>::block_on::<core::pin::Pin<&mut core::pin::Pin<&mut dyn core::future::future::Future<Output = ()>>>>::{closure#0}
             at /Users/mtakemiya/.cargo/registry/src/index.crates.io-1949cf8c6b5b557f/tokio-1.53.1/src/runtime/scheduler/current_thread/mod.rs:829:44
  14: <tokio::runtime::scheduler::current_thread::CoreGuard>::enter::<<tokio::runtime::scheduler::current_thread::CoreGuard>::block_on<core::pin::Pin<&mut core::pin::Pin<&mut dyn core::future::future::Future<Output = ()>>>>::{closure#0}, core::option::Option<()>>::{closure#0}
             at /Users/mtakemiya/.cargo/registry/src/index.crates.io-1949cf8c6b5b557f/tokio-1.53.1/src/runtime/scheduler/current_thread/mod.rs:906:68
  15: <tokio::runtime::context::scoped::Scoped<tokio::runtime::scheduler::Context>>::set::<<tokio::runtime::scheduler::current_thread::CoreGuard>::enter<<tokio::runtime::scheduler::current_thread::CoreGuard>::block_on<core::pin::Pin<&mut core::pin::Pin<&mut dyn core::future::future::Future<Output = ()>>>>::{closure#0}, core::option::Option<()>>::{closure#0}, (alloc::boxed::Box<tokio::runtime::scheduler::current_thread::Core>, core::option::Option<()>)>
             at /Users/mtakemiya/.cargo/registry/src/index.crates.io-1949cf8c6b5b557f/tokio-1.53.1/src/runtime/context/scoped.rs:40:9
  16: tokio::runtime::context::set_scheduler::<(alloc::boxed::Box<tokio::runtime::scheduler::current_thread::Core>, core::option::Option<()>), <tokio::runtime::scheduler::current_thread::CoreGuard>::enter<<tokio::runtime::scheduler::current_thread::CoreGuard>::block_on<core::pin::Pin<&mut core::pin::Pin<&mut dyn core::future::future::Future<Output = ()>>>>::{closure#0}, core::option::Option<()>>::{closure#0}>::{closure#0}
             at /Users/mtakemiya/.cargo/registry/src/index.crates.io-1949cf8c6b5b557f/tokio-1.53.1/src/runtime/context.rs:187:38
  17: <std::thread::local::LocalKey<tokio::runtime::context::Context>>::try_with::<tokio::runtime::context::set_scheduler<(alloc::boxed::Box<tokio::runtime::scheduler::current_thread::Core>, core::option::Option<()>), <tokio::runtime::scheduler::current_thread::CoreGuard>::enter<<tokio::runtime::scheduler::current_thread::CoreGuard>::block_on<core::pin::Pin<&mut core::pin::Pin<&mut dyn core::future::future::Future<Output = ()>>>>::{closure#0}, core::option::Option<()>>::{closure#0}>::{closure#0}, (alloc::boxed::Box<tokio::runtime::scheduler::current_thread::Core>, core::option::Option<()>)>
             at /rustc/8bab26f4f68e0e26f0bb7960be334d5b520ea452/library/std/src/thread/local.rs:462:12
  18: <std::thread::local::LocalKey<tokio::runtime::context::Context>>::with::<tokio::runtime::context::set_scheduler<(alloc::boxed::Box<tokio::runtime::scheduler::current_thread::Core>, core::option::Option<()>), <tokio::runtime::scheduler::current_thread::CoreGuard>::enter<<tokio::runtime::scheduler::current_thread::CoreGuard>::block_on<core::pin::Pin<&mut core::pin::Pin<&mut dyn core::future::future::Future<Output = ()>>>>::{closure#0}, core::option::Option<()>>::{closure#0}>::{closure#0}, (alloc::boxed::Box<tokio::runtime::scheduler::current_thread::Core>, core::option::Option<()>)>
             at /rustc/8bab26f4f68e0e26f0bb7960be334d5b520ea452/library/std/src/thread/local.rs:426:20
  19: tokio::runtime::context::set_scheduler::<(alloc::boxed::Box<tokio::runtime::scheduler::current_thread::Core>, core::option::Option<()>), <tokio::runtime::scheduler::current_thread::CoreGuard>::enter<<tokio::runtime::scheduler::current_thread::CoreGuard>::block_on<core::pin::Pin<&mut core::pin::Pin<&mut dyn core::future::future::Future<Output = ()>>>>::{closure#0}, core::option::Option<()>>::{closure#0}>
             at /Users/mtakemiya/.cargo/registry/src/index.crates.io-1949cf8c6b5b557f/tokio-1.53.1/src/runtime/context.rs:187:17
  20: <tokio::runtime::scheduler::current_thread::CoreGuard>::enter::<<tokio::runtime::scheduler::current_thread::CoreGuard>::block_on<core::pin::Pin<&mut core::pin::Pin<&mut dyn core::future::future::Future<Output = ()>>>>::{closure#0}, core::option::Option<()>>
             at /Users/mtakemiya/.cargo/registry/src/index.crates.io-1949cf8c6b5b557f/tokio-1.53.1/src/runtime/scheduler/current_thread/mod.rs:906:27
  21: <tokio::runtime::scheduler::current_thread::CoreGuard>::block_on::<core::pin::Pin<&mut core::pin::Pin<&mut dyn core::future::future::Future<Output = ()>>>>
             at /Users/mtakemiya/.cargo/registry/src/index.crates.io-1949cf8c6b5b557f/tokio-1.53.1/src/runtime/scheduler/current_thread/mod.rs:817:24
  22: <tokio::runtime::scheduler::current_thread::CurrentThread>::block_on::<core::pin::Pin<&mut dyn core::future::future::Future<Output = ()>>>::{closure#0}
             at /Users/mtakemiya/.cargo/registry/src/index.crates.io-1949cf8c6b5b557f/tokio-1.53.1/src/runtime/scheduler/current_thread/mod.rs:218:33
  23: tokio::runtime::context::runtime::enter_runtime::<<tokio::runtime::scheduler::current_thread::CurrentThread>::block_on<core::pin::Pin<&mut dyn core::future::future::Future<Output = ()>>>::{closure#0}, ()>
             at /Users/mtakemiya/.cargo/registry/src/index.crates.io-1949cf8c6b5b557f/tokio-1.53.1/src/runtime/context/runtime.rs:65:16
  24: <tokio::runtime::scheduler::current_thread::CurrentThread>::block_on::<core::pin::Pin<&mut dyn core::future::future::Future<Output = ()>>>
             at /Users/mtakemiya/.cargo/registry/src/index.crates.io-1949cf8c6b5b557f/tokio-1.53.1/src/runtime/scheduler/current_thread/mod.rs:206:9
  25: <tokio::runtime::runtime::Runtime>::block_on_inner::<core::pin::Pin<&mut dyn core::future::future::Future<Output = ()>>>
             at /Users/mtakemiya/.cargo/registry/src/index.crates.io-1949cf8c6b5b557f/tokio-1.53.1/src/runtime/runtime.rs:374:52
  26: <tokio::runtime::runtime::Runtime>::block_on::<core::pin::Pin<&mut dyn core::future::future::Future<Output = ()>>>
             at /Users/mtakemiya/.cargo/registry/src/index.crates.io-1949cf8c6b5b557f/tokio-1.53.1/src/runtime/runtime.rs:343:18
  27: kasumi_store::backup_sessions::tests::filesystem_cleanup_rejects_directory_symlink_substitution
             at ./crates/kasumi-store/src/backup_sessions.rs:881:74
  28: kasumi_store::backup_sessions::tests::filesystem_cleanup_rejects_directory_symlink_substitution::{closure#0}
             at ./crates/kasumi-store/src/backup_sessions.rs:844:73
  29: <kasumi_store::backup_sessions::tests::filesystem_cleanup_rejects_directory_symlink_substitution::{closure#0} as core::ops::function::FnOnce<()>>::call_once
             at /rustc/8bab26f4f68e0e26f0bb7960be334d5b520ea452/library/core/src/ops/function.rs:250:5
  30: <fn() -> core::result::Result<(), alloc::string::String> as core::ops::function::FnOnce<()>>::call_once
             at /rustc/8bab26f4f68e0e26f0bb7960be334d5b520ea452/library/core/src/ops/function.rs:250:5
note: Some details are omitted, run with `RUST_BACKTRACE=full` for a verbose backtrace.
FAILED
test backup_sessions::tests::recovered_session_root_requires_file_and_directory_sync_before_readback ... 
thread 'backup_sessions::tests::recovered_session_root_requires_file_and_directory_sync_before_readback' (6215649) panicked at crates/kasumi-store/src/backup_sessions.rs:347:10:
called `Result::unwrap()` on an `Err` value: invalid data

Stack backtrace:
   0: std::backtrace_rs::backtrace::libunwind::trace
             at /rustc/8bab26f4f68e0e26f0bb7960be334d5b520ea452/library/std/src/../../backtrace/src/backtrace/libunwind.rs:117:9
   1: std::backtrace_rs::backtrace::trace_unsynchronized::<<std::backtrace::Backtrace>::create::{closure#0}>
             at /rustc/8bab26f4f68e0e26f0bb7960be334d5b520ea452/library/std/src/../../backtrace/src/backtrace/mod.rs:66:14
   2: <std::backtrace::Backtrace>::create
             at /rustc/8bab26f4f68e0e26f0bb7960be334d5b520ea452/library/std/src/backtrace.rs:331:13
   3: <anyhow::Error as core::convert::From<std::io::error::Error>>::from
             at /Users/mtakemiya/.cargo/registry/src/index.crates.io-1949cf8c6b5b557f/anyhow-1.0.104/src/backtrace.rs:10:14
   4: <core::result::Result<kasumi_store::backup_sessions::filesystem::Directory, anyhow::Error> as core::ops::try_trait::FromResidual<core::result::Result<core::convert::Infallible, std::io::error::Error>>>::from_residual
             at /rustc/8bab26f4f68e0e26f0bb7960be334d5b520ea452/library/core/src/result.rs:2189:27
   5: <kasumi_store::backup_sessions::filesystem::Directory>::open_or_create
             at ./crates/kasumi-store/src/backup_sessions_fs.rs:39:22
   6: <kasumi_store::backup::FilesystemBackupDestination>::new::<&std::path::Path>
             at ./crates/kasumi-store/src/backup.rs:374:13
   7: <kasumi_store::backup::FilesystemBackupDestination>::new_fixture::<std::path::PathBuf>
             at ./crates/kasumi-store/src/test_utils.rs:585:9
   8: kasumi_store::backup_sessions::tests::fixture::{closure#0}
             at ./crates/kasumi-store/src/backup_sessions.rs:342:27
   9: kasumi_store::backup_sessions::tests::recovered_session_root_requires_file_and_directory_sync_before_readback::{closure#0}
             at ./crates/kasumi-store/src/backup_sessions.rs:810:70
  10: <core::pin::Pin<&mut dyn core::future::future::Future<Output = ()>> as core::future::future::Future>::poll
             at /rustc/8bab26f4f68e0e26f0bb7960be334d5b520ea452/library/core/src/future/future.rs:133:9
  11: <core::pin::Pin<&mut core::pin::Pin<&mut dyn core::future::future::Future<Output = ()>>> as core::future::future::Future>::poll
             at /rustc/8bab26f4f68e0e26f0bb7960be334d5b520ea452/library/core/src/future/future.rs:133:9
  12: <tokio::runtime::scheduler::current_thread::CoreGuard>::block_on::<core::pin::Pin<&mut core::pin::Pin<&mut dyn core::future::future::Future<Output = ()>>>>::{closure#0}::{closure#0}::{closure#0}
             at /Users/mtakemiya/.cargo/registry/src/index.crates.io-1949cf8c6b5b557f/tokio-1.53.1/src/runtime/scheduler/current_thread/mod.rs:830:70
  13: tokio::task::coop::with_budget::<core::task::poll::Poll<()>, <tokio::runtime::scheduler::current_thread::CoreGuard>::block_on<core::pin::Pin<&mut core::pin::Pin<&mut dyn core::future::future::Future<Output = ()>>>>::{closure#0}::{closure#0}::{closure#0}>
             at /Users/mtakemiya/.cargo/registry/src/index.crates.io-1949cf8c6b5b557f/tokio-1.53.1/src/task/coop/mod.rs:167:5
  14: tokio::task::coop::budget::<core::task::poll::Poll<()>, <tokio::runtime::scheduler::current_thread::CoreGuard>::block_on<core::pin::Pin<&mut core::pin::Pin<&mut dyn core::future::future::Future<Output = ()>>>>::{closure#0}::{closure#0}::{closure#0}>
             at /Users/mtakemiya/.cargo/registry/src/index.crates.io-1949cf8c6b5b557f/tokio-1.53.1/src/task/coop/mod.rs:133:5
  15: <tokio::runtime::scheduler::current_thread::CoreGuard>::block_on::<core::pin::Pin<&mut core::pin::Pin<&mut dyn core::future::future::Future<Output = ()>>>>::{closure#0}::{closure#0}
             at /Users/mtakemiya/.cargo/registry/src/index.crates.io-1949cf8c6b5b557f/tokio-1.53.1/src/runtime/scheduler/current_thread/mod.rs:830:25
  16: <tokio::runtime::scheduler::current_thread::Context>::enter::<core::task::poll::Poll<()>, <tokio::runtime::scheduler::current_thread::CoreGuard>::block_on<core::pin::Pin<&mut core::pin::Pin<&mut dyn core::future::future::Future<Output = ()>>>>::{closure#0}::{closure#0}>
             at /Users/mtakemiya/.cargo/registry/src/index.crates.io-1949cf8c6b5b557f/tokio-1.53.1/src/runtime/scheduler/current_thread/mod.rs:488:19
  17: <tokio::runtime::scheduler::current_thread::CoreGuard>::block_on::<core::pin::Pin<&mut core::pin::Pin<&mut dyn core::future::future::Future<Output = ()>>>>::{closure#0}
             at /Users/mtakemiya/.cargo/registry/src/index.crates.io-1949cf8c6b5b557f/tokio-1.53.1/src/runtime/scheduler/current_thread/mod.rs:829:44
  18: <tokio::runtime::scheduler::current_thread::CoreGuard>::enter::<<tokio::runtime::scheduler::current_thread::CoreGuard>::block_on<core::pin::Pin<&mut core::pin::Pin<&mut dyn core::future::future::Future<Output = ()>>>>::{closure#0}, core::option::Option<()>>::{closure#0}
             at /Users/mtakemiya/.cargo/registry/src/index.crates.io-1949cf8c6b5b557f/tokio-1.53.1/src/runtime/scheduler/current_thread/mod.rs:906:68
  19: <tokio::runtime::context::scoped::Scoped<tokio::runtime::scheduler::Context>>::set::<<tokio::runtime::scheduler::current_thread::CoreGuard>::enter<<tokio::runtime::scheduler::current_thread::CoreGuard>::block_on<core::pin::Pin<&mut core::pin::Pin<&mut dyn core::future::future::Future<Output = ()>>>>::{closure#0}, core::option::Option<()>>::{closure#0}, (alloc::boxed::Box<tokio::runtime::scheduler::current_thread::Core>, core::option::Option<()>)>
             at /Users/mtakemiya/.cargo/registry/src/index.crates.io-1949cf8c6b5b557f/tokio-1.53.1/src/runtime/context/scoped.rs:40:9
  20: tokio::runtime::context::set_scheduler::<(alloc::boxed::Box<tokio::runtime::scheduler::current_thread::Core>, core::option::Option<()>), <tokio::runtime::scheduler::current_thread::CoreGuard>::enter<<tokio::runtime::scheduler::current_thread::CoreGuard>::block_on<core::pin::Pin<&mut core::pin::Pin<&mut dyn core::future::future::Future<Output = ()>>>>::{closure#0}, core::option::Option<()>>::{closure#0}>::{closure#0}
             at /Users/mtakemiya/.cargo/registry/src/index.crates.io-1949cf8c6b5b557f/tokio-1.53.1/src/runtime/context.rs:187:38
  21: <std::thread::local::LocalKey<tokio::runtime::context::Context>>::try_with::<tokio::runtime::context::set_scheduler<(alloc::boxed::Box<tokio::runtime::scheduler::current_thread::Core>, core::option::Option<()>), <tokio::runtime::scheduler::current_thread::CoreGuard>::enter<<tokio::runtime::scheduler::current_thread::CoreGuard>::block_on<core::pin::Pin<&mut core::pin::Pin<&mut dyn core::future::future::Future<Output = ()>>>>::{closure#0}, core::option::Option<()>>::{closure#0}>::{closure#0}, (alloc::boxed::Box<tokio::runtime::scheduler::current_thread::Core>, core::option::Option<()>)>
             at /rustc/8bab26f4f68e0e26f0bb7960be334d5b520ea452/library/std/src/thread/local.rs:462:12
  22: <std::thread::local::LocalKey<tokio::runtime::context::Context>>::with::<tokio::runtime::context::set_scheduler<(alloc::boxed::Box<tokio::runtime::scheduler::current_thread::Core>, core::option::Option<()>), <tokio::runtime::scheduler::current_thread::CoreGuard>::enter<<tokio::runtime::scheduler::current_thread::CoreGuard>::block_on<core::pin::Pin<&mut core::pin::Pin<&mut dyn core::future::future::Future<Output = ()>>>>::{closure#0}, core::option::Option<()>>::{closure#0}>::{closure#0}, (alloc::boxed::Box<tokio::runtime::scheduler::current_thread::Core>, core::option::Option<()>)>
             at /rustc/8bab26f4f68e0e26f0bb7960be334d5b520ea452/library/std/src/thread/local.rs:426:20
  23: tokio::runtime::context::set_scheduler::<(alloc::boxed::Box<tokio::runtime::scheduler::current_thread::Core>, core::option::Option<()>), <tokio::runtime::scheduler::current_thread::CoreGuard>::enter<<tokio::runtime::scheduler::current_thread::CoreGuard>::block_on<core::pin::Pin<&mut core::pin::Pin<&mut dyn core::future::future::Future<Output = ()>>>>::{closure#0}, core::option::Option<()>>::{closure#0}>
             at /Users/mtakemiya/.cargo/registry/src/index.crates.io-1949cf8c6b5b557f/tokio-1.53.1/src/runtime/context.rs:187:17
  24: <tokio::runtime::scheduler::current_thread::CoreGuard>::enter::<<tokio::runtime::scheduler::current_thread::CoreGuard>::block_on<core::pin::Pin<&mut core::pin::Pin<&mut dyn core::future::future::Future<Output = ()>>>>::{closure#0}, core::option::Option<()>>
             at /Users/mtakemiya/.cargo/registry/src/index.crates.io-1949cf8c6b5b557f/tokio-1.53.1/src/runtime/scheduler/current_thread/mod.rs:906:27
  25: <tokio::runtime::scheduler::current_thread::CoreGuard>::block_on::<core::pin::Pin<&mut core::pin::Pin<&mut dyn core::future::future::Future<Output = ()>>>>
             at /Users/mtakemiya/.cargo/registry/src/index.crates.io-1949cf8c6b5b557f/tokio-1.53.1/src/runtime/scheduler/current_thread/mod.rs:817:24
  26: <tokio::runtime::scheduler::current_thread::CurrentThread>::block_on::<core::pin::Pin<&mut dyn core::future::future::Future<Output = ()>>>::{closure#0}
             at /Users/mtakemiya/.cargo/registry/src/index.crates.io-1949cf8c6b5b557f/tokio-1.53.1/src/runtime/scheduler/current_thread/mod.rs:218:33
  27: tokio::runtime::context::runtime::enter_runtime::<<tokio::runtime::scheduler::current_thread::CurrentThread>::block_on<core::pin::Pin<&mut dyn core::future::future::Future<Output = ()>>>::{closure#0}, ()>
             at /Users/mtakemiya/.cargo/registry/src/index.crates.io-1949cf8c6b5b557f/tokio-1.53.1/src/runtime/context/runtime.rs:65:16
  28: <tokio::runtime::scheduler::current_thread::CurrentThread>::block_on::<core::pin::Pin<&mut dyn core::future::future::Future<Output = ()>>>
             at /Users/mtakemiya/.cargo/registry/src/index.crates.io-1949cf8c6b5b557f/tokio-1.53.1/src/runtime/scheduler/current_thread/mod.rs:206:9
  29: <tokio::runtime::runtime::Runtime>::block_on_inner::<core::pin::Pin<&mut dyn core::future::future::Future<Output = ()>>>
             at /Users/mtakemiya/.cargo/registry/src/index.crates.io-1949cf8c6b5b557f/tokio-1.53.1/src/runtime/runtime.rs:374:52
  30: <tokio::runtime::runtime::Runtime>::block_on::<core::pin::Pin<&mut dyn core::future::future::Future<Output = ()>>>
             at /Users/mtakemiya/.cargo/registry/src/index.crates.io-1949cf8c6b5b557f/tokio-1.53.1/src/runtime/runtime.rs:343:18
  31: kasumi_store::backup_sessions::tests::recovered_session_root_requires_file_and_directory_sync_before_readback
             at ./crates/kasumi-store/src/backup_sessions.rs:839:40
  32: kasumi_store::backup_sessions::tests::recovered_session_root_requires_file_and_directory_sync_before_readback::{closure#0}
             at ./crates/kasumi-store/src/backup_sessions.rs:803:87
  33: <kasumi_store::backup_sessions::tests::recovered_session_root_requires_file_and_directory_sync_before_readback::{closure#0} as core::ops::function::FnOnce<()>>::call_once
             at /rustc/8bab26f4f68e0e26f0bb7960be334d5b520ea452/library/core/src/ops/function.rs:250:5
  34: <fn() -> core::result::Result<(), alloc::string::String> as core::ops::function::FnOnce<()>>::call_once
             at /rustc/8bab26f4f68e0e26f0bb7960be334d5b520ea452/library/core/src/ops/function.rs:250:5
  35: test::__rust_begin_short_backtrace::<core::result::Result<(), alloc::string::String>, fn() -> core::result::Result<(), alloc::string::String>>
             at /rustc/8bab26f4f68e0e26f0bb7960be334d5b520ea452/library/test/src/lib.rs:724:18
  36: test::run_test_in_process::{closure#0}
             at /rustc/8bab26f4f68e0e26f0bb7960be334d5b520ea452/library/test/src/lib.rs:747:74
  37: <core::panic::unwind_safe::AssertUnwindSafe<test::run_test_in_process::{closure#0}> as core::ops::function::FnOnce<()>>::call_once
             at /rustc/8bab26f4f68e0e26f0bb7960be334d5b520ea452/library/core/src/panic/unwind_safe.rs:275:9
  38: std::panicking::catch_unwind::do_call::<core::panic::unwind_safe::AssertUnwindSafe<test::run_test_in_process::{closure#0}>, core::result::Result<(), alloc::string::String>>
             at /rustc/8bab26f4f68e0e26f0bb7960be334d5b520ea452/library/std/src/panicking.rs:581:40
  39: std::panicking::catch_unwind::<core::result::Result<(), alloc::string::String>, core::panic::unwind_safe::AssertUnwindSafe<test::run_test_in_process::{closure#0}>>
             at /rustc/8bab26f4f68e0e26f0bb7960be334d5b520ea452/library/std/src/panicking.rs:544:19
  40: std::panic::catch_unwind::<core::panic::unwind_safe::AssertUnwindSafe<test::run_test_in_process::{closure#0}>, core::result::Result<(), alloc::string::String>>
             at /rustc/8bab26f4f68e0e26f0bb7960be334d5b520ea452/library/std/src/panic.rs:359:14
  41: test::run_test_in_process
             at /rustc/8bab26f4f68e0e26f0bb7960be334d5b520ea452/library/test/src/lib.rs:747:27
  42: test::run_test::{closure#0}
             at /rustc/8bab26f4f68e0e26f0bb7960be334d5b520ea452/library/test/src/lib.rs:668:43
  43: test::run_test::{closure#1}
             at /rustc/8bab26f4f68e0e26f0bb7960be334d5b520ea452/library/test/src/lib.rs:698:41
  44: std::sys::backtrace::__rust_begin_short_backtrace::<test::run_test::{closure#1}, ()>
             at /rustc/8bab26f4f68e0e26f0bb7960be334d5b520ea452/library/std/src/sys/backtrace.rs:166:18
  45: std::thread::lifecycle::spawn_unchecked::<test::run_test::{closure#1}, ()>::{closure#1}::{closure#0}
             at /rustc/8bab26f4f68e0e26f0bb7960be334d5b520ea452/library/std/src/thread/lifecycle.rs:70:13
  46: <core::panic::unwind_safe::AssertUnwindSafe<std::thread::lifecycle::spawn_unchecked<test::run_test::{closure#1}, ()>::{closure#1}::{closure#0}> as core::ops::function::FnOnce<()>>::call_once
             at /rustc/8bab26f4f68e0e26f0bb7960be334d5b520ea452/library/core/src/panic/unwind_safe.rs:275:9
  47: std::panicking::catch_unwind::do_call::<core::panic::unwind_safe::AssertUnwindSafe<std::thread::lifecycle::spawn_unchecked<test::run_test::{closure#1}, ()>::{closure#1}::{closure#0}>, ()>
             at /rustc/8bab26f4f68e0e26f0bb7960be334d5b520ea452/library/std/src/panicking.rs:581:40
  48: std::panicking::catch_unwind::<(), core::panic::unwind_safe::AssertUnwindSafe<std::thread::lifecycle::spawn_unchecked<test::run_test::{closure#1}, ()>::{closure#1}::{closure#0}>>
             at /rustc/8bab26f4f68e0e26f0bb7960be334d5b520ea452/library/std/src/panicking.rs:544:19
  49: std::panic::catch_unwind::<core::panic::unwind_safe::AssertUnwindSafe<std::thread::lifecycle::spawn_unchecked<test::run_test::{closure#1}, ()>::{closure#1}::{closure#0}>, ()>
             at /rustc/8bab26f4f68e0e26f0bb7960be334d5b520ea452/library/std/src/panic.rs:359:14
  50: std::thread::lifecycle::spawn_unchecked::<test::run_test::{closure#1}, ()>::{closure#1}
             at /rustc/8bab26f4f68e0e26f0bb7960be334d5b520ea452/library/std/src/thread/lifecycle.rs:68:26
  51: <std::thread::lifecycle::spawn_unchecked<test::run_test::{closure#1}, ()>::{closure#1} as core::ops::function::FnOnce<()>>::call_once::{shim:vtable#0}
             at /rustc/8bab26f4f68e0e26f0bb7960be334d5b520ea452/library/core/src/ops/function.rs:250:5
  52: <alloc::boxed::Box<dyn core::ops::function::FnOnce<(), Output = ()> + core::marker::Send> as core::ops::function::FnOnce<()>>::call_once
             at /rustc/8bab26f4f68e0e26f0bb7960be334d5b520ea452/library/alloc/src/boxed.rs:2275:9
  53: <std::sys::thread::unix::Thread>::new::thread_start
             at /rustc/8bab26f4f68e0e26f0bb7960be334d5b520ea452/library/std/src/sys/thread/unix.rs:118:17
  54: __pthread_exit
stack backtrace:
   0: __rustc::rust_begin_unwind
             at /rustc/8bab26f4f68e0e26f0bb7960be334d5b520ea452/library/std/src/panicking.rs:689:5
   1: core::panicking::panic_fmt
             at /rustc/8bab26f4f68e0e26f0bb7960be334d5b520ea452/library/core/src/panicking.rs:80:14
   2: core::result::unwrap_failed
             at /rustc/8bab26f4f68e0e26f0bb7960be334d5b520ea452/library/core/src/result.rs:1867:5
   3: <core::result::Result<kasumi_store::backup::FilesystemBackupDestination, anyhow::Error>>::unwrap
             at /rustc/8bab26f4f68e0e26f0bb7960be334d5b520ea452/library/core/src/result.rs:1233:23
   4: kasumi_store::backup_sessions::tests::fixture::{closure#0}
             at ./crates/kasumi-store/src/backup_sessions.rs:347:10
   5: kasumi_store::backup_sessions::tests::recovered_session_root_requires_file_and_directory_sync_before_readback::{closure#0}
             at ./crates/kasumi-store/src/backup_sessions.rs:810:70
   6: <core::pin::Pin<&mut dyn core::future::future::Future<Output = ()>> as core::future::future::Future>::poll
             at /rustc/8bab26f4f68e0e26f0bb7960be334d5b520ea452/library/core/src/future/future.rs:133:9
   7: <core::pin::Pin<&mut core::pin::Pin<&mut dyn core::future::future::Future<Output = ()>>> as core::future::future::Future>::poll
             at /rustc/8bab26f4f68e0e26f0bb7960be334d5b520ea452/library/core/src/future/future.rs:133:9
   8: <tokio::runtime::scheduler::current_thread::CoreGuard>::block_on::<core::pin::Pin<&mut core::pin::Pin<&mut dyn core::future::future::Future<Output = ()>>>>::{closure#0}::{closure#0}::{closure#0}
             at /Users/mtakemiya/.cargo/registry/src/index.crates.io-1949cf8c6b5b557f/tokio-1.53.1/src/runtime/scheduler/current_thread/mod.rs:830:70
   9: tokio::task::coop::with_budget::<core::task::poll::Poll<()>, <tokio::runtime::scheduler::current_thread::CoreGuard>::block_on<core::pin::Pin<&mut core::pin::Pin<&mut dyn core::future::future::Future<Output = ()>>>>::{closure#0}::{closure#0}::{closure#0}>
             at /Users/mtakemiya/.cargo/registry/src/index.crates.io-1949cf8c6b5b557f/tokio-1.53.1/src/task/coop/mod.rs:167:5
  10: tokio::task::coop::budget::<core::task::poll::Poll<()>, <tokio::runtime::scheduler::current_thread::CoreGuard>::block_on<core::pin::Pin<&mut core::pin::Pin<&mut dyn core::future::future::Future<Output = ()>>>>::{closure#0}::{closure#0}::{closure#0}>
             at /Users/mtakemiya/.cargo/registry/src/index.crates.io-1949cf8c6b5b557f/tokio-1.53.1/src/task/coop/mod.rs:133:5
  11: <tokio::runtime::scheduler::current_thread::CoreGuard>::block_on::<core::pin::Pin<&mut core::pin::Pin<&mut dyn core::future::future::Future<Output = ()>>>>::{closure#0}::{closure#0}
             at /Users/mtakemiya/.cargo/registry/src/index.crates.io-1949cf8c6b5b557f/tokio-1.53.1/src/runtime/scheduler/current_thread/mod.rs:830:25
  12: <tokio::runtime::scheduler::current_thread::Context>::enter::<core::task::poll::Poll<()>, <tokio::runtime::scheduler::current_thread::CoreGuard>::block_on<core::pin::Pin<&mut core::pin::Pin<&mut dyn core::future::future::Future<Output = ()>>>>::{closure#0}::{closure#0}>
             at /Users/mtakemiya/.cargo/registry/src/index.crates.io-1949cf8c6b5b557f/tokio-1.53.1/src/runtime/scheduler/current_thread/mod.rs:488:19
  13: <tokio::runtime::scheduler::current_thread::CoreGuard>::block_on::<core::pin::Pin<&mut core::pin::Pin<&mut dyn core::future::future::Future<Output = ()>>>>::{closure#0}
             at /Users/mtakemiya/.cargo/registry/src/index.crates.io-1949cf8c6b5b557f/tokio-1.53.1/src/runtime/scheduler/current_thread/mod.rs:829:44
  14: <tokio::runtime::scheduler::current_thread::CoreGuard>::enter::<<tokio::runtime::scheduler::current_thread::CoreGuard>::block_on<core::pin::Pin<&mut core::pin::Pin<&mut dyn core::future::future::Future<Output = ()>>>>::{closure#0}, core::option::Option<()>>::{closure#0}
             at /Users/mtakemiya/.cargo/registry/src/index.crates.io-1949cf8c6b5b557f/tokio-1.53.1/src/runtime/scheduler/current_thread/mod.rs:906:68
  15: <tokio::runtime::context::scoped::Scoped<tokio::runtime::scheduler::Context>>::set::<<tokio::runtime::scheduler::current_thread::CoreGuard>::enter<<tokio::runtime::scheduler::current_thread::CoreGuard>::block_on<core::pin::Pin<&mut core::pin::Pin<&mut dyn core::future::future::Future<Output = ()>>>>::{closure#0}, core::option::Option<()>>::{closure#0}, (alloc::boxed::Box<tokio::runtime::scheduler::current_thread::Core>, core::option::Option<()>)>
             at /Users/mtakemiya/.cargo/registry/src/index.crates.io-1949cf8c6b5b557f/tokio-1.53.1/src/runtime/context/scoped.rs:40:9
  16: tokio::runtime::context::set_scheduler::<(alloc::boxed::Box<tokio::runtime::scheduler::current_thread::Core>, core::option::Option<()>), <tokio::runtime::scheduler::current_thread::CoreGuard>::enter<<tokio::runtime::scheduler::current_thread::CoreGuard>::block_on<core::pin::Pin<&mut core::pin::Pin<&mut dyn core::future::future::Future<Output = ()>>>>::{closure#0}, core::option::Option<()>>::{closure#0}>::{closure#0}
             at /Users/mtakemiya/.cargo/registry/src/index.crates.io-1949cf8c6b5b557f/tokio-1.53.1/src/runtime/context.rs:187:38
  17: <std::thread::local::LocalKey<tokio::runtime::context::Context>>::try_with::<tokio::runtime::context::set_scheduler<(alloc::boxed::Box<tokio::runtime::scheduler::current_thread::Core>, core::option::Option<()>), <tokio::runtime::scheduler::current_thread::CoreGuard>::enter<<tokio::runtime::scheduler::current_thread::CoreGuard>::block_on<core::pin::Pin<&mut core::pin::Pin<&mut dyn core::future::future::Future<Output = ()>>>>::{closure#0}, core::option::Option<()>>::{closure#0}>::{closure#0}, (alloc::boxed::Box<tokio::runtime::scheduler::current_thread::Core>, core::option::Option<()>)>
             at /rustc/8bab26f4f68e0e26f0bb7960be334d5b520ea452/library/std/src/thread/local.rs:462:12
  18: <std::thread::local::LocalKey<tokio::runtime::context::Context>>::with::<tokio::runtime::context::set_scheduler<(alloc::boxed::Box<tokio::runtime::scheduler::current_thread::Core>, core::option::Option<()>), <tokio::runtime::scheduler::current_thread::CoreGuard>::enter<<tokio::runtime::scheduler::current_thread::CoreGuard>::block_on<core::pin::Pin<&mut core::pin::Pin<&mut dyn core::future::future::Future<Output = ()>>>>::{closure#0}, core::option::Option<()>>::{closure#0}>::{closure#0}, (alloc::boxed::Box<tokio::runtime::scheduler::current_thread::Core>, core::option::Option<()>)>
             at /rustc/8bab26f4f68e0e26f0bb7960be334d5b520ea452/library/std/src/thread/local.rs:426:20
  19: tokio::runtime::context::set_scheduler::<(alloc::boxed::Box<tokio::runtime::scheduler::current_thread::Core>, core::option::Option<()>), <tokio::runtime::scheduler::current_thread::CoreGuard>::enter<<tokio::runtime::scheduler::current_thread::CoreGuard>::block_on<core::pin::Pin<&mut core::pin::Pin<&mut dyn core::future::future::Future<Output = ()>>>>::{closure#0}, core::option::Option<()>>::{closure#0}>
             at /Users/mtakemiya/.cargo/registry/src/index.crates.io-1949cf8c6b5b557f/tokio-1.53.1/src/runtime/context.rs:187:17
  20: <tokio::runtime::scheduler::current_thread::CoreGuard>::enter::<<tokio::runtime::scheduler::current_thread::CoreGuard>::block_on<core::pin::Pin<&mut core::pin::Pin<&mut dyn core::future::future::Future<Output = ()>>>>::{closure#0}, core::option::Option<()>>
             at /Users/mtakemiya/.cargo/registry/src/index.crates.io-1949cf8c6b5b557f/tokio-1.53.1/src/runtime/scheduler/current_thread/mod.rs:906:27
  21: <tokio::runtime::scheduler::current_thread::CoreGuard>::block_on::<core::pin::Pin<&mut core::pin::Pin<&mut dyn core::future::future::Future<Output = ()>>>>
             at /Users/mtakemiya/.cargo/registry/src/index.crates.io-1949cf8c6b5b557f/tokio-1.53.1/src/runtime/scheduler/current_thread/mod.rs:817:24
  22: <tokio::runtime::scheduler::current_thread::CurrentThread>::block_on::<core::pin::Pin<&mut dyn core::future::future::Future<Output = ()>>>::{closure#0}
             at /Users/mtakemiya/.cargo/registry/src/index.crates.io-1949cf8c6b5b557f/tokio-1.53.1/src/runtime/scheduler/current_thread/mod.rs:218:33
  23: tokio::runtime::context::runtime::enter_runtime::<<tokio::runtime::scheduler::current_thread::CurrentThread>::block_on<core::pin::Pin<&mut dyn core::future::future::Future<Output = ()>>>::{closure#0}, ()>
             at /Users/mtakemiya/.cargo/registry/src/index.crates.io-1949cf8c6b5b557f/tokio-1.53.1/src/runtime/context/runtime.rs:65:16
  24: <tokio::runtime::scheduler::current_thread::CurrentThread>::block_on::<core::pin::Pin<&mut dyn core::future::future::Future<Output = ()>>>
             at /Users/mtakemiya/.cargo/registry/src/index.crates.io-1949cf8c6b5b557f/tokio-1.53.1/src/runtime/scheduler/current_thread/mod.rs:206:9
  25: <tokio::runtime::runtime::Runtime>::block_on_inner::<core::pin::Pin<&mut dyn core::future::future::Future<Output = ()>>>
             at /Users/mtakemiya/.cargo/registry/src/index.crates.io-1949cf8c6b5b557f/tokio-1.53.1/src/runtime/runtime.rs:374:52
  26: <tokio::runtime::runtime::Runtime>::block_on::<core::pin::Pin<&mut dyn core::future::future::Future<Output = ()>>>
             at /Users/mtakemiya/.cargo/registry/src/index.crates.io-1949cf8c6b5b557f/tokio-1.53.1/src/runtime/runtime.rs:343:18
  27: kasumi_store::backup_sessions::tests::recovered_session_root_requires_file_and_directory_sync_before_readback
             at ./crates/kasumi-store/src/backup_sessions.rs:839:40
  28: kasumi_store::backup_sessions::tests::recovered_session_root_requires_file_and_directory_sync_before_readback::{closure#0}
             at ./crates/kasumi-store/src/backup_sessions.rs:803:87
  29: <kasumi_store::backup_sessions::tests::recovered_session_root_requires_file_and_directory_sync_before_readback::{closure#0} as core::ops::function::FnOnce<()>>::call_once
             at /rustc/8bab26f4f68e0e26f0bb7960be334d5b520ea452/library/core/src/ops/function.rs:250:5
  30: <fn() -> core::result::Result<(), alloc::string::String> as core::ops::function::FnOnce<()>>::call_once
             at /rustc/8bab26f4f68e0e26f0bb7960be334d5b520ea452/library/core/src/ops/function.rs:250:5
note: Some details are omitted, run with `RUST_BACKTRACE=full` for a verbose backtrace.
FAILED
test backup_sessions::tests::session_keeps_historical_source_purpose_separate_from_current_access ... 
thread 'backup_sessions::tests::session_keeps_historical_source_purpose_separate_from_current_access' (6215659) panicked at crates/kasumi-store/src/backup_sessions.rs:913:10:
called `Result::unwrap()` on an `Err` value: invalid data

Stack backtrace:
   0: std::backtrace_rs::backtrace::libunwind::trace
             at /rustc/8bab26f4f68e0e26f0bb7960be334d5b520ea452/library/std/src/../../backtrace/src/backtrace/libunwind.rs:117:9
   1: std::backtrace_rs::backtrace::trace_unsynchronized::<<std::backtrace::Backtrace>::create::{closure#0}>
             at /rustc/8bab26f4f68e0e26f0bb7960be334d5b520ea452/library/std/src/../../backtrace/src/backtrace/mod.rs:66:14
   2: <std::backtrace::Backtrace>::create
             at /rustc/8bab26f4f68e0e26f0bb7960be334d5b520ea452/library/std/src/backtrace.rs:331:13
   3: <anyhow::Error as core::convert::From<std::io::error::Error>>::from
             at /Users/mtakemiya/.cargo/registry/src/index.crates.io-1949cf8c6b5b557f/anyhow-1.0.104/src/backtrace.rs:10:14
   4: <core::result::Result<kasumi_store::backup_sessions::filesystem::Directory, anyhow::Error> as core::ops::try_trait::FromResidual<core::result::Result<core::convert::Infallible, std::io::error::Error>>>::from_residual
             at /rustc/8bab26f4f68e0e26f0bb7960be334d5b520ea452/library/core/src/result.rs:2189:27
   5: <kasumi_store::backup_sessions::filesystem::Directory>::open_or_create
             at ./crates/kasumi-store/src/backup_sessions_fs.rs:39:22
   6: <kasumi_store::backup::FilesystemBackupDestination>::new::<&std::path::Path>
             at ./crates/kasumi-store/src/backup.rs:374:13
   7: <kasumi_store::backup::FilesystemBackupDestination>::new_fixture::<std::path::PathBuf>
             at ./crates/kasumi-store/src/test_utils.rs:585:9
   8: kasumi_store::backup_sessions::tests::session_keeps_historical_source_purpose_separate_from_current_access::{closure#0}
             at ./crates/kasumi-store/src/backup_sessions.rs:908:27
   9: <core::pin::Pin<&mut dyn core::future::future::Future<Output = ()>> as core::future::future::Future>::poll
             at /rustc/8bab26f4f68e0e26f0bb7960be334d5b520ea452/library/core/src/future/future.rs:133:9
  10: <core::pin::Pin<&mut core::pin::Pin<&mut dyn core::future::future::Future<Output = ()>>> as core::future::future::Future>::poll
             at /rustc/8bab26f4f68e0e26f0bb7960be334d5b520ea452/library/core/src/future/future.rs:133:9
  11: <tokio::runtime::scheduler::current_thread::CoreGuard>::block_on::<core::pin::Pin<&mut core::pin::Pin<&mut dyn core::future::future::Future<Output = ()>>>>::{closure#0}::{closure#0}::{closure#0}
             at /Users/mtakemiya/.cargo/registry/src/index.crates.io-1949cf8c6b5b557f/tokio-1.53.1/src/runtime/scheduler/current_thread/mod.rs:830:70
  12: tokio::task::coop::with_budget::<core::task::poll::Poll<()>, <tokio::runtime::scheduler::current_thread::CoreGuard>::block_on<core::pin::Pin<&mut core::pin::Pin<&mut dyn core::future::future::Future<Output = ()>>>>::{closure#0}::{closure#0}::{closure#0}>
             at /Users/mtakemiya/.cargo/registry/src/index.crates.io-1949cf8c6b5b557f/tokio-1.53.1/src/task/coop/mod.rs:167:5
  13: tokio::task::coop::budget::<core::task::poll::Poll<()>, <tokio::runtime::scheduler::current_thread::CoreGuard>::block_on<core::pin::Pin<&mut core::pin::Pin<&mut dyn core::future::future::Future<Output = ()>>>>::{closure#0}::{closure#0}::{closure#0}>
             at /Users/mtakemiya/.cargo/registry/src/index.crates.io-1949cf8c6b5b557f/tokio-1.53.1/src/task/coop/mod.rs:133:5
  14: <tokio::runtime::scheduler::current_thread::CoreGuard>::block_on::<core::pin::Pin<&mut core::pin::Pin<&mut dyn core::future::future::Future<Output = ()>>>>::{closure#0}::{closure#0}
             at /Users/mtakemiya/.cargo/registry/src/index.crates.io-1949cf8c6b5b557f/tokio-1.53.1/src/runtime/scheduler/current_thread/mod.rs:830:25
  15: <tokio::runtime::scheduler::current_thread::Context>::enter::<core::task::poll::Poll<()>, <tokio::runtime::scheduler::current_thread::CoreGuard>::block_on<core::pin::Pin<&mut core::pin::Pin<&mut dyn core::future::future::Future<Output = ()>>>>::{closure#0}::{closure#0}>
             at /Users/mtakemiya/.cargo/registry/src/index.crates.io-1949cf8c6b5b557f/tokio-1.53.1/src/runtime/scheduler/current_thread/mod.rs:488:19
  16: <tokio::runtime::scheduler::current_thread::CoreGuard>::block_on::<core::pin::Pin<&mut core::pin::Pin<&mut dyn core::future::future::Future<Output = ()>>>>::{closure#0}
             at /Users/mtakemiya/.cargo/registry/src/index.crates.io-1949cf8c6b5b557f/tokio-1.53.1/src/runtime/scheduler/current_thread/mod.rs:829:44
  17: <tokio::runtime::scheduler::current_thread::CoreGuard>::enter::<<tokio::runtime::scheduler::current_thread::CoreGuard>::block_on<core::pin::Pin<&mut core::pin::Pin<&mut dyn core::future::future::Future<Output = ()>>>>::{closure#0}, core::option::Option<()>>::{closure#0}
             at /Users/mtakemiya/.cargo/registry/src/index.crates.io-1949cf8c6b5b557f/tokio-1.53.1/src/runtime/scheduler/current_thread/mod.rs:906:68
  18: <tokio::runtime::context::scoped::Scoped<tokio::runtime::scheduler::Context>>::set::<<tokio::runtime::scheduler::current_thread::CoreGuard>::enter<<tokio::runtime::scheduler::current_thread::CoreGuard>::block_on<core::pin::Pin<&mut core::pin::Pin<&mut dyn core::future::future::Future<Output = ()>>>>::{closure#0}, core::option::Option<()>>::{closure#0}, (alloc::boxed::Box<tokio::runtime::scheduler::current_thread::Core>, core::option::Option<()>)>
             at /Users/mtakemiya/.cargo/registry/src/index.crates.io-1949cf8c6b5b557f/tokio-1.53.1/src/runtime/context/scoped.rs:40:9
  19: tokio::runtime::context::set_scheduler::<(alloc::boxed::Box<tokio::runtime::scheduler::current_thread::Core>, core::option::Option<()>), <tokio::runtime::scheduler::current_thread::CoreGuard>::enter<<tokio::runtime::scheduler::current_thread::CoreGuard>::block_on<core::pin::Pin<&mut core::pin::Pin<&mut dyn core::future::future::Future<Output = ()>>>>::{closure#0}, core::option::Option<()>>::{closure#0}>::{closure#0}
             at /Users/mtakemiya/.cargo/registry/src/index.crates.io-1949cf8c6b5b557f/tokio-1.53.1/src/runtime/context.rs:187:38
  20: <std::thread::local::LocalKey<tokio::runtime::context::Context>>::try_with::<tokio::runtime::context::set_scheduler<(alloc::boxed::Box<tokio::runtime::scheduler::current_thread::Core>, core::option::Option<()>), <tokio::runtime::scheduler::current_thread::CoreGuard>::enter<<tokio::runtime::scheduler::current_thread::CoreGuard>::block_on<core::pin::Pin<&mut core::pin::Pin<&mut dyn core::future::future::Future<Output = ()>>>>::{closure#0}, core::option::Option<()>>::{closure#0}>::{closure#0}, (alloc::boxed::Box<tokio::runtime::scheduler::current_thread::Core>, core::option::Option<()>)>
             at /rustc/8bab26f4f68e0e26f0bb7960be334d5b520ea452/library/std/src/thread/local.rs:462:12
  21: <std::thread::local::LocalKey<tokio::runtime::context::Context>>::with::<tokio::runtime::context::set_scheduler<(alloc::boxed::Box<tokio::runtime::scheduler::current_thread::Core>, core::option::Option<()>), <tokio::runtime::scheduler::current_thread::CoreGuard>::enter<<tokio::runtime::scheduler::current_thread::CoreGuard>::block_on<core::pin::Pin<&mut core::pin::Pin<&mut dyn core::future::future::Future<Output = ()>>>>::{closure#0}, core::option::Option<()>>::{closure#0}>::{closure#0}, (alloc::boxed::Box<tokio::runtime::scheduler::current_thread::Core>, core::option::Option<()>)>
             at /rustc/8bab26f4f68e0e26f0bb7960be334d5b520ea452/library/std/src/thread/local.rs:426:20
  22: tokio::runtime::context::set_scheduler::<(alloc::boxed::Box<tokio::runtime::scheduler::current_thread::Core>, core::option::Option<()>), <tokio::runtime::scheduler::current_thread::CoreGuard>::enter<<tokio::runtime::scheduler::current_thread::CoreGuard>::block_on<core::pin::Pin<&mut core::pin::Pin<&mut dyn core::future::future::Future<Output = ()>>>>::{closure#0}, core::option::Option<()>>::{closure#0}>
             at /Users/mtakemiya/.cargo/registry/src/index.crates.io-1949cf8c6b5b557f/tokio-1.53.1/src/runtime/context.rs:187:17
  23: <tokio::runtime::scheduler::current_thread::CoreGuard>::enter::<<tokio::runtime::scheduler::current_thread::CoreGuard>::block_on<core::pin::Pin<&mut core::pin::Pin<&mut dyn core::future::future::Future<Output = ()>>>>::{closure#0}, core::option::Option<()>>
             at /Users/mtakemiya/.cargo/registry/src/index.crates.io-1949cf8c6b5b557f/tokio-1.53.1/src/runtime/scheduler/current_thread/mod.rs:906:27
  24: <tokio::runtime::scheduler::current_thread::CoreGuard>::block_on::<core::pin::Pin<&mut core::pin::Pin<&mut dyn core::future::future::Future<Output = ()>>>>
             at /Users/mtakemiya/.cargo/registry/src/index.crates.io-1949cf8c6b5b557f/tokio-1.53.1/src/runtime/scheduler/current_thread/mod.rs:817:24
  25: <tokio::runtime::scheduler::current_thread::CurrentThread>::block_on::<core::pin::Pin<&mut dyn core::future::future::Future<Output = ()>>>::{closure#0}
             at /Users/mtakemiya/.cargo/registry/src/index.crates.io-1949cf8c6b5b557f/tokio-1.53.1/src/runtime/scheduler/current_thread/mod.rs:218:33
  26: tokio::runtime::context::runtime::enter_runtime::<<tokio::runtime::scheduler::current_thread::CurrentThread>::block_on<core::pin::Pin<&mut dyn core::future::future::Future<Output = ()>>>::{closure#0}, ()>
             at /Users/mtakemiya/.cargo/registry/src/index.crates.io-1949cf8c6b5b557f/tokio-1.53.1/src/runtime/context/runtime.rs:65:16
  27: <tokio::runtime::scheduler::current_thread::CurrentThread>::block_on::<core::pin::Pin<&mut dyn core::future::future::Future<Output = ()>>>
             at /Users/mtakemiya/.cargo/registry/src/index.crates.io-1949cf8c6b5b557f/tokio-1.53.1/src/runtime/scheduler/current_thread/mod.rs:206:9
  28: <tokio::runtime::runtime::Runtime>::block_on_inner::<core::pin::Pin<&mut dyn core::future::future::Future<Output = ()>>>
             at /Users/mtakemiya/.cargo/registry/src/index.crates.io-1949cf8c6b5b557f/tokio-1.53.1/src/runtime/runtime.rs:374:52
  29: <tokio::runtime::runtime::Runtime>::block_on::<core::pin::Pin<&mut dyn core::future::future::Future<Output = ()>>>
             at /Users/mtakemiya/.cargo/registry/src/index.crates.io-1949cf8c6b5b557f/tokio-1.53.1/src/runtime/runtime.rs:343:18
  30: kasumi_store::backup_sessions::tests::session_keeps_historical_source_purpose_separate_from_current_access
             at ./crates/kasumi-store/src/backup_sessions.rs:978:10
  31: kasumi_store::backup_sessions::tests::session_keeps_historical_source_purpose_separate_from_current_access::{closure#0}
             at ./crates/kasumi-store/src/backup_sessions.rs:884:84
  32: <kasumi_store::backup_sessions::tests::session_keeps_historical_source_purpose_separate_from_current_access::{closure#0} as core::ops::function::FnOnce<()>>::call_once
             at /rustc/8bab26f4f68e0e26f0bb7960be334d5b520ea452/library/core/src/ops/function.rs:250:5
  33: <fn() -> core::result::Result<(), alloc::string::String> as core::ops::function::FnOnce<()>>::call_once
             at /rustc/8bab26f4f68e0e26f0bb7960be334d5b520ea452/library/core/src/ops/function.rs:250:5
  34: test::__rust_begin_short_backtrace::<core::result::Result<(), alloc::string::String>, fn() -> core::result::Result<(), alloc::string::String>>
             at /rustc/8bab26f4f68e0e26f0bb7960be334d5b520ea452/library/test/src/lib.rs:724:18
  35: test::run_test_in_process::{closure#0}
             at /rustc/8bab26f4f68e0e26f0bb7960be334d5b520ea452/library/test/src/lib.rs:747:74
  36: <core::panic::unwind_safe::AssertUnwindSafe<test::run_test_in_process::{closure#0}> as core::ops::function::FnOnce<()>>::call_once
             at /rustc/8bab26f4f68e0e26f0bb7960be334d5b520ea452/library/core/src/panic/unwind_safe.rs:275:9
  37: std::panicking::catch_unwind::do_call::<core::panic::unwind_safe::AssertUnwindSafe<test::run_test_in_process::{closure#0}>, core::result::Result<(), alloc::string::String>>
             at /rustc/8bab26f4f68e0e26f0bb7960be334d5b520ea452/library/std/src/panicking.rs:581:40
  38: std::panicking::catch_unwind::<core::result::Result<(), alloc::string::String>, core::panic::unwind_safe::AssertUnwindSafe<test::run_test_in_process::{closure#0}>>
             at /rustc/8bab26f4f68e0e26f0bb7960be334d5b520ea452/library/std/src/panicking.rs:544:19
  39: std::panic::catch_unwind::<core::panic::unwind_safe::AssertUnwindSafe<test::run_test_in_process::{closure#0}>, core::result::Result<(), alloc::string::String>>
             at /rustc/8bab26f4f68e0e26f0bb7960be334d5b520ea452/library/std/src/panic.rs:359:14
  40: test::run_test_in_process
             at /rustc/8bab26f4f68e0e26f0bb7960be334d5b520ea452/library/test/src/lib.rs:747:27
  41: test::run_test::{closure#0}
             at /rustc/8bab26f4f68e0e26f0bb7960be334d5b520ea452/library/test/src/lib.rs:668:43
  42: test::run_test::{closure#1}
             at /rustc/8bab26f4f68e0e26f0bb7960be334d5b520ea452/library/test/src/lib.rs:698:41
  43: std::sys::backtrace::__rust_begin_short_backtrace::<test::run_test::{closure#1}, ()>
             at /rustc/8bab26f4f68e0e26f0bb7960be334d5b520ea452/library/std/src/sys/backtrace.rs:166:18
  44: std::thread::lifecycle::spawn_unchecked::<test::run_test::{closure#1}, ()>::{closure#1}::{closure#0}
             at /rustc/8bab26f4f68e0e26f0bb7960be334d5b520ea452/library/std/src/thread/lifecycle.rs:70:13
  45: <core::panic::unwind_safe::AssertUnwindSafe<std::thread::lifecycle::spawn_unchecked<test::run_test::{closure#1}, ()>::{closure#1}::{closure#0}> as core::ops::function::FnOnce<()>>::call_once
             at /rustc/8bab26f4f68e0e26f0bb7960be334d5b520ea452/library/core/src/panic/unwind_safe.rs:275:9
  46: std::panicking::catch_unwind::do_call::<core::panic::unwind_safe::AssertUnwindSafe<std::thread::lifecycle::spawn_unchecked<test::run_test::{closure#1}, ()>::{closure#1}::{closure#0}>, ()>
             at /rustc/8bab26f4f68e0e26f0bb7960be334d5b520ea452/library/std/src/panicking.rs:581:40
  47: std::panicking::catch_unwind::<(), core::panic::unwind_safe::AssertUnwindSafe<std::thread::lifecycle::spawn_unchecked<test::run_test::{closure#1}, ()>::{closure#1}::{closure#0}>>
             at /rustc/8bab26f4f68e0e26f0bb7960be334d5b520ea452/library/std/src/panicking.rs:544:19
  48: std::panic::catch_unwind::<core::panic::unwind_safe::AssertUnwindSafe<std::thread::lifecycle::spawn_unchecked<test::run_test::{closure#1}, ()>::{closure#1}::{closure#0}>, ()>
             at /rustc/8bab26f4f68e0e26f0bb7960be334d5b520ea452/library/std/src/panic.rs:359:14
  49: std::thread::lifecycle::spawn_unchecked::<test::run_test::{closure#1}, ()>::{closure#1}
             at /rustc/8bab26f4f68e0e26f0bb7960be334d5b520ea452/library/std/src/thread/lifecycle.rs:68:26
  50: <std::thread::lifecycle::spawn_unchecked<test::run_test::{closure#1}, ()>::{closure#1} as core::ops::function::FnOnce<()>>::call_once::{shim:vtable#0}
             at /rustc/8bab26f4f68e0e26f0bb7960be334d5b520ea452/library/core/src/ops/function.rs:250:5
  51: <alloc::boxed::Box<dyn core::ops::function::FnOnce<(), Output = ()> + core::marker::Send> as core::ops::function::FnOnce<()>>::call_once
             at /rustc/8bab26f4f68e0e26f0bb7960be334d5b520ea452/library/alloc/src/boxed.rs:2275:9
  52: <std::sys::thread::unix::Thread>::new::thread_start
             at /rustc/8bab26f4f68e0e26f0bb7960be334d5b520ea452/library/std/src/sys/thread/unix.rs:118:17
  53: __pthread_exit
stack backtrace:
   0: __rustc::rust_begin_unwind
             at /rustc/8bab26f4f68e0e26f0bb7960be334d5b520ea452/library/std/src/panicking.rs:689:5
   1: core::panicking::panic_fmt
             at /rustc/8bab26f4f68e0e26f0bb7960be334d5b520ea452/library/core/src/panicking.rs:80:14
   2: core::result::unwrap_failed
             at /rustc/8bab26f4f68e0e26f0bb7960be334d5b520ea452/library/core/src/result.rs:1867:5
   3: <core::result::Result<kasumi_store::backup::FilesystemBackupDestination, anyhow::Error>>::unwrap
             at /rustc/8bab26f4f68e0e26f0bb7960be334d5b520ea452/library/core/src/result.rs:1233:23
   4: kasumi_store::backup_sessions::tests::session_keeps_historical_source_purpose_separate_from_current_access::{closure#0}
             at ./crates/kasumi-store/src/backup_sessions.rs:913:10
   5: <core::pin::Pin<&mut dyn core::future::future::Future<Output = ()>> as core::future::future::Future>::poll
             at /rustc/8bab26f4f68e0e26f0bb7960be334d5b520ea452/library/core/src/future/future.rs:133:9
   6: <core::pin::Pin<&mut core::pin::Pin<&mut dyn core::future::future::Future<Output = ()>>> as core::future::future::Future>::poll
             at /rustc/8bab26f4f68e0e26f0bb7960be334d5b520ea452/library/core/src/future/future.rs:133:9
   7: <tokio::runtime::scheduler::current_thread::CoreGuard>::block_on::<core::pin::Pin<&mut core::pin::Pin<&mut dyn core::future::future::Future<Output = ()>>>>::{closure#0}::{closure#0}::{closure#0}
             at /Users/mtakemiya/.cargo/registry/src/index.crates.io-1949cf8c6b5b557f/tokio-1.53.1/src/runtime/scheduler/current_thread/mod.rs:830:70
   8: tokio::task::coop::with_budget::<core::task::poll::Poll<()>, <tokio::runtime::scheduler::current_thread::CoreGuard>::block_on<core::pin::Pin<&mut core::pin::Pin<&mut dyn core::future::future::Future<Output = ()>>>>::{closure#0}::{closure#0}::{closure#0}>
             at /Users/mtakemiya/.cargo/registry/src/index.crates.io-1949cf8c6b5b557f/tokio-1.53.1/src/task/coop/mod.rs:167:5
   9: tokio::task::coop::budget::<core::task::poll::Poll<()>, <tokio::runtime::scheduler::current_thread::CoreGuard>::block_on<core::pin::Pin<&mut core::pin::Pin<&mut dyn core::future::future::Future<Output = ()>>>>::{closure#0}::{closure#0}::{closure#0}>
             at /Users/mtakemiya/.cargo/registry/src/index.crates.io-1949cf8c6b5b557f/tokio-1.53.1/src/task/coop/mod.rs:133:5
  10: <tokio::runtime::scheduler::current_thread::CoreGuard>::block_on::<core::pin::Pin<&mut core::pin::Pin<&mut dyn core::future::future::Future<Output = ()>>>>::{closure#0}::{closure#0}
             at /Users/mtakemiya/.cargo/registry/src/index.crates.io-1949cf8c6b5b557f/tokio-1.53.1/src/runtime/scheduler/current_thread/mod.rs:830:25
  11: <tokio::runtime::scheduler::current_thread::Context>::enter::<core::task::poll::Poll<()>, <tokio::runtime::scheduler::current_thread::CoreGuard>::block_on<core::pin::Pin<&mut core::pin::Pin<&mut dyn core::future::future::Future<Output = ()>>>>::{closure#0}::{closure#0}>
             at /Users/mtakemiya/.cargo/registry/src/index.crates.io-1949cf8c6b5b557f/tokio-1.53.1/src/runtime/scheduler/current_thread/mod.rs:488:19
  12: <tokio::runtime::scheduler::current_thread::CoreGuard>::block_on::<core::pin::Pin<&mut core::pin::Pin<&mut dyn core::future::future::Future<Output = ()>>>>::{closure#0}
             at /Users/mtakemiya/.cargo/registry/src/index.crates.io-1949cf8c6b5b557f/tokio-1.53.1/src/runtime/scheduler/current_thread/mod.rs:829:44
  13: <tokio::runtime::scheduler::current_thread::CoreGuard>::enter::<<tokio::runtime::scheduler::current_thread::CoreGuard>::block_on<core::pin::Pin<&mut core::pin::Pin<&mut dyn core::future::future::Future<Output = ()>>>>::{closure#0}, core::option::Option<()>>::{closure#0}
             at /Users/mtakemiya/.cargo/registry/src/index.crates.io-1949cf8c6b5b557f/tokio-1.53.1/src/runtime/scheduler/current_thread/mod.rs:906:68
  14: <tokio::runtime::context::scoped::Scoped<tokio::runtime::scheduler::Context>>::set::<<tokio::runtime::scheduler::current_thread::CoreGuard>::enter<<tokio::runtime::scheduler::current_thread::CoreGuard>::block_on<core::pin::Pin<&mut core::pin::Pin<&mut dyn core::future::future::Future<Output = ()>>>>::{closure#0}, core::option::Option<()>>::{closure#0}, (alloc::boxed::Box<tokio::runtime::scheduler::current_thread::Core>, core::option::Option<()>)>
             at /Users/mtakemiya/.cargo/registry/src/index.crates.io-1949cf8c6b5b557f/tokio-1.53.1/src/runtime/context/scoped.rs:40:9
  15: tokio::runtime::context::set_scheduler::<(alloc::boxed::Box<tokio::runtime::scheduler::current_thread::Core>, core::option::Option<()>), <tokio::runtime::scheduler::current_thread::CoreGuard>::enter<<tokio::runtime::scheduler::current_thread::CoreGuard>::block_on<core::pin::Pin<&mut core::pin::Pin<&mut dyn core::future::future::Future<Output = ()>>>>::{closure#0}, core::option::Option<()>>::{closure#0}>::{closure#0}
             at /Users/mtakemiya/.cargo/registry/src/index.crates.io-1949cf8c6b5b557f/tokio-1.53.1/src/runtime/context.rs:187:38
  16: <std::thread::local::LocalKey<tokio::runtime::context::Context>>::try_with::<tokio::runtime::context::set_scheduler<(alloc::boxed::Box<tokio::runtime::scheduler::current_thread::Core>, core::option::Option<()>), <tokio::runtime::scheduler::current_thread::CoreGuard>::enter<<tokio::runtime::scheduler::current_thread::CoreGuard>::block_on<core::pin::Pin<&mut core::pin::Pin<&mut dyn core::future::future::Future<Output = ()>>>>::{closure#0}, core::option::Option<()>>::{closure#0}>::{closure#0}, (alloc::boxed::Box<tokio::runtime::scheduler::current_thread::Core>, core::option::Option<()>)>
             at /rustc/8bab26f4f68e0e26f0bb7960be334d5b520ea452/library/std/src/thread/local.rs:462:12
  17: <std::thread::local::LocalKey<tokio::runtime::context::Context>>::with::<tokio::runtime::context::set_scheduler<(alloc::boxed::Box<tokio::runtime::scheduler::current_thread::Core>, core::option::Option<()>), <tokio::runtime::scheduler::current_thread::CoreGuard>::enter<<tokio::runtime::scheduler::current_thread::CoreGuard>::block_on<core::pin::Pin<&mut core::pin::Pin<&mut dyn core::future::future::Future<Output = ()>>>>::{closure#0}, core::option::Option<()>>::{closure#0}>::{closure#0}, (alloc::boxed::Box<tokio::runtime::scheduler::current_thread::Core>, core::option::Option<()>)>
             at /rustc/8bab26f4f68e0e26f0bb7960be334d5b520ea452/library/std/src/thread/local.rs:426:20
  18: tokio::runtime::context::set_scheduler::<(alloc::boxed::Box<tokio::runtime::scheduler::current_thread::Core>, core::option::Option<()>), <tokio::runtime::scheduler::current_thread::CoreGuard>::enter<<tokio::runtime::scheduler::current_thread::CoreGuard>::block_on<core::pin::Pin<&mut core::pin::Pin<&mut dyn core::future::future::Future<Output = ()>>>>::{closure#0}, core::option::Option<()>>::{closure#0}>
             at /Users/mtakemiya/.cargo/registry/src/index.crates.io-1949cf8c6b5b557f/tokio-1.53.1/src/runtime/context.rs:187:17
  19: <tokio::runtime::scheduler::current_thread::CoreGuard>::enter::<<tokio::runtime::scheduler::current_thread::CoreGuard>::block_on<core::pin::Pin<&mut core::pin::Pin<&mut dyn core::future::future::Future<Output = ()>>>>::{closure#0}, core::option::Option<()>>
             at /Users/mtakemiya/.cargo/registry/src/index.crates.io-1949cf8c6b5b557f/tokio-1.53.1/src/runtime/scheduler/current_thread/mod.rs:906:27
  20: <tokio::runtime::scheduler::current_thread::CoreGuard>::block_on::<core::pin::Pin<&mut core::pin::Pin<&mut dyn core::future::future::Future<Output = ()>>>>
             at /Users/mtakemiya/.cargo/registry/src/index.crates.io-1949cf8c6b5b557f/tokio-1.53.1/src/runtime/scheduler/current_thread/mod.rs:817:24
  21: <tokio::runtime::scheduler::current_thread::CurrentThread>::block_on::<core::pin::Pin<&mut dyn core::future::future::Future<Output = ()>>>::{closure#0}
             at /Users/mtakemiya/.cargo/registry/src/index.crates.io-1949cf8c6b5b557f/tokio-1.53.1/src/runtime/scheduler/current_thread/mod.rs:218:33
  22: tokio::runtime::context::runtime::enter_runtime::<<tokio::runtime::scheduler::current_thread::CurrentThread>::block_on<core::pin::Pin<&mut dyn core::future::future::Future<Output = ()>>>::{closure#0}, ()>
             at /Users/mtakemiya/.cargo/registry/src/index.crates.io-1949cf8c6b5b557f/tokio-1.53.1/src/runtime/context/runtime.rs:65:16
  23: <tokio::runtime::scheduler::current_thread::CurrentThread>::block_on::<core::pin::Pin<&mut dyn core::future::future::Future<Output = ()>>>
             at /Users/mtakemiya/.cargo/registry/src/index.crates.io-1949cf8c6b5b557f/tokio-1.53.1/src/runtime/scheduler/current_thread/mod.rs:206:9
  24: <tokio::runtime::runtime::Runtime>::block_on_inner::<core::pin::Pin<&mut dyn core::future::future::Future<Output = ()>>>
             at /Users/mtakemiya/.cargo/registry/src/index.crates.io-1949cf8c6b5b557f/tokio-1.53.1/src/runtime/runtime.rs:374:52
  25: <tokio::runtime::runtime::Runtime>::block_on::<core::pin::Pin<&mut dyn core::future::future::Future<Output = ()>>>
             at /Users/mtakemiya/.cargo/registry/src/index.crates.io-1949cf8c6b5b557f/tokio-1.53.1/src/runtime/runtime.rs:343:18
  26: kasumi_store::backup_sessions::tests::session_keeps_historical_source_purpose_separate_from_current_access
             at ./crates/kasumi-store/src/backup_sessions.rs:978:10
  27: kasumi_store::backup_sessions::tests::session_keeps_historical_source_purpose_separate_from_current_access::{closure#0}
             at ./crates/kasumi-store/src/backup_sessions.rs:884:84
  28: <kasumi_store::backup_sessions::tests::session_keeps_historical_source_purpose_separate_from_current_access::{closure#0} as core::ops::function::FnOnce<()>>::call_once
             at /rustc/8bab26f4f68e0e26f0bb7960be334d5b520ea452/library/core/src/ops/function.rs:250:5
  29: <fn() -> core::result::Result<(), alloc::string::String> as core::ops::function::FnOnce<()>>::call_once
             at /rustc/8bab26f4f68e0e26f0bb7960be334d5b520ea452/library/core/src/ops/function.rs:250:5
note: Some details are omitted, run with `RUST_BACKTRACE=full` for a verbose backtrace.
FAILED
test backup_sessions::tests::visible_session_outcomes_require_durable_readback_before_resolution_or_cleanup ... 
thread 'backup_sessions::tests::visible_session_outcomes_require_durable_readback_before_resolution_or_cleanup' (6215673) panicked at crates/kasumi-store/src/backup_sessions.rs:347:10:
called `Result::unwrap()` on an `Err` value: invalid data

Stack backtrace:
   0: std::backtrace_rs::backtrace::libunwind::trace
             at /rustc/8bab26f4f68e0e26f0bb7960be334d5b520ea452/library/std/src/../../backtrace/src/backtrace/libunwind.rs:117:9
   1: std::backtrace_rs::backtrace::trace_unsynchronized::<<std::backtrace::Backtrace>::create::{closure#0}>
             at /rustc/8bab26f4f68e0e26f0bb7960be334d5b520ea452/library/std/src/../../backtrace/src/backtrace/mod.rs:66:14
   2: <std::backtrace::Backtrace>::create
             at /rustc/8bab26f4f68e0e26f0bb7960be334d5b520ea452/library/std/src/backtrace.rs:331:13
   3: <anyhow::Error as core::convert::From<std::io::error::Error>>::from
             at /Users/mtakemiya/.cargo/registry/src/index.crates.io-1949cf8c6b5b557f/anyhow-1.0.104/src/backtrace.rs:10:14
   4: <core::result::Result<kasumi_store::backup_sessions::filesystem::Directory, anyhow::Error> as core::ops::try_trait::FromResidual<core::result::Result<core::convert::Infallible, std::io::error::Error>>>::from_residual
             at /rustc/8bab26f4f68e0e26f0bb7960be334d5b520ea452/library/core/src/result.rs:2189:27
   5: <kasumi_store::backup_sessions::filesystem::Directory>::open_or_create
             at ./crates/kasumi-store/src/backup_sessions_fs.rs:39:22
   6: <kasumi_store::backup::FilesystemBackupDestination>::new::<&std::path::Path>
             at ./crates/kasumi-store/src/backup.rs:374:13
   7: <kasumi_store::backup::FilesystemBackupDestination>::new_fixture::<std::path::PathBuf>
             at ./crates/kasumi-store/src/test_utils.rs:585:9
   8: kasumi_store::backup_sessions::tests::fixture::{closure#0}
             at ./crates/kasumi-store/src/backup_sessions.rs:342:27
   9: kasumi_store::backup_sessions::tests::visible_session_outcomes_require_durable_readback_before_resolution_or_cleanup::{closure#0}
             at ./crates/kasumi-store/src/backup_sessions.rs:691:70
  10: <core::pin::Pin<&mut dyn core::future::future::Future<Output = ()>> as core::future::future::Future>::poll
             at /rustc/8bab26f4f68e0e26f0bb7960be334d5b520ea452/library/core/src/future/future.rs:133:9
  11: <core::pin::Pin<&mut core::pin::Pin<&mut dyn core::future::future::Future<Output = ()>>> as core::future::future::Future>::poll
             at /rustc/8bab26f4f68e0e26f0bb7960be334d5b520ea452/library/core/src/future/future.rs:133:9
  12: <tokio::runtime::scheduler::current_thread::CoreGuard>::block_on::<core::pin::Pin<&mut core::pin::Pin<&mut dyn core::future::future::Future<Output = ()>>>>::{closure#0}::{closure#0}::{closure#0}
             at /Users/mtakemiya/.cargo/registry/src/index.crates.io-1949cf8c6b5b557f/tokio-1.53.1/src/runtime/scheduler/current_thread/mod.rs:830:70
  13: tokio::task::coop::with_budget::<core::task::poll::Poll<()>, <tokio::runtime::scheduler::current_thread::CoreGuard>::block_on<core::pin::Pin<&mut core::pin::Pin<&mut dyn core::future::future::Future<Output = ()>>>>::{closure#0}::{closure#0}::{closure#0}>
             at /Users/mtakemiya/.cargo/registry/src/index.crates.io-1949cf8c6b5b557f/tokio-1.53.1/src/task/coop/mod.rs:167:5
  14: tokio::task::coop::budget::<core::task::poll::Poll<()>, <tokio::runtime::scheduler::current_thread::CoreGuard>::block_on<core::pin::Pin<&mut core::pin::Pin<&mut dyn core::future::future::Future<Output = ()>>>>::{closure#0}::{closure#0}::{closure#0}>
             at /Users/mtakemiya/.cargo/registry/src/index.crates.io-1949cf8c6b5b557f/tokio-1.53.1/src/task/coop/mod.rs:133:5
  15: <tokio::runtime::scheduler::current_thread::CoreGuard>::block_on::<core::pin::Pin<&mut core::pin::Pin<&mut dyn core::future::future::Future<Output = ()>>>>::{closure#0}::{closure#0}
             at /Users/mtakemiya/.cargo/registry/src/index.crates.io-1949cf8c6b5b557f/tokio-1.53.1/src/runtime/scheduler/current_thread/mod.rs:830:25
  16: <tokio::runtime::scheduler::current_thread::Context>::enter::<core::task::poll::Poll<()>, <tokio::runtime::scheduler::current_thread::CoreGuard>::block_on<core::pin::Pin<&mut core::pin::Pin<&mut dyn core::future::future::Future<Output = ()>>>>::{closure#0}::{closure#0}>
             at /Users/mtakemiya/.cargo/registry/src/index.crates.io-1949cf8c6b5b557f/tokio-1.53.1/src/runtime/scheduler/current_thread/mod.rs:488:19
  17: <tokio::runtime::scheduler::current_thread::CoreGuard>::block_on::<core::pin::Pin<&mut core::pin::Pin<&mut dyn core::future::future::Future<Output = ()>>>>::{closure#0}
             at /Users/mtakemiya/.cargo/registry/src/index.crates.io-1949cf8c6b5b557f/tokio-1.53.1/src/runtime/scheduler/current_thread/mod.rs:829:44
  18: <tokio::runtime::scheduler::current_thread::CoreGuard>::enter::<<tokio::runtime::scheduler::current_thread::CoreGuard>::block_on<core::pin::Pin<&mut core::pin::Pin<&mut dyn core::future::future::Future<Output = ()>>>>::{closure#0}, core::option::Option<()>>::{closure#0}
             at /Users/mtakemiya/.cargo/registry/src/index.crates.io-1949cf8c6b5b557f/tokio-1.53.1/src/runtime/scheduler/current_thread/mod.rs:906:68
  19: <tokio::runtime::context::scoped::Scoped<tokio::runtime::scheduler::Context>>::set::<<tokio::runtime::scheduler::current_thread::CoreGuard>::enter<<tokio::runtime::scheduler::current_thread::CoreGuard>::block_on<core::pin::Pin<&mut core::pin::Pin<&mut dyn core::future::future::Future<Output = ()>>>>::{closure#0}, core::option::Option<()>>::{closure#0}, (alloc::boxed::Box<tokio::runtime::scheduler::current_thread::Core>, core::option::Option<()>)>
             at /Users/mtakemiya/.cargo/registry/src/index.crates.io-1949cf8c6b5b557f/tokio-1.53.1/src/runtime/context/scoped.rs:40:9
  20: tokio::runtime::context::set_scheduler::<(alloc::boxed::Box<tokio::runtime::scheduler::current_thread::Core>, core::option::Option<()>), <tokio::runtime::scheduler::current_thread::CoreGuard>::enter<<tokio::runtime::scheduler::current_thread::CoreGuard>::block_on<core::pin::Pin<&mut core::pin::Pin<&mut dyn core::future::future::Future<Output = ()>>>>::{closure#0}, core::option::Option<()>>::{closure#0}>::{closure#0}
             at /Users/mtakemiya/.cargo/registry/src/index.crates.io-1949cf8c6b5b557f/tokio-1.53.1/src/runtime/context.rs:187:38
  21: <std::thread::local::LocalKey<tokio::runtime::context::Context>>::try_with::<tokio::runtime::context::set_scheduler<(alloc::boxed::Box<tokio::runtime::scheduler::current_thread::Core>, core::option::Option<()>), <tokio::runtime::scheduler::current_thread::CoreGuard>::enter<<tokio::runtime::scheduler::current_thread::CoreGuard>::block_on<core::pin::Pin<&mut core::pin::Pin<&mut dyn core::future::future::Future<Output = ()>>>>::{closure#0}, core::option::Option<()>>::{closure#0}>::{closure#0}, (alloc::boxed::Box<tokio::runtime::scheduler::current_thread::Core>, core::option::Option<()>)>
             at /rustc/8bab26f4f68e0e26f0bb7960be334d5b520ea452/library/std/src/thread/local.rs:462:12
  22: <std::thread::local::LocalKey<tokio::runtime::context::Context>>::with::<tokio::runtime::context::set_scheduler<(alloc::boxed::Box<tokio::runtime::scheduler::current_thread::Core>, core::option::Option<()>), <tokio::runtime::scheduler::current_thread::CoreGuard>::enter<<tokio::runtime::scheduler::current_thread::CoreGuard>::block_on<core::pin::Pin<&mut core::pin::Pin<&mut dyn core::future::future::Future<Output = ()>>>>::{closure#0}, core::option::Option<()>>::{closure#0}>::{closure#0}, (alloc::boxed::Box<tokio::runtime::scheduler::current_thread::Core>, core::option::Option<()>)>
             at /rustc/8bab26f4f68e0e26f0bb7960be334d5b520ea452/library/std/src/thread/local.rs:426:20
  23: tokio::runtime::context::set_scheduler::<(alloc::boxed::Box<tokio::runtime::scheduler::current_thread::Core>, core::option::Option<()>), <tokio::runtime::scheduler::current_thread::CoreGuard>::enter<<tokio::runtime::scheduler::current_thread::CoreGuard>::block_on<core::pin::Pin<&mut core::pin::Pin<&mut dyn core::future::future::Future<Output = ()>>>>::{closure#0}, core::option::Option<()>>::{closure#0}>
             at /Users/mtakemiya/.cargo/registry/src/index.crates.io-1949cf8c6b5b557f/tokio-1.53.1/src/runtime/context.rs:187:17
  24: <tokio::runtime::scheduler::current_thread::CoreGuard>::enter::<<tokio::runtime::scheduler::current_thread::CoreGuard>::block_on<core::pin::Pin<&mut core::pin::Pin<&mut dyn core::future::future::Future<Output = ()>>>>::{closure#0}, core::option::Option<()>>
             at /Users/mtakemiya/.cargo/registry/src/index.crates.io-1949cf8c6b5b557f/tokio-1.53.1/src/runtime/scheduler/current_thread/mod.rs:906:27
  25: <tokio::runtime::scheduler::current_thread::CoreGuard>::block_on::<core::pin::Pin<&mut core::pin::Pin<&mut dyn core::future::future::Future<Output = ()>>>>
             at /Users/mtakemiya/.cargo/registry/src/index.crates.io-1949cf8c6b5b557f/tokio-1.53.1/src/runtime/scheduler/current_thread/mod.rs:817:24
  26: <tokio::runtime::scheduler::current_thread::CurrentThread>::block_on::<core::pin::Pin<&mut dyn core::future::future::Future<Output = ()>>>::{closure#0}
             at /Users/mtakemiya/.cargo/registry/src/index.crates.io-1949cf8c6b5b557f/tokio-1.53.1/src/runtime/scheduler/current_thread/mod.rs:218:33
  27: tokio::runtime::context::runtime::enter_runtime::<<tokio::runtime::scheduler::current_thread::CurrentThread>::block_on<core::pin::Pin<&mut dyn core::future::future::Future<Output = ()>>>::{closure#0}, ()>
             at /Users/mtakemiya/.cargo/registry/src/index.crates.io-1949cf8c6b5b557f/tokio-1.53.1/src/runtime/context/runtime.rs:65:16
  28: <tokio::runtime::scheduler::current_thread::CurrentThread>::block_on::<core::pin::Pin<&mut dyn core::future::future::Future<Output = ()>>>
             at /Users/mtakemiya/.cargo/registry/src/index.crates.io-1949cf8c6b5b557f/tokio-1.53.1/src/runtime/scheduler/current_thread/mod.rs:206:9
  29: <tokio::runtime::runtime::Runtime>::block_on_inner::<core::pin::Pin<&mut dyn core::future::future::Future<Output = ()>>>
             at /Users/mtakemiya/.cargo/registry/src/index.crates.io-1949cf8c6b5b557f/tokio-1.53.1/src/runtime/runtime.rs:374:52
  30: <tokio::runtime::runtime::Runtime>::block_on::<core::pin::Pin<&mut dyn core::future::future::Future<Output = ()>>>
             at /Users/mtakemiya/.cargo/registry/src/index.crates.io-1949cf8c6b5b557f/tokio-1.53.1/src/runtime/runtime.rs:343:18
  31: kasumi_store::backup_sessions::tests::visible_session_outcomes_require_durable_readback_before_resolution_or_cleanup
             at ./crates/kasumi-store/src/backup_sessions.rs:799:40
  32: kasumi_store::backup_sessions::tests::visible_session_outcomes_require_durable_readback_before_resolution_or_cleanup::{closure#0}
             at ./crates/kasumi-store/src/backup_sessions.rs:684:94
  33: <kasumi_store::backup_sessions::tests::visible_session_outcomes_require_durable_readback_before_resolution_or_cleanup::{closure#0} as core::ops::function::FnOnce<()>>::call_once
             at /rustc/8bab26f4f68e0e26f0bb7960be334d5b520ea452/library/core/src/ops/function.rs:250:5
  34: <fn() -> core::result::Result<(), alloc::string::String> as core::ops::function::FnOnce<()>>::call_once
             at /rustc/8bab26f4f68e0e26f0bb7960be334d5b520ea452/library/core/src/ops/function.rs:250:5
  35: test::__rust_begin_short_backtrace::<core::result::Result<(), alloc::string::String>, fn() -> core::result::Result<(), alloc::string::String>>
             at /rustc/8bab26f4f68e0e26f0bb7960be334d5b520ea452/library/test/src/lib.rs:724:18
  36: test::run_test_in_process::{closure#0}
             at /rustc/8bab26f4f68e0e26f0bb7960be334d5b520ea452/library/test/src/lib.rs:747:74
  37: <core::panic::unwind_safe::AssertUnwindSafe<test::run_test_in_process::{closure#0}> as core::ops::function::FnOnce<()>>::call_once
             at /rustc/8bab26f4f68e0e26f0bb7960be334d5b520ea452/library/core/src/panic/unwind_safe.rs:275:9
  38: std::panicking::catch_unwind::do_call::<core::panic::unwind_safe::AssertUnwindSafe<test::run_test_in_process::{closure#0}>, core::result::Result<(), alloc::string::String>>
             at /rustc/8bab26f4f68e0e26f0bb7960be334d5b520ea452/library/std/src/panicking.rs:581:40
  39: std::panicking::catch_unwind::<core::result::Result<(), alloc::string::String>, core::panic::unwind_safe::AssertUnwindSafe<test::run_test_in_process::{closure#0}>>
             at /rustc/8bab26f4f68e0e26f0bb7960be334d5b520ea452/library/std/src/panicking.rs:544:19
  40: std::panic::catch_unwind::<core::panic::unwind_safe::AssertUnwindSafe<test::run_test_in_process::{closure#0}>, core::result::Result<(), alloc::string::String>>
             at /rustc/8bab26f4f68e0e26f0bb7960be334d5b520ea452/library/std/src/panic.rs:359:14
  41: test::run_test_in_process
             at /rustc/8bab26f4f68e0e26f0bb7960be334d5b520ea452/library/test/src/lib.rs:747:27
  42: test::run_test::{closure#0}
             at /rustc/8bab26f4f68e0e26f0bb7960be334d5b520ea452/library/test/src/lib.rs:668:43
  43: test::run_test::{closure#1}
             at /rustc/8bab26f4f68e0e26f0bb7960be334d5b520ea452/library/test/src/lib.rs:698:41
  44: std::sys::backtrace::__rust_begin_short_backtrace::<test::run_test::{closure#1}, ()>
             at /rustc/8bab26f4f68e0e26f0bb7960be334d5b520ea452/library/std/src/sys/backtrace.rs:166:18
  45: std::thread::lifecycle::spawn_unchecked::<test::run_test::{closure#1}, ()>::{closure#1}::{closure#0}
             at /rustc/8bab26f4f68e0e26f0bb7960be334d5b520ea452/library/std/src/thread/lifecycle.rs:70:13
  46: <core::panic::unwind_safe::AssertUnwindSafe<std::thread::lifecycle::spawn_unchecked<test::run_test::{closure#1}, ()>::{closure#1}::{closure#0}> as core::ops::function::FnOnce<()>>::call_once
             at /rustc/8bab26f4f68e0e26f0bb7960be334d5b520ea452/library/core/src/panic/unwind_safe.rs:275:9
  47: std::panicking::catch_unwind::do_call::<core::panic::unwind_safe::AssertUnwindSafe<std::thread::lifecycle::spawn_unchecked<test::run_test::{closure#1}, ()>::{closure#1}::{closure#0}>, ()>
             at /rustc/8bab26f4f68e0e26f0bb7960be334d5b520ea452/library/std/src/panicking.rs:581:40
  48: std::panicking::catch_unwind::<(), core::panic::unwind_safe::AssertUnwindSafe<std::thread::lifecycle::spawn_unchecked<test::run_test::{closure#1}, ()>::{closure#1}::{closure#0}>>
             at /rustc/8bab26f4f68e0e26f0bb7960be334d5b520ea452/library/std/src/panicking.rs:544:19
  49: std::panic::catch_unwind::<core::panic::unwind_safe::AssertUnwindSafe<std::thread::lifecycle::spawn_unchecked<test::run_test::{closure#1}, ()>::{closure#1}::{closure#0}>, ()>
             at /rustc/8bab26f4f68e0e26f0bb7960be334d5b520ea452/library/std/src/panic.rs:359:14
  50: std::thread::lifecycle::spawn_unchecked::<test::run_test::{closure#1}, ()>::{closure#1}
             at /rustc/8bab26f4f68e0e26f0bb7960be334d5b520ea452/library/std/src/thread/lifecycle.rs:68:26
  51: <std::thread::lifecycle::spawn_unchecked<test::run_test::{closure#1}, ()>::{closure#1} as core::ops::function::FnOnce<()>>::call_once::{shim:vtable#0}
             at /rustc/8bab26f4f68e0e26f0bb7960be334d5b520ea452/library/core/src/ops/function.rs:250:5
  52: <alloc::boxed::Box<dyn core::ops::function::FnOnce<(), Output = ()> + core::marker::Send> as core::ops::function::FnOnce<()>>::call_once
             at /rustc/8bab26f4f68e0e26f0bb7960be334d5b520ea452/library/alloc/src/boxed.rs:2275:9
  53: <std::sys::thread::unix::Thread>::new::thread_start
             at /rustc/8bab26f4f68e0e26f0bb7960be334d5b520ea452/library/std/src/sys/thread/unix.rs:118:17
  54: __pthread_exit
stack backtrace:
   0: __rustc::rust_begin_unwind
             at /rustc/8bab26f4f68e0e26f0bb7960be334d5b520ea452/library/std/src/panicking.rs:689:5
   1: core::panicking::panic_fmt
             at /rustc/8bab26f4f68e0e26f0bb7960be334d5b520ea452/library/core/src/panicking.rs:80:14
   2: core::result::unwrap_failed
             at /rustc/8bab26f4f68e0e26f0bb7960be334d5b520ea452/library/core/src/result.rs:1867:5
   3: <core::result::Result<kasumi_store::backup::FilesystemBackupDestination, anyhow::Error>>::unwrap
             at /rustc/8bab26f4f68e0e26f0bb7960be334d5b520ea452/library/core/src/result.rs:1233:23
   4: kasumi_store::backup_sessions::tests::fixture::{closure#0}
             at ./crates/kasumi-store/src/backup_sessions.rs:347:10
   5: kasumi_store::backup_sessions::tests::visible_session_outcomes_require_durable_readback_before_resolution_or_cleanup::{closure#0}
             at ./crates/kasumi-store/src/backup_sessions.rs:691:70
   6: <core::pin::Pin<&mut dyn core::future::future::Future<Output = ()>> as core::future::future::Future>::poll
             at /rustc/8bab26f4f68e0e26f0bb7960be334d5b520ea452/library/core/src/future/future.rs:133:9
   7: <core::pin::Pin<&mut core::pin::Pin<&mut dyn core::future::future::Future<Output = ()>>> as core::future::future::Future>::poll
             at /rustc/8bab26f4f68e0e26f0bb7960be334d5b520ea452/library/core/src/future/future.rs:133:9
   8: <tokio::runtime::scheduler::current_thread::CoreGuard>::block_on::<core::pin::Pin<&mut core::pin::Pin<&mut dyn core::future::future::Future<Output = ()>>>>::{closure#0}::{closure#0}::{closure#0}
             at /Users/mtakemiya/.cargo/registry/src/index.crates.io-1949cf8c6b5b557f/tokio-1.53.1/src/runtime/scheduler/current_thread/mod.rs:830:70
   9: tokio::task::coop::with_budget::<core::task::poll::Poll<()>, <tokio::runtime::scheduler::current_thread::CoreGuard>::block_on<core::pin::Pin<&mut core::pin::Pin<&mut dyn core::future::future::Future<Output = ()>>>>::{closure#0}::{closure#0}::{closure#0}>
             at /Users/mtakemiya/.cargo/registry/src/index.crates.io-1949cf8c6b5b557f/tokio-1.53.1/src/task/coop/mod.rs:167:5
  10: tokio::task::coop::budget::<core::task::poll::Poll<()>, <tokio::runtime::scheduler::current_thread::CoreGuard>::block_on<core::pin::Pin<&mut core::pin::Pin<&mut dyn core::future::future::Future<Output = ()>>>>::{closure#0}::{closure#0}::{closure#0}>
             at /Users/mtakemiya/.cargo/registry/src/index.crates.io-1949cf8c6b5b557f/tokio-1.53.1/src/task/coop/mod.rs:133:5
  11: <tokio::runtime::scheduler::current_thread::CoreGuard>::block_on::<core::pin::Pin<&mut core::pin::Pin<&mut dyn core::future::future::Future<Output = ()>>>>::{closure#0}::{closure#0}
             at /Users/mtakemiya/.cargo/registry/src/index.crates.io-1949cf8c6b5b557f/tokio-1.53.1/src/runtime/scheduler/current_thread/mod.rs:830:25
  12: <tokio::runtime::scheduler::current_thread::Context>::enter::<core::task::poll::Poll<()>, <tokio::runtime::scheduler::current_thread::CoreGuard>::block_on<core::pin::Pin<&mut core::pin::Pin<&mut dyn core::future::future::Future<Output = ()>>>>::{closure#0}::{closure#0}>
             at /Users/mtakemiya/.cargo/registry/src/index.crates.io-1949cf8c6b5b557f/tokio-1.53.1/src/runtime/scheduler/current_thread/mod.rs:488:19
  13: <tokio::runtime::scheduler::current_thread::CoreGuard>::block_on::<core::pin::Pin<&mut core::pin::Pin<&mut dyn core::future::future::Future<Output = ()>>>>::{closure#0}
             at /Users/mtakemiya/.cargo/registry/src/index.crates.io-1949cf8c6b5b557f/tokio-1.53.1/src/runtime/scheduler/current_thread/mod.rs:829:44
  14: <tokio::runtime::scheduler::current_thread::CoreGuard>::enter::<<tokio::runtime::scheduler::current_thread::CoreGuard>::block_on<core::pin::Pin<&mut core::pin::Pin<&mut dyn core::future::future::Future<Output = ()>>>>::{closure#0}, core::option::Option<()>>::{closure#0}
             at /Users/mtakemiya/.cargo/registry/src/index.crates.io-1949cf8c6b5b557f/tokio-1.53.1/src/runtime/scheduler/current_thread/mod.rs:906:68
  15: <tokio::runtime::context::scoped::Scoped<tokio::runtime::scheduler::Context>>::set::<<tokio::runtime::scheduler::current_thread::CoreGuard>::enter<<tokio::runtime::scheduler::current_thread::CoreGuard>::block_on<core::pin::Pin<&mut core::pin::Pin<&mut dyn core::future::future::Future<Output = ()>>>>::{closure#0}, core::option::Option<()>>::{closure#0}, (alloc::boxed::Box<tokio::runtime::scheduler::current_thread::Core>, core::option::Option<()>)>
             at /Users/mtakemiya/.cargo/registry/src/index.crates.io-1949cf8c6b5b557f/tokio-1.53.1/src/runtime/context/scoped.rs:40:9
  16: tokio::runtime::context::set_scheduler::<(alloc::boxed::Box<tokio::runtime::scheduler::current_thread::Core>, core::option::Option<()>), <tokio::runtime::scheduler::current_thread::CoreGuard>::enter<<tokio::runtime::scheduler::current_thread::CoreGuard>::block_on<core::pin::Pin<&mut core::pin::Pin<&mut dyn core::future::future::Future<Output = ()>>>>::{closure#0}, core::option::Option<()>>::{closure#0}>::{closure#0}
             at /Users/mtakemiya/.cargo/registry/src/index.crates.io-1949cf8c6b5b557f/tokio-1.53.1/src/runtime/context.rs:187:38
  17: <std::thread::local::LocalKey<tokio::runtime::context::Context>>::try_with::<tokio::runtime::context::set_scheduler<(alloc::boxed::Box<tokio::runtime::scheduler::current_thread::Core>, core::option::Option<()>), <tokio::runtime::scheduler::current_thread::CoreGuard>::enter<<tokio::runtime::scheduler::current_thread::CoreGuard>::block_on<core::pin::Pin<&mut core::pin::Pin<&mut dyn core::future::future::Future<Output = ()>>>>::{closure#0}, core::option::Option<()>>::{closure#0}>::{closure#0}, (alloc::boxed::Box<tokio::runtime::scheduler::current_thread::Core>, core::option::Option<()>)>
             at /rustc/8bab26f4f68e0e26f0bb7960be334d5b520ea452/library/std/src/thread/local.rs:462:12
  18: <std::thread::local::LocalKey<tokio::runtime::context::Context>>::with::<tokio::runtime::context::set_scheduler<(alloc::boxed::Box<tokio::runtime::scheduler::current_thread::Core>, core::option::Option<()>), <tokio::runtime::scheduler::current_thread::CoreGuard>::enter<<tokio::runtime::scheduler::current_thread::CoreGuard>::block_on<core::pin::Pin<&mut core::pin::Pin<&mut dyn core::future::future::Future<Output = ()>>>>::{closure#0}, core::option::Option<()>>::{closure#0}>::{closure#0}, (alloc::boxed::Box<tokio::runtime::scheduler::current_thread::Core>, core::option::Option<()>)>
             at /rustc/8bab26f4f68e0e26f0bb7960be334d5b520ea452/library/std/src/thread/local.rs:426:20
  19: tokio::runtime::context::set_scheduler::<(alloc::boxed::Box<tokio::runtime::scheduler::current_thread::Core>, core::option::Option<()>), <tokio::runtime::scheduler::current_thread::CoreGuard>::enter<<tokio::runtime::scheduler::current_thread::CoreGuard>::block_on<core::pin::Pin<&mut core::pin::Pin<&mut dyn core::future::future::Future<Output = ()>>>>::{closure#0}, core::option::Option<()>>::{closure#0}>
             at /Users/mtakemiya/.cargo/registry/src/index.crates.io-1949cf8c6b5b557f/tokio-1.53.1/src/runtime/context.rs:187:17
  20: <tokio::runtime::scheduler::current_thread::CoreGuard>::enter::<<tokio::runtime::scheduler::current_thread::CoreGuard>::block_on<core::pin::Pin<&mut core::pin::Pin<&mut dyn core::future::future::Future<Output = ()>>>>::{closure#0}, core::option::Option<()>>
             at /Users/mtakemiya/.cargo/registry/src/index.crates.io-1949cf8c6b5b557f/tokio-1.53.1/src/runtime/scheduler/current_thread/mod.rs:906:27
  21: <tokio::runtime::scheduler::current_thread::CoreGuard>::block_on::<core::pin::Pin<&mut core::pin::Pin<&mut dyn core::future::future::Future<Output = ()>>>>
             at /Users/mtakemiya/.cargo/registry/src/index.crates.io-1949cf8c6b5b557f/tokio-1.53.1/src/runtime/scheduler/current_thread/mod.rs:817:24
  22: <tokio::runtime::scheduler::current_thread::CurrentThread>::block_on::<core::pin::Pin<&mut dyn core::future::future::Future<Output = ()>>>::{closure#0}
             at /Users/mtakemiya/.cargo/registry/src/index.crates.io-1949cf8c6b5b557f/tokio-1.53.1/src/runtime/scheduler/current_thread/mod.rs:218:33
  23: tokio::runtime::context::runtime::enter_runtime::<<tokio::runtime::scheduler::current_thread::CurrentThread>::block_on<core::pin::Pin<&mut dyn core::future::future::Future<Output = ()>>>::{closure#0}, ()>
             at /Users/mtakemiya/.cargo/registry/src/index.crates.io-1949cf8c6b5b557f/tokio-1.53.1/src/runtime/context/runtime.rs:65:16
  24: <tokio::runtime::scheduler::current_thread::CurrentThread>::block_on::<core::pin::Pin<&mut dyn core::future::future::Future<Output = ()>>>
             at /Users/mtakemiya/.cargo/registry/src/index.crates.io-1949cf8c6b5b557f/tokio-1.53.1/src/runtime/scheduler/current_thread/mod.rs:206:9
  25: <tokio::runtime::runtime::Runtime>::block_on_inner::<core::pin::Pin<&mut dyn core::future::future::Future<Output = ()>>>
             at /Users/mtakemiya/.cargo/registry/src/index.crates.io-1949cf8c6b5b557f/tokio-1.53.1/src/runtime/runtime.rs:374:52
  26: <tokio::runtime::runtime::Runtime>::block_on::<core::pin::Pin<&mut dyn core::future::future::Future<Output = ()>>>
             at /Users/mtakemiya/.cargo/registry/src/index.crates.io-1949cf8c6b5b557f/tokio-1.53.1/src/runtime/runtime.rs:343:18
  27: kasumi_store::backup_sessions::tests::visible_session_outcomes_require_durable_readback_before_resolution_or_cleanup
             at ./crates/kasumi-store/src/backup_sessions.rs:799:40
  28: kasumi_store::backup_sessions::tests::visible_session_outcomes_require_durable_readback_before_resolution_or_cleanup::{closure#0}
             at ./crates/kasumi-store/src/backup_sessions.rs:684:94
  29: <kasumi_store::backup_sessions::tests::visible_session_outcomes_require_durable_readback_before_resolution_or_cleanup::{closure#0} as core::ops::function::FnOnce<()>>::call_once
             at /rustc/8bab26f4f68e0e26f0bb7960be334d5b520ea452/library/core/src/ops/function.rs:250:5
  30: <fn() -> core::result::Result<(), alloc::string::String> as core::ops::function::FnOnce<()>>::call_once
             at /rustc/8bab26f4f68e0e26f0bb7960be334d5b520ea452/library/core/src/ops/function.rs:250:5
note: Some details are omitted, run with `RUST_BACKTRACE=full` for a verbose backtrace.
FAILED
test catalog_budget::catalog_byte_quota_rejects_initialization_rotation_and_rewrap_before_persistence ... ok
test catalog_budget::exact_catalog_boundary_leaves_room_for_worst_case_manifest_tenant_encoding ... ok
test device_disk::memory_tests::device_registry_and_registration_have_exact_independent_lifetime_charges ... ok
test device_disk::memory_tests::failed_registration_and_foreign_core_do_not_grow_retained_device_metadata ... ok
test device_disk::registry_busy_tests::busy_device_registry_does_not_allocate_or_touch_memory_admission ... ok
test device_disk::tests::abandoned_uncertainty_or_pending_bytes_cannot_be_released_by_drop ... ok
test device_disk::tests::poisoned_device_stays_closed_after_all_registration_handles_drop ... 
thread 'device_disk::tests::poisoned_device_stays_closed_after_all_registration_handles_drop' (6215761) panicked at crates/kasumi-store/src/device_disk.rs:170:13:
injected shared promise mutation panic
stack backtrace:
   0: __rustc::rust_begin_unwind
             at /rustc/8bab26f4f68e0e26f0bb7960be334d5b520ea452/library/std/src/panicking.rs:689:5
   1: core::panicking::panic_fmt
             at /rustc/8bab26f4f68e0e26f0bb7960be334d5b520ea452/library/core/src/panicking.rs:80:14
   2: <kasumi_store::device_disk::DeviceDisk>::poison::{closure#0}
             at ./crates/kasumi-store/src/device_disk.rs:170:13
   3: <<kasumi_store::device_disk::DeviceDisk>::poison::{closure#0} as core::ops::function::FnOnce<()>>::call_once
             at /rustc/8bab26f4f68e0e26f0bb7960be334d5b520ea452/library/core/src/ops/function.rs:250:5
   4: <core::panic::unwind_safe::AssertUnwindSafe<<kasumi_store::device_disk::DeviceDisk>::poison::{closure#0}> as core::ops::function::FnOnce<()>>::call_once
             at /rustc/8bab26f4f68e0e26f0bb7960be334d5b520ea452/library/core/src/panic/unwind_safe.rs:275:9
   5: std::panicking::catch_unwind::do_call::<core::panic::unwind_safe::AssertUnwindSafe<<kasumi_store::device_disk::DeviceDisk>::poison::{closure#0}>, !>
             at /rustc/8bab26f4f68e0e26f0bb7960be334d5b520ea452/library/std/src/panicking.rs:581:40
   6: ___rust_try
   7: std::panicking::catch_unwind::<!, core::panic::unwind_safe::AssertUnwindSafe<<kasumi_store::device_disk::DeviceDisk>::poison::{closure#0}>>
             at /rustc/8bab26f4f68e0e26f0bb7960be334d5b520ea452/library/std/src/panicking.rs:544:19
   8: std::panic::catch_unwind::<core::panic::unwind_safe::AssertUnwindSafe<<kasumi_store::device_disk::DeviceDisk>::poison::{closure#0}>, !>
             at /rustc/8bab26f4f68e0e26f0bb7960be334d5b520ea452/library/std/src/panic.rs:359:14
   9: <kasumi_store::device_disk::DeviceDisk>::poison
             at ./crates/kasumi-store/src/device_disk.rs:168:23
  10: kasumi_store::device_disk::tests::poisoned_device_stays_closed_after_all_registration_handles_drop
             at ./crates/kasumi-store/src/device_disk.rs:285:15
  11: kasumi_store::device_disk::tests::poisoned_device_stays_closed_after_all_registration_handles_drop::{closure#0}
             at ./crates/kasumi-store/src/device_disk.rs:281:74
  12: <kasumi_store::device_disk::tests::poisoned_device_stays_closed_after_all_registration_handles_drop::{closure#0} as core::ops::function::FnOnce<()>>::call_once
             at /rustc/8bab26f4f68e0e26f0bb7960be334d5b520ea452/library/core/src/ops/function.rs:250:5
  13: <fn() -> core::result::Result<(), alloc::string::String> as core::ops::function::FnOnce<()>>::call_once
             at /rustc/8bab26f4f68e0e26f0bb7960be334d5b520ea452/library/core/src/ops/function.rs:250:5
note: Some details are omitted, run with `RUST_BACKTRACE=full` for a verbose backtrace.
ok
test disk_memory::tests::installed_lease_cannot_return_bytes_or_slot_before_actual_box_deallocation ... ok
test disk_memory::tests::mandatory_opaque_lease_preserves_inline_layout_and_provider_denial_accounting ... ok
test disk_memory::tests::panicking_token_keeps_single_retirement_and_frees_box_before_field_unwind ... 
thread 'disk_memory::tests::panicking_token_keeps_single_retirement_and_frees_box_before_field_unwind' (6215765) panicked at crates/kasumi-store/src/disk_memory_tests.rs:112:9:
original token destructor panic
stack backtrace:
   0: __rustc::rust_begin_unwind
             at /rustc/8bab26f4f68e0e26f0bb7960be334d5b520ea452/library/std/src/panicking.rs:689:5
   1: core::panicking::panic_fmt
             at /rustc/8bab26f4f68e0e26f0bb7960be334d5b520ea452/library/core/src/panicking.rs:80:14
   2: <kasumi_store::disk_memory::tests::PanickingToken as core::ops::drop::Drop>::drop
             at ./crates/kasumi-store/src/disk_memory_tests.rs:112:9
   3: core::ptr::drop_glue::<kasumi_store::disk_memory::tests::PanickingToken>
             at /rustc/8bab26f4f68e0e26f0bb7960be334d5b520ea452/library/core/src/ptr/mod.rs:825:1
   4: core::mem::drop::<kasumi_store::disk_memory::tests::PanickingToken>
             at /rustc/8bab26f4f68e0e26f0bb7960be334d5b520ea452/library/core/src/mem/mod.rs:1004:1
   5: <kasumi_store::disk_memory::tests::PanickingToken as kasumi_store::disk_memory::RetireLease>::retire
             at ./crates/kasumi-store/src/disk_memory.rs:33:9
   6: <kasumi_store::disk_memory::DiskMemoryLease as core::ops::drop::Drop>::drop
             at ./crates/kasumi-store/src/disk_memory.rs:47:25
   7: core::ptr::drop_glue::<kasumi_store::disk_memory::DiskMemoryLease>
             at /rustc/8bab26f4f68e0e26f0bb7960be334d5b520ea452/library/core/src/ptr/mod.rs:825:1
   8: core::mem::drop::<kasumi_store::disk_memory::DiskMemoryLease>
             at /rustc/8bab26f4f68e0e26f0bb7960be334d5b520ea452/library/core/src/mem/mod.rs:1004:1
   9: kasumi_store::disk_memory::tests::panicking_token_keeps_single_retirement_and_frees_box_before_field_unwind::{closure#0}::{closure#0}
             at ./crates/kasumi-store/src/disk_memory_tests.rs:130:56
  10: kasumi_store::allocation_tests::observe_deallocation::<(), kasumi_store::disk_memory::tests::panicking_token_keeps_single_retirement_and_frees_box_before_field_unwind::{closure#0}::{closure#0}>
             at ./crates/kasumi-store/src/allocation_tests.rs:168:5
  11: kasumi_store::disk_memory::tests::panicking_token_keeps_single_retirement_and_frees_box_before_field_unwind::{closure#0}
             at ./crates/kasumi-store/src/disk_memory_tests.rs:130:9
  12: <core::panic::unwind_safe::AssertUnwindSafe<kasumi_store::disk_memory::tests::panicking_token_keeps_single_retirement_and_frees_box_before_field_unwind::{closure#0}> as core::ops::function::FnOnce<()>>::call_once
             at /rustc/8bab26f4f68e0e26f0bb7960be334d5b520ea452/library/core/src/panic/unwind_safe.rs:275:9
  13: std::panicking::catch_unwind::do_call::<core::panic::unwind_safe::AssertUnwindSafe<kasumi_store::disk_memory::tests::panicking_token_keeps_single_retirement_and_frees_box_before_field_unwind::{closure#0}>, ()>
             at /rustc/8bab26f4f68e0e26f0bb7960be334d5b520ea452/library/std/src/panicking.rs:581:40
  14: ___rust_try
  15: std::panicking::catch_unwind::<(), core::panic::unwind_safe::AssertUnwindSafe<kasumi_store::disk_memory::tests::panicking_token_keeps_single_retirement_and_frees_box_before_field_unwind::{closure#0}>>
             at /rustc/8bab26f4f68e0e26f0bb7960be334d5b520ea452/library/std/src/panicking.rs:544:19
  16: std::panic::catch_unwind::<core::panic::unwind_safe::AssertUnwindSafe<kasumi_store::disk_memory::tests::panicking_token_keeps_single_retirement_and_frees_box_before_field_unwind::{closure#0}>, ()>
             at /rustc/8bab26f4f68e0e26f0bb7960be334d5b520ea452/library/std/src/panic.rs:359:14
  17: kasumi_store::disk_memory::tests::panicking_token_keeps_single_retirement_and_frees_box_before_field_unwind
             at ./crates/kasumi-store/src/disk_memory_tests.rs:129:17
  18: kasumi_store::disk_memory::tests::panicking_token_keeps_single_retirement_and_frees_box_before_field_unwind::{closure#0}
             at ./crates/kasumi-store/src/disk_memory_tests.rs:117:79
  19: <kasumi_store::disk_memory::tests::panicking_token_keeps_single_retirement_and_frees_box_before_field_unwind::{closure#0} as core::ops::function::FnOnce<()>>::call_once
             at /rustc/8bab26f4f68e0e26f0bb7960be334d5b520ea452/library/core/src/ops/function.rs:250:5
  20: <fn() -> core::result::Result<(), alloc::string::String> as core::ops::function::FnOnce<()>>::call_once
             at /rustc/8bab26f4f68e0e26f0bb7960be334d5b520ea452/library/core/src/ops/function.rs:250:5
note: Some details are omitted, run with `RUST_BACKTRACE=full` for a verbose backtrace.
ok
test file_keys::tests::file_keyring_rotation_binding_fresh_reads_and_reopen ... ok
test file_keys::tests::rejects_public_keyrings_symlinks_and_unsupported_formats ... ok
test file_keys::tests::standalone_catalog_binds_installation_tenant_and_generation ... ok
test keys::tests::transit_origin_path_and_wrapped_version_validation ... ok
test keys::tests::transit_reads_replaced_token_for_every_request_and_never_caches_failure ... ok
test keys::tests::transit_rejects_missing_trust_tls12_redirects_malformed_and_oversized_responses ... ok
test keys::tests::transit_timeout_is_bounded_and_seals_existing_plaintext ... ok
test keys::tests::transit_tls_generation_fresh_decrypt_rewrap_context_and_revocation ... ok
test live_trust::tests::complete_file_reopen_retains_exact_trust_and_permanent_key_bindings ... ok
test live_trust::tests::dropped_closed_verifier_keeps_cache_fence_until_actual_background_join ... ok
test live_trust::tests::encrypted_current_generation_fences_lease_admission_and_retained_responses ... ok
test live_trust::tests::encrypted_restart_and_clock_regression_restart_the_complete_retirement_drain ... ok
test live_trust::tests::exact_live_generation_rejects_historical_and_reused_key_forgery ... ok
test live_trust::tests::failed_worker_outcome_survives_facade_drop_and_blocks_silent_cache_replacement ... 
thread 'live_trust::tests::failed_worker_outcome_survives_facade_drop_and_blocks_silent_cache_replacement' (6216162) panicked at crates/kasumi-store/src/live_trust_tests.rs:804:13:
unreported verifier worker failure
stack backtrace:
   0: __rustc::rust_begin_unwind
             at /rustc/8bab26f4f68e0e26f0bb7960be334d5b520ea452/library/std/src/panicking.rs:689:5
   1: core::panicking::panic_fmt
             at /rustc/8bab26f4f68e0e26f0bb7960be334d5b520ea452/library/core/src/panicking.rs:80:14
   2: kasumi_store::live_trust::tests::failed_worker_outcome_survives_facade_drop_and_blocks_silent_cache_replacement::{closure#0}::{closure#0}
             at ./crates/kasumi-store/src/live_trust_tests.rs:804:13
   3: <tokio::runtime::task::core::Core<kasumi_store::live_trust::tests::failed_worker_outcome_survives_facade_drop_and_blocks_silent_cache_replacement::{closure#0}::{closure#0}, alloc::sync::Arc<tokio::runtime::scheduler::current_thread::Handle>>>::poll::{closure#0}
             at /Users/mtakemiya/.cargo/registry/src/index.crates.io-1949cf8c6b5b557f/tokio-1.53.1/src/runtime/task/core.rs:380:24
   4: <tokio::loom::std::unsafe_cell::UnsafeCell<tokio::runtime::task::core::Stage<kasumi_store::live_trust::tests::failed_worker_outcome_survives_facade_drop_and_blocks_silent_cache_replacement::{closure#0}::{closure#0}>>>::with_mut::<core::task::poll::Poll<()>, <tokio::runtime::task::core::Core<kasumi_store::live_trust::tests::failed_worker_outcome_survives_facade_drop_and_blocks_silent_cache_replacement::{closure#0}::{closure#0}, alloc::sync::Arc<tokio::runtime::scheduler::current_thread::Handle>>>::poll::{closure#0}>
             at /Users/mtakemiya/.cargo/registry/src/index.crates.io-1949cf8c6b5b557f/tokio-1.53.1/src/loom/std/unsafe_cell.rs:16:9
   5: <tokio::runtime::task::core::Core<kasumi_store::live_trust::tests::failed_worker_outcome_survives_facade_drop_and_blocks_silent_cache_replacement::{closure#0}::{closure#0}, alloc::sync::Arc<tokio::runtime::scheduler::current_thread::Handle>>>::poll
             at /Users/mtakemiya/.cargo/registry/src/index.crates.io-1949cf8c6b5b557f/tokio-1.53.1/src/runtime/task/core.rs:369:30
   6: tokio::runtime::task::harness::poll_future::<kasumi_store::live_trust::tests::failed_worker_outcome_survives_facade_drop_and_blocks_silent_cache_replacement::{closure#0}::{closure#0}, alloc::sync::Arc<tokio::runtime::scheduler::current_thread::Handle>>::{closure#0}
             at /Users/mtakemiya/.cargo/registry/src/index.crates.io-1949cf8c6b5b557f/tokio-1.53.1/src/runtime/task/harness.rs:535:30
   7: <core::panic::unwind_safe::AssertUnwindSafe<tokio::runtime::task::harness::poll_future<kasumi_store::live_trust::tests::failed_worker_outcome_survives_facade_drop_and_blocks_silent_cache_replacement::{closure#0}::{closure#0}, alloc::sync::Arc<tokio::runtime::scheduler::current_thread::Handle>>::{closure#0}> as core::ops::function::FnOnce<()>>::call_once
             at /rustc/8bab26f4f68e0e26f0bb7960be334d5b520ea452/library/core/src/panic/unwind_safe.rs:275:9
   8: std::panicking::catch_unwind::do_call::<core::panic::unwind_safe::AssertUnwindSafe<tokio::runtime::task::harness::poll_future<kasumi_store::live_trust::tests::failed_worker_outcome_survives_facade_drop_and_blocks_silent_cache_replacement::{closure#0}::{closure#0}, alloc::sync::Arc<tokio::runtime::scheduler::current_thread::Handle>>::{closure#0}>, core::task::poll::Poll<()>>
             at /rustc/8bab26f4f68e0e26f0bb7960be334d5b520ea452/library/std/src/panicking.rs:581:40
   9: ___rust_try
  10: std::panicking::catch_unwind::<core::task::poll::Poll<()>, core::panic::unwind_safe::AssertUnwindSafe<tokio::runtime::task::harness::poll_future<kasumi_store::live_trust::tests::failed_worker_outcome_survives_facade_drop_and_blocks_silent_cache_replacement::{closure#0}::{closure#0}, alloc::sync::Arc<tokio::runtime::scheduler::current_thread::Handle>>::{closure#0}>>
             at /rustc/8bab26f4f68e0e26f0bb7960be334d5b520ea452/library/std/src/panicking.rs:544:19
  11: std::panic::catch_unwind::<core::panic::unwind_safe::AssertUnwindSafe<tokio::runtime::task::harness::poll_future<kasumi_store::live_trust::tests::failed_worker_outcome_survives_facade_drop_and_blocks_silent_cache_replacement::{closure#0}::{closure#0}, alloc::sync::Arc<tokio::runtime::scheduler::current_thread::Handle>>::{closure#0}>, core::task::poll::Poll<()>>
             at /rustc/8bab26f4f68e0e26f0bb7960be334d5b520ea452/library/std/src/panic.rs:359:14
  12: tokio::runtime::task::harness::poll_future::<kasumi_store::live_trust::tests::failed_worker_outcome_survives_facade_drop_and_blocks_silent_cache_replacement::{closure#0}::{closure#0}, alloc::sync::Arc<tokio::runtime::scheduler::current_thread::Handle>>
             at /Users/mtakemiya/.cargo/registry/src/index.crates.io-1949cf8c6b5b557f/tokio-1.53.1/src/runtime/task/harness.rs:523:18
  13: <tokio::runtime::task::harness::Harness<kasumi_store::live_trust::tests::failed_worker_outcome_survives_facade_drop_and_blocks_silent_cache_replacement::{closure#0}::{closure#0}, alloc::sync::Arc<tokio::runtime::scheduler::current_thread::Handle>>>::poll_inner
             at /Users/mtakemiya/.cargo/registry/src/index.crates.io-1949cf8c6b5b557f/tokio-1.53.1/src/runtime/task/harness.rs:210:27
  14: <tokio::runtime::task::harness::Harness<kasumi_store::live_trust::tests::failed_worker_outcome_survives_facade_drop_and_blocks_silent_cache_replacement::{closure#0}::{closure#0}, alloc::sync::Arc<tokio::runtime::scheduler::current_thread::Handle>>>::poll
             at /Users/mtakemiya/.cargo/registry/src/index.crates.io-1949cf8c6b5b557f/tokio-1.53.1/src/runtime/task/harness.rs:155:20
  15: tokio::runtime::task::raw::poll::<kasumi_store::live_trust::tests::failed_worker_outcome_survives_facade_drop_and_blocks_silent_cache_replacement::{closure#0}::{closure#0}, alloc::sync::Arc<tokio::runtime::scheduler::current_thread::Handle>>
             at /Users/mtakemiya/.cargo/registry/src/index.crates.io-1949cf8c6b5b557f/tokio-1.53.1/src/runtime/task/raw.rs:343:13
  16: <tokio::runtime::task::raw::RawTask>::poll
             at /Users/mtakemiya/.cargo/registry/src/index.crates.io-1949cf8c6b5b557f/tokio-1.53.1/src/runtime/task/raw.rs:273:18
  17: <tokio::runtime::task::LocalNotified<alloc::sync::Arc<tokio::runtime::scheduler::current_thread::Handle>>>::run
             at /Users/mtakemiya/.cargo/registry/src/index.crates.io-1949cf8c6b5b557f/tokio-1.53.1/src/runtime/task/mod.rs:519:13
  18: <tokio::runtime::scheduler::current_thread::Context>::run_task::{closure#0}::{closure#0}
             at /Users/mtakemiya/.cargo/registry/src/index.crates.io-1949cf8c6b5b557f/tokio-1.53.1/src/runtime/scheduler/current_thread/mod.rs:398:22
  19: tokio::task::coop::with_budget::<(), <tokio::runtime::scheduler::current_thread::Context>::run_task::{closure#0}::{closure#0}>
             at /Users/mtakemiya/.cargo/registry/src/index.crates.io-1949cf8c6b5b557f/tokio-1.53.1/src/task/coop/mod.rs:167:5
  20: tokio::task::coop::budget::<(), <tokio::runtime::scheduler::current_thread::Context>::run_task::{closure#0}::{closure#0}>
             at /Users/mtakemiya/.cargo/registry/src/index.crates.io-1949cf8c6b5b557f/tokio-1.53.1/src/task/coop/mod.rs:133:5
  21: <tokio::runtime::scheduler::current_thread::Context>::run_task::{closure#0}
             at /Users/mtakemiya/.cargo/registry/src/index.crates.io-1949cf8c6b5b557f/tokio-1.53.1/src/runtime/scheduler/current_thread/mod.rs:394:13
  22: <tokio::runtime::scheduler::current_thread::Context>::enter::<(), <tokio::runtime::scheduler::current_thread::Context>::run_task::{closure#0}>
             at /Users/mtakemiya/.cargo/registry/src/index.crates.io-1949cf8c6b5b557f/tokio-1.53.1/src/runtime/scheduler/current_thread/mod.rs:488:19
  23: <tokio::runtime::scheduler::current_thread::Context>::run_task
             at /Users/mtakemiya/.cargo/registry/src/index.crates.io-1949cf8c6b5b557f/tokio-1.53.1/src/runtime/scheduler/current_thread/mod.rs:393:32
  24: <tokio::runtime::scheduler::current_thread::CoreGuard>::block_on::<core::pin::Pin<&mut core::pin::Pin<&mut dyn core::future::future::Future<Output = ()>>>>::{closure#0}
             at /Users/mtakemiya/.cargo/registry/src/index.crates.io-1949cf8c6b5b557f/tokio-1.53.1/src/runtime/scheduler/current_thread/mod.rs:870:37
  25: <tokio::runtime::scheduler::current_thread::CoreGuard>::enter::<<tokio::runtime::scheduler::current_thread::CoreGuard>::block_on<core::pin::Pin<&mut core::pin::Pin<&mut dyn core::future::future::Future<Output = ()>>>>::{closure#0}, core::option::Option<()>>::{closure#0}
             at /Users/mtakemiya/.cargo/registry/src/index.crates.io-1949cf8c6b5b557f/tokio-1.53.1/src/runtime/scheduler/current_thread/mod.rs:906:68
  26: <tokio::runtime::context::scoped::Scoped<tokio::runtime::scheduler::Context>>::set::<<tokio::runtime::scheduler::current_thread::CoreGuard>::enter<<tokio::runtime::scheduler::current_thread::CoreGuard>::block_on<core::pin::Pin<&mut core::pin::Pin<&mut dyn core::future::future::Future<Output = ()>>>>::{closure#0}, core::option::Option<()>>::{closure#0}, (alloc::boxed::Box<tokio::runtime::scheduler::current_thread::Core>, core::option::Option<()>)>
             at /Users/mtakemiya/.cargo/registry/src/index.crates.io-1949cf8c6b5b557f/tokio-1.53.1/src/runtime/context/scoped.rs:40:9
  27: tokio::runtime::context::set_scheduler::<(alloc::boxed::Box<tokio::runtime::scheduler::current_thread::Core>, core::option::Option<()>), <tokio::runtime::scheduler::current_thread::CoreGuard>::enter<<tokio::runtime::scheduler::current_thread::CoreGuard>::block_on<core::pin::Pin<&mut core::pin::Pin<&mut dyn core::future::future::Future<Output = ()>>>>::{closure#0}, core::option::Option<()>>::{closure#0}>::{closure#0}
             at /Users/mtakemiya/.cargo/registry/src/index.crates.io-1949cf8c6b5b557f/tokio-1.53.1/src/runtime/context.rs:187:38
  28: <std::thread::local::LocalKey<tokio::runtime::context::Context>>::try_with::<tokio::runtime::context::set_scheduler<(alloc::boxed::Box<tokio::runtime::scheduler::current_thread::Core>, core::option::Option<()>), <tokio::runtime::scheduler::current_thread::CoreGuard>::enter<<tokio::runtime::scheduler::current_thread::CoreGuard>::block_on<core::pin::Pin<&mut core::pin::Pin<&mut dyn core::future::future::Future<Output = ()>>>>::{closure#0}, core::option::Option<()>>::{closure#0}>::{closure#0}, (alloc::boxed::Box<tokio::runtime::scheduler::current_thread::Core>, core::option::Option<()>)>
             at /rustc/8bab26f4f68e0e26f0bb7960be334d5b520ea452/library/std/src/thread/local.rs:462:12
  29: <std::thread::local::LocalKey<tokio::runtime::context::Context>>::with::<tokio::runtime::context::set_scheduler<(alloc::boxed::Box<tokio::runtime::scheduler::current_thread::Core>, core::option::Option<()>), <tokio::runtime::scheduler::current_thread::CoreGuard>::enter<<tokio::runtime::scheduler::current_thread::CoreGuard>::block_on<core::pin::Pin<&mut core::pin::Pin<&mut dyn core::future::future::Future<Output = ()>>>>::{closure#0}, core::option::Option<()>>::{closure#0}>::{closure#0}, (alloc::boxed::Box<tokio::runtime::scheduler::current_thread::Core>, core::option::Option<()>)>
             at /rustc/8bab26f4f68e0e26f0bb7960be334d5b520ea452/library/std/src/thread/local.rs:426:20
  30: tokio::runtime::context::set_scheduler::<(alloc::boxed::Box<tokio::runtime::scheduler::current_thread::Core>, core::option::Option<()>), <tokio::runtime::scheduler::current_thread::CoreGuard>::enter<<tokio::runtime::scheduler::current_thread::CoreGuard>::block_on<core::pin::Pin<&mut core::pin::Pin<&mut dyn core::future::future::Future<Output = ()>>>>::{closure#0}, core::option::Option<()>>::{closure#0}>
             at /Users/mtakemiya/.cargo/registry/src/index.crates.io-1949cf8c6b5b557f/tokio-1.53.1/src/runtime/context.rs:187:17
  31: <tokio::runtime::scheduler::current_thread::CoreGuard>::enter::<<tokio::runtime::scheduler::current_thread::CoreGuard>::block_on<core::pin::Pin<&mut core::pin::Pin<&mut dyn core::future::future::Future<Output = ()>>>>::{closure#0}, core::option::Option<()>>
             at /Users/mtakemiya/.cargo/registry/src/index.crates.io-1949cf8c6b5b557f/tokio-1.53.1/src/runtime/scheduler/current_thread/mod.rs:906:27
  32: <tokio::runtime::scheduler::current_thread::CoreGuard>::block_on::<core::pin::Pin<&mut core::pin::Pin<&mut dyn core::future::future::Future<Output = ()>>>>
             at /Users/mtakemiya/.cargo/registry/src/index.crates.io-1949cf8c6b5b557f/tokio-1.53.1/src/runtime/scheduler/current_thread/mod.rs:817:24
  33: <tokio::runtime::scheduler::current_thread::CurrentThread>::block_on::<core::pin::Pin<&mut dyn core::future::future::Future<Output = ()>>>::{closure#0}
             at /Users/mtakemiya/.cargo/registry/src/index.crates.io-1949cf8c6b5b557f/tokio-1.53.1/src/runtime/scheduler/current_thread/mod.rs:218:33
  34: tokio::runtime::context::runtime::enter_runtime::<<tokio::runtime::scheduler::current_thread::CurrentThread>::block_on<core::pin::Pin<&mut dyn core::future::future::Future<Output = ()>>>::{closure#0}, ()>
             at /Users/mtakemiya/.cargo/registry/src/index.crates.io-1949cf8c6b5b557f/tokio-1.53.1/src/runtime/context/runtime.rs:65:16
  35: <tokio::runtime::scheduler::current_thread::CurrentThread>::block_on::<core::pin::Pin<&mut dyn core::future::future::Future<Output = ()>>>
             at /Users/mtakemiya/.cargo/registry/src/index.crates.io-1949cf8c6b5b557f/tokio-1.53.1/src/runtime/scheduler/current_thread/mod.rs:206:9
  36: <tokio::runtime::runtime::Runtime>::block_on_inner::<core::pin::Pin<&mut dyn core::future::future::Future<Output = ()>>>
             at /Users/mtakemiya/.cargo/registry/src/index.crates.io-1949cf8c6b5b557f/tokio-1.53.1/src/runtime/runtime.rs:374:52
  37: <tokio::runtime::runtime::Runtime>::block_on::<core::pin::Pin<&mut dyn core::future::future::Future<Output = ()>>>
             at /Users/mtakemiya/.cargo/registry/src/index.crates.io-1949cf8c6b5b557f/tokio-1.53.1/src/runtime/runtime.rs:343:18
  38: kasumi_store::live_trust::tests::failed_worker_outcome_survives_facade_drop_and_blocks_silent_cache_replacement
             at ./crates/kasumi-store/src/live_trust_tests.rs:853:38
  39: kasumi_store::live_trust::tests::failed_worker_outcome_survives_facade_drop_and_blocks_silent_cache_replacement::{closure#0}
             at ./crates/kasumi-store/src/live_trust_tests.rs:795:90
  40: <kasumi_store::live_trust::tests::failed_worker_outcome_survives_facade_drop_and_blocks_silent_cache_replacement::{closure#0} as core::ops::function::FnOnce<()>>::call_once
             at /rustc/8bab26f4f68e0e26f0bb7960be334d5b520ea452/library/core/src/ops/function.rs:250:5
  41: <fn() -> core::result::Result<(), alloc::string::String> as core::ops::function::FnOnce<()>>::call_once
             at /rustc/8bab26f4f68e0e26f0bb7960be334d5b520ea452/library/core/src/ops/function.rs:250:5
note: Some details are omitted, run with `RUST_BACKTRACE=full` for a verbose backtrace.
ok
test live_trust::tests::issuance_and_encoded_response_require_the_exact_active_signer_owner ... ok
test live_trust::tests::stopped_stage_and_new_admin_requests_preserve_original_identity_and_reject_format_fallback ... ok
test live_trust::tests::uncertain_activation_closes_old_owner_and_exact_receipt_recovers_from_encrypted_state ... ok
test node_database::tests::already_queued_writer_retains_database_without_blocking_close ... ok
test node_database::tests::close_panic_retains_original_payload_and_cannot_become_clean_on_retry ... 
thread 'node_database::tests::close_panic_retains_original_payload_and_cannot_become_clean_on_retry' (6216247) panicked at crates/kasumi-store/src/node_database.rs:214:13:
Box<dyn Any>
stack backtrace:
   0: std::panicking::begin_panic::<kasumi_store::node_database::tests::OriginalClosePanic>
             at /rustc/8bab26f4f68e0e26f0bb7960be334d5b520ea452/library/std/src/panicking.rs:761:5
   1: std::panic::panic_any::<kasumi_store::node_database::tests::OriginalClosePanic>
             at /rustc/8bab26f4f68e0e26f0bb7960be334d5b520ea452/library/std/src/panic.rs:260:5
   2: <kasumi_store::node_database::tests::PanicBackend as redb::db::StorageBackend>::close
             at ./crates/kasumi-store/src/node_database.rs:214:13
   3: <redb::tree_store::page_store::cached_file::CheckedBackend>::close
             at ./vendor/redb-4.2.0/src/tree_store/page_store/cached_file.rs:172:27
   4: <redb::tree_store::page_store::cached_file::PagedCachedFile>::close
             at ./vendor/redb-4.2.0/src/tree_store/page_store/cached_file.rs:403:19
   5: <redb::tree_store::page_store::page_manager::TransactionalMemory>::close
             at ./vendor/redb-4.2.0/src/tree_store/page_store/page_manager.rs:1410:41
   6: <redb::db::Database>::close
             at ./vendor/redb-4.2.0/src/db.rs:635:18
   7: <kasumi_store::node_database::NodeDatabase>::close::{closure#0}
             at ./crates/kasumi-store/src/node_database.rs:97:89
   8: <core::panic::unwind_safe::AssertUnwindSafe<<kasumi_store::node_database::NodeDatabase>::close::{closure#0}> as core::ops::function::FnOnce<()>>::call_once
             at /rustc/8bab26f4f68e0e26f0bb7960be334d5b520ea452/library/core/src/panic/unwind_safe.rs:275:9
   9: std::panicking::catch_unwind::do_call::<core::panic::unwind_safe::AssertUnwindSafe<<kasumi_store::node_database::NodeDatabase>::close::{closure#0}>, core::result::Result<(), redb::error::CloseError<redb::db::Database>>>
             at /rustc/8bab26f4f68e0e26f0bb7960be334d5b520ea452/library/std/src/panicking.rs:581:40
  10: ___rust_try
  11: std::panicking::catch_unwind::<core::result::Result<(), redb::error::CloseError<redb::db::Database>>, core::panic::unwind_safe::AssertUnwindSafe<<kasumi_store::node_database::NodeDatabase>::close::{closure#0}>>
             at /rustc/8bab26f4f68e0e26f0bb7960be334d5b520ea452/library/std/src/panicking.rs:544:19
  12: std::panic::catch_unwind::<core::panic::unwind_safe::AssertUnwindSafe<<kasumi_store::node_database::NodeDatabase>::close::{closure#0}>, core::result::Result<(), redb::error::CloseError<redb::db::Database>>>
             at /rustc/8bab26f4f68e0e26f0bb7960be334d5b520ea452/library/std/src/panic.rs:359:14
  13: <kasumi_store::node_database::NodeDatabase>::close
             at ./crates/kasumi-store/src/node_database.rs:97:35
  14: kasumi_store::node_database::tests::close_panic_retains_original_payload_and_cannot_become_clean_on_retry
             at ./crates/kasumi-store/src/node_database.rs:226:30
  15: kasumi_store::node_database::tests::close_panic_retains_original_payload_and_cannot_become_clean_on_retry::{closure#0}
             at ./crates/kasumi-store/src/node_database.rs:219:79
  16: <kasumi_store::node_database::tests::close_panic_retains_original_payload_and_cannot_become_clean_on_retry::{closure#0} as core::ops::function::FnOnce<()>>::call_once
             at /rustc/8bab26f4f68e0e26f0bb7960be334d5b520ea452/library/core/src/ops/function.rs:250:5
  17: <fn() -> core::result::Result<(), alloc::string::String> as core::ops::function::FnOnce<()>>::call_once
             at /rustc/8bab26f4f68e0e26f0bb7960be334d5b520ea452/library/core/src/ops/function.rs:250:5
note: Some details are omitted, run with `RUST_BACKTRACE=full` for a verbose backtrace.
ok
test node_database::tests::pinned_transaction_keeps_close_retained_and_repeated_issue_identity ... ok
test node_disk::batch::tests::abandoned_or_partially_consumed_plan_stays_retained_until_complete_census ... ok
test node_disk::batch::tests::complete_plan_shortages_precede_every_namespace_effect ... ok
test node_disk::batch::tests::descendant_claim_uses_retained_prefix_and_exact_component_limits ... ok
test node_disk::batch::tests::permits_transfer_exactly_once_without_charging_extent_twice ... ok
test node_disk::batch::tests::physical_owner_excludes_a_second_reservation_writer_until_actual_retirement ... ok
test node_disk::batch::tests::pristine_cancel_retires_all_future_backing_and_returns_exact_credit ... ok
test node_disk::batch::tests::reserved_binding_and_parent_allowance_remain_unavailable_to_unrelated_creates ... ok
test node_disk::batch::tests::wrong_binding_duplicate_transfer_and_premature_finish_cannot_spend_permits ... ok
test node_disk::census::tests::actual_initial_promise_overflow_removes_only_the_unpublished_registration ... ok
test node_disk::census::tests::cancellation_between_steps_closes_actual_stream_and_resets_partial_spare ... ok
test node_disk::census::tests::cancellation_retains_independent_native_close_error_without_retry ... ok
test node_disk::census::tests::checked_geometry_never_substitutes_step_work_for_namespace_capacity ... ok
test node_disk::census::tests::file_and_subdirectory_excess_fail_without_candidate_publication ... ok
test node_disk::census::tests::full_file_and_directory_geometry_progresses_without_reopening_streams ... ok
test node_disk::census::tests::ordinary_initial_failure_retires_descriptors_before_admission_credit ... ok
test node_disk::census::tests::original_tiny_file_population_reconciles_without_reducing_admission ... ok
test node_disk::census::tests::provisional_arc_allocation_retires_before_lease_on_error_and_unwind ... 
thread 'node_disk::census::tests::provisional_arc_allocation_retires_before_lease_on_error_and_unwind' (6216305) panicked at crates/kasumi-store/src/node_disk/census/tests.rs:580:21:
original provisional publication panic
stack backtrace:
   0: __rustc::rust_begin_unwind
             at /rustc/8bab26f4f68e0e26f0bb7960be334d5b520ea452/library/std/src/panicking.rs:689:5
   1: core::panicking::panic_fmt
             at /rustc/8bab26f4f68e0e26f0bb7960be334d5b520ea452/library/core/src/panicking.rs:80:14
   2: kasumi_store::node_disk::census::tests::provisional_arc_allocation_retires_before_lease_on_error_and_unwind::{closure#0}::{closure#0}
             at ./crates/kasumi-store/src/node_disk/census/tests.rs:580:21
   3: kasumi_store::allocation_tests::observe_deallocation::<core::result::Result<(), anyhow::Error>, kasumi_store::node_disk::census::tests::provisional_arc_allocation_retires_before_lease_on_error_and_unwind::{closure#0}::{closure#0}>
             at ./crates/kasumi-store/src/allocation_tests.rs:168:5
   4: kasumi_store::node_disk::census::tests::provisional_arc_allocation_retires_before_lease_on_error_and_unwind::{closure#0}
             at ./crates/kasumi-store/src/node_disk/census/tests.rs:577:13
   5: <core::panic::unwind_safe::AssertUnwindSafe<kasumi_store::node_disk::census::tests::provisional_arc_allocation_retires_before_lease_on_error_and_unwind::{closure#0}> as core::ops::function::FnOnce<()>>::call_once
             at /rustc/8bab26f4f68e0e26f0bb7960be334d5b520ea452/library/core/src/panic/unwind_safe.rs:275:9
   6: std::panicking::catch_unwind::do_call::<core::panic::unwind_safe::AssertUnwindSafe<kasumi_store::node_disk::census::tests::provisional_arc_allocation_retires_before_lease_on_error_and_unwind::{closure#0}>, core::result::Result<(), anyhow::Error>>
             at /rustc/8bab26f4f68e0e26f0bb7960be334d5b520ea452/library/std/src/panicking.rs:581:40
   7: ___rust_try
   8: std::panicking::catch_unwind::<core::result::Result<(), anyhow::Error>, core::panic::unwind_safe::AssertUnwindSafe<kasumi_store::node_disk::census::tests::provisional_arc_allocation_retires_before_lease_on_error_and_unwind::{closure#0}>>
             at /rustc/8bab26f4f68e0e26f0bb7960be334d5b520ea452/library/std/src/panicking.rs:544:19
   9: std::panic::catch_unwind::<core::panic::unwind_safe::AssertUnwindSafe<kasumi_store::node_disk::census::tests::provisional_arc_allocation_retires_before_lease_on_error_and_unwind::{closure#0}>, core::result::Result<(), anyhow::Error>>
             at /rustc/8bab26f4f68e0e26f0bb7960be334d5b520ea452/library/std/src/panic.rs:359:14
  10: kasumi_store::node_disk::census::tests::provisional_arc_allocation_retires_before_lease_on_error_and_unwind
             at ./crates/kasumi-store/src/node_disk/census/tests.rs:576:23
  11: kasumi_store::node_disk::census::tests::provisional_arc_allocation_retires_before_lease_on_error_and_unwind::{closure#0}
             at ./crates/kasumi-store/src/node_disk/census/tests.rs:545:73
  12: <kasumi_store::node_disk::census::tests::provisional_arc_allocation_retires_before_lease_on_error_and_unwind::{closure#0} as core::ops::function::FnOnce<()>>::call_once
             at /rustc/8bab26f4f68e0e26f0bb7960be334d5b520ea452/library/core/src/ops/function.rs:250:5
  13: <fn() -> core::result::Result<(), alloc::string::String> as core::ops::function::FnOnce<()>>::call_once
             at /rustc/8bab26f4f68e0e26f0bb7960be334d5b520ea452/library/core/src/ops/function.rs:250:5
note: Some details are omitted, run with `RUST_BACKTRACE=full` for a verbose backtrace.
ok
test node_disk::census::tests::uncertain_initial_close_retains_registered_outcome_and_resources_through_error_or_unwind ... 
thread 'node_disk::census::tests::uncertain_initial_close_retains_registered_outcome_and_resources_through_error_or_unwind' (6216306) panicked at crates/kasumi-store/src/node_disk/census/tests.rs:429:17:
injected initial census unwind
stack backtrace:
   0: __rustc::rust_begin_unwind
             at /rustc/8bab26f4f68e0e26f0bb7960be334d5b520ea452/library/std/src/panicking.rs:689:5
   1: core::panicking::panic_fmt
             at /rustc/8bab26f4f68e0e26f0bb7960be334d5b520ea452/library/core/src/panicking.rs:80:14
   2: kasumi_store::node_disk::census::tests::uncertain_initial_close_retains_registered_outcome_and_resources_through_error_or_unwind::{closure#1}
             at ./crates/kasumi-store/src/node_disk/census/tests.rs:429:17
   3: <kasumi_store::node_disk::census::tests::uncertain_initial_close_retains_registered_outcome_and_resources_through_error_or_unwind::{closure#1} as core::ops::function::FnOnce<()>>::call_once
             at /rustc/8bab26f4f68e0e26f0bb7960be334d5b520ea452/library/core/src/ops/function.rs:250:5
   4: <core::panic::unwind_safe::AssertUnwindSafe<kasumi_store::node_disk::census::tests::uncertain_initial_close_retains_registered_outcome_and_resources_through_error_or_unwind::{closure#1}> as core::ops::function::FnOnce<()>>::call_once
             at /rustc/8bab26f4f68e0e26f0bb7960be334d5b520ea452/library/core/src/panic/unwind_safe.rs:275:9
   5: std::panicking::catch_unwind::do_call::<core::panic::unwind_safe::AssertUnwindSafe<kasumi_store::node_disk::census::tests::uncertain_initial_close_retains_registered_outcome_and_resources_through_error_or_unwind::{closure#1}>, ()>
             at /rustc/8bab26f4f68e0e26f0bb7960be334d5b520ea452/library/std/src/panicking.rs:581:40
   6: ___rust_try
   7: std::panicking::catch_unwind::<(), core::panic::unwind_safe::AssertUnwindSafe<kasumi_store::node_disk::census::tests::uncertain_initial_close_retains_registered_outcome_and_resources_through_error_or_unwind::{closure#1}>>
             at /rustc/8bab26f4f68e0e26f0bb7960be334d5b520ea452/library/std/src/panicking.rs:544:19
   8: std::panic::catch_unwind::<core::panic::unwind_safe::AssertUnwindSafe<kasumi_store::node_disk::census::tests::uncertain_initial_close_retains_registered_outcome_and_resources_through_error_or_unwind::{closure#1}>, ()>
             at /rustc/8bab26f4f68e0e26f0bb7960be334d5b520ea452/library/std/src/panic.rs:359:14
   9: kasumi_store::node_disk::census::tests::uncertain_initial_close_retains_registered_outcome_and_resources_through_error_or_unwind
             at ./crates/kasumi-store/src/node_disk/census/tests.rs:435:20
  10: kasumi_store::node_disk::census::tests::uncertain_initial_close_retains_registered_outcome_and_resources_through_error_or_unwind::{closure#0}
             at ./crates/kasumi-store/src/node_disk/census/tests.rs:391:94
  11: <kasumi_store::node_disk::census::tests::uncertain_initial_close_retains_registered_outcome_and_resources_through_error_or_unwind::{closure#0} as core::ops::function::FnOnce<()>>::call_once
             at /rustc/8bab26f4f68e0e26f0bb7960be334d5b520ea452/library/core/src/ops/function.rs:250:5
  12: <fn() -> core::result::Result<(), alloc::string::String> as core::ops::function::FnOnce<()>>::call_once
             at /rustc/8bab26f4f68e0e26f0bb7960be334d5b520ea452/library/core/src/ops/function.rs:250:5
note: Some details are omitted, run with `RUST_BACKTRACE=full` for a verbose backtrace.
ok
test node_disk::census::tests::uncertain_reconcile_close_retains_old_ledger_promises_and_drain_fence ... ok
test node_disk::census::tests::unfinished_or_unwound_session_cannot_publish_partial_candidate ... 
thread 'node_disk::census::tests::unfinished_or_unwound_session_cannot_publish_partial_candidate' (6216316) panicked at crates/kasumi-store/src/node_disk/census/tests.rs:281:21:
injected census unwind
stack backtrace:
   0: __rustc::rust_begin_unwind
             at /rustc/8bab26f4f68e0e26f0bb7960be334d5b520ea452/library/std/src/panicking.rs:689:5
   1: core::panicking::panic_fmt
             at /rustc/8bab26f4f68e0e26f0bb7960be334d5b520ea452/library/core/src/panicking.rs:80:14
   2: kasumi_store::node_disk::census::tests::unfinished_or_unwound_session_cannot_publish_partial_candidate::{closure#0}
             at ./crates/kasumi-store/src/node_disk/census/tests.rs:281:21
   3: <kasumi_store::node_disk::census::tests::unfinished_or_unwound_session_cannot_publish_partial_candidate::{closure#0} as core::ops::function::FnOnce<()>>::call_once
             at /rustc/8bab26f4f68e0e26f0bb7960be334d5b520ea452/library/core/src/ops/function.rs:250:5
   4: <core::panic::unwind_safe::AssertUnwindSafe<kasumi_store::node_disk::census::tests::unfinished_or_unwound_session_cannot_publish_partial_candidate::{closure#0}> as core::ops::function::FnOnce<()>>::call_once
             at /rustc/8bab26f4f68e0e26f0bb7960be334d5b520ea452/library/core/src/panic/unwind_safe.rs:275:9
   5: std::panicking::catch_unwind::do_call::<core::panic::unwind_safe::AssertUnwindSafe<kasumi_store::node_disk::census::tests::unfinished_or_unwound_session_cannot_publish_partial_candidate::{closure#0}>, !>
             at /rustc/8bab26f4f68e0e26f0bb7960be334d5b520ea452/library/std/src/panicking.rs:581:40
   6: ___rust_try
   7: std::panicking::catch_unwind::<!, core::panic::unwind_safe::AssertUnwindSafe<kasumi_store::node_disk::census::tests::unfinished_or_unwound_session_cannot_publish_partial_candidate::{closure#0}>>
             at /rustc/8bab26f4f68e0e26f0bb7960be334d5b520ea452/library/std/src/panicking.rs:544:19
   8: std::panic::catch_unwind::<core::panic::unwind_safe::AssertUnwindSafe<kasumi_store::node_disk::census::tests::unfinished_or_unwound_session_cannot_publish_partial_candidate::{closure#0}>, !>
             at /rustc/8bab26f4f68e0e26f0bb7960be334d5b520ea452/library/std/src/panic.rs:359:14
   9: kasumi_store::node_disk::census::tests::unfinished_or_unwound_session_cannot_publish_partial_candidate
             at ./crates/kasumi-store/src/node_disk/census/tests.rs:270:17
  10: kasumi_store::node_disk::census::tests::unfinished_or_unwound_session_cannot_publish_partial_candidate::{closure#0}
             at ./crates/kasumi-store/src/node_disk/census/tests.rs:260:68
  11: <kasumi_store::node_disk::census::tests::unfinished_or_unwound_session_cannot_publish_partial_candidate::{closure#0} as core::ops::function::FnOnce<()>>::call_once
             at /rustc/8bab26f4f68e0e26f0bb7960be334d5b520ea452/library/core/src/ops/function.rs:250:5
  12: <fn() -> core::result::Result<(), alloc::string::String> as core::ops::function::FnOnce<()>>::call_once
             at /rustc/8bab26f4f68e0e26f0bb7960be334d5b520ea452/library/core/src/ops/function.rs:250:5
note: Some details are omitted, run with `RUST_BACKTRACE=full` for a verbose backtrace.
ok
test node_disk::directory::cursor::tests::alias_denial_and_cancellation_preserve_exact_cursor_and_directory_lifetimes ... ok
test node_disk::directory::cursor::tests::an_unenrolled_actual_entry_fences_and_failed_cursor_cannot_report_later_eof ... ok
test node_disk::directory::cursor::tests::cancellation_preserves_independent_close_error_and_explicit_close_cannot_report_success ... ok
test node_disk::directory::cursor::tests::census_workspace_cursor_limit_does_not_reduce_independent_directory_handle_limit ... ok
test node_disk::directory::cursor::tests::configured_name_boundary_is_read_without_truncation_or_native_name_copy ... ok
test node_disk::directory::cursor::tests::explicit_failed_partial_page_close_cannot_advertise_later_eof ... ok
test node_disk::directory::cursor::tests::managed_same_extent_rename_invalidates_scan_without_fencing_healthy_storage ... ok
test node_disk::directory::cursor::tests::repeated_independent_streams_borrow_bounded_names_and_retire_without_allocating ... ok
test node_disk::directory::cursor::tests::same_length_raw_sparse_materialization_rejects_changed_settled_extent ... ok
test node_disk::directory::cursor::tests::stream_fd_and_buffer_close_before_cursor_credit_and_before_directory_owner_drain ... ok
test node_disk::directory::cursor::tests::uncertain_stream_close_retains_the_actual_installed_owner_after_all_external_arcs_drop ... ok
test node_disk::directory::managed::tests::census_retires_actual_prepared_arc_backing_before_reopening_slot_admission ... ok
test node_disk::directory::managed::tests::generic_nonroot_open_retains_walk_close_failure_before_publication ... ok
test node_disk::directory::managed::tests::generic_nonroot_open_uses_retained_parent_walk_and_exact_identity ... ok
test node_disk::directory::managed::tests::managed_child_creation_open_and_removal_preserve_exact_enrollment_and_charge ... ok
test node_disk::directory::managed::tests::managed_child_names_depth_existing_identity_and_root_removal_are_exact ... ok
test node_disk::directory::managed::tests::managed_directory_cardinality_and_owner_capacity_deny_before_allocations_or_effects ... ok
test node_disk::directory::managed::tests::post_mkdir_error_retains_original_failure_and_allows_only_complete_census_resolution ... ok
test node_disk::directory::managed::tests::post_unlink_error_holds_actual_child_descriptor_and_extent_until_census ... ok
test node_disk::directory::managed::tests::preflight_ancestry_close_failure_keeps_new_descriptor_custody_before_mkdir ... ok
test node_disk::directory::managed::tests::retained_child_parent_prevents_removal_with_live_descendant_custody ... ok
test node_disk::directory::managed::tests::uncertain_native_close_is_sticky_and_preserves_primary_error_and_custody ... ok
test node_disk::directory::managed::tests::unknown_child_absence_retires_prepared_backing_and_descriptors_before_slot_reuse ... ok
test node_disk::directory::tests::admitted_directory_sync_read_and_last_drop_do_not_allocate_or_credit_extent ... ok
test node_disk::directory::tests::census_charges_directory_ceilings_and_records_actual_blocks_and_remaining_promises ... ok
test node_disk::directory::tests::directory_quota_denies_before_allocation_and_preserves_file_quota ... ok
test node_disk::directory::tests::failed_directory_census_replacement_retains_previous_entries_and_charge ... ok
test node_disk::directory::tests::failed_shared_device_rejects_directory_sync_without_releasing_custody_or_bytes ... ok
test node_disk::directory::tests::file_capacity_remains_independent_of_directory_membership ... ok
test node_disk::directory::tests::metadata_denial_precedes_directory_path_access_and_retains_no_partial_owner ... 
thread 'node_disk::directory::tests::metadata_denial_precedes_directory_path_access_and_retains_no_partial_owner' (6216389) panicked at crates/kasumi-store/src/test_utils.rs:74:9:
fixture bookkeeping admission denied
stack backtrace:
   0: __rustc::rust_begin_unwind
             at /rustc/8bab26f4f68e0e26f0bb7960be334d5b520ea452/library/std/src/panicking.rs:689:5
   1: core::panicking::panic_fmt
             at /rustc/8bab26f4f68e0e26f0bb7960be334d5b520ea452/library/core/src/panicking.rs:80:14
   2: <kasumi_store::test_utils::TestDiskMemory>::new
             at ./crates/kasumi-store/src/test_utils.rs:74:9
   3: kasumi_store::node_disk::directory::tests::metadata_denial_precedes_directory_path_access_and_retains_no_partial_owner
             at ./crates/kasumi-store/src/node_disk/directory/tests.rs:258:18
   4: kasumi_store::node_disk::directory::tests::metadata_denial_precedes_directory_path_access_and_retains_no_partial_owner::{closure#0}
             at ./crates/kasumi-store/src/node_disk/directory/tests.rs:253:81
   5: <kasumi_store::node_disk::directory::tests::metadata_denial_precedes_directory_path_access_and_retains_no_partial_owner::{closure#0} as core::ops::function::FnOnce<()>>::call_once
             at /rustc/8bab26f4f68e0e26f0bb7960be334d5b520ea452/library/core/src/ops/function.rs:250:5
   6: <fn() -> core::result::Result<(), alloc::string::String> as core::ops::function::FnOnce<()>>::call_once
             at /rustc/8bab26f4f68e0e26f0bb7960be334d5b520ea452/library/core/src/ops/function.rs:250:5
note: Some details are omitted, run with `RUST_BACKTRACE=full` for a verbose backtrace.
FAILED
test node_disk::directory::tests::operational_drain_is_not_published_until_after_actual_directory_close ... ok
test node_disk::directory::tests::required_directory_limit_is_not_deserialized_from_a_fallback ... ok
test node_disk::directory::tests::unchanged_final_directory_inode_does_not_hide_replaced_intermediate_ancestor ... ok
test node_disk::directory::tests::unknown_final_directory_absence_is_healthy_but_known_disappearance_fences ... ok
test node_disk::fixed_map::tests::absent_insertion_rebuilds_before_effect_without_any_new_allocation ... ok
test node_disk::fixed_map::tests::empty_tombstones_require_drain_not_clear_and_reset_does_not_allocate ... ok
test node_disk::fixed_map::tests::failed_and_cancelled_real_census_preserve_old_enrollment_then_publish_complete_candidate ... ok
test node_disk::fixed_map::tests::native_entry_geometry_preserves_original_million_entry_and_handle_policy ... inode_pair_size=112 inode_pair_align=8 live_pair_size=24 live_pair_align=8 inode_two_banks_requested=947912736 live_two_banks_requested=409632 cfg_test_owner=1372177954 physical_allocator_RSS_fit=UNQUALIFIED
ok
test node_disk::fixed_map::tests::occupied_replacement_at_zero_growth_does_not_call_hashmap_insert ... ok
test node_disk::fixed_map::tests::panic_during_spare_copy_preserves_complete_published_active_map ... 
thread 'node_disk::fixed_map::tests::panic_during_spare_copy_preserves_complete_published_active_map' (6216406) panicked at crates/kasumi-store/src/node_disk/fixed_map/tests.rs:102:13:
assertion `left != right` failed: injected third-copy failure
  left: 2
 right: 2
stack backtrace:
   0: __rustc::rust_begin_unwind
             at /rustc/8bab26f4f68e0e26f0bb7960be334d5b520ea452/library/std/src/panicking.rs:689:5
   1: core::panicking::panic_fmt
             at /rustc/8bab26f4f68e0e26f0bb7960be334d5b520ea452/library/core/src/panicking.rs:80:14
   2: core::panicking::assert_failed_inner
   3: core::panicking::assert_failed::<usize, usize>
             at /rustc/8bab26f4f68e0e26f0bb7960be334d5b520ea452/library/core/src/panicking.rs:394:5
   4: <kasumi_store::node_disk::fixed_map::tests::panic_during_spare_copy_preserves_complete_published_active_map::Value as core::clone::Clone>::clone
             at ./crates/kasumi-store/src/node_disk/fixed_map/tests.rs:102:13
   5: <kasumi_store::node_disk::fixed_map::Banks<kasumi_store::node_disk::fixed_map::tests::panic_during_spare_copy_preserves_complete_published_active_map::Value>>::try_reserve
             at ./crates/kasumi-store/src/node_disk/fixed_map.rs:150:52
   6: kasumi_store::node_disk::fixed_map::tests::panic_during_spare_copy_preserves_complete_published_active_map::{closure#2}
             at ./crates/kasumi-store/src/node_disk/fixed_map/tests.rs:117:81
   7: <kasumi_store::node_disk::fixed_map::tests::panic_during_spare_copy_preserves_complete_published_active_map::{closure#2} as core::ops::function::FnOnce<()>>::call_once
             at /rustc/8bab26f4f68e0e26f0bb7960be334d5b520ea452/library/core/src/ops/function.rs:250:5
   8: <core::panic::unwind_safe::AssertUnwindSafe<kasumi_store::node_disk::fixed_map::tests::panic_during_spare_copy_preserves_complete_published_active_map::{closure#2}> as core::ops::function::FnOnce<()>>::call_once
             at /rustc/8bab26f4f68e0e26f0bb7960be334d5b520ea452/library/core/src/panic/unwind_safe.rs:275:9
   9: std::panicking::catch_unwind::do_call::<core::panic::unwind_safe::AssertUnwindSafe<kasumi_store::node_disk::fixed_map::tests::panic_during_spare_copy_preserves_complete_published_active_map::{closure#2}>, core::result::Result<(), std::io::error::Error>>
             at /rustc/8bab26f4f68e0e26f0bb7960be334d5b520ea452/library/std/src/panicking.rs:581:40
  10: ___rust_try
  11: std::panicking::catch_unwind::<core::result::Result<(), std::io::error::Error>, core::panic::unwind_safe::AssertUnwindSafe<kasumi_store::node_disk::fixed_map::tests::panic_during_spare_copy_preserves_complete_published_active_map::{closure#2}>>
             at /rustc/8bab26f4f68e0e26f0bb7960be334d5b520ea452/library/std/src/panicking.rs:544:19
  12: std::panic::catch_unwind::<core::panic::unwind_safe::AssertUnwindSafe<kasumi_store::node_disk::fixed_map::tests::panic_during_spare_copy_preserves_complete_published_active_map::{closure#2}>, core::result::Result<(), std::io::error::Error>>
             at /rustc/8bab26f4f68e0e26f0bb7960be334d5b520ea452/library/std/src/panic.rs:359:14
  13: kasumi_store::node_disk::fixed_map::tests::panic_during_spare_copy_preserves_complete_published_active_map
             at ./crates/kasumi-store/src/node_disk/fixed_map/tests.rs:117:18
  14: kasumi_store::node_disk::fixed_map::tests::panic_during_spare_copy_preserves_complete_published_active_map::{closure#0}
             at ./crates/kasumi-store/src/node_disk/fixed_map/tests.rs:93:69
  15: <kasumi_store::node_disk::fixed_map::tests::panic_during_spare_copy_preserves_complete_published_active_map::{closure#0} as core::ops::function::FnOnce<()>>::call_once
             at /rustc/8bab26f4f68e0e26f0bb7960be334d5b520ea452/library/core/src/ops/function.rs:250:5
  16: <fn() -> core::result::Result<(), alloc::string::String> as core::ops::function::FnOnce<()>>::call_once
             at /rustc/8bab26f4f68e0e26f0bb7960be334d5b520ea452/library/core/src/ops/function.rs:250:5
note: Some details are omitted, run with `RUST_BACKTRACE=full` for a verbose backtrace.
ok
test node_disk::fixed_map::tests::pinned_requested_bytes_cover_exact_two_bank_allocations_without_growth_factor ... ok
test node_disk::fixed_map::tests::rebuilt_weak_registry_retires_duplicates_before_actual_last_weak_allocation_destruction ... ok
test node_disk::fixed_map::tests::repeated_churn_retains_every_logical_slot_without_allocating_or_reducing_limits ... ok
test node_disk::fixed_map::tests::smaller_census_stage_preserves_full_retained_quota_after_swap_and_cancel ... ok
test node_disk::ledger::tests::peak_cardinality_overflow_fails_before_allocation ... ok
test node_disk::ledger::tests::retained_and_replacement_bounds_preserve_independent_file_capacity ... ok
test node_disk::ledger::tests::typed_entries_never_reinterpret_another_inode_kind ... ok
test node_disk::ledger::tests::unified_identity_rejects_cross_kind_double_enrollment ... ok
test node_disk::namespace::tests::create_same_parent_publish_cross_parent_publish_and_unlink_settle_actual_parents ... ok
test node_disk::namespace::tests::failed_parent_sync_retains_all_promises_and_an_unsettled_parent_until_census ... ok
test node_disk::namespace::tests::file_custody_rejects_a_replaced_intermediate_ancestor_even_when_final_inode_survives ... ok
test node_disk::namespace::tests::required_policy_and_entry_limit_reject_before_create_without_reducing_cleanup ... ok
test node_disk::tests::a_retiring_predecessor_keeps_exclusive_registration_until_all_resources_close ... ok
test node_disk::tests::abandoned_namespace_preparation_releases_registration_without_deadlock ... ok
test node_disk::tests::abandoned_preparation_closes_target_descriptors_before_the_next_preparation ... ok
test node_disk::tests::admitted_publication_rebinds_name_and_reclaim_forgets_it ... ok
test node_disk::tests::cancelled_or_cardinality_exhausted_census_publishes_no_partial_owner ... ok
test node_disk::tests::census_counts_closed_files_and_repeated_cursors_start_at_the_beginning ... ok
test node_disk::tests::census_failure_closes_real_descriptors_before_releasing_metadata ... ok
test node_disk::tests::concurrent_final_file_clones_retire_exactly_one_registration ... ok
test node_disk::tests::disappeared_censused_and_closed_created_names_fence_without_credit ... 
thread 'node_disk::tests::disappeared_censused_and_closed_created_names_fence_without_credit' (6216474) panicked at crates/kasumi-store/src/node_disk/tests.rs:1713:14:
called `Result::unwrap()` on an `Err` value: Kind(InvalidData)
stack backtrace:
   0: __rustc::rust_begin_unwind
             at /rustc/8bab26f4f68e0e26f0bb7960be334d5b520ea452/library/std/src/panicking.rs:689:5
   1: core::panicking::panic_fmt
             at /rustc/8bab26f4f68e0e26f0bb7960be334d5b520ea452/library/core/src/panicking.rs:80:14
   2: core::result::unwrap_failed
             at /rustc/8bab26f4f68e0e26f0bb7960be334d5b520ea452/library/core/src/result.rs:1867:5
   3: <core::result::Result<kasumi_store::node_disk::file::PreparedFile, std::io::error::Error>>::unwrap
             at /rustc/8bab26f4f68e0e26f0bb7960be334d5b520ea452/library/core/src/result.rs:1233:23
   4: kasumi_store::node_disk::tests::disappeared_censused_and_closed_created_names_fence_without_credit
             at ./crates/kasumi-store/src/node_disk/tests.rs:1713:14
   5: kasumi_store::node_disk::tests::disappeared_censused_and_closed_created_names_fence_without_credit::{closure#0}
             at ./crates/kasumi-store/src/node_disk/tests.rs:1689:72
   6: <kasumi_store::node_disk::tests::disappeared_censused_and_closed_created_names_fence_without_credit::{closure#0} as core::ops::function::FnOnce<()>>::call_once
             at /rustc/8bab26f4f68e0e26f0bb7960be334d5b520ea452/library/core/src/ops/function.rs:250:5
   7: <fn() -> core::result::Result<(), alloc::string::String> as core::ops::function::FnOnce<()>>::call_once
             at /rustc/8bab26f4f68e0e26f0bb7960be334d5b520ea452/library/core/src/ops/function.rs:250:5
note: Some details are omitted, run with `RUST_BACKTRACE=full` for a verbose backtrace.
FAILED
test node_disk::tests::dropped_unmaterialized_growth_is_retained_until_exclusive_reconciliation ... ok
test node_disk::tests::duplicate_live_inode_open_requires_explicit_owner_clone ... ok
test node_disk::tests::enrolled_extents_survive_all_physical_updates_and_descriptor_reopens ... ok
test node_disk::tests::enrolled_file_metadata_limit_rejects_before_creating_an_untracked_inode ... ok
test node_disk::tests::enrolled_target_conflict_accepts_only_actual_admitted_growth ... ok
test node_disk::tests::enrolled_target_unauthorized_growth_never_becomes_a_healthy_conflict ... ok
test node_disk::tests::envelope_identity_and_durability_retain_custody_until_the_last_handle_closes ... ok
test node_disk::tests::envelope_inspection_and_publication_reject_inode_and_parent_substitution ... ok
test node_disk::tests::explicit_settlement_returns_only_unused_promises_and_requires_exact_extent ... ok
test node_disk::tests::failed_creation_retains_provisional_enrollment_without_registered_drop ... ok
test node_disk::tests::failed_direct_handles_never_release_bytes_or_restart_sync ... ok
test node_disk::tests::identity_failure_and_uncertain_file_drop_fence_without_allocating ... ok
test node_disk::tests::immutable_publication_preserves_the_inode_and_its_capacity_charge ... ok
test node_disk::tests::installed_metadata_reuse_keeps_one_exact_core_and_one_retained_envelope ... ok
test node_disk::tests::live_enrolled_target_conflicts_remain_healthy_and_preserve_content ... ok
test node_disk::tests::live_shrink_cannot_release_unmaterialized_or_unsynced_growth ... ok
test node_disk::tests::live_shrink_failure_retains_charges_through_drop_and_fences_shared_device ... ok
test node_disk::tests::live_shrink_requires_the_only_mutable_file_owner ... ok
test node_disk::tests::live_shrink_retains_identity_and_lock_with_exact_reopen_accounting ... ok
test node_disk::tests::maintenance_has_reserved_capacity_and_denial_changes_no_extent_or_charge ... ok
test node_disk::tests::metadata_denial_precedes_root_open_and_retained_census_allocation ... ok
test node_disk::tests::metadata_planning_has_no_heap_or_filesystem_effect_and_checks_overflow ... ok
test node_disk::tests::missing_enrolled_target_cannot_be_recreated_or_published_over ... 
thread 'node_disk::tests::missing_enrolled_target_cannot_be_recreated_or_published_over' (6216608) panicked at crates/kasumi-store/src/node_disk/tests.rs:1817:18:
called `Result::unwrap()` on an `Err` value: Kind(InvalidData)
stack backtrace:
   0: __rustc::rust_begin_unwind
             at /rustc/8bab26f4f68e0e26f0bb7960be334d5b520ea452/library/std/src/panicking.rs:689:5
   1: core::panicking::panic_fmt
             at /rustc/8bab26f4f68e0e26f0bb7960be334d5b520ea452/library/core/src/panicking.rs:80:14
   2: core::result::unwrap_failed
             at /rustc/8bab26f4f68e0e26f0bb7960be334d5b520ea452/library/core/src/result.rs:1867:5
   3: <core::result::Result<kasumi_store::node_disk::file::PreparedFile, std::io::error::Error>>::unwrap
             at /rustc/8bab26f4f68e0e26f0bb7960be334d5b520ea452/library/core/src/result.rs:1233:23
   4: kasumi_store::node_disk::tests::missing_enrolled_target_cannot_be_recreated_or_published_over
             at ./crates/kasumi-store/src/node_disk/tests.rs:1817:18
   5: kasumi_store::node_disk::tests::missing_enrolled_target_cannot_be_recreated_or_published_over::{closure#0}
             at ./crates/kasumi-store/src/node_disk/tests.rs:1797:67
   6: <kasumi_store::node_disk::tests::missing_enrolled_target_cannot_be_recreated_or_published_over::{closure#0} as core::ops::function::FnOnce<()>>::call_once
             at /rustc/8bab26f4f68e0e26f0bb7960be334d5b520ea452/library/core/src/ops/function.rs:250:5
   7: <fn() -> core::result::Result<(), alloc::string::String> as core::ops::function::FnOnce<()>>::call_once
             at /rustc/8bab26f4f68e0e26f0bb7960be334d5b520ea452/library/core/src/ops/function.rs:250:5
note: Some details are omitted, run with `RUST_BACKTRACE=full` for a verbose backtrace.
FAILED
test node_disk::tests::node_store_rejects_different_isolated_memory_before_touching_file ... ok
test node_disk::tests::open_file_metadata_budget_is_bounded_and_close_returns_only_metadata_capacity ... ok
test node_disk::tests::partial_metadata_admission_never_leaves_unfunded_provisional_owners ... ok
test node_disk::tests::pause_seals_new_reservations_but_drains_reserved_io_and_retains_sparse_promises ... ok
test node_disk::tests::paused_direct_handles_can_finish_only_already_admitted_io ... ok
test node_disk::tests::persistent_and_scratch_cannot_spend_the_same_filesystem_promise ... ok
test node_disk::tests::physical_reclaim_requires_sole_owner_and_releases_only_verified_extent ... ok
test node_disk::tests::poisoned_shared_promises_cannot_be_reopened_by_either_owner ... 
thread 'node_disk::tests::poisoned_shared_promises_cannot_be_reopened_by_either_owner' (6216631) panicked at crates/kasumi-store/src/device_disk.rs:170:13:
injected shared promise mutation panic
stack backtrace:
   0: __rustc::rust_begin_unwind
             at /rustc/8bab26f4f68e0e26f0bb7960be334d5b520ea452/library/std/src/panicking.rs:689:5
   1: core::panicking::panic_fmt
             at /rustc/8bab26f4f68e0e26f0bb7960be334d5b520ea452/library/core/src/panicking.rs:80:14
   2: <kasumi_store::device_disk::DeviceDisk>::poison::{closure#0}
             at ./crates/kasumi-store/src/device_disk.rs:170:13
   3: <<kasumi_store::device_disk::DeviceDisk>::poison::{closure#0} as core::ops::function::FnOnce<()>>::call_once
             at /rustc/8bab26f4f68e0e26f0bb7960be334d5b520ea452/library/core/src/ops/function.rs:250:5
   4: <core::panic::unwind_safe::AssertUnwindSafe<<kasumi_store::device_disk::DeviceDisk>::poison::{closure#0}> as core::ops::function::FnOnce<()>>::call_once
             at /rustc/8bab26f4f68e0e26f0bb7960be334d5b520ea452/library/core/src/panic/unwind_safe.rs:275:9
   5: std::panicking::catch_unwind::do_call::<core::panic::unwind_safe::AssertUnwindSafe<<kasumi_store::device_disk::DeviceDisk>::poison::{closure#0}>, !>
             at /rustc/8bab26f4f68e0e26f0bb7960be334d5b520ea452/library/std/src/panicking.rs:581:40
   6: ___rust_try
   7: std::panicking::catch_unwind::<!, core::panic::unwind_safe::AssertUnwindSafe<<kasumi_store::device_disk::DeviceDisk>::poison::{closure#0}>>
             at /rustc/8bab26f4f68e0e26f0bb7960be334d5b520ea452/library/std/src/panicking.rs:544:19
   8: std::panic::catch_unwind::<core::panic::unwind_safe::AssertUnwindSafe<<kasumi_store::device_disk::DeviceDisk>::poison::{closure#0}>, !>
             at /rustc/8bab26f4f68e0e26f0bb7960be334d5b520ea452/library/std/src/panic.rs:359:14
   9: <kasumi_store::device_disk::DeviceDisk>::poison
             at ./crates/kasumi-store/src/device_disk.rs:168:23
  10: kasumi_store::node_disk::tests::poisoned_shared_promises_cannot_be_reopened_by_either_owner
             at ./crates/kasumi-store/src/node_disk/tests.rs:556:17
  11: kasumi_store::node_disk::tests::poisoned_shared_promises_cannot_be_reopened_by_either_owner::{closure#0}
             at ./crates/kasumi-store/src/node_disk/tests.rs:537:65
  12: <kasumi_store::node_disk::tests::poisoned_shared_promises_cannot_be_reopened_by_either_owner::{closure#0} as core::ops::function::FnOnce<()>>::call_once
             at /rustc/8bab26f4f68e0e26f0bb7960be334d5b520ea452/library/core/src/ops/function.rs:250:5
  13: <fn() -> core::result::Result<(), alloc::string::String> as core::ops::function::FnOnce<()>>::call_once
             at /rustc/8bab26f4f68e0e26f0bb7960be334d5b520ea452/library/core/src/ops/function.rs:250:5
note: Some details are omitted, run with `RUST_BACKTRACE=full` for a verbose backtrace.
ok
test node_disk::tests::post_reclaim_failures_keep_credit_until_actual_drain_and_census_without_allocating ... ok
test node_disk::tests::post_rename_failures_keep_the_charge_and_return_without_allocating ... ok
test node_disk::tests::prepared_cross_directory_publication_and_physical_reclaim_do_not_allocate ... ok
test node_disk::tests::prepared_file_creation_registers_and_retires_without_allocating ... ok
test node_disk::tests::prepared_publication_abandonment_retires_old_weak_registration_once_without_allocation ... ok
test node_disk::tests::prepared_publication_conflict_returns_inline_without_fencing_or_replacing ... ok
test node_disk::tests::prepared_unknown_absence_revalidates_replaced_parent ... ok
test node_disk::tests::publication_conflict_keeps_both_files_and_the_owner_usable ... ok
test node_disk::tests::publication_preparation_missing_or_symlinked_ancestor_fences ... ok
test node_disk::tests::publication_preparation_replaced_root_fences_before_rename ... ok
test node_disk::tests::publication_replaced_private_source_ancestor_fences_before_rename ... 
thread 'node_disk::tests::publication_replaced_private_source_ancestor_fences_before_rename' (6216715) panicked at crates/kasumi-store/src/node_disk/tests.rs:1989:10:
called `Result::unwrap()` on an `Err` value: Kind(InvalidData)
stack backtrace:
   0: __rustc::rust_begin_unwind
             at /rustc/8bab26f4f68e0e26f0bb7960be334d5b520ea452/library/std/src/panicking.rs:689:5
   1: core::panicking::panic_fmt
             at /rustc/8bab26f4f68e0e26f0bb7960be334d5b520ea452/library/core/src/panicking.rs:80:14
   2: core::result::unwrap_failed
             at /rustc/8bab26f4f68e0e26f0bb7960be334d5b520ea452/library/core/src/result.rs:1867:5
   3: <core::result::Result<kasumi_store::node_disk::file::PreparedPublication, std::io::error::Error>>::unwrap
             at /rustc/8bab26f4f68e0e26f0bb7960be334d5b520ea452/library/core/src/result.rs:1233:23
   4: kasumi_store::node_disk::tests::publication_replaced_private_source_ancestor_fences_before_rename
             at ./crates/kasumi-store/src/node_disk/tests.rs:1989:10
   5: kasumi_store::node_disk::tests::publication_replaced_private_source_ancestor_fences_before_rename::{closure#0}
             at ./crates/kasumi-store/src/node_disk/tests.rs:1977:71
   6: <kasumi_store::node_disk::tests::publication_replaced_private_source_ancestor_fences_before_rename::{closure#0} as core::ops::function::FnOnce<()>>::call_once
             at /rustc/8bab26f4f68e0e26f0bb7960be334d5b520ea452/library/core/src/ops/function.rs:250:5
   7: <fn() -> core::result::Result<(), alloc::string::String> as core::ops::function::FnOnce<()>>::call_once
             at /rustc/8bab26f4f68e0e26f0bb7960be334d5b520ea452/library/core/src/ops/function.rs:250:5
note: Some details are omitted, run with `RUST_BACKTRACE=full` for a verbose backtrace.
FAILED
test node_disk::tests::publication_requires_actual_descriptor_clone_drain ... ok
test node_disk::tests::raw_created_file_is_not_adopted_after_the_installed_census ... ok
test node_disk::tests::raw_growth_of_a_closed_censused_inode_fences_without_rebasing_its_charge ... ok
test node_disk::tests::raw_rename_fences_both_missing_old_name_and_present_new_name ... ok
test node_disk::tests::reclaim_retires_parent_metadata_and_weak_backing_before_releasing_promises ... ok
test node_disk::tests::registry_busy_precedes_memory_acquisition_without_allocating ... ok
test node_disk::tests::replaced_parent_cannot_hide_enrolled_missing_leaf ... 
thread 'node_disk::tests::replaced_parent_cannot_hide_enrolled_missing_leaf' (6216769) panicked at crates/kasumi-store/src/node_disk/tests.rs:1900:5:
assertion `left == right` failed
  left: InvalidData
 right: NotFound
stack backtrace:
   0: __rustc::rust_begin_unwind
             at /rustc/8bab26f4f68e0e26f0bb7960be334d5b520ea452/library/std/src/panicking.rs:689:5
   1: core::panicking::panic_fmt
             at /rustc/8bab26f4f68e0e26f0bb7960be334d5b520ea452/library/core/src/panicking.rs:80:14
   2: core::panicking::assert_failed_inner
   3: core::panicking::assert_failed::<core::io::error::ErrorKind, core::io::error::ErrorKind>
             at /rustc/8bab26f4f68e0e26f0bb7960be334d5b520ea452/library/core/src/panicking.rs:394:5
   4: kasumi_store::node_disk::tests::replaced_parent_cannot_hide_enrolled_missing_leaf
             at ./crates/kasumi-store/src/node_disk/tests.rs:1900:5
   5: kasumi_store::node_disk::tests::replaced_parent_cannot_hide_enrolled_missing_leaf::{closure#0}
             at ./crates/kasumi-store/src/node_disk/tests.rs:1891:55
   6: <kasumi_store::node_disk::tests::replaced_parent_cannot_hide_enrolled_missing_leaf::{closure#0} as core::ops::function::FnOnce<()>>::call_once
             at /rustc/8bab26f4f68e0e26f0bb7960be334d5b520ea452/library/core/src/ops/function.rs:250:5
   7: <fn() -> core::result::Result<(), alloc::string::String> as core::ops::function::FnOnce<()>>::call_once
             at /rustc/8bab26f4f68e0e26f0bb7960be334d5b520ea452/library/core/src/ops/function.rs:250:5
note: Some details are omitted, run with `RUST_BACKTRACE=full` for a verbose backtrace.
FAILED
test node_disk::tests::retained_file_io_settlement_shrink_and_drop_do_not_allocate ... ok
test node_disk::tests::retiring_file_cannot_lend_handle_or_metadata_credit_before_parent_and_backing_release ... ok
test node_disk::tests::substitution_closes_shared_admission_and_does_not_delete_the_replacement ... ok
test node_disk::tests::symlinks_hardlinks_and_overlapping_roots_cannot_duplicate_census_charge ... ok
test node_disk::tests::uncertain_envelope_parent_sync_preserves_charges_through_close_and_census ... ok
test node_disk::tests::unenrolled_missing_leaf_preserves_admission_without_allocating ... ok
test node_disk::tests::unknown_filesystem_observation_fences_scratch_until_a_drained_census ... ok
test node_file::tests::canonical_header_rejects_nil_identity_without_creating_a_file ... ok
test node_file::tests::cleanup_custody_accepts_only_exact_recognized_headers_and_holds_the_inode_lock ... ok
test node_file::tests::crash_child ... ignored, subprocess helper; invoked with an owned temporary path
test node_file::tests::existing_header_requires_exact_canonical_fields_and_checksum ... ok
test node_file::tests::initialization_requires_exact_journal_owned_empty_inode ... ok
test node_file::tests::offset_io_preserves_header_and_retained_backend_cannot_outlive_close ... ok
test node_file::tests::partial_envelopes_are_never_adopted_or_reinitialized ... ok
test node_file::tests::reads_enforce_payload_bounds_even_for_empty_buffers ... ok
test node_file::tests::recognized_store_recovers_after_actual_process_exit_without_close ... ok
test node_file::tests::resize_drains_a_write_after_its_extent_check_before_truncating ... ok
test node_file::tests::unrelated_clean_and_unclean_redb_rejection_is_byte_exact ... ok
test node_file::tests::validated_descriptor_handoff_never_reopens_a_substituted_path ... 
thread 'node_file::tests::validated_descriptor_handoff_never_reopens_a_substituted_path' (6217071) panicked at crates/kasumi-store/src/node_file/tests.rs:437:5:
assertion `left == right` failed
  left: 1
 right: 0
stack backtrace:
   0: __rustc::rust_begin_unwind
             at /rustc/8bab26f4f68e0e26f0bb7960be334d5b520ea452/library/std/src/panicking.rs:689:5
   1: core::panicking::panic_fmt
             at /rustc/8bab26f4f68e0e26f0bb7960be334d5b520ea452/library/core/src/panicking.rs:80:14
   2: core::panicking::assert_failed_inner
   3: core::panicking::assert_failed::<u32, u32>
             at /rustc/8bab26f4f68e0e26f0bb7960be334d5b520ea452/library/core/src/panicking.rs:394:5
   4: kasumi_store::node_file::tests::validated_descriptor_handoff_never_reopens_a_substituted_path
             at ./crates/kasumi-store/src/node_file/tests.rs:437:5
   5: kasumi_store::node_file::tests::validated_descriptor_handoff_never_reopens_a_substituted_path::{closure#0}
             at ./crates/kasumi-store/src/node_file/tests.rs:402:67
   6: <kasumi_store::node_file::tests::validated_descriptor_handoff_never_reopens_a_substituted_path::{closure#0} as core::ops::function::FnOnce<()>>::call_once
             at /rustc/8bab26f4f68e0e26f0bb7960be334d5b520ea452/library/core/src/ops/function.rs:250:5
   7: <fn() -> core::result::Result<(), alloc::string::String> as core::ops::function::FnOnce<()>>::call_once
             at /rustc/8bab26f4f68e0e26f0bb7960be334d5b520ea452/library/core/src/ops/function.rs:250:5
note: Some details are omitted, run with `RUST_BACKTRACE=full` for a verbose backtrace.
FAILED
test node_store_ids::tests::immutable_identity_derivations_are_stable_and_domain_separated ... ok
test scratch_disk::memory_tests::fixture_directory_custody_stays_with_caller_while_metadata_stays_installed ... ok
test scratch_disk::memory_tests::installed_scratch_reuse_keeps_metadata_funded_after_public_strong_handles_drop ... ok
test scratch_disk::memory_tests::scratch_file_release_does_not_release_installed_owner_or_registry_memory ... ok
test scratch_disk::memory_tests::scratch_metadata_denial_precedes_directory_creation ... ok
test scratch_disk::registry_busy_tests::busy_scratch_registry_does_not_allocate_admit_or_create_directory ... ok
test scratch_disk::tests::concurrent_spools_cannot_each_spend_the_aggregate_budget ... ok
test scratch_disk::tests::immutable_image_readers_retain_capacity_until_the_last_owner_drains ... ok
test scratch_disk::tests::pending_files_share_filesystem_promises_and_keep_recovery_reserve ... ok
test scratch_disk::tests::physical_directory_reopens_share_budget_and_cannot_change_it ... ok
test scratch_disk::tests::pinned_directory_survives_path_substitution_without_using_replacement ... ok
test scratch_disk::tests::rejects_symlinks_and_overflowing_configuration ... ok
test scratch_disk::tests::separate_governors_cannot_double_spend_filesystem_promises ... ok
test scratch_disk::tests::truncation_and_rejected_growth_preserve_exact_file_charges ... ok
test scratch_table::tests::accepted_transaction_keeps_scratch_close_retained_until_actual_drain ... ok
test scratch_table::tests::exact_backend_publication_io_settlement_shrink_and_close_do_not_allocate ... ok
test scratch_table::tests::exact_settlement_mismatch_fences_owner_without_allocating_or_returning_credit ... ok
test scratch_table::tests::explicit_scratch_close_retains_original_physical_failure_on_retry ... ok
test scratch_table::tests::rejected_resize_is_wholly_reserved_before_any_logical_or_physical_change ... ok
test single_catalog::tests::borrowed_singleton_keeps_original_provider_clock_and_deadline ... ok
test single_catalog::tests::buffered_singleton_preparation_errors_require_actual_claim_and_preserve_partial_installation ... ok
test single_catalog::tests::buffered_singleton_success_publishes_only_on_claim_and_abandonment_preserves_borrowers ... Error: out of memory

Caused by:
    out of memory

Stack backtrace:
   0: std::backtrace_rs::backtrace::libunwind::trace
             at /rustc/8bab26f4f68e0e26f0bb7960be334d5b520ea452/library/std/src/../../backtrace/src/backtrace/libunwind.rs:117:9
   1: std::backtrace_rs::backtrace::trace_unsynchronized::<<std::backtrace::Backtrace>::create::{closure#0}>
             at /rustc/8bab26f4f68e0e26f0bb7960be334d5b520ea452/library/std/src/../../backtrace/src/backtrace/mod.rs:66:14
   2: <std::backtrace::Backtrace>::create
             at /rustc/8bab26f4f68e0e26f0bb7960be334d5b520ea452/library/std/src/backtrace.rs:331:13
   3: <anyhow::Error as core::convert::From<kasumi_store::disk_memory::DiskOpenError>>::from
             at /Users/mtakemiya/.cargo/registry/src/index.crates.io-1949cf8c6b5b557f/anyhow-1.0.104/src/backtrace.rs:10:14
   4: <core::result::Result<alloc::sync::Arc<kasumi_store::NodeStore>, anyhow::Error> as core::ops::try_trait::FromResidual<core::result::Result<core::convert::Infallible, kasumi_store::disk_memory::DiskOpenError>>>::from_residual
             at /rustc/8bab26f4f68e0e26f0bb7960be334d5b520ea452/library/core/src/result.rs:2189:27
   5: <kasumi_store::NodeStore>::create_new_fixture::<std::path::PathBuf>
             at ./crates/kasumi-store/src/test_utils.rs:179:20
   6: kasumi_store::single_catalog::tests::node
             at ./crates/kasumi-store/src/single_catalog/tests.rs:11:16
   7: kasumi_store::single_catalog::tests::buffered_singleton_success_publishes_only_on_claim_and_abandonment_preserves_borrowers::{closure#0}
             at ./crates/kasumi-store/src/single_catalog/tests.rs:238:38
   8: <core::pin::Pin<&mut dyn core::future::future::Future<Output = core::result::Result<(), anyhow::Error>>> as core::future::future::Future>::poll
             at /rustc/8bab26f4f68e0e26f0bb7960be334d5b520ea452/library/core/src/future/future.rs:133:9
   9: <core::pin::Pin<&mut core::pin::Pin<&mut dyn core::future::future::Future<Output = core::result::Result<(), anyhow::Error>>>> as core::future::future::Future>::poll
             at /rustc/8bab26f4f68e0e26f0bb7960be334d5b520ea452/library/core/src/future/future.rs:133:9
  10: <tokio::runtime::scheduler::current_thread::CoreGuard>::block_on::<core::pin::Pin<&mut core::pin::Pin<&mut dyn core::future::future::Future<Output = core::result::Result<(), anyhow::Error>>>>>::{closure#0}::{closure#0}::{closure#0}
             at /Users/mtakemiya/.cargo/registry/src/index.crates.io-1949cf8c6b5b557f/tokio-1.53.1/src/runtime/scheduler/current_thread/mod.rs:830:70
  11: tokio::task::coop::with_budget::<core::task::poll::Poll<core::result::Result<(), anyhow::Error>>, <tokio::runtime::scheduler::current_thread::CoreGuard>::block_on<core::pin::Pin<&mut core::pin::Pin<&mut dyn core::future::future::Future<Output = core::result::Result<(), anyhow::Error>>>>>::{closure#0}::{closure#0}::{closure#0}>
             at /Users/mtakemiya/.cargo/registry/src/index.crates.io-1949cf8c6b5b557f/tokio-1.53.1/src/task/coop/mod.rs:167:5
  12: tokio::task::coop::budget::<core::task::poll::Poll<core::result::Result<(), anyhow::Error>>, <tokio::runtime::scheduler::current_thread::CoreGuard>::block_on<core::pin::Pin<&mut core::pin::Pin<&mut dyn core::future::future::Future<Output = core::result::Result<(), anyhow::Error>>>>>::{closure#0}::{closure#0}::{closure#0}>
             at /Users/mtakemiya/.cargo/registry/src/index.crates.io-1949cf8c6b5b557f/tokio-1.53.1/src/task/coop/mod.rs:133:5
  13: <tokio::runtime::scheduler::current_thread::CoreGuard>::block_on::<core::pin::Pin<&mut core::pin::Pin<&mut dyn core::future::future::Future<Output = core::result::Result<(), anyhow::Error>>>>>::{closure#0}::{closure#0}
             at /Users/mtakemiya/.cargo/registry/src/index.crates.io-1949cf8c6b5b557f/tokio-1.53.1/src/runtime/scheduler/current_thread/mod.rs:830:25
  14: <tokio::runtime::scheduler::current_thread::Context>::enter::<core::task::poll::Poll<core::result::Result<(), anyhow::Error>>, <tokio::runtime::scheduler::current_thread::CoreGuard>::block_on<core::pin::Pin<&mut core::pin::Pin<&mut dyn core::future::future::Future<Output = core::result::Result<(), anyhow::Error>>>>>::{closure#0}::{closure#0}>
             at /Users/mtakemiya/.cargo/registry/src/index.crates.io-1949cf8c6b5b557f/tokio-1.53.1/src/runtime/scheduler/current_thread/mod.rs:488:19
  15: <tokio::runtime::scheduler::current_thread::CoreGuard>::block_on::<core::pin::Pin<&mut core::pin::Pin<&mut dyn core::future::future::Future<Output = core::result::Result<(), anyhow::Error>>>>>::{closure#0}
             at /Users/mtakemiya/.cargo/registry/src/index.crates.io-1949cf8c6b5b557f/tokio-1.53.1/src/runtime/scheduler/current_thread/mod.rs:829:44
  16: <tokio::runtime::scheduler::current_thread::CoreGuard>::enter::<<tokio::runtime::scheduler::current_thread::CoreGuard>::block_on<core::pin::Pin<&mut core::pin::Pin<&mut dyn core::future::future::Future<Output = core::result::Result<(), anyhow::Error>>>>>::{closure#0}, core::option::Option<core::result::Result<(), anyhow::Error>>>::{closure#0}
             at /Users/mtakemiya/.cargo/registry/src/index.crates.io-1949cf8c6b5b557f/tokio-1.53.1/src/runtime/scheduler/current_thread/mod.rs:906:68
  17: <tokio::runtime::context::scoped::Scoped<tokio::runtime::scheduler::Context>>::set::<<tokio::runtime::scheduler::current_thread::CoreGuard>::enter<<tokio::runtime::scheduler::current_thread::CoreGuard>::block_on<core::pin::Pin<&mut core::pin::Pin<&mut dyn core::future::future::Future<Output = core::result::Result<(), anyhow::Error>>>>>::{closure#0}, core::option::Option<core::result::Result<(), anyhow::Error>>>::{closure#0}, (alloc::boxed::Box<tokio::runtime::scheduler::current_thread::Core>, core::option::Option<core::result::Result<(), anyhow::Error>>)>
             at /Users/mtakemiya/.cargo/registry/src/index.crates.io-1949cf8c6b5b557f/tokio-1.53.1/src/runtime/context/scoped.rs:40:9
  18: tokio::runtime::context::set_scheduler::<(alloc::boxed::Box<tokio::runtime::scheduler::current_thread::Core>, core::option::Option<core::result::Result<(), anyhow::Error>>), <tokio::runtime::scheduler::current_thread::CoreGuard>::enter<<tokio::runtime::scheduler::current_thread::CoreGuard>::block_on<core::pin::Pin<&mut core::pin::Pin<&mut dyn core::future::future::Future<Output = core::result::Result<(), anyhow::Error>>>>>::{closure#0}, core::option::Option<core::result::Result<(), anyhow::Error>>>::{closure#0}>::{closure#0}
             at /Users/mtakemiya/.cargo/registry/src/index.crates.io-1949cf8c6b5b557f/tokio-1.53.1/src/runtime/context.rs:187:38
  19: <std::thread::local::LocalKey<tokio::runtime::context::Context>>::try_with::<tokio::runtime::context::set_scheduler<(alloc::boxed::Box<tokio::runtime::scheduler::current_thread::Core>, core::option::Option<core::result::Result<(), anyhow::Error>>), <tokio::runtime::scheduler::current_thread::CoreGuard>::enter<<tokio::runtime::scheduler::current_thread::CoreGuard>::block_on<core::pin::Pin<&mut core::pin::Pin<&mut dyn core::future::future::Future<Output = core::result::Result<(), anyhow::Error>>>>>::{closure#0}, core::option::Option<core::result::Result<(), anyhow::Error>>>::{closure#0}>::{closure#0}, (alloc::boxed::Box<tokio::runtime::scheduler::current_thread::Core>, core::option::Option<core::result::Result<(), anyhow::Error>>)>
             at /rustc/8bab26f4f68e0e26f0bb7960be334d5b520ea452/library/std/src/thread/local.rs:462:12
  20: <std::thread::local::LocalKey<tokio::runtime::context::Context>>::with::<tokio::runtime::context::set_scheduler<(alloc::boxed::Box<tokio::runtime::scheduler::current_thread::Core>, core::option::Option<core::result::Result<(), anyhow::Error>>), <tokio::runtime::scheduler::current_thread::CoreGuard>::enter<<tokio::runtime::scheduler::current_thread::CoreGuard>::block_on<core::pin::Pin<&mut core::pin::Pin<&mut dyn core::future::future::Future<Output = core::result::Result<(), anyhow::Error>>>>>::{closure#0}, core::option::Option<core::result::Result<(), anyhow::Error>>>::{closure#0}>::{closure#0}, (alloc::boxed::Box<tokio::runtime::scheduler::current_thread::Core>, core::option::Option<core::result::Result<(), anyhow::Error>>)>
             at /rustc/8bab26f4f68e0e26f0bb7960be334d5b520ea452/library/std/src/thread/local.rs:426:20
  21: tokio::runtime::context::set_scheduler::<(alloc::boxed::Box<tokio::runtime::scheduler::current_thread::Core>, core::option::Option<core::result::Result<(), anyhow::Error>>), <tokio::runtime::scheduler::current_thread::CoreGuard>::enter<<tokio::runtime::scheduler::current_thread::CoreGuard>::block_on<core::pin::Pin<&mut core::pin::Pin<&mut dyn core::future::future::Future<Output = core::result::Result<(), anyhow::Error>>>>>::{closure#0}, core::option::Option<core::result::Result<(), anyhow::Error>>>::{closure#0}>
             at /Users/mtakemiya/.cargo/registry/src/index.crates.io-1949cf8c6b5b557f/tokio-1.53.1/src/runtime/context.rs:187:17
  22: <tokio::runtime::scheduler::current_thread::CoreGuard>::enter::<<tokio::runtime::scheduler::current_thread::CoreGuard>::block_on<core::pin::Pin<&mut core::pin::Pin<&mut dyn core::future::future::Future<Output = core::result::Result<(), anyhow::Error>>>>>::{closure#0}, core::option::Option<core::result::Result<(), anyhow::Error>>>
             at /Users/mtakemiya/.cargo/registry/src/index.crates.io-1949cf8c6b5b557f/tokio-1.53.1/src/runtime/scheduler/current_thread/mod.rs:906:27
  23: <tokio::runtime::scheduler::current_thread::CoreGuard>::block_on::<core::pin::Pin<&mut core::pin::Pin<&mut dyn core::future::future::Future<Output = core::result::Result<(), anyhow::Error>>>>>
             at /Users/mtakemiya/.cargo/registry/src/index.crates.io-1949cf8c6b5b557f/tokio-1.53.1/src/runtime/scheduler/current_thread/mod.rs:817:24
  24: <tokio::runtime::scheduler::current_thread::CurrentThread>::block_on::<core::pin::Pin<&mut dyn core::future::future::Future<Output = core::result::Result<(), anyhow::Error>>>>::{closure#0}
             at /Users/mtakemiya/.cargo/registry/src/index.crates.io-1949cf8c6b5b557f/tokio-1.53.1/src/runtime/scheduler/current_thread/mod.rs:218:33
  25: tokio::runtime::context::runtime::enter_runtime::<<tokio::runtime::scheduler::current_thread::CurrentThread>::block_on<core::pin::Pin<&mut dyn core::future::future::Future<Output = core::result::Result<(), anyhow::Error>>>>::{closure#0}, core::result::Result<(), anyhow::Error>>
             at /Users/mtakemiya/.cargo/registry/src/index.crates.io-1949cf8c6b5b557f/tokio-1.53.1/src/runtime/context/runtime.rs:65:16
  26: <tokio::runtime::scheduler::current_thread::CurrentThread>::block_on::<core::pin::Pin<&mut dyn core::future::future::Future<Output = core::result::Result<(), anyhow::Error>>>>
             at /Users/mtakemiya/.cargo/registry/src/index.crates.io-1949cf8c6b5b557f/tokio-1.53.1/src/runtime/scheduler/current_thread/mod.rs:206:9
  27: <tokio::runtime::runtime::Runtime>::block_on_inner::<core::pin::Pin<&mut dyn core::future::future::Future<Output = core::result::Result<(), anyhow::Error>>>>
             at /Users/mtakemiya/.cargo/registry/src/index.crates.io-1949cf8c6b5b557f/tokio-1.53.1/src/runtime/runtime.rs:374:52
  28: <tokio::runtime::runtime::Runtime>::block_on::<core::pin::Pin<&mut dyn core::future::future::Future<Output = core::result::Result<(), anyhow::Error>>>>
             at /Users/mtakemiya/.cargo/registry/src/index.crates.io-1949cf8c6b5b557f/tokio-1.53.1/src/runtime/runtime.rs:343:18
  29: kasumi_store::single_catalog::tests::buffered_singleton_success_publishes_only_on_claim_and_abandonment_preserves_borrowers
             at ./crates/kasumi-store/src/single_catalog/tests.rs:303:7
  30: kasumi_store::single_catalog::tests::buffered_singleton_success_publishes_only_on_claim_and_abandonment_preserves_borrowers::{closure#0}
             at ./crates/kasumi-store/src/single_catalog/tests.rs:231:4
  31: <kasumi_store::single_catalog::tests::buffered_singleton_success_publishes_only_on_claim_and_abandonment_preserves_borrowers::{closure#0} as core::ops::function::FnOnce<()>>::call_once
             at /rustc/8bab26f4f68e0e26f0bb7960be334d5b520ea452/library/core/src/ops/function.rs:250:5
  32: <fn() -> core::result::Result<(), alloc::string::String> as core::ops::function::FnOnce<()>>::call_once
             at /rustc/8bab26f4f68e0e26f0bb7960be334d5b520ea452/library/core/src/ops/function.rs:250:5
  33: test::__rust_begin_short_backtrace::<core::result::Result<(), alloc::string::String>, fn() -> core::result::Result<(), alloc::string::String>>
             at /rustc/8bab26f4f68e0e26f0bb7960be334d5b520ea452/library/test/src/lib.rs:724:18
  34: test::run_test_in_process::{closure#0}
             at /rustc/8bab26f4f68e0e26f0bb7960be334d5b520ea452/library/test/src/lib.rs:747:74
  35: <core::panic::unwind_safe::AssertUnwindSafe<test::run_test_in_process::{closure#0}> as core::ops::function::FnOnce<()>>::call_once
             at /rustc/8bab26f4f68e0e26f0bb7960be334d5b520ea452/library/core/src/panic/unwind_safe.rs:275:9
  36: std::panicking::catch_unwind::do_call::<core::panic::unwind_safe::AssertUnwindSafe<test::run_test_in_process::{closure#0}>, core::result::Result<(), alloc::string::String>>
             at /rustc/8bab26f4f68e0e26f0bb7960be334d5b520ea452/library/std/src/panicking.rs:581:40
  37: std::panicking::catch_unwind::<core::result::Result<(), alloc::string::String>, core::panic::unwind_safe::AssertUnwindSafe<test::run_test_in_process::{closure#0}>>
             at /rustc/8bab26f4f68e0e26f0bb7960be334d5b520ea452/library/std/src/panicking.rs:544:19
  38: std::panic::catch_unwind::<core::panic::unwind_safe::AssertUnwindSafe<test::run_test_in_process::{closure#0}>, core::result::Result<(), alloc::string::String>>
             at /rustc/8bab26f4f68e0e26f0bb7960be334d5b520ea452/library/std/src/panic.rs:359:14
  39: test::run_test_in_process
             at /rustc/8bab26f4f68e0e26f0bb7960be334d5b520ea452/library/test/src/lib.rs:747:27
  40: test::run_test::{closure#0}
             at /rustc/8bab26f4f68e0e26f0bb7960be334d5b520ea452/library/test/src/lib.rs:668:43
  41: test::run_test::{closure#1}
             at /rustc/8bab26f4f68e0e26f0bb7960be334d5b520ea452/library/test/src/lib.rs:698:41
  42: std::sys::backtrace::__rust_begin_short_backtrace::<test::run_test::{closure#1}, ()>
             at /rustc/8bab26f4f68e0e26f0bb7960be334d5b520ea452/library/std/src/sys/backtrace.rs:166:18
  43: std::thread::lifecycle::spawn_unchecked::<test::run_test::{closure#1}, ()>::{closure#1}::{closure#0}
             at /rustc/8bab26f4f68e0e26f0bb7960be334d5b520ea452/library/std/src/thread/lifecycle.rs:70:13
  44: <core::panic::unwind_safe::AssertUnwindSafe<std::thread::lifecycle::spawn_unchecked<test::run_test::{closure#1}, ()>::{closure#1}::{closure#0}> as core::ops::function::FnOnce<()>>::call_once
             at /rustc/8bab26f4f68e0e26f0bb7960be334d5b520ea452/library/core/src/panic/unwind_safe.rs:275:9
  45: std::panicking::catch_unwind::do_call::<core::panic::unwind_safe::AssertUnwindSafe<std::thread::lifecycle::spawn_unchecked<test::run_test::{closure#1}, ()>::{closure#1}::{closure#0}>, ()>
             at /rustc/8bab26f4f68e0e26f0bb7960be334d5b520ea452/library/std/src/panicking.rs:581:40
  46: std::panicking::catch_unwind::<(), core::panic::unwind_safe::AssertUnwindSafe<std::thread::lifecycle::spawn_unchecked<test::run_test::{closure#1}, ()>::{closure#1}::{closure#0}>>
             at /rustc/8bab26f4f68e0e26f0bb7960be334d5b520ea452/library/std/src/panicking.rs:544:19
  47: std::panic::catch_unwind::<core::panic::unwind_safe::AssertUnwindSafe<std::thread::lifecycle::spawn_unchecked<test::run_test::{closure#1}, ()>::{closure#1}::{closure#0}>, ()>
             at /rustc/8bab26f4f68e0e26f0bb7960be334d5b520ea452/library/std/src/panic.rs:359:14
  48: std::thread::lifecycle::spawn_unchecked::<test::run_test::{closure#1}, ()>::{closure#1}
             at /rustc/8bab26f4f68e0e26f0bb7960be334d5b520ea452/library/std/src/thread/lifecycle.rs:68:26
  49: <std::thread::lifecycle::spawn_unchecked<test::run_test::{closure#1}, ()>::{closure#1} as core::ops::function::FnOnce<()>>::call_once::{shim:vtable#0}
             at /rustc/8bab26f4f68e0e26f0bb7960be334d5b520ea452/library/core/src/ops/function.rs:250:5
  50: <alloc::boxed::Box<dyn core::ops::function::FnOnce<(), Output = ()> + core::marker::Send> as core::ops::function::FnOnce<()>>::call_once
             at /rustc/8bab26f4f68e0e26f0bb7960be334d5b520ea452/library/alloc/src/boxed.rs:2275:9
  51: <std::sys::thread::unix::Thread>::new::thread_start
             at /rustc/8bab26f4f68e0e26f0bb7960be334d5b520ea452/library/std/src/sys/thread/unix.rs:118:17
  52: __pthread_exit
FAILED
test single_catalog::tests::cancelled_singleton_drain_retains_buffered_preparation_error ... ok
test single_catalog::tests::cancelling_during_singleton_key_preparation_retains_actual_node_until_provider_drains ... ok
test single_catalog::tests::existing_singleton_requires_installed_catalog_and_never_repairs_cached_substitution ... ok
test single_catalog::tests::production_singletons_reject_paired_capabilities_before_provider_or_catalog_effects ... ok
test single_catalog::tests::strict_singleton_creation_rejects_orphan_partial_and_existing_catalogs_without_mutation ... ok
test spool::retained_spool::tests::actual_final_sync_panic_reaches_database_with_same_payload_and_spool_still_present ... ok
test spool::retained_spool::tests::file_key_and_each_buffer_retire_before_extent_credit_is_reusable ... ok
test spool::retained_spool::tests::original_sync_error_moves_once_to_database_while_spool_and_charge_stay_owned ... ok
test spool::tests::corrupted_or_reordered_blocks_fail_authentication ... ok
test spool::tests::encrypted_spool_seek_overwrite_and_bounds ... ok
test spool::tests::interleaved_record_appends_preserve_admission_and_authentication ... ok
test spool::tests::unused_reservation_and_denied_growth_preserve_authenticated_physical_extent ... ok
test storage_census::tests::constructor_unwind_is_classified_before_dispatch_and_keeps_exact_payload ... ok
test storage_census::tests::facade_cancellation_preserves_actual_owner_and_census_drives_later_retirement ... ok
test storage_census::tests::fixed_census_is_precharged_and_bound_to_the_exact_provider ... ok
test storage_census::tests::hard_capacity_and_byte_denial_precede_owner_construction ... ok
test storage_census::tests::payload_destructor_panic_keeps_original_and_charge_and_never_replays ... 
thread 'storage_census::tests::payload_destructor_panic_keeps_original_and_charge_and_never_replays' (6217853) panicked at crates/kasumi-store/src/storage_census_tests.rs:187:9:
Box<dyn Any>
stack backtrace:
   0: std::panicking::begin_panic::<u64>
             at /rustc/8bab26f4f68e0e26f0bb7960be334d5b520ea452/library/std/src/panicking.rs:761:5
   1: std::panic::panic_any::<u64>
             at /rustc/8bab26f4f68e0e26f0bb7960be334d5b520ea452/library/std/src/panic.rs:260:5
   2: <kasumi_store::storage_census::tests::DestructorPanic as core::ops::drop::Drop>::drop
             at ./crates/kasumi-store/src/storage_census_tests.rs:187:9
   3: core::ptr::drop_glue::<kasumi_store::storage_census::tests::DestructorPanic>
             at /rustc/8bab26f4f68e0e26f0bb7960be334d5b520ea452/library/core/src/ptr/mod.rs:825:1
   4: core::mem::drop::<kasumi_store::storage_census::tests::DestructorPanic>
             at /rustc/8bab26f4f68e0e26f0bb7960be334d5b520ea452/library/core/src/mem/mod.rs:1004:1
   5: <kasumi_store::storage_census::tests::DestructorPanic as kasumi_store::storage_census::ErasedPayload>::try_dispose::{closure#0}
             at ./crates/kasumi-store/src/storage_census.rs:79:56
   6: <core::panic::unwind_safe::AssertUnwindSafe<<kasumi_store::storage_census::tests::DestructorPanic as kasumi_store::storage_census::ErasedPayload>::try_dispose::{closure#0}> as core::ops::function::FnOnce<()>>::call_once
             at /rustc/8bab26f4f68e0e26f0bb7960be334d5b520ea452/library/core/src/panic/unwind_safe.rs:275:9
   7: std::panicking::catch_unwind::do_call::<core::panic::unwind_safe::AssertUnwindSafe<<kasumi_store::storage_census::tests::DestructorPanic as kasumi_store::storage_census::ErasedPayload>::try_dispose::{closure#0}>, ()>
             at /rustc/8bab26f4f68e0e26f0bb7960be334d5b520ea452/library/std/src/panicking.rs:581:40
   8: ___rust_try
   9: std::panicking::catch_unwind::<(), core::panic::unwind_safe::AssertUnwindSafe<<kasumi_store::storage_census::tests::DestructorPanic as kasumi_store::storage_census::ErasedPayload>::try_dispose::{closure#0}>>
             at /rustc/8bab26f4f68e0e26f0bb7960be334d5b520ea452/library/std/src/panicking.rs:544:19
  10: std::panic::catch_unwind::<core::panic::unwind_safe::AssertUnwindSafe<<kasumi_store::storage_census::tests::DestructorPanic as kasumi_store::storage_census::ErasedPayload>::try_dispose::{closure#0}>, ()>
             at /rustc/8bab26f4f68e0e26f0bb7960be334d5b520ea452/library/std/src/panic.rs:359:14
  11: <kasumi_store::storage_census::tests::DestructorPanic as kasumi_store::storage_census::ErasedPayload>::try_dispose
             at ./crates/kasumi-store/src/storage_census.rs:79:23
  12: <kasumi_store::storage_census::StorageCensus>::drain_owner
             at ./crates/kasumi-store/src/storage_census.rs:420:37
  13: <kasumi_store::storage_census::StorageRegistration<kasumi_store::storage_census::tests::DestructorPanic>>::retire
             at ./crates/kasumi-store/src/storage_census.rs:547:35
  14: kasumi_store::storage_census::tests::payload_destructor_panic_keeps_original_and_charge_and_never_replays
             at ./crates/kasumi-store/src/storage_census_tests.rs:203:29
  15: kasumi_store::storage_census::tests::payload_destructor_panic_keeps_original_and_charge_and_never_replays::{closure#0}
             at ./crates/kasumi-store/src/storage_census_tests.rs:191:74
  16: <kasumi_store::storage_census::tests::payload_destructor_panic_keeps_original_and_charge_and_never_replays::{closure#0} as core::ops::function::FnOnce<()>>::call_once
             at /rustc/8bab26f4f68e0e26f0bb7960be334d5b520ea452/library/core/src/ops/function.rs:250:5
  17: <fn() -> core::result::Result<(), alloc::string::String> as core::ops::function::FnOnce<()>>::call_once
             at /rustc/8bab26f4f68e0e26f0bb7960be334d5b520ea452/library/core/src/ops/function.rs:250:5
note: Some details are omitted, run with `RUST_BACKTRACE=full` for a verbose backtrace.
ok
test storage_census::tests::post_drive_metadata_contention_keeps_completion_in_fixed_slot_without_waiting ... ok
test storage_census::tests::retained_original_observation_never_holds_metadata_or_stalls_another_owner ... 
thread 'storage_census::tests::retained_original_observation_never_holds_metadata_or_stalls_another_owner' (6217864) panicked at crates/kasumi-store/src/storage_census_tests.rs:187:9:
Box<dyn Any>
stack backtrace:
   0: std::panicking::begin_panic::<u64>
             at /rustc/8bab26f4f68e0e26f0bb7960be334d5b520ea452/library/std/src/panicking.rs:761:5
   1: std::panic::panic_any::<u64>
             at /rustc/8bab26f4f68e0e26f0bb7960be334d5b520ea452/library/std/src/panic.rs:260:5
   2: <kasumi_store::storage_census::tests::DestructorPanic as core::ops::drop::Drop>::drop
             at ./crates/kasumi-store/src/storage_census_tests.rs:187:9
   3: core::ptr::drop_glue::<kasumi_store::storage_census::tests::DestructorPanic>
             at /rustc/8bab26f4f68e0e26f0bb7960be334d5b520ea452/library/core/src/ptr/mod.rs:825:1
   4: core::mem::drop::<kasumi_store::storage_census::tests::DestructorPanic>
             at /rustc/8bab26f4f68e0e26f0bb7960be334d5b520ea452/library/core/src/mem/mod.rs:1004:1
   5: <kasumi_store::storage_census::tests::DestructorPanic as kasumi_store::storage_census::ErasedPayload>::try_dispose::{closure#0}
             at ./crates/kasumi-store/src/storage_census.rs:79:56
   6: <core::panic::unwind_safe::AssertUnwindSafe<<kasumi_store::storage_census::tests::DestructorPanic as kasumi_store::storage_census::ErasedPayload>::try_dispose::{closure#0}> as core::ops::function::FnOnce<()>>::call_once
             at /rustc/8bab26f4f68e0e26f0bb7960be334d5b520ea452/library/core/src/panic/unwind_safe.rs:275:9
   7: std::panicking::catch_unwind::do_call::<core::panic::unwind_safe::AssertUnwindSafe<<kasumi_store::storage_census::tests::DestructorPanic as kasumi_store::storage_census::ErasedPayload>::try_dispose::{closure#0}>, ()>
             at /rustc/8bab26f4f68e0e26f0bb7960be334d5b520ea452/library/std/src/panicking.rs:581:40
   8: ___rust_try
   9: std::panicking::catch_unwind::<(), core::panic::unwind_safe::AssertUnwindSafe<<kasumi_store::storage_census::tests::DestructorPanic as kasumi_store::storage_census::ErasedPayload>::try_dispose::{closure#0}>>
             at /rustc/8bab26f4f68e0e26f0bb7960be334d5b520ea452/library/std/src/panicking.rs:544:19
  10: std::panic::catch_unwind::<core::panic::unwind_safe::AssertUnwindSafe<<kasumi_store::storage_census::tests::DestructorPanic as kasumi_store::storage_census::ErasedPayload>::try_dispose::{closure#0}>, ()>
             at /rustc/8bab26f4f68e0e26f0bb7960be334d5b520ea452/library/std/src/panic.rs:359:14
  11: <kasumi_store::storage_census::tests::DestructorPanic as kasumi_store::storage_census::ErasedPayload>::try_dispose
             at ./crates/kasumi-store/src/storage_census.rs:79:23
  12: <kasumi_store::storage_census::StorageCensus>::drain_owner
             at ./crates/kasumi-store/src/storage_census.rs:420:37
  13: <kasumi_store::storage_census::StorageRegistration<kasumi_store::storage_census::tests::DestructorPanic>>::retire
             at ./crates/kasumi-store/src/storage_census.rs:547:35
  14: kasumi_store::storage_census::tests::retained_original_observation_never_holds_metadata_or_stalls_another_owner
             at ./crates/kasumi-store/src/storage_census_tests.rs:293:20
  15: kasumi_store::storage_census::tests::retained_original_observation_never_holds_metadata_or_stalls_another_owner::{closure#0}
             at ./crates/kasumi-store/src/storage_census_tests.rs:283:80
  16: <kasumi_store::storage_census::tests::retained_original_observation_never_holds_metadata_or_stalls_another_owner::{closure#0} as core::ops::function::FnOnce<()>>::call_once
             at /rustc/8bab26f4f68e0e26f0bb7960be334d5b520ea452/library/core/src/ops/function.rs:250:5
  17: <fn() -> core::result::Result<(), alloc::string::String> as core::ops::function::FnOnce<()>>::call_once
             at /rustc/8bab26f4f68e0e26f0bb7960be334d5b520ea452/library/core/src/ops/function.rs:250:5
note: Some details are omitted, run with `RUST_BACKTRACE=full` for a verbose backtrace.
ok
test storage_census::tests::settlement_unwind_keeps_the_actual_owner_and_exact_original_payload ... ok
test storage_domains::catalog_initialization::tests::admission_reaper_reports_unclaimed_preparation_failure_before_new_work ... ok
test storage_domains::catalog_initialization::tests::buffered_preparation_error_requires_claim_before_registry_forgets_it ... ok
test storage_domains::catalog_initialization::tests::buffered_unclaimed_ticket_drains_only_unpublished_new_owners ... ok
test storage_domains::catalog_initialization::tests::cancelled_catalog_drain_preserves_a_joined_panic_while_another_owner_waits ... 
thread 'storage_domains::catalog_initialization::tests::cancelled_catalog_drain_preserves_a_joined_panic_while_another_owner_waits' (6217976) panicked at crates/kasumi-store/src/storage_domains/catalog_initialization/tests.rs:52:30:
catalog owner panic before cancelled drain
stack backtrace:
   0: __rustc::rust_begin_unwind
             at /rustc/8bab26f4f68e0e26f0bb7960be334d5b520ea452/library/std/src/panicking.rs:689:5
   1: core::panicking::panic_fmt
             at /rustc/8bab26f4f68e0e26f0bb7960be334d5b520ea452/library/core/src/panicking.rs:80:14
   2: kasumi_store::storage_domains::catalog_initialization::tests::cancelled_catalog_drain_preserves_a_joined_panic_while_another_owner_waits::{closure#0}::{closure#1}
             at ./crates/kasumi-store/src/storage_domains/catalog_initialization/tests.rs:52:30
   3: <tokio::runtime::task::core::Core<kasumi_store::storage_domains::catalog_initialization::tests::cancelled_catalog_drain_preserves_a_joined_panic_while_another_owner_waits::{closure#0}::{closure#1}, alloc::sync::Arc<tokio::runtime::scheduler::current_thread::Handle>>>::poll::{closure#0}
             at /Users/mtakemiya/.cargo/registry/src/index.crates.io-1949cf8c6b5b557f/tokio-1.53.1/src/runtime/task/core.rs:380:24
   4: <tokio::loom::std::unsafe_cell::UnsafeCell<tokio::runtime::task::core::Stage<kasumi_store::storage_domains::catalog_initialization::tests::cancelled_catalog_drain_preserves_a_joined_panic_while_another_owner_waits::{closure#0}::{closure#1}>>>::with_mut::<core::task::poll::Poll<core::result::Result<(), anyhow::Error>>, <tokio::runtime::task::core::Core<kasumi_store::storage_domains::catalog_initialization::tests::cancelled_catalog_drain_preserves_a_joined_panic_while_another_owner_waits::{closure#0}::{closure#1}, alloc::sync::Arc<tokio::runtime::scheduler::current_thread::Handle>>>::poll::{closure#0}>
             at /Users/mtakemiya/.cargo/registry/src/index.crates.io-1949cf8c6b5b557f/tokio-1.53.1/src/loom/std/unsafe_cell.rs:16:9
   5: <tokio::runtime::task::core::Core<kasumi_store::storage_domains::catalog_initialization::tests::cancelled_catalog_drain_preserves_a_joined_panic_while_another_owner_waits::{closure#0}::{closure#1}, alloc::sync::Arc<tokio::runtime::scheduler::current_thread::Handle>>>::poll
             at /Users/mtakemiya/.cargo/registry/src/index.crates.io-1949cf8c6b5b557f/tokio-1.53.1/src/runtime/task/core.rs:369:30
   6: tokio::runtime::task::harness::poll_future::<kasumi_store::storage_domains::catalog_initialization::tests::cancelled_catalog_drain_preserves_a_joined_panic_while_another_owner_waits::{closure#0}::{closure#1}, alloc::sync::Arc<tokio::runtime::scheduler::current_thread::Handle>>::{closure#0}
             at /Users/mtakemiya/.cargo/registry/src/index.crates.io-1949cf8c6b5b557f/tokio-1.53.1/src/runtime/task/harness.rs:535:30
   7: <core::panic::unwind_safe::AssertUnwindSafe<tokio::runtime::task::harness::poll_future<kasumi_store::storage_domains::catalog_initialization::tests::cancelled_catalog_drain_preserves_a_joined_panic_while_another_owner_waits::{closure#0}::{closure#1}, alloc::sync::Arc<tokio::runtime::scheduler::current_thread::Handle>>::{closure#0}> as core::ops::function::FnOnce<()>>::call_once
             at /rustc/8bab26f4f68e0e26f0bb7960be334d5b520ea452/library/core/src/panic/unwind_safe.rs:275:9
   8: std::panicking::catch_unwind::do_call::<core::panic::unwind_safe::AssertUnwindSafe<tokio::runtime::task::harness::poll_future<kasumi_store::storage_domains::catalog_initialization::tests::cancelled_catalog_drain_preserves_a_joined_panic_while_another_owner_waits::{closure#0}::{closure#1}, alloc::sync::Arc<tokio::runtime::scheduler::current_thread::Handle>>::{closure#0}>, core::task::poll::Poll<core::result::Result<(), anyhow::Error>>>
             at /rustc/8bab26f4f68e0e26f0bb7960be334d5b520ea452/library/std/src/panicking.rs:581:40
   9: ___rust_try
  10: std::panicking::catch_unwind::<core::task::poll::Poll<core::result::Result<(), anyhow::Error>>, core::panic::unwind_safe::AssertUnwindSafe<tokio::runtime::task::harness::poll_future<kasumi_store::storage_domains::catalog_initialization::tests::cancelled_catalog_drain_preserves_a_joined_panic_while_another_owner_waits::{closure#0}::{closure#1}, alloc::sync::Arc<tokio::runtime::scheduler::current_thread::Handle>>::{closure#0}>>
             at /rustc/8bab26f4f68e0e26f0bb7960be334d5b520ea452/library/std/src/panicking.rs:544:19
  11: std::panic::catch_unwind::<core::panic::unwind_safe::AssertUnwindSafe<tokio::runtime::task::harness::poll_future<kasumi_store::storage_domains::catalog_initialization::tests::cancelled_catalog_drain_preserves_a_joined_panic_while_another_owner_waits::{closure#0}::{closure#1}, alloc::sync::Arc<tokio::runtime::scheduler::current_thread::Handle>>::{closure#0}>, core::task::poll::Poll<core::result::Result<(), anyhow::Error>>>
             at /rustc/8bab26f4f68e0e26f0bb7960be334d5b520ea452/library/std/src/panic.rs:359:14
  12: tokio::runtime::task::harness::poll_future::<kasumi_store::storage_domains::catalog_initialization::tests::cancelled_catalog_drain_preserves_a_joined_panic_while_another_owner_waits::{closure#0}::{closure#1}, alloc::sync::Arc<tokio::runtime::scheduler::current_thread::Handle>>
             at /Users/mtakemiya/.cargo/registry/src/index.crates.io-1949cf8c6b5b557f/tokio-1.53.1/src/runtime/task/harness.rs:523:18
  13: <tokio::runtime::task::harness::Harness<kasumi_store::storage_domains::catalog_initialization::tests::cancelled_catalog_drain_preserves_a_joined_panic_while_another_owner_waits::{closure#0}::{closure#1}, alloc::sync::Arc<tokio::runtime::scheduler::current_thread::Handle>>>::poll_inner
             at /Users/mtakemiya/.cargo/registry/src/index.crates.io-1949cf8c6b5b557f/tokio-1.53.1/src/runtime/task/harness.rs:210:27
  14: <tokio::runtime::task::harness::Harness<kasumi_store::storage_domains::catalog_initialization::tests::cancelled_catalog_drain_preserves_a_joined_panic_while_another_owner_waits::{closure#0}::{closure#1}, alloc::sync::Arc<tokio::runtime::scheduler::current_thread::Handle>>>::poll
             at /Users/mtakemiya/.cargo/registry/src/index.crates.io-1949cf8c6b5b557f/tokio-1.53.1/src/runtime/task/harness.rs:155:20
  15: tokio::runtime::task::raw::poll::<kasumi_store::storage_domains::catalog_initialization::tests::cancelled_catalog_drain_preserves_a_joined_panic_while_another_owner_waits::{closure#0}::{closure#1}, alloc::sync::Arc<tokio::runtime::scheduler::current_thread::Handle>>
             at /Users/mtakemiya/.cargo/registry/src/index.crates.io-1949cf8c6b5b557f/tokio-1.53.1/src/runtime/task/raw.rs:343:13
  16: <tokio::runtime::task::raw::RawTask>::poll
             at /Users/mtakemiya/.cargo/registry/src/index.crates.io-1949cf8c6b5b557f/tokio-1.53.1/src/runtime/task/raw.rs:273:18
  17: <tokio::runtime::task::LocalNotified<alloc::sync::Arc<tokio::runtime::scheduler::current_thread::Handle>>>::run
             at /Users/mtakemiya/.cargo/registry/src/index.crates.io-1949cf8c6b5b557f/tokio-1.53.1/src/runtime/task/mod.rs:519:13
  18: <tokio::runtime::scheduler::current_thread::Context>::run_task::{closure#0}::{closure#0}
             at /Users/mtakemiya/.cargo/registry/src/index.crates.io-1949cf8c6b5b557f/tokio-1.53.1/src/runtime/scheduler/current_thread/mod.rs:398:22
  19: tokio::task::coop::with_budget::<(), <tokio::runtime::scheduler::current_thread::Context>::run_task::{closure#0}::{closure#0}>
             at /Users/mtakemiya/.cargo/registry/src/index.crates.io-1949cf8c6b5b557f/tokio-1.53.1/src/task/coop/mod.rs:167:5
  20: tokio::task::coop::budget::<(), <tokio::runtime::scheduler::current_thread::Context>::run_task::{closure#0}::{closure#0}>
             at /Users/mtakemiya/.cargo/registry/src/index.crates.io-1949cf8c6b5b557f/tokio-1.53.1/src/task/coop/mod.rs:133:5
  21: <tokio::runtime::scheduler::current_thread::Context>::run_task::{closure#0}
             at /Users/mtakemiya/.cargo/registry/src/index.crates.io-1949cf8c6b5b557f/tokio-1.53.1/src/runtime/scheduler/current_thread/mod.rs:394:13
  22: <tokio::runtime::scheduler::current_thread::Context>::enter::<(), <tokio::runtime::scheduler::current_thread::Context>::run_task::{closure#0}>
             at /Users/mtakemiya/.cargo/registry/src/index.crates.io-1949cf8c6b5b557f/tokio-1.53.1/src/runtime/scheduler/current_thread/mod.rs:488:19
  23: <tokio::runtime::scheduler::current_thread::Context>::run_task
             at /Users/mtakemiya/.cargo/registry/src/index.crates.io-1949cf8c6b5b557f/tokio-1.53.1/src/runtime/scheduler/current_thread/mod.rs:393:32
  24: <tokio::runtime::scheduler::current_thread::CoreGuard>::block_on::<core::pin::Pin<&mut core::pin::Pin<&mut dyn core::future::future::Future<Output = core::result::Result<(), anyhow::Error>>>>>::{closure#0}
             at /Users/mtakemiya/.cargo/registry/src/index.crates.io-1949cf8c6b5b557f/tokio-1.53.1/src/runtime/scheduler/current_thread/mod.rs:870:37
  25: <tokio::runtime::scheduler::current_thread::CoreGuard>::enter::<<tokio::runtime::scheduler::current_thread::CoreGuard>::block_on<core::pin::Pin<&mut core::pin::Pin<&mut dyn core::future::future::Future<Output = core::result::Result<(), anyhow::Error>>>>>::{closure#0}, core::option::Option<core::result::Result<(), anyhow::Error>>>::{closure#0}
             at /Users/mtakemiya/.cargo/registry/src/index.crates.io-1949cf8c6b5b557f/tokio-1.53.1/src/runtime/scheduler/current_thread/mod.rs:906:68
  26: <tokio::runtime::context::scoped::Scoped<tokio::runtime::scheduler::Context>>::set::<<tokio::runtime::scheduler::current_thread::CoreGuard>::enter<<tokio::runtime::scheduler::current_thread::CoreGuard>::block_on<core::pin::Pin<&mut core::pin::Pin<&mut dyn core::future::future::Future<Output = core::result::Result<(), anyhow::Error>>>>>::{closure#0}, core::option::Option<core::result::Result<(), anyhow::Error>>>::{closure#0}, (alloc::boxed::Box<tokio::runtime::scheduler::current_thread::Core>, core::option::Option<core::result::Result<(), anyhow::Error>>)>
             at /Users/mtakemiya/.cargo/registry/src/index.crates.io-1949cf8c6b5b557f/tokio-1.53.1/src/runtime/context/scoped.rs:40:9
  27: tokio::runtime::context::set_scheduler::<(alloc::boxed::Box<tokio::runtime::scheduler::current_thread::Core>, core::option::Option<core::result::Result<(), anyhow::Error>>), <tokio::runtime::scheduler::current_thread::CoreGuard>::enter<<tokio::runtime::scheduler::current_thread::CoreGuard>::block_on<core::pin::Pin<&mut core::pin::Pin<&mut dyn core::future::future::Future<Output = core::result::Result<(), anyhow::Error>>>>>::{closure#0}, core::option::Option<core::result::Result<(), anyhow::Error>>>::{closure#0}>::{closure#0}
             at /Users/mtakemiya/.cargo/registry/src/index.crates.io-1949cf8c6b5b557f/tokio-1.53.1/src/runtime/context.rs:187:38
  28: <std::thread::local::LocalKey<tokio::runtime::context::Context>>::try_with::<tokio::runtime::context::set_scheduler<(alloc::boxed::Box<tokio::runtime::scheduler::current_thread::Core>, core::option::Option<core::result::Result<(), anyhow::Error>>), <tokio::runtime::scheduler::current_thread::CoreGuard>::enter<<tokio::runtime::scheduler::current_thread::CoreGuard>::block_on<core::pin::Pin<&mut core::pin::Pin<&mut dyn core::future::future::Future<Output = core::result::Result<(), anyhow::Error>>>>>::{closure#0}, core::option::Option<core::result::Result<(), anyhow::Error>>>::{closure#0}>::{closure#0}, (alloc::boxed::Box<tokio::runtime::scheduler::current_thread::Core>, core::option::Option<core::result::Result<(), anyhow::Error>>)>
             at /rustc/8bab26f4f68e0e26f0bb7960be334d5b520ea452/library/std/src/thread/local.rs:462:12
  29: <std::thread::local::LocalKey<tokio::runtime::context::Context>>::with::<tokio::runtime::context::set_scheduler<(alloc::boxed::Box<tokio::runtime::scheduler::current_thread::Core>, core::option::Option<core::result::Result<(), anyhow::Error>>), <tokio::runtime::scheduler::current_thread::CoreGuard>::enter<<tokio::runtime::scheduler::current_thread::CoreGuard>::block_on<core::pin::Pin<&mut core::pin::Pin<&mut dyn core::future::future::Future<Output = core::result::Result<(), anyhow::Error>>>>>::{closure#0}, core::option::Option<core::result::Result<(), anyhow::Error>>>::{closure#0}>::{closure#0}, (alloc::boxed::Box<tokio::runtime::scheduler::current_thread::Core>, core::option::Option<core::result::Result<(), anyhow::Error>>)>
             at /rustc/8bab26f4f68e0e26f0bb7960be334d5b520ea452/library/std/src/thread/local.rs:426:20
  30: tokio::runtime::context::set_scheduler::<(alloc::boxed::Box<tokio::runtime::scheduler::current_thread::Core>, core::option::Option<core::result::Result<(), anyhow::Error>>), <tokio::runtime::scheduler::current_thread::CoreGuard>::enter<<tokio::runtime::scheduler::current_thread::CoreGuard>::block_on<core::pin::Pin<&mut core::pin::Pin<&mut dyn core::future::future::Future<Output = core::result::Result<(), anyhow::Error>>>>>::{closure#0}, core::option::Option<core::result::Result<(), anyhow::Error>>>::{closure#0}>
             at /Users/mtakemiya/.cargo/registry/src/index.crates.io-1949cf8c6b5b557f/tokio-1.53.1/src/runtime/context.rs:187:17
  31: <tokio::runtime::scheduler::current_thread::CoreGuard>::enter::<<tokio::runtime::scheduler::current_thread::CoreGuard>::block_on<core::pin::Pin<&mut core::pin::Pin<&mut dyn core::future::future::Future<Output = core::result::Result<(), anyhow::Error>>>>>::{closure#0}, core::option::Option<core::result::Result<(), anyhow::Error>>>
             at /Users/mtakemiya/.cargo/registry/src/index.crates.io-1949cf8c6b5b557f/tokio-1.53.1/src/runtime/scheduler/current_thread/mod.rs:906:27
  32: <tokio::runtime::scheduler::current_thread::CoreGuard>::block_on::<core::pin::Pin<&mut core::pin::Pin<&mut dyn core::future::future::Future<Output = core::result::Result<(), anyhow::Error>>>>>
             at /Users/mtakemiya/.cargo/registry/src/index.crates.io-1949cf8c6b5b557f/tokio-1.53.1/src/runtime/scheduler/current_thread/mod.rs:817:24
  33: <tokio::runtime::scheduler::current_thread::CurrentThread>::block_on::<core::pin::Pin<&mut dyn core::future::future::Future<Output = core::result::Result<(), anyhow::Error>>>>::{closure#0}
             at /Users/mtakemiya/.cargo/registry/src/index.crates.io-1949cf8c6b5b557f/tokio-1.53.1/src/runtime/scheduler/current_thread/mod.rs:218:33
  34: tokio::runtime::context::runtime::enter_runtime::<<tokio::runtime::scheduler::current_thread::CurrentThread>::block_on<core::pin::Pin<&mut dyn core::future::future::Future<Output = core::result::Result<(), anyhow::Error>>>>::{closure#0}, core::result::Result<(), anyhow::Error>>
             at /Users/mtakemiya/.cargo/registry/src/index.crates.io-1949cf8c6b5b557f/tokio-1.53.1/src/runtime/context/runtime.rs:65:16
  35: <tokio::runtime::scheduler::current_thread::CurrentThread>::block_on::<core::pin::Pin<&mut dyn core::future::future::Future<Output = core::result::Result<(), anyhow::Error>>>>
             at /Users/mtakemiya/.cargo/registry/src/index.crates.io-1949cf8c6b5b557f/tokio-1.53.1/src/runtime/scheduler/current_thread/mod.rs:206:9
  36: <tokio::runtime::runtime::Runtime>::block_on_inner::<core::pin::Pin<&mut dyn core::future::future::Future<Output = core::result::Result<(), anyhow::Error>>>>
             at /Users/mtakemiya/.cargo/registry/src/index.crates.io-1949cf8c6b5b557f/tokio-1.53.1/src/runtime/runtime.rs:374:52
  37: <tokio::runtime::runtime::Runtime>::block_on::<core::pin::Pin<&mut dyn core::future::future::Future<Output = core::result::Result<(), anyhow::Error>>>>
             at /Users/mtakemiya/.cargo/registry/src/index.crates.io-1949cf8c6b5b557f/tokio-1.53.1/src/runtime/runtime.rs:343:18
  38: kasumi_store::storage_domains::catalog_initialization::tests::cancelled_catalog_drain_preserves_a_joined_panic_while_another_owner_waits
             at ./crates/kasumi-store/src/storage_domains/catalog_initialization/tests.rs:87:7
  39: kasumi_store::storage_domains::catalog_initialization::tests::cancelled_catalog_drain_preserves_a_joined_panic_while_another_owner_waits::{closure#0}
             at ./crates/kasumi-store/src/storage_domains/catalog_initialization/tests.rs:37:90
  40: <kasumi_store::storage_domains::catalog_initialization::tests::cancelled_catalog_drain_preserves_a_joined_panic_while_another_owner_waits::{closure#0} as core::ops::function::FnOnce<()>>::call_once
             at /rustc/8bab26f4f68e0e26f0bb7960be334d5b520ea452/library/core/src/ops/function.rs:250:5
  41: <fn() -> core::result::Result<(), alloc::string::String> as core::ops::function::FnOnce<()>>::call_once
             at /rustc/8bab26f4f68e0e26f0bb7960be334d5b520ea452/library/core/src/ops/function.rs:250:5
note: Some details are omitted, run with `RUST_BACKTRACE=full` for a verbose backtrace.
ok
test storage_domains::catalog_initialization::tests::cancelled_catalog_drain_preserves_unclaimed_preparation_error ... ok
test storage_domains::catalog_initialization::tests::cancelled_receiver_keeps_preparation_registered_until_actual_provider_work_drains ... ok
test storage_domains::catalog_initialization::tests::committed_pair_handoff_preserves_a_concurrent_borrower_through_initializer_drain ... ok
test storage_domains::catalog_initialization::tests::fresh_pair_rejects_shared_partial_and_orphan_domains_without_mutation ... ok
test storage_domains::existing_catalogs::tests::application_failure_drains_new_custody_without_changing_existing_bytes ... ok
test storage_domains::existing_catalogs::tests::application_failure_preserves_borrowed_custody_and_original_deadline ... ok
test storage_domains::existing_catalogs::tests::buffered_existing_pair_ticket_publishes_nothing_and_drains_its_new_workers ... ok
test storage_domains::existing_catalogs::tests::buffered_existing_preparation_failure_requires_claim_and_preserves_borrowed_owners ... ok
test storage_domains::existing_catalogs::tests::caller_cancellation_drains_only_new_domains_after_active_provider_work ... ok
test storage_domains::existing_catalogs::tests::caller_cancellation_never_closes_a_borrowed_custody_owner ... ok
test storage_domains::existing_catalogs::tests::missing_binding_rejects_new_custody_and_leaves_every_existing_byte_unchanged ... ok
test storage_domains::existing_catalogs::tests::unclaimed_borrowed_pair_and_changed_binding_never_close_its_cached_owners ... ok
test storage_domains::existing_tests::corrupt_or_authenticated_wrong_binding_is_never_repaired_by_reopen ... ok
test storage_domains::existing_tests::exact_standalone_binding_reopens_after_both_domains_close_and_drain ... ok
test storage_domains::existing_tests::existing_catalog_admission_cannot_provision_after_waiting_for_the_open_gate ... ok
test storage_domains::existing_tests::missing_catalogs_and_authenticated_binding_never_provision_during_reopen ... ok
test storage_domains::tests::combined_quota_and_substituted_catalog_binding_fail_before_publication ... ok
test storage_domains::tests::control_reopens_without_any_application_key_probe_after_revocation ... ok
test storage_domains::tests::domains_require_distinct_actual_wrapping_policies_and_same_node ... ok
test storage_domains::tests::every_interrupted_domain_transaction_recovers_whole_old_or_whole_new ... ok
test storage_domains::tests::initial_state_checks_and_joint_publication_have_one_concurrent_winner ... ok
test storage_domains::tests::initial_state_rejects_delete_only_publications_without_consuming_initialization ... ok
test storage_domains::tests::initial_state_rejects_unknown_records_in_either_complete_domain ... ok
test storage_domains::tests::initial_state_requires_the_exact_retained_custody_binding ... ok
test storage_domains::tests::post_commit_domain_expiry_reports_uncertainty_and_retains_complete_write ... ok
test storage_opening::tests::a_new_close_error_is_not_relinquished_by_the_call_that_first_starts_close ... ok
test storage_opening::tests::abandoned_failed_open_keeps_original_after_positive_close_until_explicit_report_release ... ok
test storage_opening::tests::actual_body_error_is_retained_before_abort_and_disposal_without_replay ... ok
test storage_opening::tests::actual_queued_worker_keeps_request_without_blocking_close_and_cancels_after_seal ... ok
test storage_opening::tests::busy_worker_cannot_acknowledge_the_body_error_that_it_has_not_produced_yet ... ok
test storage_opening::tests::queued_relinquishment_seals_the_request_before_another_facade_can_run ... ok
test storage_opening::tests::real_commit_and_abort_failures_keep_actual_request_after_all_facades_cancel ... ok
test storage_opening::tests::registered_node_tables_retains_actual_transaction_and_reports_through_physical_close ... ok
test storage_opening::tests::registered_opening_exists_before_actual_creation_and_abandoned_prepare_has_no_file_effect ... ok
test test_utils::admitted_backend_tests::admitted_backend_rejects_foreign_memory_before_io_and_retains_exact_owner ... ok
test test_utils::registry_retry_tests::fixture_retry_distinguishes_registry_busy_from_provider_would_block ... ok
test tests::a_fresh_probe_covers_every_retained_version_and_revocation_seals_warm_state ... ok
test tests::a_late_success_cannot_undo_an_explicit_seal ... ok
test tests::atomic_batches_and_cross_namespace_isolation_survive_reopen ... ok
test tests::bounded_encrypted_reads_reject_payload_before_plaintext_allocation ... ok
test tests::canceled_shutdown_drains_blocked_probe_and_releases_the_database_file ... ok
test tests::cancelled_store_drain_retains_joined_panic_and_pending_physical_owner ... 
thread 'tests::cancelled_store_drain_retains_joined_panic_and_pending_physical_owner' (6219542) panicked at crates/kasumi-store/src/tests.rs:292:9:
actual store worker panic
stack backtrace:
   0: __rustc::rust_begin_unwind
             at /rustc/8bab26f4f68e0e26f0bb7960be334d5b520ea452/library/std/src/panicking.rs:689:5
   1: core::panicking::panic_fmt
             at /rustc/8bab26f4f68e0e26f0bb7960be334d5b520ea452/library/core/src/panicking.rs:80:14
   2: kasumi_store::tests::cancelled_store_drain_retains_joined_panic_and_pending_physical_owner::{closure#0}::{closure#1}
             at ./crates/kasumi-store/src/tests.rs:292:9
   3: <tokio::runtime::task::core::Core<kasumi_store::tests::cancelled_store_drain_retains_joined_panic_and_pending_physical_owner::{closure#0}::{closure#1}, alloc::sync::Arc<tokio::runtime::scheduler::current_thread::Handle>>>::poll::{closure#0}
             at /Users/mtakemiya/.cargo/registry/src/index.crates.io-1949cf8c6b5b557f/tokio-1.53.1/src/runtime/task/core.rs:380:24
   4: <tokio::loom::std::unsafe_cell::UnsafeCell<tokio::runtime::task::core::Stage<kasumi_store::tests::cancelled_store_drain_retains_joined_panic_and_pending_physical_owner::{closure#0}::{closure#1}>>>::with_mut::<core::task::poll::Poll<()>, <tokio::runtime::task::core::Core<kasumi_store::tests::cancelled_store_drain_retains_joined_panic_and_pending_physical_owner::{closure#0}::{closure#1}, alloc::sync::Arc<tokio::runtime::scheduler::current_thread::Handle>>>::poll::{closure#0}>
             at /Users/mtakemiya/.cargo/registry/src/index.crates.io-1949cf8c6b5b557f/tokio-1.53.1/src/loom/std/unsafe_cell.rs:16:9
   5: <tokio::runtime::task::core::Core<kasumi_store::tests::cancelled_store_drain_retains_joined_panic_and_pending_physical_owner::{closure#0}::{closure#1}, alloc::sync::Arc<tokio::runtime::scheduler::current_thread::Handle>>>::poll
             at /Users/mtakemiya/.cargo/registry/src/index.crates.io-1949cf8c6b5b557f/tokio-1.53.1/src/runtime/task/core.rs:369:30
   6: tokio::runtime::task::harness::poll_future::<kasumi_store::tests::cancelled_store_drain_retains_joined_panic_and_pending_physical_owner::{closure#0}::{closure#1}, alloc::sync::Arc<tokio::runtime::scheduler::current_thread::Handle>>::{closure#0}
             at /Users/mtakemiya/.cargo/registry/src/index.crates.io-1949cf8c6b5b557f/tokio-1.53.1/src/runtime/task/harness.rs:535:30
   7: <core::panic::unwind_safe::AssertUnwindSafe<tokio::runtime::task::harness::poll_future<kasumi_store::tests::cancelled_store_drain_retains_joined_panic_and_pending_physical_owner::{closure#0}::{closure#1}, alloc::sync::Arc<tokio::runtime::scheduler::current_thread::Handle>>::{closure#0}> as core::ops::function::FnOnce<()>>::call_once
             at /rustc/8bab26f4f68e0e26f0bb7960be334d5b520ea452/library/core/src/panic/unwind_safe.rs:275:9
   8: std::panicking::catch_unwind::do_call::<core::panic::unwind_safe::AssertUnwindSafe<tokio::runtime::task::harness::poll_future<kasumi_store::tests::cancelled_store_drain_retains_joined_panic_and_pending_physical_owner::{closure#0}::{closure#1}, alloc::sync::Arc<tokio::runtime::scheduler::current_thread::Handle>>::{closure#0}>, core::task::poll::Poll<()>>
             at /rustc/8bab26f4f68e0e26f0bb7960be334d5b520ea452/library/std/src/panicking.rs:581:40
   9: ___rust_try
  10: std::panicking::catch_unwind::<core::task::poll::Poll<()>, core::panic::unwind_safe::AssertUnwindSafe<tokio::runtime::task::harness::poll_future<kasumi_store::tests::cancelled_store_drain_retains_joined_panic_and_pending_physical_owner::{closure#0}::{closure#1}, alloc::sync::Arc<tokio::runtime::scheduler::current_thread::Handle>>::{closure#0}>>
             at /rustc/8bab26f4f68e0e26f0bb7960be334d5b520ea452/library/std/src/panicking.rs:544:19
  11: std::panic::catch_unwind::<core::panic::unwind_safe::AssertUnwindSafe<tokio::runtime::task::harness::poll_future<kasumi_store::tests::cancelled_store_drain_retains_joined_panic_and_pending_physical_owner::{closure#0}::{closure#1}, alloc::sync::Arc<tokio::runtime::scheduler::current_thread::Handle>>::{closure#0}>, core::task::poll::Poll<()>>
             at /rustc/8bab26f4f68e0e26f0bb7960be334d5b520ea452/library/std/src/panic.rs:359:14
  12: tokio::runtime::task::harness::poll_future::<kasumi_store::tests::cancelled_store_drain_retains_joined_panic_and_pending_physical_owner::{closure#0}::{closure#1}, alloc::sync::Arc<tokio::runtime::scheduler::current_thread::Handle>>
             at /Users/mtakemiya/.cargo/registry/src/index.crates.io-1949cf8c6b5b557f/tokio-1.53.1/src/runtime/task/harness.rs:523:18
  13: <tokio::runtime::task::harness::Harness<kasumi_store::tests::cancelled_store_drain_retains_joined_panic_and_pending_physical_owner::{closure#0}::{closure#1}, alloc::sync::Arc<tokio::runtime::scheduler::current_thread::Handle>>>::poll_inner
             at /Users/mtakemiya/.cargo/registry/src/index.crates.io-1949cf8c6b5b557f/tokio-1.53.1/src/runtime/task/harness.rs:210:27
  14: <tokio::runtime::task::harness::Harness<kasumi_store::tests::cancelled_store_drain_retains_joined_panic_and_pending_physical_owner::{closure#0}::{closure#1}, alloc::sync::Arc<tokio::runtime::scheduler::current_thread::Handle>>>::poll
             at /Users/mtakemiya/.cargo/registry/src/index.crates.io-1949cf8c6b5b557f/tokio-1.53.1/src/runtime/task/harness.rs:155:20
  15: tokio::runtime::task::raw::poll::<kasumi_store::tests::cancelled_store_drain_retains_joined_panic_and_pending_physical_owner::{closure#0}::{closure#1}, alloc::sync::Arc<tokio::runtime::scheduler::current_thread::Handle>>
             at /Users/mtakemiya/.cargo/registry/src/index.crates.io-1949cf8c6b5b557f/tokio-1.53.1/src/runtime/task/raw.rs:343:13
  16: <tokio::runtime::task::raw::RawTask>::poll
             at /Users/mtakemiya/.cargo/registry/src/index.crates.io-1949cf8c6b5b557f/tokio-1.53.1/src/runtime/task/raw.rs:273:18
  17: <tokio::runtime::task::LocalNotified<alloc::sync::Arc<tokio::runtime::scheduler::current_thread::Handle>>>::run
             at /Users/mtakemiya/.cargo/registry/src/index.crates.io-1949cf8c6b5b557f/tokio-1.53.1/src/runtime/task/mod.rs:519:13
  18: <tokio::runtime::scheduler::current_thread::Context>::run_task::{closure#0}::{closure#0}
             at /Users/mtakemiya/.cargo/registry/src/index.crates.io-1949cf8c6b5b557f/tokio-1.53.1/src/runtime/scheduler/current_thread/mod.rs:398:22
  19: tokio::task::coop::with_budget::<(), <tokio::runtime::scheduler::current_thread::Context>::run_task::{closure#0}::{closure#0}>
             at /Users/mtakemiya/.cargo/registry/src/index.crates.io-1949cf8c6b5b557f/tokio-1.53.1/src/task/coop/mod.rs:167:5
  20: tokio::task::coop::budget::<(), <tokio::runtime::scheduler::current_thread::Context>::run_task::{closure#0}::{closure#0}>
             at /Users/mtakemiya/.cargo/registry/src/index.crates.io-1949cf8c6b5b557f/tokio-1.53.1/src/task/coop/mod.rs:133:5
  21: <tokio::runtime::scheduler::current_thread::Context>::run_task::{closure#0}
             at /Users/mtakemiya/.cargo/registry/src/index.crates.io-1949cf8c6b5b557f/tokio-1.53.1/src/runtime/scheduler/current_thread/mod.rs:394:13
  22: <tokio::runtime::scheduler::current_thread::Context>::enter::<(), <tokio::runtime::scheduler::current_thread::Context>::run_task::{closure#0}>
             at /Users/mtakemiya/.cargo/registry/src/index.crates.io-1949cf8c6b5b557f/tokio-1.53.1/src/runtime/scheduler/current_thread/mod.rs:488:19
  23: <tokio::runtime::scheduler::current_thread::Context>::run_task
             at /Users/mtakemiya/.cargo/registry/src/index.crates.io-1949cf8c6b5b557f/tokio-1.53.1/src/runtime/scheduler/current_thread/mod.rs:393:32
  24: <tokio::runtime::scheduler::current_thread::CoreGuard>::block_on::<core::pin::Pin<&mut core::pin::Pin<&mut dyn core::future::future::Future<Output = ()>>>>::{closure#0}
             at /Users/mtakemiya/.cargo/registry/src/index.crates.io-1949cf8c6b5b557f/tokio-1.53.1/src/runtime/scheduler/current_thread/mod.rs:870:37
  25: <tokio::runtime::scheduler::current_thread::CoreGuard>::enter::<<tokio::runtime::scheduler::current_thread::CoreGuard>::block_on<core::pin::Pin<&mut core::pin::Pin<&mut dyn core::future::future::Future<Output = ()>>>>::{closure#0}, core::option::Option<()>>::{closure#0}
             at /Users/mtakemiya/.cargo/registry/src/index.crates.io-1949cf8c6b5b557f/tokio-1.53.1/src/runtime/scheduler/current_thread/mod.rs:906:68
  26: <tokio::runtime::context::scoped::Scoped<tokio::runtime::scheduler::Context>>::set::<<tokio::runtime::scheduler::current_thread::CoreGuard>::enter<<tokio::runtime::scheduler::current_thread::CoreGuard>::block_on<core::pin::Pin<&mut core::pin::Pin<&mut dyn core::future::future::Future<Output = ()>>>>::{closure#0}, core::option::Option<()>>::{closure#0}, (alloc::boxed::Box<tokio::runtime::scheduler::current_thread::Core>, core::option::Option<()>)>
             at /Users/mtakemiya/.cargo/registry/src/index.crates.io-1949cf8c6b5b557f/tokio-1.53.1/src/runtime/context/scoped.rs:40:9
  27: tokio::runtime::context::set_scheduler::<(alloc::boxed::Box<tokio::runtime::scheduler::current_thread::Core>, core::option::Option<()>), <tokio::runtime::scheduler::current_thread::CoreGuard>::enter<<tokio::runtime::scheduler::current_thread::CoreGuard>::block_on<core::pin::Pin<&mut core::pin::Pin<&mut dyn core::future::future::Future<Output = ()>>>>::{closure#0}, core::option::Option<()>>::{closure#0}>::{closure#0}
             at /Users/mtakemiya/.cargo/registry/src/index.crates.io-1949cf8c6b5b557f/tokio-1.53.1/src/runtime/context.rs:187:38
  28: <std::thread::local::LocalKey<tokio::runtime::context::Context>>::try_with::<tokio::runtime::context::set_scheduler<(alloc::boxed::Box<tokio::runtime::scheduler::current_thread::Core>, core::option::Option<()>), <tokio::runtime::scheduler::current_thread::CoreGuard>::enter<<tokio::runtime::scheduler::current_thread::CoreGuard>::block_on<core::pin::Pin<&mut core::pin::Pin<&mut dyn core::future::future::Future<Output = ()>>>>::{closure#0}, core::option::Option<()>>::{closure#0}>::{closure#0}, (alloc::boxed::Box<tokio::runtime::scheduler::current_thread::Core>, core::option::Option<()>)>
             at /rustc/8bab26f4f68e0e26f0bb7960be334d5b520ea452/library/std/src/thread/local.rs:462:12
  29: <std::thread::local::LocalKey<tokio::runtime::context::Context>>::with::<tokio::runtime::context::set_scheduler<(alloc::boxed::Box<tokio::runtime::scheduler::current_thread::Core>, core::option::Option<()>), <tokio::runtime::scheduler::current_thread::CoreGuard>::enter<<tokio::runtime::scheduler::current_thread::CoreGuard>::block_on<core::pin::Pin<&mut core::pin::Pin<&mut dyn core::future::future::Future<Output = ()>>>>::{closure#0}, core::option::Option<()>>::{closure#0}>::{closure#0}, (alloc::boxed::Box<tokio::runtime::scheduler::current_thread::Core>, core::option::Option<()>)>
             at /rustc/8bab26f4f68e0e26f0bb7960be334d5b520ea452/library/std/src/thread/local.rs:426:20
  30: tokio::runtime::context::set_scheduler::<(alloc::boxed::Box<tokio::runtime::scheduler::current_thread::Core>, core::option::Option<()>), <tokio::runtime::scheduler::current_thread::CoreGuard>::enter<<tokio::runtime::scheduler::current_thread::CoreGuard>::block_on<core::pin::Pin<&mut core::pin::Pin<&mut dyn core::future::future::Future<Output = ()>>>>::{closure#0}, core::option::Option<()>>::{closure#0}>
             at /Users/mtakemiya/.cargo/registry/src/index.crates.io-1949cf8c6b5b557f/tokio-1.53.1/src/runtime/context.rs:187:17
  31: <tokio::runtime::scheduler::current_thread::CoreGuard>::enter::<<tokio::runtime::scheduler::current_thread::CoreGuard>::block_on<core::pin::Pin<&mut core::pin::Pin<&mut dyn core::future::future::Future<Output = ()>>>>::{closure#0}, core::option::Option<()>>
             at /Users/mtakemiya/.cargo/registry/src/index.crates.io-1949cf8c6b5b557f/tokio-1.53.1/src/runtime/scheduler/current_thread/mod.rs:906:27
  32: <tokio::runtime::scheduler::current_thread::CoreGuard>::block_on::<core::pin::Pin<&mut core::pin::Pin<&mut dyn core::future::future::Future<Output = ()>>>>
             at /Users/mtakemiya/.cargo/registry/src/index.crates.io-1949cf8c6b5b557f/tokio-1.53.1/src/runtime/scheduler/current_thread/mod.rs:817:24
  33: <tokio::runtime::scheduler::current_thread::CurrentThread>::block_on::<core::pin::Pin<&mut dyn core::future::future::Future<Output = ()>>>::{closure#0}
             at /Users/mtakemiya/.cargo/registry/src/index.crates.io-1949cf8c6b5b557f/tokio-1.53.1/src/runtime/scheduler/current_thread/mod.rs:218:33
  34: tokio::runtime::context::runtime::enter_runtime::<<tokio::runtime::scheduler::current_thread::CurrentThread>::block_on<core::pin::Pin<&mut dyn core::future::future::Future<Output = ()>>>::{closure#0}, ()>
             at /Users/mtakemiya/.cargo/registry/src/index.crates.io-1949cf8c6b5b557f/tokio-1.53.1/src/runtime/context/runtime.rs:65:16
  35: <tokio::runtime::scheduler::current_thread::CurrentThread>::block_on::<core::pin::Pin<&mut dyn core::future::future::Future<Output = ()>>>
             at /Users/mtakemiya/.cargo/registry/src/index.crates.io-1949cf8c6b5b557f/tokio-1.53.1/src/runtime/scheduler/current_thread/mod.rs:206:9
  36: <tokio::runtime::runtime::Runtime>::block_on_inner::<core::pin::Pin<&mut dyn core::future::future::Future<Output = ()>>>
             at /Users/mtakemiya/.cargo/registry/src/index.crates.io-1949cf8c6b5b557f/tokio-1.53.1/src/runtime/runtime.rs:374:52
  37: <tokio::runtime::runtime::Runtime>::block_on::<core::pin::Pin<&mut dyn core::future::future::Future<Output = ()>>>
             at /Users/mtakemiya/.cargo/registry/src/index.crates.io-1949cf8c6b5b557f/tokio-1.53.1/src/runtime/runtime.rs:343:18
  38: kasumi_store::tests::cancelled_store_drain_retains_joined_panic_and_pending_physical_owner
             at ./crates/kasumi-store/src/tests.rs:373:39
  39: kasumi_store::tests::cancelled_store_drain_retains_joined_panic_and_pending_physical_owner::{closure#0}
             at ./crates/kasumi-store/src/tests.rs:273:81
  40: <kasumi_store::tests::cancelled_store_drain_retains_joined_panic_and_pending_physical_owner::{closure#0} as core::ops::function::FnOnce<()>>::call_once
             at /rustc/8bab26f4f68e0e26f0bb7960be334d5b520ea452/library/core/src/ops/function.rs:250:5
  41: <fn() -> core::result::Result<(), alloc::string::String> as core::ops::function::FnOnce<()>>::call_once
             at /rustc/8bab26f4f68e0e26f0bb7960be334d5b520ea452/library/core/src/ops/function.rs:250:5
note: Some details are omitted, run with `RUST_BACKTRACE=full` for a verbose backtrace.
ok
test tests::ciphertext_corruption_swapping_and_wrong_tenant_are_rejected ... ok
test tests::completed_shutdown_allows_distinct_store_without_reviving_retained_handles ... ok
test tests::delayed_probe_cannot_extend_a_lease_past_sixty_seconds_from_start ... ok
test tests::different_tenants_do_not_share_a_slow_key_service_open_gate ... ok
test tests::dormant_store_workers_stop_cooperatively_and_external_abort_is_reported ... ok
test tests::every_injected_commit_failure_recovers_whole_batch_or_previous_state ... ok
test tests::expiry_during_fsync_reports_unknown_outcome_and_preserves_committed_batch ... ok
test tests::expiry_during_key_catalog_fsync_does_not_acknowledge_rotation ... ok
test tests::expiry_watchdog_discards_keys_and_notifies_without_an_incoming_request ... ok
test tests::faulty_provider_rewrap_cannot_replace_data_keys_or_break_recovery ... ok
test tests::invalid_batch_does_not_apply_earlier_operations ... ok
test tests::names_keys_and_values_are_absent_from_disk_and_nonce_changes_on_overwrite ... ok
test tests::node_files_are_private_nofollow_and_keep_exclusive_database_ownership ... ok
test tests::periodic_probes_start_every_twenty_seconds_despite_provider_latency ... ok
test tests::pinned_read_roots_and_streamed_namespace_publication_preserve_isolation ... ok
test tests::rewrap_preserves_documents_after_retiring_old_wrapping_versions ... ok
test tests::separate_node_stores_and_pinned_reads_share_one_scratch_budget ... ok
test tests::shutdown_fences_a_waiting_background_task_registration ... ok
test tests::sixty_second_suspend_aware_expiry_and_explicit_recovery ... ok
test tests::wrapping_catalog_is_atomic_across_every_injected_commit_failure ... ok

failures:

failures:
    audit_archive::owned::tests::owned_publication_resolves_partial_writes_and_uncertain_rename_without_adopting_files
    audit_archive::tests::object_symlink_cannot_read_or_overwrite_unrelated_files
    audit_archive::tests::persisted_external_placement_never_falls_back_to_default_after_restart
    audit_archive::tests::reverse_archive_dependencies_are_bounded_and_require_exact_link_and_source_verification
    audit_archive::tests::verified_archive_is_private_immutable_contiguous_and_reopenable
    backup::tests::encrypted_bundle_round_trip_filesystem_reopen_and_tamper_rejection
    backup_sessions::tests::completion_excludes_abort_and_corrupt_publication_never_grants_cleanup
    backup_sessions::tests::filesystem_abort_cleanup_is_bounded_repeatable_and_retains_control_and_other_namespaces
    backup_sessions::tests::filesystem_cleanup_rejects_directory_symlink_substitution
    backup_sessions::tests::recovered_session_root_requires_file_and_directory_sync_before_readback
    backup_sessions::tests::session_keeps_historical_source_purpose_separate_from_current_access
    backup_sessions::tests::visible_session_outcomes_require_durable_readback_before_resolution_or_cleanup
    node_disk::directory::tests::metadata_denial_precedes_directory_path_access_and_retains_no_partial_owner
    node_disk::tests::disappeared_censused_and_closed_created_names_fence_without_credit
    node_disk::tests::missing_enrolled_target_cannot_be_recreated_or_published_over
    node_disk::tests::publication_replaced_private_source_ancestor_fences_before_rename
    node_disk::tests::replaced_parent_cannot_hide_enrolled_missing_leaf
    node_file::tests::validated_descriptor_handoff_never_reopens_a_substituted_path
    single_catalog::tests::buffered_singleton_success_publishes_only_on_claim_and_abandonment_preserves_borrowers

test result: FAILED. 304 passed; 19 failed; 2 ignored; 0 measured; 0 filtered out; finished in 95.27s

